facility_num,hour_start,footfall_plan_b,plan_name,footfall_col,zscore_hod_baseline,is_anomaly_hod,matrix_profile_score,is_matrix_profile_anomaly,stl_score,is_stl_anomaly,isolation_forest_score,is_isolation_forest_anomaly,markov_score,markov_journey_count,is_markov_hour_anomaly,is_anomaly_consensus,zscore_score,zscore_norm,matrix_profile_norm,stl_norm,isolation_forest_norm,markov_norm,ensemble_score,method_agreement_count,is_consensus_anomaly
66338,2026-04-26 15:00:00+00:00,47.38,plan_b,footfall_plan_b,1.4135723894994077,False,0.9274522804582904,False,82.9991243217561,True,0.832250492498892,True,512.1666082269141,11.0,True,True,1.4135723894994077,0.5940000140520618,0.10255350519233726,1.0,1.0,0.7846089506387723,0.696232,4,True
66330,2026-04-25 14:00:00+00:00,931.34,plan_b,footfall_plan_b,1.7566759813804478,False,5.292434157914686,True,33.52307282254813,False,0.7287895647897509,True,335.47309403240257,164.0,False,False,1.7566759813804478,0.7381762443693676,0.5852135849249398,0.403896704892836,0.7886462768157153,0.5139249378001011,0.605972,2,True
66338,2026-04-26 16:00:00+00:00,31.87,plan_b,footfall_plan_b,1.1992810653549688,False,0.9620772392083088,False,51.99591783230372,True,0.7568790256858616,True,572.5208854780425,6.0,True,True,1.1992810653549688,0.5039522382900375,0.10638217752596917,0.6264634507556402,0.846028442954052,0.8770681336075867,0.591979,4,True
66336,2026-04-25 14:00:00+00:00,215.46,plan_b,footfall_plan_b,-2.0646964909507526,False,7.448531846568225,True,33.7892068906308,True,0.4971551137478807,False,336.0638910981524,24.0,False,False,2.0646964909507526,0.8676101441626975,0.8236251778095413,0.4071031732773815,0.31545504675948555,0.5148300039609022,0.585725,2,True
66338,2026-04-21 22:00:00+00:00,18.88,plan_b,footfall_plan_b,2.0475792805266875,False,1.2247977759472508,False,34.86302284099283,True,0.6175381793228867,True,572.5208854780425,3.0,True,False,2.0475792805266875,0.8604172877458942,0.13543263380958215,0.42004085134491453,0.5613779249028582,0.8770681336075867,0.570867,3,True
66332,2026-04-25 19:00:00+00:00,2390.22,plan_b,footfall_plan_b,2.2650826092111678,False,1.7202062150065855,False,44.88052374500589,True,0.6528839452330303,True,322.95354615970024,58.0,False,True,2.2650826092111678,0.95181478620772,0.19021267262979402,0.54073490668433,0.6335835332356063,0.49474573095395535,0.562218,3,True
66331,2026-04-26 12:00:00+00:00,628.54,plan_b,footfall_plan_b,2.2365007409067705,False,0.41440984352030696,False,21.615096420716508,True,0.7699241791241279,True,401.161729637475,740.0,False,True,2.2365007409067705,0.9398043435161657,0.045823578134084664,0.2604255960210253,0.8726775539734214,0.6145560422553801,0.546657,3,True
66336,2026-04-25 19:00:00+00:00,1035.33,plan_b,footfall_plan_b,2.3754547813130014,False,5.1639176368648965,False,27.024441597968934,True,0.4734734491887038,False,336.0638910981524,42.0,False,False,2.3754547813130014,0.9981944921686317,0.571002805581912,0.3255991170847229,0.26707728631783895,0.5148300039609022,0.535341,1,False
66336,2026-04-25 17:00:00+00:00,1141.06,plan_b,footfall_plan_b,1.7184155261663523,False,6.858808111450486,True,17.46303111457602,False,0.5162902989785265,False,403.8863452810605,63.0,True,False,1.7184155261663523,0.7220987437732649,0.758416177405168,0.21040018502940436,0.3545450948758877,0.6187299922682644,0.532838,2,True
66336,2026-04-25 15:00:00+00:00,57.37,plan_b,footfall_plan_b,-1.9908811475844077,False,6.55462268335172,True,26.35495259327336,False,0.4427603604779454,False,336.0638910981524,6.0,False,False,1.9908811475844077,0.8365920545886687,0.7247807197786631,0.3175328993966878,0.2043354784369255,0.5148300039609022,0.519614,1,False
66330,2026-04-25 16:00:00+00:00,842.94,plan_b,footfall_plan_b,1.7126142299836296,False,2.6628176534086956,False,43.036628105170735,True,0.6124334109329199,True,335.47309403240257,193.0,False,False,1.7126142299836296,0.7196609697762234,0.29444240938213645,0.5185190621811149,0.5509497195010464,0.5139249378001011,0.519499,2,True
66331,2026-04-26 10:00:00+00:00,452.69,plan_b,footfall_plan_b,2.264113440731524,False,0.813698927291559,False,20.61908563962539,True,0.6710219062383334,True,401.161729637475,610.0,False,False,2.264113440731524,0.9514075300284089,0.08997517060797931,0.2484253395215716,0.6706364156553284,0.6145560422553801,0.515,2,True
66331,2026-04-26 14:00:00+00:00,564.96,plan_b,footfall_plan_b,2.1633118274070524,False,1.6455683156309937,False,19.988279442296776,True,0.6494402748212754,True,401.161729637475,621.0,False,True,2.1633118274070524,0.9090494872596118,0.1819595491403811,0.24082518467074188,0.6265486788315351,0.6145560422553801,0.514588,3,True
66330,2026-04-23 16:00:00+00:00,789.24,plan_b,footfall_plan_b,1.3952789730427386,False,3.8700635095883764,False,38.216162863277084,True,0.675550532230714,True,256.6362374405389,129.0,False,False,1.3952789730427386,0.586312901801539,0.42793423078234105,0.4604405549524538,0.679887656540096,0.3931515364720778,0.509545,2,True
66330,2026-04-25 13:00:00+00:00,870.16,plan_b,footfall_plan_b,1.8303639066335393,False,4.191437207921798,False,32.65476719557466,False,0.5968156143883147,False,256.6362374405389,179.0,False,False,1.8303639066335393,0.7691407913292189,0.46347029008711876,0.3934350809411497,0.5190451201443046,0.3931515364720778,0.507649,0,False
66331,2026-04-26 13:00:00+00:00,581.07,plan_b,footfall_plan_b,2.1767725692438513,False,1.5775526555106645,False,23.614437847112107,True,0.6797640186822794,True,301.1793835930069,547.0,False,True,2.1767725692438513,0.9147058518714314,0.17443868310739913,0.2845143010854897,0.6884951189787515,0.4613890017801507,0.504709,3,True
66331,2026-04-26 15:00:00+00:00,515.14,plan_b,footfall_plan_b,2.167800047899867,False,1.9517109435953746,False,13.87765632108177,False,0.6824133802726118,True,343.43180080006186,559.0,False,True,2.167800047899867,0.9109354911569748,0.21581142513234794,0.16720244260991673,0.6939073306085598,0.5261172058338036,0.502795,2,True
66332,2026-04-25 20:00:00+00:00,1840.02,plan_b,footfall_plan_b,2.1430071247172955,False,1.6504166480806557,False,35.33417098316814,True,0.5721165122985511,False,350.08311887129014,36.0,False,False,2.1430071247172955,0.9005172084936762,0.18249565595420542,0.4257173948750468,0.4685889015353249,0.5363066317128117,0.502725,1,False
66333,2026-04-25 13:00:00+00:00,1537.14,plan_b,footfall_plan_b,1.7923675067798448,False,0.6744907594765952,False,15.449142667581022,True,0.7750495142915611,True,377.2126915828801,591.0,False,True,1.7923675067798448,0.753174249951727,0.07458215701403659,0.1861362128073853,0.8831477739317202,0.5778675324716681,0.494982,3,True
66340,2026-04-23 13:00:00+00:00,5.97,plan_b,footfall_plan_b,-1.7731504237720863,False,7.783524041292294,True,25.150210266388,True,0.451597687536729,False,187.53060023217353,5.0,False,False,1.7731504237720863,0.7450990019761419,0.8606671092435243,0.3030177784634231,0.22238868961749864,0.28728578766625795,0.483692,2,True
66330,2026-04-25 15:00:00+00:00,854.99,plan_b,footfall_plan_b,1.7681590022284261,False,3.412025293427692,False,20.4467994145747,False,0.5869370368193663,False,356.34289280764136,166.0,False,False,1.7681590022284261,0.7430015469826103,0.3772864232680695,0.24634957997038884,0.4988648047808891,0.5458962351358846,0.48228,0,False
66330,2026-04-25 09:00:00+00:00,584.64,plan_b,footfall_plan_b,2.1052564054154987,False,0.41819900707897173,False,42.94469041500483,True,0.5577557724337675,False,335.47309403240257,158.0,False,False,2.1052564054154987,0.8846539050206339,0.04624256681185914,0.5174113674805118,0.43925226300608405,0.5139249378001011,0.480297,1,False
66340,2026-04-23 11:00:00+00:00,4.13,plan_b,footfall_plan_b,-1.8689996943309148,False,8.030656522621863,True,32.47534563970859,True,0.420692235616572,False,114.59543338147522,2.0,False,False,1.8689996943309148,0.7853760111210265,0.8879939084128611,0.3912733526418183,0.15925391521859322,0.17555342595392134,0.47989,2,True
66336,2026-04-26 15:00:00+00:00,994.13,plan_b,footfall_plan_b,1.0401668033698874,False,6.3381875350726435,False,15.767686657187541,False,0.553053698665355,False,403.8863452810605,145.0,True,False,1.0401668033698874,0.437090523561376,0.7008482937438977,0.1899741326915957,0.42964669673438965,0.6187299922682644,0.475258,1,False
66331,2026-04-26 17:00:00+00:00,444.78,plan_b,footfall_plan_b,2.203028580562317,False,0.8955958005907209,False,15.31464731024001,False,0.6974923936961926,True,281.87079476849095,586.0,False,False,2.203028580562317,0.9257389416572632,0.09903095881195204,0.18451576971909892,0.7247112843289365,0.4318093857478479,0.473161,1,False
66331,2026-04-26 11:00:00+00:00,544.91,plan_b,footfall_plan_b,2.1261520795779365,False,0.424861076110605,False,16.423114395276222,False,0.642140427682409,False,401.161729637475,688.0,False,True,2.1261520795779365,0.8934345170630853,0.0469792284659657,0.19787093574156328,0.6116362872104878,0.6145560422553801,0.472895,1,False
66332,2026-04-25 21:00:00+00:00,861.32,plan_b,footfall_plan_b,2.3037997606979235,False,1.5202322260888992,False,18.16023415339519,False,0.565070382818082,False,350.08311887129014,24.0,False,False,2.3037997606979235,0.9680841960363409,0.16810044762058005,0.21880031026586325,0.45419481351861635,0.5363066317128117,0.469097,0,False
66333,2026-04-25 19:00:00+00:00,1068.02,plan_b,footfall_plan_b,2.2174469327050863,False,0.6620827527471764,False,17.7408169185865,True,0.6097136992781149,False,377.2126915828801,310.0,False,False,2.2174469327050863,0.9317977055656651,0.07321013539161605,0.21374703725562316,0.5453937942164142,0.5778675324716681,0.468403,1,False
66336,2026-04-23 11:00:00+00:00,1140.18,plan_b,footfall_plan_b,-1.6098271556341694,False,2.9332906143871362,False,36.494594260563446,True,0.5160006737453622,False,336.0638910981524,71.0,False,False,1.6098271556341694,0.6764686125531374,0.3243500938986735,0.43969854572305794,0.35395343797977435,0.5148300039609022,0.46186,1,False
66336,2026-04-25 11:00:00+00:00,1218.21,plan_b,footfall_plan_b,-1.3710883443331694,False,4.770432194469482,False,27.739347647896647,True,0.5083549819537361,False,336.0638910981524,44.0,False,False,1.3710883443331694,0.5761477104748318,0.5274929536897294,0.33421253386194444,0.3383345423999609,0.5148300039609022,0.458204,1,False
66330,2026-04-25 12:00:00+00:00,844.83,plan_b,footfall_plan_b,1.943421289527881,False,1.512049958047461,False,26.649583156055456,False,0.5701521989432988,False,335.47309403240257,172.0,False,False,1.943421289527881,0.8166488549606191,0.16719568919176028,0.32108270266497196,0.46457613120428426,0.5139249378001011,0.456686,0,False
66340,2026-04-23 10:00:00+00:00,8.21,plan_b,footfall_plan_b,-1.8139592764686792,False,6.148805372138941,True,19.66001678725598,False,0.4475240636892736,False,250.5405251251944,6.0,False,False,1.8139592764686792,0.7622473696545803,0.6799072652522102,0.2368701711965244,0.21406694356248118,0.3838132657486196,0.455381,1,False
66333,2026-04-25 12:00:00+00:00,1656.28,plan_b,footfall_plan_b,1.6764336222224854,False,0.9770551907788165,False,14.3226823067478,True,0.6892393041518979,True,377.2126915828801,531.0,False,True,1.6764336222224854,0.7044574459396107,0.10803837209955695,0.17256425804234027,0.7078515746628511,0.5778675324716681,0.454156,3,True
66330,2026-04-25 19:00:00+00:00,599.49,plan_b,footfall_plan_b,1.84435671598196,False,0.7262313466714571,False,40.83656541183083,True,0.5330754675608238,False,335.47309403240257,112.0,False,False,1.84435671598196,0.7750207370690569,0.08030339862327696,0.4920120030847912,0.38883444403113376,0.5139249378001011,0.450019,1,False
66330,2026-04-25 17:00:00+00:00,782.23,plan_b,footfall_plan_b,1.7559684300390734,False,0.9111887013665055,False,28.58817320467227,False,0.6066802083157052,True,335.47309403240257,177.0,False,False,1.7559684300390734,0.7378789228385843,0.10075515170507086,0.3444394556965056,0.5391968692192443,0.5139249378001011,0.447239,1,False
66333,2026-04-25 11:00:00+00:00,1644.18,plan_b,footfall_plan_b,1.7029440124062873,False,1.0910969201584004,False,14.873813362427061,True,0.6519847819345373,True,377.2126915828801,416.0,False,True,1.7029440124062873,0.7155974287651671,0.12064859402956626,0.17920446129969916,0.6317466899451478,0.5778675324716681,0.445013,3,True
66333,2026-04-25 17:00:00+00:00,949.42,plan_b,footfall_plan_b,1.8449603045020706,False,1.6347977876185493,False,10.204708838617073,False,0.6203883621801676,False,377.2126915828801,319.0,False,False,1.8449603045020706,0.7752743721797104,0.18076859255563624,0.12294959642052716,0.567200381476376,0.5778675324716681,0.444812,0,False
66335,2026-04-26 14:00:00+00:00,1500.78,plan_b,footfall_plan_b,1.9704487651394074,False,0.7170633470486458,False,0.7902048828621399,False,0.7085486483070991,True,357.191934260382,137.0,False,False,1.9704487651394074,0.828006123263464,0.07928964242607756,0.009520641203379634,0.7472974009260915,0.5471969164231515,0.442262,1,False
66340,2026-04-25 13:00:00+00:00,3683.2,plan_b,footfall_plan_b,1.6402650899682616,False,0.8415351404111653,False,12.760117464548353,False,0.7258296686998176,True,316.6477433941975,305.0,False,True,1.6402650899682616,0.6892589963753407,0.09305317395849771,0.1537379769825308,0.7825996940844575,0.48508561408709366,0.440747,2,True
66340,2026-04-25 16:00:00+00:00,2600.68,plan_b,footfall_plan_b,1.6880850184386367,False,1.0858662214317822,False,20.03459017035106,False,0.6582167842413418,True,316.6477433941975,258.0,False,False,1.6880850184386367,0.7093535018950973,0.1200702068711944,0.24138315113644523,0.6444776495412099,0.48508561408709366,0.440074,1,False
66333,2026-04-25 10:00:00+00:00,1360.11,plan_b,footfall_plan_b,1.7766993676814296,False,1.205299274758438,False,13.610942630514868,True,0.6243859621650102,False,377.2126915828801,387.0,False,True,1.7766993676814296,0.7465903106262538,0.13327657717460184,0.16398899074826875,0.5753668232366239,0.5778675324716681,0.439418,2,True
66336,2026-04-25 20:00:00+00:00,714.35,plan_b,footfall_plan_b,1.9695579354579356,False,3.5814188350773146,False,13.074949383663773,False,0.5456752226712005,False,260.15769419081494,28.0,False,False,1.9695579354579356,0.8276317859835037,0.3960171998472471,0.15753117265402894,0.4145736792453667,0.39854619992957874,0.43886,0,False
66340,2026-04-23 14:00:00+00:00,3.85,plan_b,footfall_plan_b,-1.6909156752790249,False,5.753327954933909,True,21.098605266072145,True,0.464428006837132,False,221.2343187510366,3.0,False,False,1.6909156752790249,0.7105429777333758,0.6361771497375368,0.2542027453721182,0.24859892969389571,0.33891789096025804,0.437688,2,True
66336,2026-04-26 10:00:00+00:00,2029.04,plan_b,footfall_plan_b,1.8290704444344434,False,2.223090491986295,False,0.6328822227657042,False,0.6083837338707025,True,403.8863452810605,160.0,True,False,1.8290704444344434,0.7685972630528135,0.24581935601074315,0.007625167469385099,0.5426768928045774,0.6187299922682644,0.43669,2,True
66332,2026-04-22 16:00:00+00:00,1476.83,plan_b,footfall_plan_b,1.5467639562422593,False,2.1166329304173828,False,21.515940070692043,False,0.6061069705035217,False,322.95354615970024,97.0,False,False,1.5467639562422593,0.6499687023941477,0.23404775727390445,0.25923092859730557,0.5380258382942597,0.49474573095395535,0.435204,0,False
66330,2026-04-25 10:00:00+00:00,796.62,plan_b,footfall_plan_b,2.0081627508170703,False,0.3387764105841125,False,20.094819410948755,False,0.6037040798567093,True,335.47309403240257,204.0,False,False,2.0081627508170703,0.8438539908285799,0.03746037301747906,0.24210881229359443,0.5331171264176733,0.5139249378001011,0.434093,1,False
66330,2026-04-25 18:00:00+00:00,673.83,plan_b,footfall_plan_b,1.8451674602437118,False,0.4869935628052866,False,44.56979494075972,True,0.5425529443251975,False,256.6362374405389,97.0,False,False,1.8451674602437118,0.7753614214984151,0.053849559620585595,0.5369911466533014,0.4081953761713735,0.3931515364720778,0.43351,1,False
66340,2026-04-25 14:00:00+00:00,2951.22,plan_b,footfall_plan_b,1.6961839083933916,False,0.9322162585600845,False,11.449207050430406,False,0.6989005527303547,True,316.6477433941975,286.0,False,False,1.6961839083933916,0.7127567522575596,0.10308028448146371,0.13794370897271369,0.7275879225081575,0.48508561408709366,0.433291,1,False
66338,2026-04-26 20:00:00+00:00,15.29,plan_b,footfall_plan_b,1.804805429544238,False,0.3286025419458058,False,0.05980525676467421,False,0.581641068845757,False,572.5208854780425,6.0,True,False,1.804805429544238,0.7584008137638883,0.03633539234493257,0.0007205528643029043,0.48804600995784436,0.8770681336075867,0.432114,1,False
66340,2026-04-25 19:00:00+00:00,2232.38,plan_b,footfall_plan_b,2.1530364962534514,False,1.225127380181132,False,20.969142942100603,True,0.5299292436329919,False,316.6477433941975,124.0,False,False,2.1530364962534514,0.9047316702910799,0.13546907996451968,0.2526429418798588,0.38240722405695976,0.48508561408709366,0.432067,1,False
66333,2026-04-25 09:00:00+00:00,981.02,plan_b,footfall_plan_b,1.96898326682609,False,1.2428241931904485,False,12.07848353562369,False,0.5728568428177717,False,377.2126915828801,213.0,False,False,1.96898326682609,0.8273903033555695,0.13742591401741774,0.14552543336240506,0.4701012754825615,0.5778675324716681,0.431662,0,False
66333,2026-04-25 16:00:00+00:00,939.75,plan_b,footfall_plan_b,1.959955384705034,False,0.6652748508931539,False,13.063020132205656,True,0.5985605933174066,False,377.2126915828801,443.0,False,False,1.959955384705034,0.8235966793808774,0.07356310325927409,0.15738744521647344,0.5226098261807568,0.5778675324716681,0.431005,1,False
66340,2026-04-25 12:00:00+00:00,4166.95,plan_b,footfall_plan_b,1.5350978081145652,False,0.5158244694599732,False,14.003366708627318,False,0.7226525751887621,True,316.6477433941975,314.0,False,True,1.5350978081145652,0.6450664475091059,0.0570375517120495,0.16871704157192768,0.7761094126097547,0.48508561408709366,0.426403,2,True
66331,2026-04-26 18:00:00+00:00,364.72,plan_b,footfall_plan_b,1.8845381446642047,False,0.9690579873188981,False,1.0521694117665443,False,0.6378572486574933,False,401.161729637475,528.0,False,False,1.8845381446642047,0.7919054536772652,0.10715407728047942,0.012676873646132493,0.6028864542636412,0.6145560422553801,0.425836,0,False
66333,2026-04-25 08:00:00+00:00,573.11,plan_b,footfall_plan_b,2.028941430635026,False,1.2626068016654872,False,7.258187779671353,False,0.570984875347399,False,377.2126915828801,125.0,False,False,2.028941430635026,0.8525854404490836,0.13961338595932765,0.08744896815458093,0.4662771526634096,0.5778675324716681,0.424758,0,False
66335,2026-04-26 12:00:00+00:00,2313.98,plan_b,footfall_plan_b,1.7066218964666355,False,0.33884646299920135,False,0.4092464570147116,False,0.7569409800935356,True,337.17117693788396,125.0,False,True,1.7066218964666355,0.7171429196079121,0.03746811909872326,0.004930732225899377,0.8461550056576689,0.5165263003746348,0.424445,2,True
66338,2026-04-22 15:00:00+00:00,18.0,plan_b,footfall_plan_b,-0.6699103932845021,False,1.7245717951703297,False,31.067412496664563,False,0.6455829391593009,True,424.4645808055869,3.0,True,False,0.6699103932845021,0.28150435448554245,0.19069539886533562,0.37431012375778805,0.6186687741005261,0.6502546319490745,0.423087,2,True
66336,2026-04-22 12:00:00+00:00,1992.95,plan_b,footfall_plan_b,1.3175306667230604,False,0.7309662243539974,False,17.42880481182055,False,0.7046604289222608,True,336.0638910981524,83.0,False,False,1.3175306667230604,0.5536421341850553,0.08082696011881993,0.20998781558532703,0.7393544058095856,0.5148300039609022,0.419728,1,False
66340,2026-04-25 15:00:00+00:00,2357.1,plan_b,footfall_plan_b,1.6189942243429847,False,1.0201175125458295,False,9.576783408923463,False,0.6869211527452292,True,316.6477433941975,275.0,False,False,1.6189942243429847,0.6803207243956592,0.112800010118006,0.1153841499796782,0.7031159711693109,0.48508561408709366,0.419341,1,False
66338,2026-04-22 17:00:00+00:00,11.51,plan_b,footfall_plan_b,1.377963315667654,False,0.9583442448854192,False,18.679263649783053,False,0.5415192740228179,False,508.74209366314096,1.0,True,False,1.377963315667654,0.5790366556039437,0.10596939978986156,0.2250537436680734,0.4060837571110153,0.7793627968771455,0.419101,1,False
66336,2026-04-23 09:00:00+00:00,572.13,plan_b,footfall_plan_b,-1.9325023346801207,False,0.4970681300122122,False,23.135736661595807,False,0.5037563905725115,False,403.8863452810605,28.0,True,False,1.9325023346801207,0.8120605796227708,0.054963559987111686,0.2787467560730802,0.32894037368964985,0.6187299922682644,0.418688,1,False
66332,2026-04-25 22:00:00+00:00,387.98,plan_b,footfall_plan_b,2.205750680648268,False,1.417831631060855,False,9.550828985863072,False,0.531175957421346,False,322.95354615970024,16.0,False,False,2.205750680648268,0.9268828006497826,0.15677745001177829,0.11507144278821706,0.38495405605188066,0.49474573095395535,0.415686,0,False
66333,2026-04-25 15:00:00+00:00,936.19,plan_b,footfall_plan_b,1.8616123043772235,False,0.6715474736060171,False,9.604101275609308,False,0.5981495624424252,False,377.2126915828801,474.0,False,False,1.8616123043772235,0.7822717415633459,0.0742567016896271,0.11571328437608393,0.5217701574507871,0.5778675324716681,0.414376,0,False
66330,2026-04-25 21:00:00+00:00,289.34,plan_b,footfall_plan_b,2.087702995505128,False,0.5944358258788363,False,20.81355006747776,False,0.5017088923274727,False,356.34289280764136,69.0,False,False,2.087702995505128,0.8772777523659302,0.06573004222454774,0.2507683091545825,0.32475767025866176,0.5458962351358846,0.412886,0,False
66333,2026-04-25 14:00:00+00:00,1136.63,plan_b,footfall_plan_b,1.5823497950942114,False,0.6765322795649922,False,6.808907932405919,False,0.6633024176899154,True,377.2126915828801,421.0,False,False,1.5823497950942114,0.6649222972260329,0.07480789913079781,0.08203590083686145,0.6548667653930252,0.5778675324716681,0.4109,1,False
66330,2026-04-21 15:00:00+00:00,364.54,plan_b,footfall_plan_b,-1.3174214944348288,False,5.788230203503374,True,23.492094608399846,False,0.46266280968589724,False,210.04193898574997,95.0,False,False,1.3174214944348288,0.5535962586846385,0.6400364835332596,0.2830402706097225,0.24499292114237184,0.32177182715654074,0.408688,1,False
66335,2026-04-26 13:00:00+00:00,1778.09,plan_b,footfall_plan_b,1.7863448977652818,False,0.8973321501572366,False,0.07190804739686414,False,0.6722162129105259,True,337.17117693788396,128.0,False,False,1.7863448977652818,0.7506434776574639,0.0992229565438433,0.0008663711573402141,0.6730761884988637,0.5165263003746348,0.408067,1,False
66330,2026-04-24 07:00:00+00:00,204.18,plan_b,footfall_plan_b,2.379751441176756,False,2.353246592296223,False,12.867443546878906,False,0.48869383805410777,False,210.04193898574997,42.0,False,False,2.379751441176756,1.0,0.2602114326600699,0.15503107595444876,0.2981700469014223,0.32177182715654074,0.407037,0,False
66336,2026-04-25 16:00:00+00:00,969.44,plan_b,footfall_plan_b,0.7683478207522145,False,7.0620358580166025,True,10.195622529672756,False,0.47829926352454943,False,336.0638910981524,65.0,False,False,0.7683478207522145,0.32286893809896233,0.7808881883127227,0.12284012166379246,0.2769356342938445,0.5148300039609022,0.403673,1,False
66331,2026-04-26 19:00:00+00:00,343.15,plan_b,footfall_plan_b,1.9418640738585389,False,0.3083833123191544,False,0.8802462839123376,False,0.6070945974898234,False,401.161729637475,622.0,False,False,1.9418640738585389,0.8159944943234544,0.03409964079825759,0.010605488806122302,0.5400433984040913,0.6145560422553801,0.40306,0,False
66338,2026-04-20 21:00:00+00:00,13.87,plan_b,footfall_plan_b,1.9009691548866416,False,0.9274522804582904,False,22.79610270532938,False,0.5834177874762758,False,226.01366425665876,2.0,False,False,1.9009691548866416,0.7988099605674099,0.10255350519233726,0.2746547375241881,0.4916755550037455,0.3462395655904888,0.402787,0,False
66336,2026-04-26 18:00:00+00:00,482.65,plan_b,footfall_plan_b,-1.5405421234856467,False,3.504848922116129,False,0.08062283285836307,False,0.5119337177446645,False,403.8863452810605,64.0,True,False,1.5405421234856467,0.6473542139022168,0.38755044297802954,0.0009713696803091434,0.3456453132431528,0.6187299922682644,0.40005,1,False
66335,2026-04-26 11:00:00+00:00,2258.9,plan_b,footfall_plan_b,1.5859773239056951,False,0.5300215474347734,False,0.4720772406316381,False,0.7089433002690504,True,337.17117693788396,134.0,False,True,1.5859773239056951,0.6664466281913248,0.05860740079267847,0.00568773760553875,0.7481036102204339,0.5165263003746348,0.399074,2,True
66342,2026-04-26 13:00:00+00:00,3362.17,plan_b,footfall_plan_b,1.5425856006415228,False,0.6734889788887638,False,0.12175219324159901,False,0.73637757618432,True,303.23053589532776,1729.0,False,True,1.5425856006415228,0.6482129074281532,0.07447138461864716,0.0014669093708701308,0.8041473407953036,0.46453124578761484,0.398566,2,True
66331,2026-04-23 16:00:00+00:00,86.82,plan_b,footfall_plan_b,-1.9364388626145341,False,3.9006261005730756,True,12.793181826992251,False,0.42962213869226445,False,266.29487608786127,198.0,False,False,1.9364388626145341,0.8137147557128867,0.43131370474480935,0.15413634699804712,0.17749624403308387,0.40794799959939904,0.396922,1,False
66336,2026-04-23 12:00:00+00:00,778.67,plan_b,footfall_plan_b,-1.1778141832346802,False,2.448519130555993,False,29.548372074071576,True,0.5064056221302158,False,336.0638910981524,50.0,False,False,1.1778141832346802,0.4949315978362288,0.2707462417850013,0.3560082388282044,0.33435231968410495,0.5148300039609022,0.394174,1,False
66338,2026-04-21 20:00:00+00:00,11.85,plan_b,footfall_plan_b,1.2093853070147784,False,3.187072362825009,True,19.68679213511945,False,0.6076279208177885,False,215.56007960137273,1.0,False,False,1.2093853070147784,0.5081981614082994,0.35241213914296704,0.23719276915261456,0.5411328905778261,0.330225292197711,0.393832,1,False
66332,2026-04-25 17:00:00+00:00,1399.2,plan_b,footfall_plan_b,1.3042487091240234,False,1.7751074523277766,False,22.88253754874573,False,0.5598489356196793,False,322.95354615970024,79.0,False,False,1.3042487091240234,0.5480608968468947,0.19628340472600747,0.27569613216687466,0.443528252429052,0.49474573095395535,0.391663,0,False
66340,2026-04-25 11:00:00+00:00,3851.53,plan_b,footfall_plan_b,1.4213469776903724,False,0.6441847885161496,False,10.441178663319034,False,0.6738604734985933,True,316.6477433941975,299.0,False,True,1.4213469776903724,0.597266988937103,0.07123105894059704,0.12579866051167657,0.676435143467354,0.48508561408709366,0.391163,2,True
66331,2026-04-26 16:00:00+00:00,343.04,plan_b,footfall_plan_b,1.5686784674357979,False,0.9627393497716302,False,0.23163242576349954,False,0.6190493542113059,False,401.161729637475,423.0,False,False,1.5686784674357979,0.659177441934905,0.1064553907365291,0.002790781561327666,0.5644650075931266,0.6145560422553801,0.389489,0,False
66332,2026-04-25 14:00:00+00:00,1354.14,plan_b,footfall_plan_b,1.1929245628380394,False,2.0119599873793548,False,23.873283189979848,False,0.5573463237033561,False,322.95354615970024,90.0,False,False,1.1929245628380394,0.5012811599551563,0.22247349363411562,0.28763295257709215,0.4384158263382358,0.49474573095395535,0.38891,0,False
66330,2026-04-25 20:00:00+00:00,417.01,plan_b,footfall_plan_b,2.2546171893052693,False,0.7346421939996614,False,21.403650306701945,False,0.47026824267850204,False,256.9294675683827,117.0,False,False,2.2546171893052693,0.947417091673402,0.08123343232238947,0.2578780256009463,0.2605295745922094,0.39360074768422554,0.388132,0,False
66330,2026-04-21 14:00:00+00:00,406.55,plan_b,footfall_plan_b,-0.9656426704877454,False,9.043594158179872,True,3.9092530222129995,False,0.44899948479764196,False,170.76256714007988,94.0,False,False,0.9656426704877454,0.4057745921608719,1.0,0.04709993092286503,0.21708098713838064,0.2615981527495456,0.386311,1,False
66331,2026-04-23 12:00:00+00:00,101.13,plan_b,footfall_plan_b,-1.3210688498742864,False,2.842002187810863,False,16.094285411335612,False,0.4668630398014705,False,401.161729637475,181.0,False,False,1.3210688498742864,0.5551289210359864,0.31425582993906137,0.19390909895560074,0.2535733030586528,0.6145560422553801,0.386285,0,False
66332,2026-04-25 16:00:00+00:00,1287.37,plan_b,footfall_plan_b,1.2106634194826917,False,1.7933617135391178,False,24.49801101573494,False,0.5545838879046346,False,322.95354615970024,51.0,False,False,1.2106634194826917,0.5087352395441914,0.19830187889590709,0.29515987326282445,0.4327726226279548,0.49474573095395535,0.385943,0,False
66342,2026-04-23 16:00:00+00:00,1745.26,plan_b,footfall_plan_b,1.1716385457419056,False,3.8931300128303823,False,13.00372767046301,True,0.5282832514454577,False,303.23053589532776,513.0,False,False,1.1716385457419056,0.49233652114632004,0.430484821049723,0.15667307067063133,0.3790447317144825,0.46453124578761484,0.384614,1,False
66336,2026-04-20 12:00:00+00:00,1959.36,plan_b,footfall_plan_b,1.2485032319385947,False,0.6724540001681242,False,0.8228924655104124,False,0.6830134790054373,True,403.8863452810605,59.0,True,False,1.2485032319385947,0.5246359810254915,0.07435694132292457,0.009914471655392058,0.6951332339932406,0.6187299922682644,0.384554,2,True
66331,2026-04-26 09:00:00+00:00,303.17,plan_b,footfall_plan_b,2.1276226996942014,False,1.1157075689606293,False,0.6479583119876741,False,0.5774975419958073,False,266.059080780759,457.0,False,False,2.1276226996942014,0.8940524892137978,0.12336992897359056,0.007806809014945575,0.4795814635223736,0.4075867751355248,0.382479,0,False
66330,2026-04-23 14:00:00+00:00,766.39,plan_b,footfall_plan_b,0.9010071202633179,False,1.5804960788640179,False,37.219513586731956,True,0.6074680474242232,True,241.10480462227588,97.0,False,False,0.9010071202633179,0.3786139613882455,0.17476415363403605,0.4484326056555251,0.5408062954301089,0.3693583000335654,0.382395,2,True
66342,2026-04-26 14:00:00+00:00,2564.21,plan_b,footfall_plan_b,1.4976884908863064,False,1.019673021341501,False,0.18879132277658223,False,0.6864276981968489,True,303.23053589532776,1585.0,False,False,1.4976884908863064,0.6293466052680354,0.11275086027817972,0.002274618248316813,0.7021079243797479,0.46453124578761484,0.382202,1,False
66332,2026-04-25 18:00:00+00:00,1152.7,plan_b,footfall_plan_b,1.3646362665323766,False,1.7526167470156544,False,18.742670164480057,False,0.5464237881812017,False,322.95354615970024,45.0,False,False,1.3646362665323766,0.57343647026329,0.19379648360606982,0.22581768563993324,0.41610287592946066,0.49474573095395535,0.38078,0,False
66340,2026-04-23 15:00:00+00:00,1.86,plan_b,footfall_plan_b,-1.8035762192770992,False,5.111200972368325,True,19.262362961024124,False,0.4039010429452512,False,145.28128773045853,2.0,False,False,1.8035762192770992,0.7578842849172744,0.5651736337311507,0.2320791106946051,0.12495225983652221,0.2225623398375516,0.38053,1,False
66332,2026-04-22 15:00:00+00:00,1448.22,plan_b,footfall_plan_b,1.413398389529951,False,0.3713045896046013,False,17.969616878706756,False,0.6607294230625739,True,260.66708279718154,88.0,False,False,1.413398389529951,0.5939268971851295,0.041057192871570725,0.21650369236481787,0.6496105589558415,0.3993265531456782,0.380085,1,False
66330,2026-04-23 13:00:00+00:00,683.69,plan_b,footfall_plan_b,0.7563736776940225,False,1.4341316464407,False,34.00736897779957,False,0.5874129894851077,False,335.47309403240257,110.0,False,False,0.7563736776940225,0.31783726006275914,0.1585798324600333,0.40973165989036114,0.49983709809191307,0.5139249378001011,0.379982,0,False
66336,2026-04-23 17:00:00+00:00,540.5,plan_b,footfall_plan_b,-1.4949008150183676,False,1.4283860471860883,False,12.675841003815952,False,0.5594674055040335,False,336.0638910981524,41.0,False,False,1.4949008150183676,0.6281751905481181,0.15794450991524453,0.15272258722485466,0.4427488489166906,0.5148300039609022,0.379284,0,False
66332,2026-04-22 12:00:00+00:00,2203.11,plan_b,footfall_plan_b,1.2557333082825923,False,0.5243841575151494,False,16.522297635492652,False,0.6699938718599256,True,286.004938366057,91.0,False,False,1.2557333082825923,0.5276741455240588,0.057984043549858706,0.19906592714691757,0.6685363098641959,0.43814264921675244,0.378281,1,False
66335,2026-04-24 18:00:00+00:00,1114.25,plan_b,footfall_plan_b,1.8421731672545838,False,0.8649256083418181,False,10.679424592509822,True,0.5261755480640432,False,337.17117693788396,74.0,False,False,1.8421731672545838,0.774103183794545,0.09563958678524938,0.1286691236778565,0.3747390390545209,0.5165263003746348,0.377935,1,False
66332,2026-04-25 10:00:00+00:00,1695.62,plan_b,footfall_plan_b,0.9735305513099898,False,1.4403739166496252,False,25.987443290272875,True,0.5939698268930989,False,322.95354615970024,51.0,False,False,0.9735305513099898,0.40908917396372774,0.15927007464690535,0.31310502975343957,0.5132316425753035,0.49474573095395535,0.377888,1,False
66330,2026-04-24 14:00:00+00:00,458.72,plan_b,footfall_plan_b,-0.6950137254469412,False,5.140301607317104,True,18.89183185254938,False,0.4818854748852986,False,335.47309403240257,202.0,False,False,0.6950137254469412,0.2920530747124019,0.5683914511652135,0.22761483337237293,0.28426167650130424,0.5139249378001011,0.377249,1,False
66335,2026-04-22 05:00:00+00:00,111.59,plan_b,footfall_plan_b,-1.4102041775194523,False,5.610189769957115,True,0.49055782377273704,False,0.5003727730437872,False,225.39252625954978,2.0,False,False,1.4102041775194523,0.5925846511189103,0.6203495725073792,0.0059103975828832915,0.3220281974859147,0.3452880189174234,0.377232,1,False
66336,2026-04-23 16:00:00+00:00,639.96,plan_b,footfall_plan_b,-1.3278287130015298,False,2.4813707707806425,False,8.445308313918787,False,0.5558567735883411,False,336.0638910981524,69.0,False,False,1.3278287130015298,0.5579694963205636,0.2743788285254109,0.10175177609319747,0.435372919516802,0.5148300039609022,0.376861,0,False
66332,2026-04-25 23:00:00+00:00,203.61,plan_b,footfall_plan_b,2.1613197775021757,False,1.345344809902713,False,6.387419122220983,False,0.46779398986612775,False,322.95354615970024,11.0,False,False,2.1613197775021757,0.9082124040792391,0.1487621830846818,0.07695766882382257,0.2554750815041072,0.49474573095395535,0.376831,0,False
66336,2026-04-25 18:00:00+00:00,800.32,plan_b,footfall_plan_b,0.6066458537830519,False,6.448382695460081,True,7.485978339762341,False,0.4943704864330689,False,336.0638910981524,32.0,False,False,0.6066458537830519,0.25491983880596936,0.7130331793612787,0.09019346168933114,0.3097665094179233,0.5148300039609022,0.376549,1,False
66332,2026-04-25 00:00:00+00:00,104.31,plan_b,footfall_plan_b,1.9926923825073568,False,3.5403486676534177,False,0.11214036241012473,False,0.4515042228459929,False,280.0153905362201,2.0,False,False,1.9926923825073568,0.837353157152411,0.3914758453032963,0.001351102958332417,0.22219775656856172,0.42896701620577143,0.376269,0,False
66332,2026-04-25 13:00:00+00:00,1609.55,plan_b,footfall_plan_b,1.077905631088829,False,1.57262638129545,False,28.688593938820333,True,0.5443520000588508,False,322.95354615970024,70.0,False,False,1.077905631088829,0.4529488300491663,0.17389395784341116,0.3456493568246039,0.41187055225903246,0.49474573095395535,0.375822,1,False
66342,2026-04-25 16:00:00+00:00,1944.03,plan_b,footfall_plan_b,1.43275437138982,False,0.7426350817172304,False,9.552339979725616,True,0.6304588823113538,True,319.35181496386514,1064.0,False,False,1.43275437138982,0.6020605121185857,0.08211724992607301,0.1150896477256172,0.5877728040445572,0.4892280917938579,0.375254,2,True
66336,2026-04-23 18:00:00+00:00,497.21,plan_b,footfall_plan_b,-1.4421284962969534,False,0.9633926116569899,False,21.291156887114106,False,0.5338159296220294,False,336.0638910981524,42.0,False,False,1.4421284962969534,0.605999631450518,0.10652762550004607,0.2565226688967991,0.39034708669709245,0.5148300039609022,0.374845,0,False
66332,2026-04-23 16:00:00+00:00,4.37,plan_b,footfall_plan_b,-1.0653684007565416,False,6.444993003599792,True,1.6369571902614086,False,0.4352991531569035,False,322.95354615970024,11.0,False,False,1.0653684007565416,0.4476805360099838,0.7126583624686804,0.01972258386625318,0.18909345440264141,0.49474573095395535,0.37278,1,False
66335,2026-04-23 16:00:00+00:00,889.32,plan_b,footfall_plan_b,1.2267450545767737,False,3.1117209863473927,False,4.730302999350117,False,0.5529870462593984,False,337.17117693788396,73.0,False,False,1.2267450545767737,0.5154929348294308,0.3440801225619862,0.056992203688951325,0.42951053679005086,0.5165263003746348,0.37252,0,False
66336,2026-04-25 13:00:00+00:00,609.67,plan_b,footfall_plan_b,-0.6941867096103619,False,5.549983857985428,False,9.39443706066779,False,0.5036646179903056,False,336.0638910981524,46.0,False,False,0.6941867096103619,0.29170555277281207,0.61369227332758,0.11318718284603972,0.3287528973411873,0.5148300039609022,0.372434,0,False
66342,2026-04-23 22:00:00+00:00,843.99,plan_b,footfall_plan_b,2.1098852465397258,False,0.596362469536957,False,5.987587312051147,False,0.5244366066864575,False,303.23053589532776,348.0,False,False,2.1098852465397258,0.8865989993881104,0.06594308182190496,0.07214036727471418,0.3711866667465402,0.46453124578761484,0.37208,0,False
66333,2026-04-25 20:00:00+00:00,785.56,plan_b,footfall_plan_b,1.5716794161752672,False,0.6532073467222782,False,11.492709314860603,False,0.5437480627265509,False,377.2126915828801,253.0,False,False,1.5716794161752672,0.6604384764646227,0.07222873287955502,0.1384678381702888,0.410636807244582,0.5778675324716681,0.371928,0,False
66331,2026-04-23 14:00:00+00:00,47.06,plan_b,footfall_plan_b,-1.427416957331466,False,4.1457108587963365,True,18.150249853555923,True,0.4473856456255425,False,240.58229460398357,123.0,False,False,1.427416957331466,0.5998176669348404,0.45841407589554073,0.2186800162275724,0.2137841781381485,0.36855784559048904,0.371851,2,True
66336,2026-04-25 10:00:00+00:00,1232.63,plan_b,footfall_plan_b,-0.7189140101684085,False,2.78521206331147,False,29.953018895178978,True,0.5254979057773147,False,336.0638910981524,56.0,False,False,0.7189140101684085,0.30209626002491874,0.3079762331873621,0.3608835531693382,0.373354726894767,0.5148300039609022,0.371828,1,False
66335,2026-04-24 16:00:00+00:00,1007.97,plan_b,footfall_plan_b,1.7065466609014965,False,1.1087084255572146,False,6.8473481414090225,False,0.5305993688126056,False,357.191934260382,91.0,False,False,1.7065466609014965,0.7171113047241738,0.12259599515026834,0.08249904077137553,0.38377617999856,0.5471969164231515,0.370636,0,False
66342,2026-04-26 12:00:00+00:00,3720.88,plan_b,footfall_plan_b,1.4205146731012401,False,0.6431088715416766,False,0.42288932375728705,False,0.6925714010564811,True,303.23053589532776,1517.0,False,True,1.4205146731012401,0.5969172446004756,0.07111208887674253,0.005095105848561795,0.7146585026731462,0.46453124578761484,0.370463,2,True
66330,2026-04-24 03:00:00+00:00,34.51,plan_b,footfall_plan_b,2.1198610285436628,False,3.4658418871029992,False,0.019366736068601367,False,0.439052543061606,False,247.676685298809,4.0,False,False,2.1198610285436628,0.890790942223537,0.3832372203443216,0.00023333663128208295,0.19676101498310872,0.3794260325223913,0.37009,0,False
66336,2026-04-23 10:00:00+00:00,1025.75,plan_b,footfall_plan_b,-1.3807929719697902,False,1.7200147632666838,False,22.271991491094045,False,0.4860644119068336,False,336.0638910981524,62.0,False,False,1.3807929719697902,0.5802257110040896,0.1901915027567819,0.26834007795978654,0.29279856011534927,0.5148300039609022,0.369277,0,False
66340,2026-04-25 10:00:00+00:00,2989.14,plan_b,footfall_plan_b,1.59827245185331,False,0.822195892157803,False,16.845460656232056,False,0.5350132044663068,False,316.6477433941975,226.0,False,False,1.59827245185331,0.6716131879146946,0.09091472679743509,0.20295949859577553,0.39279292302986063,0.48508561408709366,0.368673,0,False
66333,2026-04-25 18:00:00+00:00,731.26,plan_b,footfall_plan_b,1.5812045728008013,False,0.6692006683193221,False,6.905108817671345,False,0.5580871442454319,False,377.2126915828801,289.0,False,False,1.5812045728008013,0.6644410611298616,0.07399720250759312,0.08319495987575555,0.439929201321875,0.5778675324716681,0.367886,0,False
66338,2026-04-24 11:00:00+00:00,20.87,plan_b,footfall_plan_b,0.0,False,1.0845554997965237,False,32.00295911224954,True,0.6101624649231185,False,512.1666082269141,3.0,True,False,0.0,0.0,0.11992527316316492,0.38558188864964665,0.546310548898678,0.7846089506387723,0.367285,2,True
66330,2026-04-23 18:00:00+00:00,583.87,plan_b,footfall_plan_b,1.2315181391146481,False,0.5519305275830294,False,32.29246303026991,False,0.5817728786957178,False,247.676685298809,92.0,False,False,1.2315181391146481,0.517498642003418,0.06102999735827507,0.38906992446190497,0.48831527588420365,0.3794260325223913,0.367068,0,False
66330,2026-04-23 22:00:00+00:00,213.09,plan_b,footfall_plan_b,1.6107488025598324,False,1.1741719712951604,False,18.48315949844035,False,0.48502539372026343,False,335.47309403240257,56.0,False,False,1.6107488025598324,0.6768558996074556,0.12983465984407644,0.2226910181219281,0.2906760162038434,0.5139249378001011,0.366797,0,False
66331,2026-04-23 13:00:00+00:00,66.05,plan_b,footfall_plan_b,-1.3517158079958713,False,3.7694580488111558,True,15.936506257404854,False,0.47866533180801635,False,247.09384614278434,134.0,False,False,1.3517158079958713,0.5680071391520896,0.4168097310516423,0.19200812523786479,0.2776834518164934,0.378533157408602,0.366608,1,False
66340,2026-04-25 17:00:00+00:00,2332.11,plan_b,footfall_plan_b,1.388980228662679,False,1.1506773091401048,False,16.591586816333482,False,0.5552882226512746,False,316.6477433941975,238.0,False,False,1.388980228662679,0.5836660941261353,0.1272367256882403,0.19990074536225463,0.43421146310973474,0.48508561408709366,0.36602,0,False
66332,2026-04-22 17:00:00+00:00,1480.32,plan_b,footfall_plan_b,1.4509486905021913,False,0.3840084068505693,False,21.011654935721133,False,0.5804978786081219,False,286.004938366057,107.0,False,False,1.4509486905021913,0.6097059824805552,0.04246192389153556,0.2531551399779463,0.48571065961465626,0.43814264921675244,0.365835,0,False
66338,2026-04-21 15:00:00+00:00,16.96,plan_b,footfall_plan_b,-0.7436619962149059,False,2.8061546311298557,False,0.041275115958066294,False,0.5938552532187166,False,452.0273285133175,1.0,True,False,0.7436619962149059,0.3124956595665196,0.3102919682205893,0.0004972958003515596,0.5129975873314951,0.6924791311809776,0.365752,1,False
66336,2026-04-24 16:00:00+00:00,796.61,plan_b,footfall_plan_b,-0.3312096344155034,False,6.459120882339456,True,0.04304143294664727,False,0.5147074714949228,False,403.8863452810605,112.0,True,False,0.3312096344155034,0.1391782472255693,0.7142205598088702,0.0005185769524482207,0.35131163767397144,0.6187299922682644,0.364792,2,True
66335,2026-04-21 06:00:00+00:00,122.17,plan_b,footfall_plan_b,-1.3112328031863445,False,4.224831637588275,False,0.22473417823943465,False,0.5151023104989145,False,291.49557301963404,2.0,False,False,1.3112328031863445,0.5509956966505531,0.4671628960447039,0.0027076692685121056,0.3521182290645555,0.4465539767509663,0.363908,0,False
66331,2026-04-26 02:00:00+00:00,30.71,plan_b,footfall_plan_b,2.2841818351348735,False,2.161161275541826,False,0.28331530970502167,False,0.4445665657414034,False,266.29487608786127,54.0,False,False,2.2841818351348735,0.9598405092278777,0.23897150156689306,0.0034134734796323362,0.20802525984252146,0.40794799959939904,0.36364,0,False
66342,2026-04-23 21:00:00+00:00,934.28,plan_b,footfall_plan_b,1.826625867625051,False,1.299930030522687,False,6.140971616481891,False,0.5352238023220683,False,286.6891209426893,316.0,False,False,1.826625867625051,0.7675700226582522,0.14374042087535616,0.07398839043982772,0.3932231399426159,0.43919077645674426,0.363543,0,False
66332,2026-04-25 15:00:00+00:00,1174.83,plan_b,footfall_plan_b,0.9374055025096144,False,2.130827984139529,False,21.123179249350226,False,0.556922431997389,False,322.95354615970024,92.0,False,False,0.9374055025096144,0.3939089966665088,0.23561738252177195,0.2544988205835001,0.437549885037816,0.49474573095395535,0.363264,0,False
66330,2026-04-24 02:00:00+00:00,29.22,plan_b,footfall_plan_b,1.9863867641921147,False,3.683792097526765,False,0.10064590484202349,False,0.4653862893457932,False,210.04193898574997,4.0,False,False,1.9863867641921147,0.8347034609672817,0.40733717514234086,0.0012126140566478451,0.2505565438440154,0.32177182715654074,0.363116,0,False
66338,2026-04-26 02:00:00+00:00,5.23,plan_b,footfall_plan_b,1.8457804437724068,False,1.1785117003363994,False,0.11233082062167582,False,0.4686116008055078,False,424.4645808055869,1.0,True,False,1.8457804437724068,0.7756190045039714,0.13031452757866663,0.0013533976597899016,0.25714532668729345,0.6502546319490745,0.362937,1,False
66331,2026-04-26 08:00:00+00:00,195.42,plan_b,footfall_plan_b,2.153974285688917,False,1.0891344076495244,False,0.871296556216352,False,0.5164953686488731,False,275.7106181008524,351.0,False,False,2.153974285688917,0.9051257406209635,0.12043158821588754,0.010497659623957791,0.35496401861163634,0.42237235944955404,0.362678,0,False
66335,2026-04-21 07:00:00+00:00,94.37,plan_b,footfall_plan_b,-1.2520832351659603,False,4.252344822006717,False,0.4944995531441773,False,0.5209936292476602,False,291.49557301963404,5.0,False,False,1.2520832351659603,0.5261403411722787,0.47020518033314207,0.005957888799250342,0.3641532279726773,0.4465539767509663,0.362602,0,False
66342,2026-04-26 11:00:00+00:00,3645.53,plan_b,footfall_plan_b,1.4822882926901617,False,0.5548742381719369,False,0.6362614993102531,False,0.6517970597775645,True,319.35181496386514,1517.0,False,True,1.4822882926901617,0.6228752579123092,0.06135549964612873,0.007665882074173564,0.631363204336823,0.4892280917938579,0.362498,2,True
66340,2026-04-25 20:00:00+00:00,1256.81,plan_b,footfall_plan_b,1.8337471245636345,False,1.13986071725208,False,9.219992933364166,False,0.4988833186307024,False,316.6477433941975,85.0,False,False,1.8337471245636345,0.7705624599419805,0.12604067556714535,0.11108542419823314,0.31898548616784356,0.48508561408709366,0.362352,0,False
66332,2026-04-23 15:00:00+00:00,3.02,plan_b,footfall_plan_b,-1.1028052767409082,False,6.1884362008861755,True,1.6520699097019222,False,0.41403963832816204,False,322.95354615970024,3.0,False,False,1.1028052767409082,0.4634119587697719,0.6842894641936995,0.019904666744404127,0.14566374898981227,0.49474573095395535,0.361603,1,False
66333,2026-04-24 20:00:00+00:00,742.43,plan_b,footfall_plan_b,1.4359116199253674,False,0.6532073467222782,False,11.313802177446847,False,0.5464650145358408,False,377.2126915828801,60.0,False,False,1.4359116199253674,0.6033872256908174,0.07222873287955502,0.13631230774902553,0.41618709461702924,0.5778675324716681,0.361197,0,False
66330,2026-04-24 12:00:00+00:00,452.78,plan_b,footfall_plan_b,-0.40923652656041287,False,8.011383042820789,True,13.688670658097065,False,0.4435806302196966,False,244.9295557068464,228.0,False,False,0.40923652656041287,0.17196607993566368,0.8858627336316884,0.16492548288860598,0.2060111551177099,0.3752175924722279,0.360797,1,False
66336,2026-04-26 17:00:00+00:00,622.57,plan_b,footfall_plan_b,-1.0557825385413624,False,3.7207407961113605,False,0.11628245277227275,False,0.5029088748455552,False,403.8863452810605,85.0,True,False,1.0557825385413624,0.44365244213038135,0.41142279618396793,0.0014010081880079823,0.32720903792536,0.6187299922682644,0.360483,1,False
66335,2026-04-21 15:00:00+00:00,216.71,plan_b,footfall_plan_b,-1.460733133055732,False,4.302306981217368,True,1.5560847870609646,False,0.46256440742072424,False,291.49557301963404,12.0,False,False,1.460733133055732,0.6138175221919052,0.4757297713681634,0.018748207282628847,0.24479190143788448,0.4465539767509663,0.359928,1,False
66330,2026-04-23 17:00:00+00:00,713.88,plan_b,footfall_plan_b,1.3112882830273471,False,1.745033782213835,False,0.08724841502685796,False,0.590725076233777,False,356.34289280764136,106.0,False,False,1.3112882830273471,0.5510190099428754,0.1929579934362118,0.0010511968136992502,0.5066031486323506,0.5458962351358846,0.359506,0,False
66340,2026-04-23 17:00:00+00:00,4.09,plan_b,footfall_plan_b,-1.676815653749408,False,4.171939098239335,False,24.28351890659753,True,0.4265205409859544,False,109.23056408190254,1.0,False,False,1.676815653749408,0.7046179801535258,0.46131427674315123,0.2925756037191374,0.17116018811744999,0.16733476350338736,0.359401,1,False
66336,2026-04-26 16:00:00+00:00,625.32,plan_b,footfall_plan_b,-1.4209694937899078,False,2.7238788103283134,False,0.027428860818937844,False,0.4795145216284341,False,403.8863452810605,108.0,True,False,1.4209694937899078,0.5971083656901819,0.30119427770479756,0.0003304716892265822,0.27941820747942403,0.6187299922682644,0.359356,1,False
66336,2026-04-26 13:00:00+00:00,169.79,plan_b,footfall_plan_b,-1.8538611609796334,False,3.302955335832409,False,0.05289913560549553,False,0.4838575795707792,False,236.34768814596998,18.0,False,False,1.8538611609796334,0.7790146184607091,0.3652259575187712,0.0006373457074128355,0.28829036324338797,0.3620706789614647,0.359048,0,False
66340,2026-04-23 12:00:00+00:00,2.61,plan_b,footfall_plan_b,-1.8881544033871849,False,4.055325112900195,False,33.03691983531821,True,0.41699483855475666,False,,,False,False,1.8881544033871849,0.7934250488166601,0.4484196263088807,0.3980393781896615,0.15170073884168878,0.0,0.358317,1,False
66336,2026-04-24 18:00:00+00:00,819.35,plan_b,footfall_plan_b,0.7352730052528894,False,4.513897890469038,False,4.872984729963396,False,0.4922587243816148,False,403.8863452810605,94.0,True,False,0.7352730052528894,0.30897050529332026,0.4991265432213416,0.05871127882111966,0.3054525255600859,0.6187299922682644,0.358198,1,False
66338,2026-04-26 07:00:00+00:00,10.94,plan_b,footfall_plan_b,1.7313795312562055,False,1.2392983424864918,False,0.03334717269212078,False,0.5526068387874079,False,323.5234702964964,4.0,False,False,1.7313795312562055,0.7275463736666804,0.13703604129178604,0.00040177740385364126,0.42873383522196135,0.4956188210221724,0.357867,0,False
66340,2026-04-23 16:00:00+00:00,4.62,plan_b,footfall_plan_b,-1.611111594967684,False,4.445488011590046,False,15.809668110225639,False,0.4314226977442266,False,161.51256023276898,4.0,False,False,1.611111594967684,0.677008349313578,0.49156208624965014,0.19047993866703408,0.1811744911537284,0.2474276892785434,0.357531,0,False
66336,2026-04-22 13:00:00+00:00,1358.01,plan_b,footfall_plan_b,1.2786940281764907,False,0.7300764290283659,False,20.143803131096252,False,0.5444115266244266,False,336.0638910981524,67.0,False,False,1.2786940281764907,0.5373225144657096,0.08072857055046158,0.24269898382308677,0.4119921552790459,0.5148300039609022,0.357514,0,False
66342,2026-04-23 06:00:00+00:00,508.49,plan_b,footfall_plan_b,2.1400808953706068,False,0.803089138951941,False,1.2384472337622041,False,0.49865710474604724,False,303.23053589532776,29.0,False,False,2.1400808953706068,0.8992875719459023,0.08880198789388975,0.014921208433009658,0.3185233682667528,0.46453124578761484,0.357213,0,False
66330,2026-04-23 19:00:00+00:00,506.84,plan_b,footfall_plan_b,1.2222231474808127,False,0.6017539979670646,False,31.0921217032601,False,0.5561749930219035,False,256.6362374405389,73.0,False,False,1.2222231474808127,0.5135927754187803,0.06653925280611825,0.3746078281829546,0.43602298967915454,0.3931515364720778,0.356783,0,False
66332,2026-04-22 13:00:00+00:00,1699.79,plan_b,footfall_plan_b,1.2052733802196893,False,0.3892095303145449,False,22.40643766123849,False,0.5998717776849044,False,286.004938366057,87.0,False,False,1.2052733802196893,0.5064702806204404,0.04303704075027598,0.2699599284249944,0.5252883610053309,0.43814264921675244,0.35658,0,False
66340,2026-04-25 21:00:00+00:00,847.66,plan_b,footfall_plan_b,1.9109858803969082,False,1.2327666275134643,False,6.693735886602074,False,0.4786884184072991,False,316.6477433941975,73.0,False,False,1.9109858803969082,0.803019108353581,0.13631379360366752,0.08064827118721157,0.27773061395607707,0.48508561408709366,0.356559,0,False
66330,2026-04-25 11:00:00+00:00,710.74,plan_b,footfall_plan_b,1.5963076814816732,False,0.3384395565934157,False,12.492233688195759,False,0.542659448009697,False,335.47309403240257,169.0,False,False,1.5963076814816732,0.670787567920253,0.03742312521701334,0.15051042755304395,0.40841294574812326,0.5139249378001011,0.356212,0,False
66335,2026-04-22 15:00:00+00:00,388.13,plan_b,footfall_plan_b,-0.8745679654692281,False,5.233468724881355,True,0.5447683785842521,False,0.49497996408722916,False,337.17117693788396,18.0,False,False,0.8745679654692281,0.36750391252490033,0.5786934523314181,0.006563543688393529,0.3110115724021499,0.5165263003746348,0.35606,1,False
66331,2026-04-25 15:00:00+00:00,162.25,plan_b,footfall_plan_b,-0.6249386336495203,False,3.288447278087012,False,12.831924532431024,False,0.5310967084892086,False,401.161729637475,237.0,False,False,0.6249386336495203,0.26260668355368083,0.36362172169265616,0.15460313150638222,0.3847921634685017,0.6145560422553801,0.356036,0,False
66332,2026-04-21 11:00:00+00:00,299.29,plan_b,footfall_plan_b,-0.8703229119709875,False,2.660317622979719,False,36.31359784289507,True,0.45928828192357857,False,286.004938366057,27.0,False,False,0.8703229119709875,0.3657200903051556,0.29416596725246447,0.4375178429849577,0.23809931384204056,0.43814264921675244,0.354729,1,False
66332,2026-04-20 12:00:00+00:00,2339.73,plan_b,footfall_plan_b,1.4086402255324726,False,0.5243841575151494,False,0.027328247120310834,False,0.693024959941159,True,262.95790827804694,98.0,False,True,1.4086402255324726,0.5919274598005573,0.057984043549858706,0.00032925946320071513,0.7155850491586898,0.4028359622867014,0.353732,2,True
66335,2026-04-24 17:00:00+00:00,1082.89,plan_b,footfall_plan_b,1.676244121525883,False,1.0883020260216876,False,8.397003785579017,False,0.5333518461945236,False,291.49557301963404,83.0,False,False,1.676244121525883,0.7043778154818564,0.12033954719621352,0.10116978768386785,0.38939904029500305,0.4465539767509663,0.352368,0,False
66332,2026-04-20 11:00:00+00:00,2568.51,plan_b,footfall_plan_b,1.4666757387287135,False,0.26933571654720256,False,0.023988282661422652,False,0.6736340834411009,True,286.004938366057,96.0,False,True,1.4666757387287135,0.6163146761257812,0.02978193313811967,0.0002890185029956363,0.6759726656740226,0.43814264921675244,0.3521,2,True
66332,2026-04-22 11:00:00+00:00,2360.87,plan_b,footfall_plan_b,1.2528338019260736,False,0.26933571654720256,False,15.417736347376321,False,0.6259084520014997,False,286.004938366057,97.0,False,True,1.2528338019260736,0.5264557382961658,0.02978193313811967,0.1857578194151496,0.5784770205118399,0.43814264921675244,0.351723,1,False
66336,2026-04-26 14:00:00+00:00,1045.72,plan_b,footfall_plan_b,0.5747633627830728,False,3.6175934483919536,False,7.218420052175033,False,0.5433611863918727,False,403.8863452810605,164.0,True,False,0.5747633627830728,0.24152243500643067,0.4000172260184701,0.0869698338526074,0.40984648228271825,0.6187299922682644,0.351417,1,False
66342,2026-04-26 18:00:00+00:00,1766.37,plan_b,footfall_plan_b,1.1444697249309261,False,3.3393752976399207,False,0.5673626895279235,False,0.5545206934895838,False,303.23053589532776,976.0,False,False,1.1444697249309261,0.48091985790121033,0.3692531132237372,0.006835767174223112,0.43264352679244283,0.46453124578761484,0.350837,0,False
66336,2026-04-23 08:00:00+00:00,392.59,plan_b,footfall_plan_b,-1.9164293495361173,False,0.40807223091331307,False,5.630015592220242,False,0.4990509063165321,False,336.0638910981524,26.0,False,False,1.9164293495361173,0.8053065191499444,0.04512279341330398,0.06783222881237648,0.3193278403506663,0.5148300039609022,0.350484,0,False
66340,2026-04-23 09:00:00+00:00,3.07,plan_b,footfall_plan_b,-1.6487494052704015,False,4.548389954570376,True,17.008030977812126,False,0.40484414061522916,False,146.12950751482882,2.0,False,False,1.6487494052704015,0.6928242070756416,0.5029405206619524,0.2049181978339729,0.12687885384925554,0.22386176237747432,0.350285,1,False
66330,2026-04-24 06:00:00+00:00,101.29,plan_b,footfall_plan_b,2.2465556882388307,False,2.004600336175399,False,4.44346295316025,False,0.47910012020112536,False,162.99746973484625,46.0,False,False,2.2465556882388307,0.9440295525687078,0.22165969647833558,0.053536263056639374,0.27857165326331634,0.24970248280764867,0.3495,0,False
66331,2026-04-26 00:00:00+00:00,78.79,plan_b,footfall_plan_b,2.345349151154758,False,1.3190094684050335,False,0.8424360933079664,False,0.4532056269303997,False,247.09384614278434,102.0,False,False,2.345349151154758,0.985543746533047,0.14585013937318253,0.010149939534809567,0.22567344633708242,0.378533157408602,0.34915,0,False
66342,2026-04-26 20:00:00+00:00,1189.44,plan_b,footfall_plan_b,1.6760075100979617,False,0.15448184768884857,False,1.770101891876718,False,0.594067971438485,False,319.35181496386514,559.0,False,False,1.6760075100979617,0.7042783885317022,0.017081908474311704,0.021326753822301845,0.5134321358004938,0.4892280917938579,0.349069,0,False
66332,2026-04-25 12:00:00+00:00,1678.65,plan_b,footfall_plan_b,0.668750715537223,False,2.2721379066822314,False,24.787554178735295,False,0.5479208433642988,False,322.95354615970024,71.0,False,False,0.668750715537223,0.2810170440348738,0.25124279870819916,0.29864838191115556,0.41916111437527676,0.49474573095395535,0.348963,0,False
66342,2026-04-26 19:00:00+00:00,1555.06,plan_b,footfall_plan_b,1.9014774600007067,False,0.36836475530617785,False,0.13371184599225872,False,0.5569087629501122,False,303.23053589532776,818.0,False,False,1.9014774600007067,0.7990235564519507,0.040732119206498704,0.001611003092923109,0.43752196141390975,0.46453124578761484,0.348684,0,False
66340,2026-04-22 06:00:00+00:00,587.13,plan_b,footfall_plan_b,1.9802333259775313,False,0.9911989563728955,False,4.078951816042874,False,0.47354711237037944,False,316.6477433941975,21.0,False,False,1.9802333259775313,0.8321177126794098,0.1096023261367122,0.049144516275019076,0.26722776812825255,0.48508561408709366,0.348636,0,False
66331,2026-04-26 01:00:00+00:00,57.13,plan_b,footfall_plan_b,2.3755860028669913,False,0.9690579873188981,False,0.4803608105191746,False,0.4569875022849349,False,259.92566318207076,102.0,False,False,2.3755860028669913,0.998249633034068,0.10715407728047942,0.005787540705333204,0.2333991980242025,0.39819074214814176,0.348556,0,False
66332,2026-04-25 09:00:00+00:00,1134.17,plan_b,footfall_plan_b,0.8323550431645429,False,1.3386359436225328,False,17.13572327766388,False,0.6075019613240922,False,322.95354615970024,37.0,False,False,0.8323550431645429,0.3497655380147408,0.1480203468011383,0.20645667550943292,0.5408755759707314,0.49474573095395535,0.347973,0,False
66335,2026-04-26 15:00:00+00:00,1053.12,plan_b,footfall_plan_b,1.399343916419404,False,0.8246911785885535,False,0.25649073521580357,False,0.6073766865569576,True,337.17117693788396,115.0,False,False,1.399343916419404,0.5880210395953984,0.09119064435710283,0.0030902824254083255,0.5406196601478098,0.5165263003746348,0.34789,1,False
66338,2026-04-22 16:00:00+00:00,17.06,plan_b,footfall_plan_b,0.04943087688450561,False,1.0845554997965237,False,30.101564917188774,False,0.5658733354922811,False,508.74209366314096,4.0,True,False,0.04943087688450561,0.02077144529853197,0.11992527316316492,0.3626732831601504,0.4558351142678022,0.7793627968771455,0.347714,1,False
66332,2026-04-23 17:00:00+00:00,2.52,plan_b,footfall_plan_b,-1.2215517099003839,False,7.2812858479524545,True,1.6127124621969118,False,0.3976209508683802,False,187.20686670101924,2.0,False,False,1.2215517099003839,0.5133106293220028,0.805131866887965,0.019430475627008278,0.11212306071974738,0.2867898470444261,0.347357,1,False
66332,2026-04-22 18:00:00+00:00,1213.91,plan_b,footfall_plan_b,1.504217479499941,False,0.3616911736663899,False,18.404125565450812,False,0.5580082043473167,False,262.95790827804694,61.0,False,False,1.504217479499941,0.6320901643224239,0.03999418453992019,0.22173879201550373,0.4397679400443679,0.4028359622867014,0.347285,0,False
66336,2026-04-26 07:00:00+00:00,186.98,plan_b,footfall_plan_b,-1.9046209067107276,False,1.2624271504377134,False,0.3262940410941691,False,0.4785781913108515,False,336.0638910981524,60.0,False,False,1.9046209067107276,0.8003444703321273,0.139593520933915,0.003931294983658514,0.2775054380588003,0.5148300039609022,0.347241,0,False
66335,2026-04-21 09:00:00+00:00,175.94,plan_b,footfall_plan_b,-1.420197548178218,False,3.9253761083813434,False,3.4873026818514226,False,0.448676028831749,False,291.49557301963404,3.0,False,False,1.420197548178218,0.5967839849173276,0.4340504493814405,0.04201613824662142,0.21642021959848542,0.4465539767509663,0.347165,0,False
66336,2026-04-26 00:00:00+00:00,124.38,plan_b,footfall_plan_b,2.0234019152690466,False,1.4147211269427047,False,0.8609466457302142,False,0.43955148361856194,False,335.7684925652774,33.0,False,False,2.0234019152690466,0.850257669880221,0.15643350444503293,0.01037296059164011,0.19778026878930632,0.5143774708805015,0.345844,0,False
66330,2026-04-24 05:00:00+00:00,73.87,plan_b,footfall_plan_b,2.2862697136283154,False,1.7067477521883607,False,1.8842285005950483,False,0.471134345105377,False,192.13223337579174,20.0,False,False,2.2862697136283154,0.9607178607265744,0.18872449629383453,0.022701787711525843,0.2622988799389929,0.2943352174690679,0.345756,0,False
66336,2026-04-24 08:00:00+00:00,666.2,plan_b,footfall_plan_b,1.510402543177951,False,0.9766378858082236,False,5.933566025670217,False,0.5372138063864237,False,336.0638910981524,50.0,False,False,1.510402543177951,0.6346892020080369,0.10799222839128192,0.07148950153579975,0.3972883921829184,0.5148300039609022,0.345258,0,False
66331,2026-04-23 15:00:00+00:00,75.59,plan_b,footfall_plan_b,-1.310757824170844,False,3.3667833799061753,False,14.992666414111794,False,0.4475661421240452,False,266.059080780759,175.0,False,False,1.310757824170844,0.5507961047909656,0.37228377578851674,0.18063644088570038,0.2141529029101467,0.4075867751355248,0.345091,0,False
66330,2026-04-23 15:00:00+00:00,711.78,plan_b,footfall_plan_b,0.8671783050581847,False,2.957087597512223,False,0.1388696369288474,False,0.5952096203053462,False,335.47309403240257,149.0,False,False,0.8671783050581847,0.3643986888939024,0.3269814573487419,0.001673145808026872,0.5157643373757452,0.5139249378001011,0.344549,0,False
66338,2026-04-26 19:00:00+00:00,2.55,plan_b,footfall_plan_b,1.8572358949396153,False,0.52596001759238,False,0.9641491113632766,False,0.4484131749230986,False,424.4645808055869,2.0,True,False,1.8572358949396153,0.7804327220078229,0.058158295075266354,0.011616376910503736,0.21588325213185897,0.6502546319490745,0.343269,1,False
66330,2026-04-25 22:00:00+00:00,206.83,plan_b,footfall_plan_b,1.5195397821579875,False,1.1808911000506466,False,12.113334219923983,False,0.48235866983232034,False,335.47309403240257,63.0,False,False,1.5195397821579875,0.6385287790419805,0.13057763090601962,0.1459453255550647,0.28522833624483757,0.5139249378001011,0.342841,0,False
66333,2026-04-26 11:00:00+00:00,1236.37,plan_b,footfall_plan_b,1.037670951682564,False,0.9857762171846868,False,0.12982662858848357,False,0.629434080253878,True,377.2126915828801,251.0,False,False,1.037670951682564,0.43604173685023556,0.10900270400712958,0.0015641927508198159,0.5856793013554712,0.5778675324716681,0.342031,1,False
66342,2026-04-26 01:00:00+00:00,287.72,plan_b,footfall_plan_b,1.7031769150525753,False,2.063607716858646,False,0.38023337068870106,False,0.48592413713245003,False,303.23053589532776,83.0,False,False,1.7031769150525753,0.715695297240949,0.22818446745447177,0.004581173280993672,0.2925120017353766,0.46453124578761484,0.341101,0,False
66342,2026-04-26 15:00:00+00:00,2088.82,plan_b,footfall_plan_b,1.3470688715750987,False,1.0776537154739214,False,0.6487874700074029,False,0.6108975810248641,False,303.23053589532776,1326.0,False,False,1.3470688715750987,0.5660544409247171,0.11916210486946616,0.007816798976002447,0.5478122706453981,0.46453124578761484,0.341075,0,False
66332,2026-04-22 10:00:00+00:00,1927.11,plan_b,footfall_plan_b,1.2758219917843023,False,0.7836066344652665,False,15.647894362792833,False,0.5827959297300523,False,262.95790827804694,78.0,False,False,1.2758219917843023,0.5361156504451678,0.08664770010234255,0.18853083680897506,0.4904052015199181,0.4028359622867014,0.340907,0,False
66336,2026-04-24 15:00:00+00:00,560.71,plan_b,footfall_plan_b,-0.36223808465117496,False,5.5364585173572545,False,0.029984626053410644,False,0.49471329551011733,False,403.8863452810605,74.0,True,False,0.36223808465117496,0.15221677288786636,0.612196701943946,0.0003612643663223678,0.310466812192892,0.6187299922682644,0.338794,1,False
66330,2026-04-25 23:00:00+00:00,100.07,plan_b,footfall_plan_b,1.8138028260702483,False,1.2009973925853608,False,1.2815375924164079,False,0.47349737852113233,False,335.47309403240257,29.0,False,False,1.8138028260702483,0.7621816273271574,0.13280089437660872,0.015440374858033117,0.26712617002315714,0.5139249378001011,0.338295,0,False
66340,2026-04-25 09:00:00+00:00,1944.1,plan_b,footfall_plan_b,1.4938911151829495,False,0.9606831244600068,False,11.843272477643396,False,0.5033265218941573,False,316.6477433941975,143.0,False,False,1.4938911151829495,0.6277509026086522,0.10622802258226893,0.14269153529537884,0.32806222241397315,0.48508561408709366,0.337964,0,False
66335,2026-04-21 10:00:00+00:00,256.11,plan_b,footfall_plan_b,-1.3458195495416692,False,3.7145773166976954,False,6.9280188375307485,False,0.4593238792174185,False,253.08810402023906,7.0,False,False,1.3458195495416692,0.5655294608735183,0.4107412663291491,0.08347098712359241,0.23817203328072092,0.3877160059339479,0.337126,0,False
66336,2026-04-22 14:00:00+00:00,1203.65,plan_b,footfall_plan_b,1.076834876164644,False,0.7309824631712941,False,10.082860514587223,False,0.5951038483059252,False,336.0638910981524,89.0,False,False,1.076834876164644,0.45249888603162824,0.08082875573425918,0.1214815288351694,0.5155482625117239,0.5148300039609022,0.337037,0,False
66330,2026-04-24 15:00:00+00:00,491.25,plan_b,footfall_plan_b,-0.5202476648248768,False,5.069861578696503,False,28.317890239105335,False,0.47264780128937256,False,192.13223337579174,172.0,False,False,0.5202476648248768,0.21861428711547334,0.56060250935861,0.3411830000678998,0.26539062294233234,0.2943352174690679,0.336025,0,False
66333,2026-04-25 21:00:00+00:00,558.0,plan_b,footfall_plan_b,1.967729255788239,False,0.6301432321528091,False,6.625119042546851,False,0.5491023139319426,False,178.38584110436287,224.0,False,False,1.967729255788239,0.8268633529286666,0.06967840674084746,0.0798215535005379,0.42157466516042125,0.2732765575683501,0.334243,0,False
66342,2026-04-23 17:00:00+00:00,2173.64,plan_b,footfall_plan_b,1.24314077461811,False,1.7338315738092713,False,10.623807044128611,True,0.5202106614285235,False,303.23053589532776,476.0,False,False,1.24314077461811,0.5223826123636648,0.19171930357368283,0.12799902566374247,0.36255375300785525,0.46453124578761484,0.333837,1,False
66332,2026-04-23 14:00:00+00:00,5.39,plan_b,footfall_plan_b,-1.1597792552940438,False,6.006582164487697,True,1.6574576632018947,False,0.4489009387060312,False,182.56128462844,1.0,False,False,1.1597792552940438,0.48735310554977457,0.6641808621027938,0.0199695801220331,0.21687967362004698,0.2796730900818992,0.333611,1,False
66330,2026-04-24 08:00:00+00:00,237.47,plan_b,footfall_plan_b,1.6320594947737597,False,1.2097679284543537,False,10.868957735749113,False,0.5343215664274718,False,210.04193898574997,76.0,False,False,1.6320594947737597,0.6858109071957227,0.13377070081811737,0.13095267961640522,0.39138001984176407,0.32177182715654074,0.332737,0,False
66340,2026-04-22 03:00:00+00:00,302.28,plan_b,footfall_plan_b,1.6501615080922571,False,2.7151866274499965,False,0.957250081194032,False,0.4266330355981794,False,316.6477433941975,6.0,False,False,1.6501615080922571,0.6934175895598045,0.3002331351848787,0.011533255188128694,0.1713899961779264,0.48508561408709366,0.332332,0,False
66336,2026-04-26 12:00:00+00:00,915.66,plan_b,footfall_plan_b,-0.8962997952881516,False,3.72606600116684,False,0.7153979130567145,False,0.4626147068723092,False,403.8863452810605,94.0,True,False,0.8962997952881516,0.3766358871685116,0.4120116334274728,0.008619342901539399,0.24489465497588192,0.6187299922682644,0.332178,1,False
66331,2026-04-25 21:00:00+00:00,163.27,plan_b,footfall_plan_b,1.3533266653210916,False,1.3228396673586882,False,0.2547149014545494,False,0.5034201799516624,False,401.161729637475,334.0,False,False,1.3533266653210916,0.5686840406542161,0.14627366556052146,0.003068886612190225,0.32825355047953597,0.6145560422553801,0.332167,0,False
66338,2026-04-21 06:00:00+00:00,14.59,plan_b,footfall_plan_b,2.0510079232416776,False,2.993044431732337,False,0.03155734617054705,False,0.5697380275557288,False,,,False,False,2.0510079232416776,0.8618580443962167,0.33095740248639394,0.00038021300138313743,0.4637300469216706,0.0,0.331385,0,False
66331,2026-04-23 11:00:00+00:00,68.66,plan_b,footfall_plan_b,-1.4662311462887017,False,1.691935020263372,False,17.2901478601737,True,0.45774293882083494,False,266.29487608786127,236.0,False,False,1.4662311462887017,0.6161278530684151,0.18708657096614933,0.20831723227761248,0.23494243108838667,0.40794799959939904,0.330884,1,False
66331,2026-04-25 16:00:00+00:00,272.44,plan_b,footfall_plan_b,0.6028628265742199,False,3.53169355752775,True,0.490289653489298,False,0.5333852014212637,False,401.161729637475,324.0,False,False,0.6028628265742199,0.25333016555548843,0.39051880212176,0.005907166581524777,0.38946717955796223,0.6145560422553801,0.330756,1,False
66332,2026-04-23 10:00:00+00:00,4.75,plan_b,footfall_plan_b,-1.2344936741632517,False,2.821312371840067,False,13.378802893596852,False,0.4225400208386781,False,322.95354615970024,5.0,False,False,1.2344936741632517,0.5187489973964721,0.3119680430692711,0.16119209693987024,0.16302863766680997,0.49474573095395535,0.329937,0,False
66333,2026-04-26 14:00:00+00:00,964.31,plan_b,footfall_plan_b,1.1895805399663109,False,0.10043344481882738,False,0.10243726940058626,False,0.6155588253662078,False,377.2126915828801,210.0,False,False,1.1895805399663109,0.49987596157440656,0.011105478979061216,0.0012341969898799878,0.5573344290875131,0.5778675324716681,0.329484,0,False
66336,2026-04-25 23:00:00+00:00,145.09,plan_b,footfall_plan_b,1.6757503870190198,False,1.5822392368512201,False,0.447142518403791,False,0.46265937227700393,False,336.0638910981524,7.0,False,False,1.6757503870190198,0.7041703423406198,0.1749569042104897,0.00538731609589505,0.24498589907922402,0.5148300039609022,0.328866,0,False
66342,2026-04-25 12:00:00+00:00,3034.41,plan_b,footfall_plan_b,0.9474603297024863,False,1.6269876231490792,False,1.0083178669619477,False,0.6249179390223829,False,303.23053589532776,1143.0,False,False,0.9474603297024863,0.398134155235128,0.1799049796675672,0.0121485362068771,0.5764535647915585,0.46453124578761484,0.326234,0,False
66336,2026-04-20 11:00:00+00:00,2040.11,plan_b,footfall_plan_b,1.1435781814683437,False,0.2370822248872315,False,0.12376170318256823,False,0.6399994274311079,True,336.0638910981524,73.0,False,False,1.1435781814683437,0.4805452206818957,0.026215486977906034,0.001491120589450933,0.6072625745010571,0.5148300039609022,0.326069,1,False
66332,2026-04-25 08:00:00+00:00,907.66,plan_b,footfall_plan_b,1.196603743551747,False,1.0421207287227094,False,13.622954234245013,False,0.5432155970146755,False,286.004938366057,25.0,False,False,1.196603743551747,0.5028271956671416,0.1152330268801501,0.1641337103923409,0.40954906703999766,0.43814264921675244,0.325977,0,False
66335,2026-04-24 15:00:00+00:00,992.96,plan_b,footfall_plan_b,1.1936287345152854,False,0.8216111234563785,False,0.9792229396735116,False,0.5911004750135568,False,337.17117693788396,81.0,False,False,1.1936287345152854,0.5015770613106768,0.09085006570238854,0.011797991215876399,0.5073700268301601,0.5165263003746348,0.325624,0,False
66332,2026-04-22 07:00:00+00:00,640.33,plan_b,footfall_plan_b,1.5635736279562404,False,1.193497290096004,False,6.644688469219536,False,0.5162305016066289,False,262.95790827804694,36.0,False,False,1.5635736279562404,0.6570323273690607,0.13197156674887864,0.08005733221305565,0.3544229386429305,0.4028359622867014,0.325264,0,False
66336,2026-04-23 14:00:00+00:00,600.93,plan_b,footfall_plan_b,-0.8392579658877874,False,2.145510149628396,False,16.06912711340932,False,0.5027476258216597,False,336.0638910981524,74.0,False,False,0.8392579658877874,0.35266622865150377,0.23724087039971783,0.19360598373442367,0.32687963259027564,0.5148300039609022,0.325045,0,False
66332,2026-04-25 11:00:00+00:00,1682.2,plan_b,footfall_plan_b,0.5538928115107037,False,1.5096625651294995,False,23.62667818069974,False,0.5600776001379059,False,322.95354615970024,78.0,False,False,0.5538928115107037,0.23275237990267206,0.16693170201186214,0.28466177654005215,0.4439953765729915,0.49474573095395535,0.324617,0,False
66335,2026-04-21 08:00:00+00:00,153.77,plan_b,footfall_plan_b,-1.3462333949058103,False,4.110252805754923,False,0.24097501820501147,False,0.49127192964089217,False,186.77679000936172,2.0,False,False,1.3462333949058103,0.5657033636420934,0.4544932837391013,0.002903344103617802,0.3034366655916085,0.2861309949905919,0.322534,0,False
66332,2026-04-22 03:00:00+00:00,64.03,plan_b,footfall_plan_b,2.150161966812689,False,1.381423425815969,False,0.07633025527406445,False,0.41842380099579707,False,260.66708279718154,2.0,False,False,2.150161966812689,0.9035237586617288,0.15275159429467328,0.000919651332442509,0.15461987497251345,0.3993265531456782,0.322228,0,False
66340,2026-04-24 18:00:00+00:00,1841.4,plan_b,footfall_plan_b,1.177189436171675,False,1.7980040767718608,False,9.78786946067969,False,0.49664462497531114,False,316.6477433941975,74.0,False,False,1.177189436171675,0.49466907165294965,0.19881521055935245,0.11792738225449026,0.31441220184097035,0.48508561408709366,0.322182,0,False
66332,2026-04-22 06:00:00+00:00,294.95,plan_b,footfall_plan_b,1.8730302583542018,False,1.1427178929683448,False,3.6333555699363598,False,0.4637502697841092,False,260.66708279718154,21.0,False,False,1.8730302583542018,0.7870697022996707,0.12635660921767083,0.043775830162390866,0.24721442394213014,0.3993265531456782,0.320749,0,False
66336,2026-04-25 12:00:00+00:00,1178.83,plan_b,footfall_plan_b,-0.3554855644984009,False,4.924564804274276,False,1.2104768738572447,False,0.5279551719928292,False,336.0638910981524,59.0,False,False,0.3554855644984009,0.14937928320892954,0.5445362450083012,0.014584212589577275,0.37837451914874703,0.5148300039609022,0.320341,0,False
66338,2026-04-26 23:00:00+00:00,4.96,plan_b,footfall_plan_b,1.315077181096662,False,0.0,False,0.21576731257377474,False,0.47006598115977133,False,512.1666082269141,5.0,True,False,1.315077181096662,0.5526111501991037,0.0,0.0025996336026067788,0.260116387450095,0.7846089506387723,0.319987,1,False
66336,2026-04-25 22:00:00+00:00,204.44,plan_b,footfall_plan_b,1.5456239516216552,False,1.623428604889841,False,1.2395003192449692,False,0.4601194212224246,False,336.0638910981524,10.0,False,False,1.5456239516216552,0.6494896588264547,0.1795114394227278,0.014933896343772218,0.23979719524698725,0.5148300039609022,0.319712,0,False
66338,2026-04-21 23:00:00+00:00,4.31,plan_b,footfall_plan_b,0.9828394701588599,False,1.313582848508703,False,7.537056385235473,False,0.4670489750417199,False,452.0273285133175,1.0,True,False,0.9828394701588599,0.4130008929305905,0.14525008813233575,0.09080886632028991,0.25395313828889887,0.6924791311809776,0.319098,1,False
66335,2026-04-24 13:00:00+00:00,1362.73,plan_b,footfall_plan_b,0.918878515728706,False,1.4054299649164188,False,0.42360225698970605,False,0.6027976261197002,True,337.17117693788396,79.0,False,False,0.918878515728706,0.38612373537394834,0.15540612950275048,0.005103695496202597,0.5312653899558685,0.5165263003746348,0.318885,1,False
66330,2026-04-24 13:00:00+00:00,429.84,plan_b,footfall_plan_b,-0.7056975381385326,False,4.307632117671444,False,15.923070957001487,False,0.4581325121797358,False,256.6362374405389,162.0,False,False,0.7056975381385326,0.2965425405056481,0.47631860102603335,0.1918462524408545,0.23573826562882857,0.3931515364720778,0.318719,0,False
66336,2026-04-23 06:00:00+00:00,79.39,plan_b,footfall_plan_b,-1.449646145000057,False,0.6362167485401963,False,2.7519225664228895,False,0.47029920632855665,False,403.8863452810605,19.0,True,False,1.449646145000057,0.6091586372916433,0.07034998888851535,0.033156043378900366,0.2605928282558612,0.6187299922682644,0.318397,1,False
66342,2026-04-25 09:00:00+00:00,1689.62,plan_b,footfall_plan_b,1.3361635613911576,False,1.1560156685402245,False,2.7166140059925534,False,0.5387764332758855,False,303.23053589532776,699.0,False,False,1.3361635613911576,0.561471899237696,0.12782701748005973,0.03273063454815827,0.4004805828808804,0.46453124578761484,0.317408,0,False
66335,2026-04-24 12:00:00+00:00,1676.04,plan_b,footfall_plan_b,0.7507578049542746,False,1.961594958280624,False,1.0522704910355043,False,0.5999130236381786,False,337.17117693788396,103.0,False,False,0.7507578049542746,0.3154774032127635,0.2169043550573722,0.012678091481498661,0.5253726197296996,0.5165263003746348,0.317392,0,False
66336,2026-04-22 16:00:00+00:00,1075.25,plan_b,footfall_plan_b,1.4415189966551027,False,0.7319675366894143,False,10.493063422507326,False,0.5277543402506046,False,257.0844248627809,56.0,False,False,1.4415189966551027,0.6057435124158557,0.0809376807369617,0.12642378468753118,0.3779642528057652,0.3938381330939705,0.316981,0,False
66342,2026-04-22 15:00:00+00:00,58.76,plan_b,footfall_plan_b,-1.0674941821980586,False,4.372083576069764,False,3.4701421684445086,False,0.41441315894746955,False,303.23053589532776,24.0,False,False,1.0674941821980586,0.4485738147805035,0.4834453536501573,0.04180938289170479,0.14642679041351456,0.46453124578761484,0.316957,0,False
66332,2026-04-22 09:00:00+00:00,1277.2,plan_b,footfall_plan_b,1.0917641688927118,False,0.9280204316878291,False,7.802479846360335,False,0.5989197544534898,False,262.95790827804694,70.0,False,False,1.0917641688927118,0.45877235328108407,0.10261632880202179,0.09400677308489523,0.5233435335330403,0.4028359622867014,0.316315,0,False
66333,2026-04-26 12:00:00+00:00,1277.37,plan_b,footfall_plan_b,1.0706725868314155,False,0.4166792435224481,False,0.24237350137634675,False,0.5898145344322356,False,377.2126915828801,279.0,False,False,1.0706725868314155,0.44990941839790705,0.046074518187612885,0.0029201934762197812,0.5047430609245376,0.5778675324716681,0.316303,0,False
66333,2026-04-25 22:00:00+00:00,270.98,plan_b,footfall_plan_b,1.4452555876419149,False,0.6684358139473017,False,0.7057091068310867,False,0.49493472169281055,False,377.2126915828801,108.0,False,False,1.4452555876419149,0.6073136726108063,0.07391262834839905,0.008502609064829652,0.31091914960334194,0.5778675324716681,0.315703,0,False
66332,2026-04-20 09:00:00+00:00,1463.67,plan_b,footfall_plan_b,1.4299590907589754,False,0.9280204316878291,False,0.01732387802786114,False,0.57348870826513,False,262.95790827804694,73.0,False,False,1.4299590907589754,0.600885901786398,0.10261632880202179,0.00020872362412768406,0.47139207306004033,0.4028359622867014,0.315588,0,False
66336,2026-04-24 12:00:00+00:00,914.54,plan_b,footfall_plan_b,-0.8986013947808161,False,1.7926099121921932,False,17.710388539940244,False,0.47390855084309774,False,336.0638910981524,66.0,False,False,0.8986013947808161,0.3776030467856212,0.1982187480815677,0.2133804264161124,0.2679661277061389,0.5148300039609022,0.3144,0,False
66335,2026-04-21 11:00:00+00:00,375.25,plan_b,footfall_plan_b,-1.2671676328406827,False,3.0946851312587196,False,8.166784330590946,False,0.4162877814978833,False,291.49557301963404,10.0,False,False,1.2671676328406827,0.5324789853742392,0.34219637426560073,0.09839603004643066,0.150256337126154,0.4465539767509663,0.313976,0,False
66338,2026-04-26 06:00:00+00:00,3.13,plan_b,footfall_plan_b,-0.22179312111122731,False,2.6036257987567835,False,0.47252988339770036,False,0.43080586549313526,False,652.7667162220681,2.0,True,False,0.22179312111122731,0.0932001205140792,0.2878972401035733,0.005693191190377881,0.1799144039330261,1.0,0.313341,1,False
66330,2026-04-26 14:00:00+00:00,711.61,plan_b,footfall_plan_b,0.6168389468047163,False,3.8700635095883764,False,0.012777360753884847,False,0.5202463366650577,False,335.47309403240257,139.0,False,False,0.6168389468047163,0.259203098328495,0.42793423078234105,0.00015394572964832579,0.3626266316706891,0.5139249378001011,0.312769,0,False
66342,2026-04-26 17:00:00+00:00,1986.87,plan_b,footfall_plan_b,1.038550426491095,False,2.3217355140635285,False,0.882495130584861,False,0.5352327637711588,False,303.23053589532776,1412.0,False,False,1.038550426491095,0.43641130267686495,0.2567270792402304,0.010632583630205089,0.39324144671476974,0.46453124578761484,0.312309,0,False
66330,2026-04-24 00:00:00+00:00,68.91,plan_b,footfall_plan_b,1.74995881108186,False,1.8724743132319333,False,1.3748840962703754,False,0.4754658874066538,False,214.77603192382182,11.0,False,False,1.74995881108186,0.7353536091216855,0.2070497946370462,0.01656504339660828,0.27114751113509794,0.32902417752984214,0.311828,0,False
66342,2026-04-21 12:00:00+00:00,4.11,plan_b,footfall_plan_b,-1.1407541251189095,False,4.904110033103656,False,3.2758080689321005,False,0.44512375692502704,False,188.4377231015709,7.0,False,False,1.1407541251189095,0.47935851844880967,0.5422744483362205,0.03946798349622384,0.20916351013460643,0.28867544624849606,0.311788,0,False
66333,2026-04-25 07:00:00+00:00,135.83,plan_b,footfall_plan_b,1.1332849918789072,False,1.259752260143072,False,0.5853055368819068,False,0.5181348424697513,False,377.2126915828801,46.0,False,False,1.1332849918789072,0.4762198993851696,0.13929774358611993,0.0070519483387908935,0.3583131949990731,0.5778675324716681,0.31175,0,False
66342,2026-04-25 15:00:00+00:00,1824.5,plan_b,footfall_plan_b,1.0326854019370972,False,0.7586506259983725,False,1.201046652325218,False,0.6164585872828868,False,303.23053589532776,1111.0,False,False,1.0326854019370972,0.43394674925648863,0.08388817683864971,0.014470594263973388,0.5591724952568419,0.46453124578761484,0.311202,0,False
66333,2026-04-26 15:00:00+00:00,584.16,plan_b,footfall_plan_b,0.8176515520794606,False,0.2608198403032306,False,0.19204089337787228,False,0.6378126336570472,True,377.2126915828801,187.0,False,False,0.8176515520794606,0.34358695531460315,0.02884028581350267,0.002313770114409914,0.6027953131279203,0.5778675324716681,0.311081,1,False
66342,2026-04-23 20:00:00+00:00,1015.82,plan_b,footfall_plan_b,1.3000618006410916,False,0.40540995911567645,False,6.291014242170263,False,0.5491504843284496,False,303.23053589532776,318.0,False,False,1.3000618006410916,0.5463015078575718,0.04482841136220004,0.0757961519905004,0.4216730693877411,0.46453124578761484,0.310626,0,False
66336,2026-04-24 06:00:00+00:00,285.37,plan_b,footfall_plan_b,1.7330239993946532,False,0.5293221217238968,False,6.243245855118759,False,0.4880620673215891,False,257.0844248627809,23.0,False,False,1.7330239993946532,0.7282373988342645,0.05853006144079657,0.07522062318291534,0.29687944281084166,0.3938381330939705,0.310541,0,False
66336,2026-04-22 11:00:00+00:00,1964.98,plan_b,footfall_plan_b,0.9137121441359827,False,0.7317518333464604,False,0.01700256334101373,False,0.622213445926073,True,336.0638910981524,63.0,False,False,0.9137121441359827,0.38395276427867775,0.08091382923067104,0.00020485232199681102,0.5709287285283631,0.5148300039609022,0.310166,1,False
66330,2026-04-22 16:00:00+00:00,449.55,plan_b,footfall_plan_b,-0.6120881299414552,False,6.059655864776112,True,0.4319660413439193,False,0.45936403172042867,False,247.676685298809,161.0,False,False,0.6120881299414552,0.2572067482975388,0.6700495133668944,0.005204465045550974,0.23825405826536267,0.3794260325223913,0.310028,1,False
66335,2026-04-26 10:00:00+00:00,1690.44,plan_b,footfall_plan_b,1.266593543308597,False,0.7353617326339753,False,0.43140733278265686,False,0.5455714516621142,False,337.17117693788396,107.0,False,False,1.266593543308597,0.532237746090946,0.08131299567095737,0.005197733546082418,0.41436169207673584,0.5165263003746348,0.309927,0,False
66335,2026-04-23 18:00:00+00:00,919.39,plan_b,footfall_plan_b,1.1922881187223056,False,0.4930078325464106,False,6.568323762379995,False,0.5374746515173382,False,337.17117693788396,33.0,False,False,1.1922881187223056,0.5010137185305095,0.05451459054036478,0.07913726579713175,0.3978212560457697,0.5165263003746348,0.309803,0,False
66336,2026-04-23 03:00:00+00:00,6.17,plan_b,footfall_plan_b,-1.6172342875536283,False,4.160875233258344,False,0.01512530890638602,False,0.5409568948943294,False,,,False,False,1.6172342875536283,0.679581177920803,0.46009088427468403,0.0001822345600629585,0.4049349086976189,0.0,0.308958,0,False
66330,2026-04-26 12:00:00+00:00,705.43,plan_b,footfall_plan_b,1.1068940619734664,False,1.5804960788640179,False,0.8744231774426804,False,0.5289161563492285,False,335.47309403240257,140.0,False,False,1.1068940619734664,0.46513011519645164,0.17476415363403605,0.010535330156651698,0.3803376527310966,0.5139249378001011,0.308938,0,False
66336,2026-04-25 09:00:00+00:00,1214.46,plan_b,footfall_plan_b,1.2150259641967895,False,1.6333196442535016,False,0.7959407389091057,False,0.5036967887700288,False,336.0638910981524,39.0,False,False,1.2150259641967895,0.5105684329771747,0.1806051461051218,0.009589748631847556,0.32881861697296316,0.5148300039609022,0.308882,0,False
66335,2026-04-23 17:00:00+00:00,967.81,plan_b,footfall_plan_b,1.2598669859214933,False,0.5926476584182858,False,5.570051658156116,False,0.5217713374291187,False,337.17117693788396,53.0,False,False,1.2598669859214933,0.5294111662764686,0.0655323147028043,0.06710976415321131,0.36574195835951695,0.5165263003746348,0.308864,0,False
66335,2026-04-21 14:00:00+00:00,259.63,plan_b,footfall_plan_b,-1.3563338886852596,False,2.7596253651632385,False,2.6404948801808668,False,0.4462107622514971,False,274.0258427063832,12.0,False,False,1.3563338886852596,0.5699477118562307,0.30514697109303335,0.031813526971015624,0.21138408391021055,0.41979138319479037,0.307617,0,False
66331,2026-04-26 03:00:00+00:00,18.01,plan_b,footfall_plan_b,1.7652475000215346,False,1.8775723131529605,False,0.9128573996173043,False,0.4395627415548734,False,247.09384614278434,25.0,False,False,1.7652475000215346,0.7417780989550079,0.20761350855784574,0.010998397959941151,0.19780326690857206,0.378533157408602,0.307345,0,False
66342,2026-04-23 05:00:00+00:00,434.07,plan_b,footfall_plan_b,2.1035099225615244,False,0.8394240959343914,False,0.9582337791703632,False,0.48696473626173953,False,164.52881258835512,16.0,False,False,2.1035099225615244,0.8839200120502358,0.09281974414731313,0.011545107096017719,0.29463777525381984,0.25204840948474955,0.306994,0,False
66335,2026-04-24 00:00:00+00:00,622.78,plan_b,footfall_plan_b,1.0134604059754857,False,4.858626207504258,True,0.4390163859025425,False,0.40095067918713045,False,291.49557301963404,5.0,False,False,1.0134604059754857,0.42586817616311334,0.5372450513062511,0.005289409852092446,0.11892515009728001,0.4465539767509663,0.306776,1,False
66340,2026-04-25 18:00:00+00:00,1772.34,plan_b,footfall_plan_b,1.0726050858239446,False,1.6008293759077878,False,11.742546937722876,False,0.47940200742447125,False,316.6477433941975,131.0,False,False,1.0726050858239446,0.45072147757311803,0.17701251824307576,0.14147796176983118,0.2791883593962373,0.48508561408709366,0.306697,0,False
66332,2026-04-22 04:00:00+00:00,85.16,plan_b,footfall_plan_b,1.9131789850807026,False,1.0830425967120614,False,0.3268225098980402,False,0.44192980384816327,False,260.66708279718154,10.0,False,False,1.9131789850807026,0.8039406771551992,0.11975798313908817,0.003937662144856774,0.20263878732940568,0.3993265531456782,0.30592,0,False
66338,2026-04-24 00:00:00+00:00,5.82,plan_b,footfall_plan_b,1.636958502678454,False,1.168638716886301,False,1.34258438004354,False,0.5120074160767762,False,228.20742499880058,1.0,False,False,1.636958502678454,0.6878695288735698,0.1292228174380509,0.016175886083313964,0.34579586686014807,0.3496002772928844,0.305733,0,False
66331,2026-04-23 18:00:00+00:00,62.1,plan_b,footfall_plan_b,-1.43454408499564,False,1.4442859837684068,False,11.384675035808415,False,0.45105212658578053,False,266.059080780759,158.0,False,False,1.43454408499564,0.6028125711676328,0.1597026534480276,0.1371662066177271,0.22127419798514947,0.4075867751355248,0.305708,0,False
66332,2026-04-21 12:00:00+00:00,347.15,plan_b,footfall_plan_b,-0.8214817564157556,False,0.7013302977337897,False,30.893236809442755,True,0.4862541423260314,False,286.004938366057,25.0,False,False,0.8214817564157556,0.34519645295793727,0.07754995253733728,0.37221159936195714,0.293186148274345,0.43814264921675244,0.305257,1,False
66335,2026-04-24 20:00:00+00:00,641.36,plan_b,footfall_plan_b,1.6271696494756733,False,0.8242231056386962,False,4.284377235189759,False,0.4317363107414108,False,337.17117693788396,31.0,False,False,1.6271696494756733,0.6837561357546901,0.0911388869538326,0.05161954743740253,0.18181515112132704,0.5165263003746348,0.304971,0,False
66335,2026-04-22 14:00:00+00:00,503.34,plan_b,footfall_plan_b,-0.7030927811933291,False,4.335017674496996,True,0.3604172188041288,False,0.48894113216539703,False,291.49557301963404,21.0,False,False,0.7030927811933291,0.2954479905034363,0.4793467728288095,0.004342421944199411,0.2986752282515207,0.4465539767509663,0.304873,1,False
66340,2026-04-26 13:00:00+00:00,2841.16,plan_b,footfall_plan_b,0.85863533083165,False,0.917728653351619,False,0.005879430653061154,False,0.6241526393729917,False,316.6477433941975,214.0,False,False,0.85863533083165,0.3608088290124392,0.10147831020496861,7.083726124951432e-05,0.574890183002588,0.48508561408709366,0.304467,0,False
66330,2026-04-26 11:00:00+00:00,641.04,plan_b,footfall_plan_b,1.071572281249294,False,1.4335643205550421,False,0.2753978348285822,False,0.536429317795303,False,335.47309403240257,162.0,False,False,1.071572281249294,0.4502874807460629,0.15851710011316603,0.003318081209639867,0.3956858105301125,0.5139249378001011,0.304347,0,False
66338,2026-04-22 00:00:00+00:00,4.53,plan_b,footfall_plan_b,0.9109400704983734,False,1.2024916325653237,False,5.821811112176129,False,0.48060079597427136,False,424.4645808055869,1.0,True,False,0.9109400704983734,0.3827879058024335,0.13296612071846212,0.07014304258930705,0.2816372879813669,0.6502546319490745,0.303558,1,False
66331,2026-04-24 04:00:00+00:00,19.09,plan_b,footfall_plan_b,2.084073587249519,False,0.39165233503457897,False,1.339725606364462,False,0.44235250237405094,False,247.09384614278434,15.0,False,False,2.084073587249519,0.8757526316357525,0.04330715511822609,0.01614144266354973,0.2035022911584263,0.378533157408602,0.303447,0,False
66331,2026-04-23 17:00:00+00:00,88.06,plan_b,footfall_plan_b,-1.3781746606587884,False,2.1793581227310463,False,11.177638222172249,False,0.43266015287138554,False,247.09384614278434,155.0,False,False,1.3781746606587884,0.5791254652953582,0.2409836271522458,0.13467176085907592,0.1837024092208638,0.378533157408602,0.303403,0,False
66342,2026-04-25 14:00:00+00:00,2072.43,plan_b,footfall_plan_b,0.9987227929430036,False,0.8333670839832991,False,0.8259722295600082,False,0.6024542689326488,False,303.23053589532776,1115.0,False,False,0.9987227929430036,0.4196752550128295,0.09214998698603961,0.009951577637831784,0.5305639674819715,0.46453124578761484,0.303374,0,False
66342,2026-04-26 23:00:00+00:00,411.56,plan_b,footfall_plan_b,1.7447847083046437,False,0.0,False,0.744161022093473,False,0.4943637702998373,False,303.23053589532776,89.0,False,False,1.7447847083046437,0.7331793892902825,0.0,0.00896589004010022,0.309752789458173,0.46453124578761484,0.303286,0,False
66332,2026-04-22 14:00:00+00:00,1293.79,plan_b,footfall_plan_b,1.0876525143307019,False,0.41078797183629495,False,13.861284331062642,False,0.5586991052189926,False,262.95790827804694,93.0,False,False,1.0876525143307019,0.4570445868888189,0.04542308783999777,0.16700518763701294,0.44117933732074344,0.4028359622867014,0.302698,0,False
66342,2026-04-22 14:00:00+00:00,78.33,plan_b,footfall_plan_b,-1.0245142200887165,False,5.042200131490288,True,3.9030768080742417,False,0.4355367529865568,False,186.64074848825575,28.0,False,False,1.0245142200887165,0.4305131209762426,0.5575438308373946,0.047025517919243275,0.18957883192377054,0.2859225874267178,0.302117,1,False
66342,2026-04-25 13:00:00+00:00,2666.66,plan_b,footfall_plan_b,0.9928914032692083,False,0.8118881070529249,False,0.5844914291959646,False,0.6017842771312261,False,303.23053589532776,1163.0,False,False,0.9928914032692083,0.4172248353711413,0.08977493824383721,0.007042139708969859,0.5291952840101616,0.46453124578761484,0.301554,0,False
66330,2026-04-21 17:00:00+00:00,358.26,plan_b,footfall_plan_b,-1.0023496669406127,False,0.9111887013665055,False,18.936810731721565,False,0.46167807478843687,False,335.47309403240257,65.0,False,False,1.0023496669406127,0.42119931081750445,0.10075515170507086,0.22815675329670634,0.24298126909617282,0.5139249378001011,0.301403,0,False
66336,2026-04-24 21:00:00+00:00,385.66,plan_b,footfall_plan_b,1.2563778412681432,False,1.4661747019200695,False,1.3123840465897534,False,0.48220185500546087,False,336.0638910981524,29.0,False,False,1.2563778412681432,0.5279449859884866,0.16212300953309852,0.01581202280523031,0.28490798924775257,0.5148300039609022,0.301124,0,False
66342,2026-04-26 07:00:00+00:00,506.71,plan_b,footfall_plan_b,1.2495118094217128,False,1.408319774422752,False,0.23456962735885226,False,0.5175009854682484,False,303.23053589532776,268.0,False,False,1.2495118094217128,0.5250597973391059,0.15572567165112514,0.0028261699057150875,0.357018329002794,0.46453124578761484,0.301032,0,False
66342,2026-04-22 13:00:00+00:00,98.42,plan_b,footfall_plan_b,-1.036909211329392,False,4.708680479730776,False,5.67841746799943,False,0.4162144887102742,False,213.95822785895535,21.0,False,False,1.036909211329392,0.4357216444489908,0.520664726586808,0.06841539009479619,0.15010661197012906,0.32777135007319796,0.300536,0,False
66336,2026-04-22 15:00:00+00:00,940.94,plan_b,footfall_plan_b,0.8680614183072688,False,0.7315719577950257,False,14.123698264239268,False,0.5224589564464852,False,336.0638910981524,75.0,False,False,0.8680614183072688,0.36476978363674134,0.0808939394005561,0.1701668346461952,0.36714665134527186,0.5148300039609022,0.299561,0,False
66330,2026-04-24 16:00:00+00:00,421.92,plan_b,footfall_plan_b,-0.7753650973395336,False,2.860981288425981,False,10.51828272759049,False,0.4470104376653261,False,335.47309403240257,188.0,False,False,0.7753650973395336,0.325817681596245,0.31635445359279446,0.1267276349424495,0.21301768975344104,0.5139249378001011,0.299168,0,False
66335,2026-04-23 23:00:00+00:00,670.76,plan_b,footfall_plan_b,1.2644134297817742,False,2.517753240668201,False,0.27296516038427215,False,0.42185670651364743,False,337.17117693788396,4.0,False,False,1.2644134297817742,0.5313216363287664,0.27840183854235756,0.003288771569758855,0.16163273846217113,0.5165263003746348,0.298234,0,False
66331,2026-04-23 20:00:00+00:00,50.8,plan_b,footfall_plan_b,-1.3978488121268162,False,1.4543619469230082,False,8.361955690896007,False,0.4430874246309108,False,284.6448083380434,107.0,False,False,1.3978488121268162,0.5873927789011436,0.16081680817217428,0.10074751702776862,0.20500361691180632,0.43605901046156986,0.298004,0,False
66340,2026-04-21 14:00:00+00:00,868.52,plan_b,footfall_plan_b,-0.6972421979029138,False,0.9825500745524844,False,10.699901878231485,False,0.5748362031010754,False,316.6477433941975,51.0,False,False,0.6972421979029138,0.2929895054746291,0.10864597165318109,0.1289158405666068,0.4741447842221644,0.48508561408709366,0.297956,0,False
66331,2026-04-26 07:00:00+00:00,74.07,plan_b,footfall_plan_b,1.7894493698952445,False,0.8960207305970391,False,0.36469402279535335,False,0.4535056406108472,False,266.29487608786127,154.0,False,False,1.7894493698952445,0.7519480139532493,0.09907794566241059,0.004393950246770954,0.22628632512884297,0.40794799959939904,0.297931,0,False
66335,2026-04-24 09:00:00+00:00,996.84,plan_b,footfall_plan_b,1.163177308135962,False,0.7695763275520117,False,0.21118232384798521,False,0.5368275888678953,False,337.17117693788396,57.0,False,False,1.163177308135962,0.48878100796980123,0.08509629181622828,0.002544392191769536,0.39649941307450115,0.5165263003746348,0.297889,0,False
66333,2026-04-24 18:00:00+00:00,587.92,plan_b,footfall_plan_b,1.0666459008962088,False,0.6700972534922229,False,4.271923407934969,False,0.5068282106393095,False,377.2126915828801,46.0,False,False,1.0666459008962088,0.4482173568382277,0.07409634286674888,0.051469499742844795,0.3352155987668418,0.5778675324716681,0.297373,0,False
66330,2026-04-24 10:00:00+00:00,557.86,plan_b,footfall_plan_b,0.703292616960335,False,1.6118877978279977,False,0.3115222947019179,False,0.5818306531752739,False,335.47309403240257,158.0,False,False,0.703292616960335,0.295531963881306,0.17823530884234293,0.003753320257865182,0.488433299679559,0.5139249378001011,0.295976,0,False
66340,2026-04-25 08:00:00+00:00,1033.23,plan_b,footfall_plan_b,1.3096481332635632,False,1.129034459696319,False,7.862369916949614,False,0.5170657579365004,False,229.19086676295044,95.0,False,False,1.3096481332635632,0.5503297994079412,0.12484355665994973,0.09472834781328765,0.3561292304676848,0.3511068519078427,0.295428,0,False
66331,2026-04-25 17:00:00+00:00,227.37,plan_b,footfall_plan_b,0.02039403056825867,False,3.96788470136289,True,0.5613817240755326,False,0.542325992787694,False,401.161729637475,354.0,False,False,0.02039403056825867,0.008569815408189893,0.43875085855925594,0.006763706589231817,0.40773175136637835,0.6145560422553801,0.295274,1,False
66342,2026-04-23 08:00:00+00:00,855.67,plan_b,footfall_plan_b,1.1570346819748178,False,1.1018388716214194,False,2.059360507992517,False,0.527773323014197,False,303.23053589532776,37.0,False,False,1.1570346819748178,0.48619980303601756,0.12183639074789898,0.024811834158745553,0.3780030314814489,0.46453124578761484,0.295076,0,False
66333,2026-04-26 03:00:00+00:00,67.2,plan_b,footfall_plan_b,2.232747175599022,False,0.589699674081421,False,0.8405553662293147,False,0.4345969409432002,False,178.38584110436287,6.0,False,False,2.232747175599022,0.9382270505086688,0.0652063398431078,0.010127279933349666,0.18765894990787313,0.2732765575683501,0.294899,0,False
66340,2026-04-24 17:00:00+00:00,1785.95,plan_b,footfall_plan_b,0.6697359441899573,False,2.4091860985221434,False,5.980016230666439,False,0.5228503037462684,False,316.6477433941975,105.0,False,False,0.6697359441899573,0.2814310488908798,0.26639697186577643,0.07204914846431615,0.3679461097562753,0.48508561408709366,0.294582,0,False
66336,2026-04-24 20:00:00+00:00,504.88,plan_b,footfall_plan_b,0.7808055716206692,False,1.1797310496582545,False,4.98260411320798,False,0.5068832715518995,False,403.8863452810605,79.0,True,False,0.7808055716206692,0.32810383391744935,0.13044935774690813,0.06003200821604232,0.33532807918950475,0.6187299922682644,0.294529,1,False
66342,2026-04-26 10:00:00+00:00,2641.9,plan_b,footfall_plan_b,1.1458895828749762,False,1.1560156685402245,False,1.148407188834298,False,0.5298016280818387,False,303.23053589532776,1031.0,False,False,1.1458895828749762,0.48151649918041384,0.12782701748005973,0.013836377169262162,0.3821465263958267,0.46453124578761484,0.293972,0,False
66342,2026-04-25 08:00:00+00:00,857.43,plan_b,footfall_plan_b,1.1618727094125312,False,1.1217395968038621,False,1.1906811299947337,False,0.5270834409398123,False,303.23053589532776,333.0,False,False,1.1618727094125312,0.488232799992759,0.12403692350449584,0.01434570713516103,0.37659371544100884,0.46453124578761484,0.293548,0,False
66336,2026-04-25 21:00:00+00:00,377.76,plan_b,footfall_plan_b,1.1800622716041178,False,3.4409969071989557,False,0.3756788142281903,False,0.44977504408443614,False,239.77107502995202,11.0,False,False,1.1800622716041178,0.4958762714397569,0.3804899741201452,0.004526298527823332,0.21866532768551855,0.3673151051843505,0.293375,0,False
66330,2026-04-21 16:00:00+00:00,401.22,plan_b,footfall_plan_b,-0.8976898611882568,False,2.96038567639493,False,8.322693886226416,False,0.48989711983507683,False,235.15937813964103,84.0,False,False,0.8976898611882568,0.37722000947475454,0.32734614408998886,0.1002744782458486,0.3006281544216119,0.3602502583168486,0.293144,0,False
66333,2026-04-25 00:00:00+00:00,101.6,plan_b,footfall_plan_b,1.8699611246180583,False,0.7663768879001243,False,0.3977922299467754,False,0.4707408496143726,False,214.5200105070562,39.0,False,False,1.8699611246180583,0.7857800156193568,0.08474251215783953,0.0047927280341499255,0.2614950331253068,0.3286319678622792,0.293088,0,False
66335,2026-04-24 10:00:00+00:00,1528.91,plan_b,footfall_plan_b,0.972391311682609,False,0.7794517430218731,False,1.1515271856717892,False,0.5571122397009834,False,337.17117693788396,67.0,False,False,0.972391311682609,0.4086104518553308,0.08618827087865992,0.013873967889200318,0.43793763107617095,0.5165263003746348,0.292627,0,False
66342,2026-04-26 00:00:00+00:00,276.09,plan_b,footfall_plan_b,1.550989027177375,False,2.040710622887991,False,0.04399027273402294,False,0.4863211113847605,False,190.30977346759514,115.0,False,False,1.550989027177375,0.6517441277020222,0.2256526097029887,0.0005300088777260993,0.29332295508841427,0.2915433166829123,0.292559,0,False
66332,2026-04-20 10:00:00+00:00,1814.82,plan_b,footfall_plan_b,1.129187986639974,False,0.7836066344652665,False,0.020654402616355642,False,0.5877985779995475,False,260.66708279718154,77.0,False,False,1.129187986639974,0.47449828881356,0.08664770010234255,0.00024885084975458734,0.5006247922480399,0.3993265531456782,0.292269,0,False
66333,2026-04-26 02:00:00+00:00,53.86,plan_b,footfall_plan_b,2.143475380993195,False,0.639886376936951,False,0.621820733890173,False,0.4436261067956087,False,178.38584110436287,11.0,False,False,2.143475380993195,0.9007139753777286,0.07075575990527815,0.007491895113008784,0.20610405631093826,0.2732765575683501,0.291668,0,False
66335,2026-04-24 02:00:00+00:00,652.78,plan_b,footfall_plan_b,1.1091283016939872,False,3.7681900781815134,False,0.9160811662257828,False,0.4004295967032285,False,291.49557301963404,3.0,False,False,1.1091283016939872,0.46606896943217635,0.4166695245576904,0.01103723893127455,0.1178606639622976,0.4465539767509663,0.291638,0,False
66332,2026-04-20 13:00:00+00:00,1650.43,plan_b,footfall_plan_b,1.1356050280798482,False,0.7878609252286738,False,0.030147370059108194,False,0.5648757649002569,False,286.004938366057,101.0,False,False,1.1356050280798482,0.47719480632746514,0.08711812045613068,0.0003632251581623715,0.4537972410007443,0.43814264921675244,0.291323,0,False
66340,2026-04-24 14:00:00+00:00,1099.65,plan_b,footfall_plan_b,-0.4316290150401561,False,3.0457912440487953,False,10.981852933449092,False,0.4998916273568461,False,316.6477433941975,104.0,False,False,0.4316290150401561,0.18137567124519574,0.3367899079475937,0.13231287707177025,0.3210452956834589,0.48508561408709366,0.291322,0,False
66333,2026-04-26 10:00:00+00:00,940.23,plan_b,footfall_plan_b,0.9311841067223567,False,1.1982014872476094,False,0.2935427878016503,False,0.5831617679651175,False,285.7018719626486,208.0,False,False,0.9311841067223567,0.3912946917943238,0.13249173572918949,0.0035366974073569295,0.4911525490913759,0.43767836941222693,0.291231,0,False
66332,2026-04-22 02:00:00+00:00,59.13,plan_b,footfall_plan_b,1.91388619180411,False,3.1717880460935874,False,0.11749118985131385,False,0.43764074188118846,False,67.50634299923652,1.0,False,False,1.91388619180411,0.8042378538733936,0.3507220680866938,0.0014155714389930802,0.19387693649585527,0.10341572467103421,0.290734,0,False
66335,2026-04-25 09:00:00+00:00,983.24,plan_b,footfall_plan_b,1.1203780657850388,False,0.7695763275520117,False,0.04069517027981924,False,0.5289812154121583,False,337.17117693788396,145.0,False,False,1.1203780657850388,0.4707962547681141,0.08509629181622828,0.0004903084293041395,0.38047055773670163,0.5165263003746348,0.290676,0,False
66336,2026-04-20 10:00:00+00:00,1602.76,plan_b,footfall_plan_b,0.46525681413333736,False,0.3949904805968187,False,22.96136714538893,False,0.548160467230649,False,336.0638910981524,60.0,False,False,0.46525681413333736,0.19550647436661447,0.04367627225283571,0.27664589636363424,0.41965062667173825,0.5148300039609022,0.290062,0,False
66331,2026-04-24 22:00:00+00:00,97.59,plan_b,footfall_plan_b,1.2127332041825891,False,0.5206073200829844,False,3.9641821085239415,False,0.45058639966888886,False,401.161729637475,105.0,False,False,1.2127332041825891,0.5096049878145712,0.05756641783975882,0.04776173412572779,0.22032279420353135,0.6145560422553801,0.289962,0,False
66330,2026-04-22 15:00:00+00:00,460.79,plan_b,footfall_plan_b,-0.7118814336664768,False,2.7603716200643476,False,20.396527932480986,False,0.46042766158604076,False,234.12628090943446,143.0,False,False,0.7118814336664768,0.2991410873206408,0.30522948860632027,0.2457438930730328,0.2404268798045151,0.3586676144648677,0.289842,0,False
66336,2026-04-23 23:00:00+00:00,19.4,plan_b,footfall_plan_b,-1.3279685963994259,False,1.1290182476082218,False,2.4664073201856613,False,0.45084062595590796,False,336.0638910981524,2.0,False,False,1.3279685963994259,0.5580282769963415,0.12484176400010522,0.029716064360201397,0.2208421368528053,0.5148300039609022,0.289652,0,False
66338,2026-04-21 21:00:00+00:00,10.02,plan_b,footfall_plan_b,1.144231802978296,False,3.0387825422147774,False,18.019804978166146,False,0.5434073588841465,False,,,False,False,1.144231802978296,0.4808198802529092,0.3360149171959711,0.21710837464152274,0.40994080511904735,0.0,0.288777,0,False
66332,2026-04-21 09:00:00+00:00,254.91,plan_b,footfall_plan_b,-0.7623318608957934,False,1.3462148747789973,False,18.435258116159993,False,0.46764515516895366,False,322.95354615970024,23.0,False,False,0.7623318608957934,0.32034095986042566,0.14885839094862022,0.22211388694528264,0.2551710366044212,0.49474573095395535,0.288246,0,False
66342,2026-04-23 04:00:00+00:00,221.34,plan_b,footfall_plan_b,1.6170770929125997,False,0.9625090726692422,False,0.14010467933616144,False,0.43513172752210294,False,303.23053589532776,4.0,False,False,1.6170770929125997,0.6795151228537448,0.10642992772941487,0.0016880259940216813,0.18875143126351912,0.46453124578761484,0.288183,0,False
66340,2026-04-23 18:00:00+00:00,2.24,plan_b,footfall_plan_b,-1.6080314411166454,False,3.497143441581036,False,20.331229959958186,False,0.40796146624088625,False,,,False,False,1.6080314411166454,0.6757140318492653,0.3866984055689731,0.24495716221223884,0.13324703932708779,0.0,0.288123,0,False
66342,2026-04-25 10:00:00+00:00,2532.63,plan_b,footfall_plan_b,1.0491556055480926,False,0.8270156500106469,False,1.9036521488304856,False,0.5484317184587113,False,303.23053589532776,938.0,False,False,1.0491556055480926,0.44086772567697186,0.09144767396075781,0.022935810038799312,0.42020474848601813,0.46453124578761484,0.287997,0,False
66335,2026-04-23 22:00:00+00:00,753.89,plan_b,footfall_plan_b,1.4151755485267508,False,1.4921214452162936,False,0.8723171528371515,False,0.5045325134588488,False,221.23892602589638,11.0,False,False,1.4151755485267508,0.5946736806374051,0.1649920838018455,0.01050995609851869,0.33052586557830815,0.3389249490328363,0.287925,0,False
66331,2026-04-26 20:00:00+00:00,279.59,plan_b,footfall_plan_b,1.5690808917834078,False,0.12516009786222704,False,0.22371530824500205,False,0.5000422931772396,False,284.6448083380434,522.0,False,False,1.5690808917834078,0.6593465454558219,0.013839641150749843,0.0026953935968979954,0.3213530812678516,0.43605901046156986,0.286659,0,False
66340,2026-04-25 22:00:00+00:00,457.35,plan_b,footfall_plan_b,1.2435693571254613,False,1.379683521115695,False,1.5977101640967117,False,0.4661770304338124,False,316.6477433941975,30.0,False,False,1.2435693571254613,0.5225627078559651,0.15255920345206783,0.019249723140487555,0.2521718983235103,0.48508561408709366,0.286326,0,False
66335,2026-04-22 19:00:00+00:00,182.46,plan_b,footfall_plan_b,-1.2646073927110095,False,4.158972335575299,False,0.47040046554364634,False,0.44083549845834197,False,152.31926126768684,2.0,False,False,1.2646073927110095,0.5314031418700087,0.4598804704005361,0.005667535282903495,0.20040330072049403,0.23334409902092582,0.28614,0,False
66342,2026-04-23 11:00:00+00:00,2755.93,plan_b,footfall_plan_b,0.8395146670925872,False,0.24608234950621538,False,11.283332866673172,True,0.550327373984425,False,319.35181496386514,161.0,False,False,0.8395146670925872,0.352774097566029,0.02721068031161433,0.13594520374615007,0.4240772621209316,0.4892280917938579,0.285847,1,False
66338,2026-04-21 05:00:00+00:00,10.69,plan_b,footfall_plan_b,1.4892928950704045,False,3.17281455410938,True,0.02793523248509904,False,0.5639063137769763,False,,,False,False,1.4892928950704045,0.6258186755562877,0.35083557472994187,0.000336572617041172,0.45181681120094036,0.0,0.285762,1,False
66330,2026-04-24 17:00:00+00:00,398.45,plan_b,footfall_plan_b,-0.7408764393122108,False,1.1570806658857982,False,31.329266324736658,False,0.4494183982828581,False,256.6362374405389,168.0,False,False,0.7408764393122108,0.31132513526112504,0.12794478010042348,0.3774650224415017,0.2179367587494902,0.3931515364720778,0.285565,0,False
66340,2026-04-26 12:00:00+00:00,3178.87,plan_b,footfall_plan_b,0.7228569619923346,False,0.6733964177674104,False,0.009756973681427882,False,0.6188377801422127,False,316.6477433941975,234.0,False,False,0.7228569619923346,0.3037531355101906,0.0744611496258186,0.00011755514002296938,0.5640327964364877,0.48508561408709366,0.28549,0,False
66342,2026-04-26 09:00:00+00:00,1377.23,plan_b,footfall_plan_b,0.8687015957599613,False,1.0146674689358768,False,2.0789780839958882,False,0.5667965309546432,False,303.23053589532776,631.0,False,False,0.8687015957599613,0.3650387938542017,0.11219736878817331,0.025048192989801668,0.4577210513313631,0.46453124578761484,0.284907,0,False
66335,2026-04-23 07:00:00+00:00,434.38,plan_b,footfall_plan_b,1.1373822267807405,False,1.5214139251794558,False,2.719297579506615,False,0.4885519161584092,False,291.49557301963404,16.0,False,False,1.1373822267807405,0.47794160646387496,0.1682311145954451,0.03276296710029049,0.2978801237224848,0.4465539767509663,0.284674,0,False
66332,2026-04-23 13:00:00+00:00,1.89,plan_b,footfall_plan_b,-1.1911993729860677,False,5.719509754667172,True,1.652784973260408,False,0.39940130839049953,False,100.33865491103819,2.0,False,False,1.1911993729860677,0.5005562145587084,0.6324376851314046,0.01991328205889484,0.11576003942495405,0.15371288458418192,0.284476,1,False
66333,2026-04-24 16:00:00+00:00,526.45,plan_b,footfall_plan_b,0.6793660959441411,False,1.3360213793396778,False,2.967646380607718,False,0.5265617010396305,False,377.2126915828801,77.0,False,False,0.6793660959441411,0.28547775376415085,0.14773124003262078,0.03575515289900264,0.3755278863122848,0.5778675324716681,0.284472,0,False
66340,2026-04-26 14:00:00+00:00,2086.55,plan_b,footfall_plan_b,0.702510431017281,False,0.842367470428313,False,0.0019700428932537236,False,0.6098042316816771,False,316.6477433941975,222.0,False,False,0.702510431017281,0.2952032799988131,0.09314520927129366,2.373570696501104e-05,0.5455787370831114,0.48508561408709366,0.283807,0,False
66331,2026-04-23 04:00:00+00:00,2.91,plan_b,footfall_plan_b,-1.3462733752832596,False,2.9691526472784506,False,0.36557533456357244,False,0.4898340548872224,False,143.33814905146377,30.0,False,False,1.3462733752832596,0.5657201638745705,0.3283155563314251,0.004404568572872837,0.300499323066369,0.21958556631233145,0.283705,0,False
66335,2026-04-22 16:00:00+00:00,381.87,plan_b,footfall_plan_b,-0.8253015120433759,False,4.2743639715877055,False,0.35464420431693433,False,0.42838603964311917,False,274.0258427063832,18.0,False,False,0.8253015120433759,0.3468015599289962,0.4726399589395076,0.00427286681895719,0.17497109621113632,0.41979138319479037,0.283695,0,False
66331,2026-04-25 18:00:00+00:00,265.0,plan_b,footfall_plan_b,0.7908269559070843,False,2.4727433815382422,False,0.5882312752672181,False,0.5374065066192941,False,266.059080780759,448.0,False,False,0.7908269559070843,0.33231493937704293,0.27342485059456834,0.0070871985707568275,0.3976820471846418,0.4075867751355248,0.283619,0,False
66340,2026-04-22 05:00:00+00:00,343.59,plan_b,footfall_plan_b,1.894447306176312,False,1.2838147599790566,False,1.2834224983981173,False,0.4352642997425207,False,179.5140679618003,11.0,False,False,1.894447306176312,0.7960694017857313,0.14195846668084441,0.015463084808253825,0.18902225458780697,0.2750049343826079,0.283504,0,False
66335,2026-04-22 08:00:00+00:00,135.27,plan_b,footfall_plan_b,-1.4438318680595341,False,1.1117014396972436,False,0.17867786813407363,False,0.502629013755901,False,233.62514918441,4.0,False,False,1.4438318680595341,0.6067154086250193,0.1229269492032343,0.0021527681116418453,0.3266373275745778,0.35789991030261387,0.283266,0,False
66333,2026-04-26 07:00:00+00:00,161.85,plan_b,footfall_plan_b,1.5493383013357511,False,1.4265615484866625,False,0.7453009763583871,False,0.5092104941182113,False,168.27191944239001,21.0,False,False,1.5493383013357511,0.6510504729727671,0.15774276504837922,0.008979624573738128,0.34008221357588164,0.25778262779125016,0.283128,0,False
66342,2026-04-23 18:00:00+00:00,1664.09,plan_b,footfall_plan_b,1.0098664828239219,False,0.9371392805219788,False,6.323013571312121,False,0.5118663328358048,False,303.23053589532776,383.0,False,False,1.0098664828239219,0.4243579666977977,0.10362465012589518,0.07618169014410558,0.3455076569154041,0.46453124578761484,0.282841,0,False
66330,2026-04-25 08:00:00+00:00,229.02,plan_b,footfall_plan_b,1.4723501406239248,False,0.7087714459994734,False,10.916030578723207,False,0.4682261472920112,False,214.77603192382182,109.0,False,False,1.4723501406239248,0.618699127626483,0.0783727612719545,0.13151982828645156,0.2563579083159736,0.32902417752984214,0.282795,0,False
66336,2026-04-26 01:00:00+00:00,104.97,plan_b,footfall_plan_b,1.647399652070601,False,1.42163150883662,False,0.26092886453097913,False,0.4390306509278819,False,236.34768814596998,19.0,False,False,1.647399652070601,0.6922570246479116,0.15719762341952992,0.0031437544270883746,0.19671629294094758,0.3620706789614647,0.282277,0,False
66335,2026-04-23 06:00:00+00:00,642.62,plan_b,footfall_plan_b,1.3137618594332172,False,1.7653989626056854,False,6.134262333204928,False,0.4128451215061116,False,291.49557301963404,22.0,False,False,1.3137618594332172,0.5520584363144997,0.19520988356259814,0.07390755484870806,0.14322354684455044,0.4465539767509663,0.282191,0,False
66340,2026-04-22 01:00:00+00:00,283.17,plan_b,footfall_plan_b,1.3207204744182612,False,1.752723850823727,False,0.6154734152170531,False,0.4254403966024427,False,316.6477433941975,9.0,False,False,1.3207204744182612,0.5549825295053429,0.19380832666384082,0.007415420587223262,0.16895363012414083,0.48508561408709366,0.282049,0,False
66340,2026-04-26 11:00:00+00:00,3130.35,plan_b,footfall_plan_b,0.8045844333933634,False,0.36415034978245653,False,0.013611421618928369,False,0.6030118826428419,False,326.0604187133,225.0,False,False,0.8045844333933634,0.33809599585556166,0.04026610918327034,0.0001639947617538958,0.5317030809266069,0.4995052759435973,0.281947,0,False
66330,2026-04-26 10:00:00+00:00,457.27,plan_b,footfall_plan_b,0.15354857790584903,False,1.4976436190763174,False,32.71668145514798,False,0.47545151091154014,False,335.47309403240257,101.0,False,False,0.15354857790584903,0.06452294775370375,0.1656027009705769,0.39418104374592944,0.2711181423111768,0.5139249378001011,0.28187,0,False
66336,2026-04-24 02:00:00+00:00,44.55,plan_b,footfall_plan_b,0.7669544029699723,False,6.187585735120533,False,0.46028315656587465,False,0.4071249667749466,False,173.0809872535989,2.0,False,False,0.7669544029699723,0.3222834072917814,0.6841954235113372,0.005545638707964334,0.1315382079790349,0.2651498352356519,0.281743,0,False
66336,2026-04-21 12:00:00+00:00,1722.7,plan_b,footfall_plan_b,0.7621670391403946,False,0.7309662243539974,False,2.4011702536977766,False,0.5689765175754575,False,336.0638910981524,61.0,False,False,0.7621670391403946,0.3202716997887447,0.08082696011881993,0.02893006731479902,0.46217440680577304,0.5148300039609022,0.281407,0,False
66342,2026-04-21 08:00:00+00:00,3.08,plan_b,footfall_plan_b,-1.1866322572979067,False,5.489563853972089,True,0.07619805738433226,False,0.3791575687239772,False,147.43914951769605,2.0,False,False,1.1866322572979067,0.4986370579572514,0.6070113008119471,0.000918058569978899,0.07440539623326294,0.2258680564643525,0.281368,1,False
66332,2026-04-23 12:00:00+00:00,3.36,plan_b,footfall_plan_b,-1.2062560872702164,False,3.1418044710925934,False,12.519545323103639,False,0.39832018466194075,False,185.87245943944058,5.0,False,False,1.2062560872702164,0.506883225869059,0.34740661910959947,0.1508394868669953,0.11355148079017983,0.284745614045995,0.280685,0,False
66331,2026-04-25 20:00:00+00:00,214.87,plan_b,footfall_plan_b,0.7297973110453089,False,1.7444544212291007,False,0.4795693892435796,False,0.4808407023680925,False,401.161729637475,453.0,False,False,0.7297973110453089,0.30666955313805105,0.1928939303021745,0.005778005408641073,0.2821273774351592,0.6145560422553801,0.280405,0,False
66332,2026-04-20 14:00:00+00:00,1328.2,plan_b,footfall_plan_b,1.1476758977464017,False,0.5264606989996632,False,0.39803730044960384,False,0.5470941239968246,False,286.004938366057,87.0,False,False,1.1476758977464017,0.4822671300406444,0.05821365817521598,0.00479568072196237,0.4174722621659146,0.43814264921675244,0.280178,0,False
66332,2026-04-20 15:00:00+00:00,1242.42,plan_b,footfall_plan_b,1.0550848588639237,False,0.3811887944934227,False,0.3454643032768991,False,0.572928710241963,False,286.004938366057,109.0,False,False,1.0550848588639237,0.4433592687907767,0.042150143828451204,0.004162264434714577,0.47024808885467034,0.43814264921675244,0.279612,0,False
66332,2026-04-22 05:00:00+00:00,108.06,plan_b,footfall_plan_b,1.46971669433249,False,1.1196561552406015,False,0.3711816314010447,False,0.4661280494567558,False,260.66708279718154,10.0,False,False,1.46971669433249,0.6175925220180701,0.12380654589943975,0.004472115030540737,0.2520718382129415,0.3993265531456782,0.279454,0,False
66332,2026-04-21 17:00:00+00:00,165.39,plan_b,footfall_plan_b,-0.9270124351584922,False,2.1166329304173828,False,10.70335726585355,False,0.4619202726548223,False,260.66708279718154,18.0,False,False,0.9270124351584922,0.38954170554051504,0.23404775727390445,0.12895747218200396,0.24347603965295492,0.3993265531456782,0.27907,0,False
66336,2026-04-20 13:00:00+00:00,1226.58,plan_b,footfall_plan_b,0.932199499797243,False,1.108491577714783,False,0.9883211086185658,False,0.514523501637028,False,336.0638910981524,84.0,False,False,0.932199499797243,0.39172137210106384,0.12257201709036884,0.011907608865693812,0.3509358173978469,0.5148300039609022,0.278393,0,False
66332,2026-04-20 07:00:00+00:00,578.59,plan_b,footfall_plan_b,1.2967611657504459,False,0.9900013937601172,False,0.16787313197366807,False,0.5071816716272127,False,260.66708279718154,27.0,False,False,1.2967611657504459,0.5449145416250759,0.10946990504485071,0.0020225891941086952,0.3359376616503659,0.3993265531456782,0.278334,0,False
66330,2026-04-24 04:00:00+00:00,34.83,plan_b,footfall_plan_b,2.3622139673701787,False,1.5590061021560702,False,0.20775003586768503,False,0.43512679689196493,False,22.700713993374748,12.0,False,False,2.3622139673701787,0.9926305438865896,0.17238788858586265,0.0025030388882455795,0.1887413587940334,0.034776151156659274,0.278208,0,False
66336,2026-04-24 11:00:00+00:00,1720.18,plan_b,footfall_plan_b,0.1647276380936292,False,0.7902305792977979,False,6.962804040408843,False,0.6029359838348174,True,403.8863452810605,118.0,True,False,0.1647276380936292,0.06922052246438541,0.087380146153843,0.08389009037513089,0.531548032097871,0.6187299922682644,0.278154,2,True
66340,2026-04-21 15:00:00+00:00,686.36,plan_b,footfall_plan_b,-0.8088795137787432,False,0.6276782027937228,False,11.134654068255358,False,0.5195797156308397,False,316.6477433941975,52.0,False,False,0.8088795137787432,0.3399008399712378,0.06940583487218872,0.1341538740227009,0.36126483412397636,0.48508561408709366,0.277962,0,False
66342,2026-04-23 23:00:00+00:00,350.1,plan_b,footfall_plan_b,1.3712291198566489,False,0.8527117371782116,False,1.4872265037579853,False,0.5148257282872766,False,228.01219280399457,73.0,False,False,1.3712291198566489,0.5762068660324432,0.094289031801249,0.017918580658665417,0.3515532169243148,0.3493011931178579,0.277854,0,False
66336,2026-04-21 11:00:00+00:00,1851.87,plan_b,footfall_plan_b,0.5676433635867559,False,0.7317518333464604,False,7.077000036391013,False,0.5724275016391125,False,336.0638910981524,66.0,False,False,0.5676433635867559,0.23853052624103618,0.08091382923067104,0.08526596026430557,0.4692242018023306,0.5148300039609022,0.277753,0,False
66335,2026-04-22 17:00:00+00:00,399.32,plan_b,footfall_plan_b,-0.7970172495645961,False,3.690423564375825,False,0.13531913088290043,False,0.43799707456515885,False,291.49557301963404,11.0,False,False,0.7970172495645961,0.33491617476255475,0.408070452944625,0.0016303681754318217,0.19460486578391575,0.4465539767509663,0.277155,0,False
66331,2026-04-25 19:00:00+00:00,235.71,plan_b,footfall_plan_b,0.8275624535175351,False,1.9916746759915445,False,0.6661094497688367,False,0.5385553266502985,False,266.29487608786127,408.0,False,False,0.8275624535175351,0.3477516345607574,0.22023043506326384,0.008025499729208989,0.4000288982732388,0.40794799959939904,0.276797,0,False
66330,2026-04-24 09:00:00+00:00,401.74,plan_b,footfall_plan_b,0.8227594264449457,False,1.1291847475603456,False,19.945263891808978,False,0.4864437073240402,False,247.676685298809,136.0,False,False,0.8227594264449457,0.3457333451757894,0.12486017481655846,0.24030691955843728,0.29357339850495584,0.3794260325223913,0.27678,0,False
66338,2026-04-24 10:00:00+00:00,7.5,plan_b,footfall_plan_b,0.0,False,1.3243942492376304,False,8.835168854726614,False,0.5119389998591103,False,512.1666082269141,2.0,True,False,0.0,0.0,0.14644556423838684,0.10644894059937329,0.3456561037374885,0.7846089506387723,0.276632,1,False
66340,2026-04-22 22:00:00+00:00,512.43,plan_b,footfall_plan_b,1.5561846643700346,False,0.5596192306679052,False,5.965388054137119,False,0.49775315841128215,False,179.5140679618003,12.0,False,False,1.5561846643700346,0.6539273965521885,0.06188017959228448,0.07187290351415725,0.31667675401689327,0.2750049343826079,0.275872,0,False
66342,2026-04-23 12:00:00+00:00,2695.1,plan_b,footfall_plan_b,0.7136379204804792,False,0.5747990598812067,False,10.5833552227364,True,0.5498797895403398,False,303.23053589532776,140.0,False,False,0.7136379204804792,0.2998791840746169,0.06355869688837205,0.1275116491796799,0.42316292043860376,0.46453124578761484,0.275729,1,False
66332,2026-04-22 08:00:00+00:00,864.04,plan_b,footfall_plan_b,1.0766160299503877,False,0.9470506245837557,False,6.052968117707023,False,0.5116658108268799,False,262.95790827804694,46.0,False,False,1.0766160299503877,0.45240692423659806,0.10472060201055734,0.07292809613559251,0.34509802330680334,0.4028359622867014,0.275598,0,False
66330,2026-04-26 01:00:00+00:00,48.63,plan_b,footfall_plan_b,1.834127620114165,False,1.183934570986206,False,5.115927324924756,False,0.4668131503142939,False,104.85234680300583,9.0,False,False,1.834127620114165,0.7707223487202566,0.13091416424468194,0.061638328918896146,0.25347138701076877,0.16062759359093237,0.275475,0,False
66342,2026-04-26 21:00:00+00:00,694.98,plan_b,footfall_plan_b,1.1343959152568845,False,0.9258316202785627,False,0.6744907594765952,False,0.537017970326566,False,256.6362374405389,297.0,False,False,1.1343959152568845,0.47668672266711204,0.10237429987292763,0.008126480429622975,0.3968883312004668,0.3931515364720778,0.275445,0,False
66333,2026-04-26 09:00:00+00:00,565.99,plan_b,footfall_plan_b,0.7516033698262103,False,1.2654971132668815,False,0.04264827883608537,False,0.5093310108492072,False,377.2126915828801,80.0,False,False,0.7516033698262103,0.31583271967872084,0.13993298362711773,0.0005138401059600843,0.34032840951057874,0.5778675324716681,0.274895,0,False
66335,2026-04-22 10:00:00+00:00,282.89,plan_b,footfall_plan_b,-1.297043868473484,False,1.0545073034049626,False,9.325311173330425,True,0.41774080942250447,False,291.49557301963404,9.0,False,False,1.297043868473484,0.5450333366883529,0.1166026786431109,0.11235433204306751,0.15322463509679243,0.4465539767509663,0.274754,1,False
66336,2026-04-26 11:00:00+00:00,1728.85,plan_b,footfall_plan_b,0.19125417268262876,False,2.2992414499323464,False,0.016574983278721974,False,0.5482294115773588,False,403.8863452810605,189.0,True,False,0.19125417268262876,0.08036728936197474,0.2542397867171757,0.00019970070062988926,0.41979146867550016,0.6187299922682644,0.274666,1,False
66335,2026-04-24 11:00:00+00:00,1695.83,plan_b,footfall_plan_b,0.7331010832053615,False,0.5851667783109833,False,2.199196317014173,False,0.5664639397162744,False,337.17117693788396,85.0,False,False,0.7331010832053615,0.3080578376886506,0.06470511259969619,0.026496620717210505,0.45704162192661874,0.5165263003746348,0.274565,0,False
66342,2026-04-23 10:00:00+00:00,2235.49,plan_b,footfall_plan_b,0.786105051664042,False,0.5251665215621255,False,7.12927109580236,False,0.5550043377599528,False,303.23053589532776,120.0,False,False,0.786105051664042,0.33033073877468616,0.058070553850220696,0.08589573870881917,0.4336315327914478,0.46453124578761484,0.274492,0,False
66333,2026-04-24 17:00:00+00:00,548.36,plan_b,footfall_plan_b,0.6405388207886152,False,1.0635502454341328,False,1.2944986407303403,False,0.5342714592506068,False,377.2126915828801,48.0,False,False,0.6405388207886152,0.26916206865363934,0.11760260653361568,0.015596533714163783,0.39127765908951534,0.5778675324716681,0.274301,0,False
66342,2026-04-26 03:00:00+00:00,189.48,plan_b,footfall_plan_b,1.7261459176288767,False,1.9550983075490578,False,0.09857424341070291,False,0.42185124514688,False,172.986251428313,83.0,False,False,1.7261459176288767,0.7253471466647458,0.2161859846154954,0.0011876540170299627,0.16162158178471298,0.2650047055546624,0.273869,0,False
66333,2026-04-24 22:00:00+00:00,218.54,plan_b,footfall_plan_b,0.977491124544148,False,0.6301432321528091,False,0.17900404143527354,False,0.4934009286118784,False,377.2126915828801,13.0,False,False,0.977491124544148,0.41075345417620224,0.06967840674084746,0.002156697951912635,0.3077858616517719,0.5778675324716681,0.273648,0,False
66332,2026-04-26 10:00:00+00:00,282.46,plan_b,footfall_plan_b,-0.8718458019695444,False,2.460303251170699,False,0.21229229694188834,False,0.45569075089333766,False,322.95354615970024,73.0,False,False,0.8718458019695444,0.3663600268851725,0.27204927688460795,0.0025577655026685787,0.2307501474045427,0.49474573095395535,0.273293,0,False
66342,2026-04-22 16:00:00+00:00,69.34,plan_b,footfall_plan_b,-1.0299473803025332,False,4.485355168395941,False,0.3097763884073476,False,0.41199978369077594,False,190.63014280569277,18.0,False,False,1.0299473803025332,0.4327961998389368,0.4959704172858052,0.0037322850203390357,0.14149666019684962,0.29203410355996356,0.273206,0,False
66333,2026-04-26 13:00:00+00:00,1057.1,plan_b,footfall_plan_b,0.9285646636517546,False,0.5441612569479443,False,0.08126515509984658,False,0.5758973571492217,False,285.7018719626486,153.0,False,False,0.9285646636517546,0.3901939705066809,0.060170906326634965,0.0009791085841437607,0.4763125480718982,0.43767836941222693,0.273067,0,False
66340,2026-04-22 23:00:00+00:00,369.12,plan_b,footfall_plan_b,1.9102784019015875,False,0.36993175154651475,False,4.618043037873194,False,0.4572483143827652,False,151.4478293988316,3.0,False,False,1.9102784019015875,0.8027218174335802,0.04090539060865684,0.05563965976280417,0.23393199440587528,0.23200911694049942,0.273042,0,False
66338,2026-04-26 08:00:00+00:00,7.91,plan_b,footfall_plan_b,0.0,False,0.3753446559036911,False,0.09419428650973725,False,0.5600201580870664,False,572.5208854780425,3.0,True,False,0.0,0.0,0.041503925246821734,0.0011348828952047947,0.44387803187503566,0.8770681336075867,0.272717,1,False
66331,2026-04-26 05:00:00+00:00,28.36,plan_b,footfall_plan_b,1.4276382466949518,False,0.6852948949256494,False,0.7665107468192073,False,0.47501081517903093,False,266.059080780759,55.0,False,False,1.4276382466949518,0.599910655370379,0.07577682975808957,0.009235166672936645,0.2702178731378798,0.4075867751355248,0.272545,0,False
66336,2026-04-24 09:00:00+00:00,1207.88,plan_b,footfall_plan_b,1.1827828240560365,False,0.2325015228783933,False,2.0073630118312593,False,0.4867685556995088,False,336.0638910981524,89.0,False,False,1.1827828240560365,0.49701948009795754,0.02570897353549387,0.024185351691777796,0.2942370105094671,0.5148300039609022,0.271196,0,False
66336,2026-04-24 22:00:00+00:00,199.16,plan_b,footfall_plan_b,1.4476220967007645,False,0.740272760837871,False,1.298184378642221,False,0.46407514336396344,False,260.15769419081494,23.0,False,False,1.4476220967007645,0.6083081080034703,0.08185603509952943,0.01564094066353824,0.24787808743507148,0.39854619992957874,0.270446,0,False
66336,2026-04-23 15:00:00+00:00,466.4,plan_b,footfall_plan_b,-0.6673942956918895,False,1.9629996592157202,False,0.1821820703411721,False,0.5577137948387247,False,269.7891120206489,59.0,False,False,0.6673942956918895,0.2804470602030066,0.21705968057403371,0.002194987860774547,0.4391665096574619,0.4133009623745398,0.270434,0,False
66332,2026-04-23 09:00:00+00:00,2.63,plan_b,footfall_plan_b,-1.219884362040326,False,3.1128427777402896,False,9.49684113397082,False,0.39052105747365323,False,184.10996207850152,1.0,False,False,1.219884362040326,0.512609989821924,0.3442041652128699,0.11442097987871742,0.09761914183545473,0.28204557233562777,0.27018,0,False
66340,2026-04-22 16:00:00+00:00,1834.11,plan_b,footfall_plan_b,0.7138913757882808,False,1.0144764680008556,False,5.102885585023645,False,0.534312587621849,False,316.6477433941975,86.0,False,False,0.7138913757882808,0.29998568902442635,0.11217624876313896,0.06148119786471114,0.39136167761305857,0.48508561408709366,0.270018,0,False
66335,2026-04-22 11:00:00+00:00,379.37,plan_b,footfall_plan_b,-1.2609271119255472,False,1.1189228625642176,False,11.788199982227065,True,0.42877500692384046,False,247.02839389465765,12.0,False,False,1.2609271119255472,0.5298566438947233,0.12372546169071057,0.14202800425373993,0.17576569263316366,0.378432888435782,0.269962,1,False
66336,2026-04-23 19:00:00+00:00,210.12,plan_b,footfall_plan_b,-0.9159362257465462,False,0.7957190455407397,False,6.89229880670574,False,0.47900760432485395,False,336.0638910981524,24.0,False,False,0.9159362257465462,0.3848873499551817,0.08798703608575989,0.08304062076591211,0.2783826584868671,0.5148300039609022,0.269826,0,False
66332,2026-04-22 20:00:00+00:00,959.24,plan_b,footfall_plan_b,0.6982101809154573,False,0.3425560083684915,False,15.597418319601944,False,0.551607322477709,False,262.95790827804694,50.0,False,False,0.6982101809154573,0.2933962635064952,0.037878303954921706,0.18792268529408424,0.426691987172501,0.4028359622867014,0.269745,0,False
66331,2026-04-23 06:00:00+00:00,13.91,plan_b,footfall_plan_b,-1.4906735993283653,False,2.2113686600184135,False,0.1365134463176374,False,0.4837181520627354,False,122.42186682837497,118.0,False,False,1.4906735993283653,0.6263988639886049,0.24452320850977652,0.0016447576698330765,0.28800553568972237,0.18754305908380237,0.269623,0,False
66331,2026-04-23 19:00:00+00:00,49.13,plan_b,footfall_plan_b,-1.1075305874655674,False,1.430848729294695,False,8.740039661793489,False,0.4459925667627207,False,266.29487608786127,132.0,False,False,1.1075305874655674,0.4653975908164207,0.1582168222354938,0.10530279365251702,0.21093834627808192,0.40794799959939904,0.269561,0,False
66335,2026-04-22 18:00:00+00:00,322.89,plan_b,footfall_plan_b,-0.7971218753734753,False,3.783377902737193,False,0.08503313464658509,False,0.42666875263798915,False,274.0258427063832,8.0,False,False,0.7971218753734753,0.3349601397780051,0.41834892594280704,0.001024506407042849,0.17146296023800264,0.41979138319479037,0.269118,0,False
66335,2026-04-26 04:00:00+00:00,580.0,plan_b,footfall_plan_b,0.8740585535329783,False,2.688361186104998,False,0.2707383880735375,False,0.4212803213492581,False,337.17117693788396,3.0,False,False,0.8740585535329783,0.3672898515404482,0.29726689843477694,0.0032619427046481544,0.1604552780123253,0.5165263003746348,0.26896,0,False
66335,2026-04-25 10:00:00+00:00,1378.18,plan_b,footfall_plan_b,0.6978596310475246,False,0.6218179351439266,False,2.810193655101151,False,0.5542740127294791,False,337.17117693788396,125.0,False,False,0.6978596310475246,0.293248958261978,0.06875783281158149,0.03385811209534088,0.4321395984183166,0.5165263003746348,0.268906,0,False
66342,2026-04-25 17:00:00+00:00,1846.95,plan_b,footfall_plan_b,0.8852801929957159,False,0.8858433720386477,False,1.6351092321837657,False,0.5335337618799253,False,303.23053589532776,1047.0,False,False,0.8852801929957159,0.37200531857140356,0.09795257909018487,0.019700319076199742,0.3897706642333014,0.46453124578761484,0.268792,0,False
66340,2026-04-22 02:00:00+00:00,335.4,plan_b,footfall_plan_b,1.7447369911850223,False,2.799475810839586,False,1.4253489885043833,False,0.42371257627965664,False,77.08635069374797,15.0,False,False,1.7447369911850223,0.73315933798627,0.309553454287583,0.01717306056120359,0.1654239763089253,0.11809172982944119,0.26868,0,False
66335,2026-04-26 05:00:00+00:00,714.97,plan_b,footfall_plan_b,1.0626223103023789,False,1.0214156080857213,False,0.7877108101509527,False,0.4688984054568581,False,337.17117693788396,9.0,False,False,1.0626223103023789,0.44652659597799255,0.11294354768915162,0.009490591817538904,0.25773122159691453,0.5165263003746348,0.268644,0,False
66330,2026-04-21 13:00:00+00:00,381.24,plan_b,footfall_plan_b,-0.9856134770373395,False,2.0860998620692572,False,5.244480250455654,False,0.4675687030897951,False,247.676685298809,94.0,False,False,0.9856134770373395,0.4141665637777559,0.23067154779191343,0.06318717568783973,0.2550148575334122,0.3794260325223913,0.268493,0,False
66336,2026-04-23 20:00:00+00:00,142.96,plan_b,footfall_plan_b,-1.27310790295795,False,0.4276328929883384,False,11.253288851557755,False,0.4712551452706972,False,236.34768814596998,20.0,False,False,1.27310790295795,0.5349751578796879,0.047285723519729955,0.13558322384141097,0.2625456548835737,0.3620706789614647,0.268492,0,False
66331,2026-04-23 05:00:00+00:00,5.07,plan_b,footfall_plan_b,-1.6872956847648717,False,3.040428688555299,False,0.019296310737014658,False,0.4274815884872663,False,80.54412515194262,59.0,False,False,1.6872956847648717,0.7090218144507251,0.3361969406605062,0.00023248812435912197,0.17312345069450963,0.1233888357820957,0.268393,0,False
66336,2026-04-24 10:00:00+00:00,1674.89,plan_b,footfall_plan_b,0.6960250349122126,False,0.5561724957956565,False,1.9272982425489356,False,0.5625574972858552,False,336.0638910981524,133.0,False,False,0.6960250349122126,0.2924780390375716,0.06149905513977561,0.023220705739948916,0.4490614001138464,0.5148300039609022,0.268218,0,False
66336,2026-04-24 13:00:00+00:00,891.72,plan_b,footfall_plan_b,0.04939376462966517,False,2.2837833341556797,False,14.2794560719907,False,0.5282181150294807,False,336.0638910981524,111.0,False,False,0.04939376462966517,0.020755850285456953,0.25253049774353403,0.1720434545385644,0.37891166868927617,0.5148300039609022,0.267814,0,False
66340,2026-04-20 08:00:00+00:00,942.47,plan_b,footfall_plan_b,1.0541482309055368,False,1.0677151296728975,False,0.39487995239522133,False,0.4834989461518679,False,316.6477433941975,33.0,False,False,1.0541482309055368,0.4429656865274443,0.11806314071570274,0.004757639982615017,0.2875577339308198,0.48508561408709366,0.267686,0,False
66333,2026-04-24 15:00:00+00:00,465.01,plan_b,footfall_plan_b,0.4643068836242767,False,1.6409252967791819,False,0.9474667672245778,False,0.5249888433667984,False,377.2126915828801,94.0,False,False,0.4643068836242767,0.19510730221248776,0.18144614498152548,0.01141538269188972,0.3723147958002164,0.5778675324716681,0.26763,0,False
66336,2026-04-23 21:00:00+00:00,112.76,plan_b,footfall_plan_b,-1.3798903816827945,False,0.581105115682959,False,9.291284808126683,False,0.450389490479136,False,236.34768814596998,9.0,False,False,1.3798903816827945,0.5798464317771173,0.06425599219944575,0.11194437151057038,0.21992054099253694,0.3620706789614647,0.267608,0,False
66330,2026-04-20 15:00:00+00:00,479.71,plan_b,footfall_plan_b,-0.5928495588640124,False,4.98799877505526,False,0.05454355996792576,False,0.4568061724875557,False,197.57879638668936,89.0,False,False,0.5928495588640124,0.24912247077823219,0.5515504884243007,0.0006571582581580147,0.23302877095913604,0.30267902985340633,0.267408,0,False
66335,2026-04-24 14:00:00+00:00,998.46,plan_b,footfall_plan_b,0.6240285398087009,False,0.9468113054939212,False,2.369576110016414,False,0.5352915987844663,False,357.191934260382,93.0,False,False,0.6240285398087009,0.2622242512437042,0.10469413918110607,0.02854941096523461,0.39336163700681015,0.5471969164231515,0.267205,0,False
66342,2026-04-23 09:00:00+00:00,1259.65,plan_b,footfall_plan_b,0.6927542929688475,False,0.8216779266847414,False,2.1821096100984034,False,0.5691423176561105,False,303.23053589532776,53.0,False,False,0.6927542929688475,0.29110363417882396,0.09085745250316646,0.026290754606508773,0.4625131092041196,0.46453124578761484,0.267059,0,False
66338,2026-04-22 05:00:00+00:00,10.25,plan_b,footfall_plan_b,1.3820944347568538,False,0.8568719103581237,False,15.029921497765821,False,0.5765084489376259,False,,,False,False,1.3820944347568538,0.5807726012231874,0.0947490450556197,0.18108530205090503,0.47756090846790833,0.0,0.266834,0,False
66335,2026-04-24 07:00:00+00:00,468.78,plan_b,footfall_plan_b,1.3791327985020618,False,1.2238589643334254,False,0.35081455639579656,False,0.42502264933338124,False,291.49557301963404,17.0,False,False,1.3791327985020618,0.5795280862694209,0.13532882424035503,0.004226725995756554,0.16810024090155024,0.4465539767509663,0.266748,0,False
66342,2026-04-23 07:00:00+00:00,461.73,plan_b,footfall_plan_b,1.0296189618043974,False,0.9371240849070457,False,0.2297342738315092,False,0.5040063494758084,False,303.23053589532776,27.0,False,False,1.0296189618043974,0.4326581944605375,0.10362296986308514,0.0027679120196607934,0.32945099877319217,0.46453124578761484,0.266606,0,False
66342,2026-04-23 15:00:00+00:00,1562.03,plan_b,footfall_plan_b,0.7205023311294164,False,0.8290436294249772,False,5.562599204081947,False,0.5419069448357741,False,303.23053589532776,229.0,False,False,0.7205023311294164,0.3027636914774332,0.09167191881063269,0.06701997460259776,0.40687570506182547,0.46453124578761484,0.266573,0,False
66331,2026-04-23 10:00:00+00:00,71.61,plan_b,footfall_plan_b,-1.2106690566264475,False,0.899570581627308,False,8.280803508373262,False,0.44899440720870387,False,266.059080780759,339.0,False,False,1.2106690566264475,0.5087376083393765,0.09947047223626818,0.09976976957337201,0.21707061445614564,0.4075867751355248,0.266527,0,False
66335,2026-04-21 13:00:00+00:00,315.68,plan_b,footfall_plan_b,-1.2678526940926458,False,1.4834195263618475,False,0.5878950155571264,False,0.4318394594552743,False,291.49557301963404,16.0,False,False,1.2678526940926458,0.5327668563006349,0.1640298647214398,0.00708314720620522,0.18202586704278112,0.4465539767509663,0.266492,0,False
66338,2026-04-22 19:00:00+00:00,1.08,plan_b,footfall_plan_b,0.06345352597691202,False,1.3516848392795076,False,15.663524966312126,False,0.4342722781231396,False,508.74209366314096,1.0,True,False,0.06345352597691202,0.026663930055457842,0.14946323504100606,0.18871915932017047,0.18699571696265707,0.7793627968771455,0.266241,1,False
66336,2026-04-24 07:00:00+00:00,371.32,plan_b,footfall_plan_b,1.0223092638320852,False,0.6744907594765952,False,4.48199124813635,False,0.4691013934558115,False,336.0638910981524,25.0,False,False,1.0223092638320852,0.42958657200206024,0.07458215701403659,0.0540004642791335,0.2581458928190897,0.5148300039609022,0.266229,0,False
66331,2026-04-23 09:00:00+00:00,53.23,plan_b,footfall_plan_b,-1.3620942029963468,False,0.9800198397297155,False,6.92993075177975,False,0.4597062104482817,False,213.30395705229233,285.0,False,False,1.3620942029963468,0.5723682647809676,0.1083661896573824,0.08349402247805698,0.23895307334020824,0.326769045895605,0.26599,0,False
66335,2026-04-22 20:00:00+00:00,164.98,plan_b,footfall_plan_b,-1.108193361166494,False,3.3873084569941367,False,1.1479731619728737,False,0.4612151516699949,False,152.31926126768684,4.0,False,False,1.108193361166494,0.4656760962474748,0.37455334657298156,0.013831147874797058,0.24203559301538363,0.23334409902092582,0.265888,0,False
66340,2026-04-21 10:00:00+00:00,969.6,plan_b,footfall_plan_b,-0.7134686707545305,False,0.6924385379149309,False,13.689078742411597,False,0.4904352800955068,False,316.6477433941975,35.0,False,False,0.7134686707545305,0.29980806331678467,0.07656674169623422,0.1649303996189675,0.3017275276558386,0.48508561408709366,0.265624,0,False
66336,2026-04-22 17:00:00+00:00,962.46,plan_b,footfall_plan_b,0.7628102601886136,False,0.7291964888698405,False,7.304127008525943,False,0.4996410187323776,False,336.0638910981524,53.0,False,False,0.7628102601886136,0.32054198896142444,0.08063127072219257,0.08800245867908937,0.32053334332601996,0.5148300039609022,0.264908,0,False
66336,2026-04-22 02:00:00+00:00,26.46,plan_b,footfall_plan_b,-1.0524430501601818,False,1.6059802218684531,False,0.45765711473044546,False,0.43119095475765046,False,336.0638910981524,2.0,False,False,1.0524430501601818,0.4422491491967591,0.17758207564144776,0.005513999315899799,0.1807010782033593,0.5148300039609022,0.264175,0,False
66332,2026-04-21 15:00:00+00:00,122.87,plan_b,footfall_plan_b,-0.8941372658063922,False,0.06873686903034845,False,15.720043176935496,False,0.4939406366374534,False,286.004938366057,31.0,False,False,0.8941372658063922,0.37572716643224424,0.007600614073131135,0.18940010880108632,0.3088883967165879,0.43814264921675244,0.263952,0,False
66331,2026-04-26 23:00:00+00:00,53.16,plan_b,footfall_plan_b,1.5764546270356263,False,0.0,False,0.5915176368847956,False,0.4609901439373399,False,266.29487608786127,90.0,False,False,1.5764546270356263,0.6624450771447332,0.0,0.007126793706783053,0.2415759390852006,0.40794799959939904,0.263819,0,False
66340,2026-04-21 17:00:00+00:00,814.37,plan_b,footfall_plan_b,-0.6097487524337554,False,0.7185581970889043,False,12.17329324625829,False,0.513708347682635,False,316.6477433941975,35.0,False,False,0.6097487524337554,0.2562237139069627,0.07945493622565683,0.14666773108433112,0.3492705914324109,0.48508561408709366,0.263341,0,False
66338,2026-04-20 22:00:00+00:00,11.39,plan_b,footfall_plan_b,0.9533525790893804,False,0.9620772392083088,False,0.28768866061303705,False,0.5676755163353902,False,226.01366425665876,2.0,False,False,0.9533525790893804,0.4006101488556973,0.10638217752596917,0.0034661650103412814,0.45951667444202854,0.3462395655904888,0.263243,0,False
66330,2026-04-24 11:00:00+00:00,578.61,plan_b,footfall_plan_b,0.6015689665217848,False,2.236146432779929,False,1.4290843477796782,False,0.5490144907324309,False,246.39559302926017,238.0,False,False,0.6015689665217848,0.2527864700963546,0.2472630232701618,0.017218065364637592,0.4213952567536946,0.3774634749383233,0.263225,0,False
66335,2026-04-21 12:00:00+00:00,353.5,plan_b,footfall_plan_b,-1.2308838785720095,False,1.0952941046962361,False,5.979639385556941,False,0.4203295344909507,False,291.49557301963404,17.0,False,False,1.2308838785720095,0.5172321181422852,0.1211126998335667,0.07204460811388984,0.15851297624771232,0.4465539767509663,0.263091,0,False
66340,2026-04-24 15:00:00+00:00,1146.5,plan_b,footfall_plan_b,-0.14021663274439206,False,3.240941346385036,False,5.709502455050502,False,0.5104126193930055,False,316.6477433941975,85.0,False,False,0.14021663274439206,0.05892070504432881,0.35836872925723073,0.06878991196240732,0.34253795854345015,0.48508561408709366,0.262741,0,False
66335,2026-04-23 20:00:00+00:00,585.65,plan_b,footfall_plan_b,1.3072841099423695,False,1.388429887416624,False,2.5132270756528605,False,0.40802893794917994,False,291.49557301963404,17.0,False,False,1.3072841099423695,0.5493364085519513,0.1535263373313583,0.03028016375100577,0.13338487297185814,0.4465539767509663,0.262616,0,False
66336,2026-04-24 14:00:00+00:00,967.13,plan_b,footfall_plan_b,0.32491975968893194,False,2.287120412340255,False,0.019089970002773373,False,0.5424800372660753,False,336.0638910981524,120.0,False,False,0.32491975968893194,0.1365351666845775,0.25289949685231833,0.00023000206518768566,0.40804643899544546,0.5148300039609022,0.262508,0,False
66335,2026-04-21 05:00:00+00:00,99.24,plan_b,footfall_plan_b,-1.460818064497144,False,3.9133660855190127,False,0.9518259632300524,False,0.46625026316490575,False,,,False,False,1.460818064497144,0.6138532113987453,0.4327224350264987,0.011467903679804915,0.2523215007939138,0.0,0.262073,0,False
66331,2026-04-24 21:00:00+00:00,161.76,plan_b,footfall_plan_b,1.3216455374586622,False,0.20392202192372882,False,3.4146963933845376,False,0.4742123737289399,False,275.7106181008524,162.0,False,False,1.3216455374586622,0.5553712520519057,0.022548780756518436,0.041141354457512776,0.26858678808038045,0.42237235944955404,0.262004,0,False
66333,2026-04-26 04:00:00+00:00,62.06,plan_b,footfall_plan_b,1.784602593715467,False,0.7476841645434789,False,0.6618312627099441,False,0.4491799724309192,False,164.33573742968701,5.0,False,False,1.784602593715467,0.7499113406705216,0.08267555481436586,0.007973954762995757,0.21744969380017581,0.2517526297615039,0.261953,0,False
66333,2026-04-25 06:00:00+00:00,114.23,plan_b,footfall_plan_b,1.2338363282771485,False,1.3959529798603616,False,0.2843804420387513,False,0.49711278441937495,False,207.57582717533649,32.0,False,False,1.2338363282771485,0.5184727727980837,0.15435820708492665,0.003426306534708924,0.3153685748770303,0.31799388972632636,0.261924,0,False
66332,2026-04-23 11:00:00+00:00,2.48,plan_b,footfall_plan_b,-1.1759982407245584,False,2.5152413361827213,False,16.37958944429539,False,0.39531166779917676,False,150.28563375501113,2.0,False,False,1.1759982407245584,0.49416851708808823,0.2781240834328796,0.19734653320916906,0.10740557378656719,0.2302287019546577,0.261455,0,False
66330,2026-04-26 13:00:00+00:00,657.34,plan_b,footfall_plan_b,0.6046085544433318,False,2.504658412976051,False,0.02547650366986156,False,0.5296473481844599,False,256.6362374405389,113.0,False,False,0.6046085544433318,0.25406374127222325,0.2769538713444592,0.0003069490657648245,0.3818313578443212,0.3931515364720778,0.261261,0,False
66336,2026-04-24 05:00:00+00:00,133.64,plan_b,footfall_plan_b,1.5572858290478753,False,0.9324539101497918,False,3.1176873914436727,False,0.4517913232319709,False,187.82690153173294,18.0,False,False,1.5572858290478753,0.6543901191116908,0.10310656292624469,0.03756289499341682,0.22278425561557091,0.2877397037318231,0.261117,0,False
66342,2026-04-26 04:00:00+00:00,203.33,plan_b,footfall_plan_b,1.414173944731487,False,1.8372657475187069,False,0.10743469135001495,False,0.44291591695012394,False,196.7878950421251,83.0,False,False,1.414173944731487,0.5942527947507813,0.2031565896681589,0.00129440752812682,0.20465325482157934,0.3014674157730475,0.260965,0,False
66333,2026-04-22 11:00:00+00:00,3.72,plan_b,footfall_plan_b,-0.9731891015311817,False,1.5730681921964003,False,7.317989153269402,False,0.36972600363121233,False,377.2126915828801,3.0,False,False,0.9731891015311817,0.4089456926854312,0.1739428113073352,0.08816947423325018,0.055138254115469354,0.5778675324716681,0.260813,0,False
66332,2026-04-21 08:00:00+00:00,202.24,plan_b,footfall_plan_b,-0.7438302988295162,False,1.8553596594523671,False,9.97148512316997,False,0.4712489557048333,False,262.95790827804694,13.0,False,False,0.7438302988295162,0.3125663823368468,0.20515733313554396,0.12013964249206181,0.2625330106146773,0.4028359622867014,0.260646,0,False
66332,2026-04-20 08:00:00+00:00,870.21,plan_b,footfall_plan_b,1.0935881572525519,False,0.9470506245837557,False,0.01399161520961005,False,0.5073213488688864,False,260.66708279718154,47.0,False,False,1.0935881572525519,0.4595388149914458,0.10472060201055734,0.00016857545575263986,0.33622299936891825,0.3993265531456782,0.259996,0,False
66340,2026-04-21 11:00:00+00:00,1403.14,plan_b,footfall_plan_b,-0.672548091267937,False,0.4716366430467208,False,15.66540356743298,False,0.48519957266652003,False,316.6477433941975,49.0,False,False,0.672548091267937,0.2826127467057529,0.05215146044784955,0.18874179330741078,0.291031835251737,0.48508561408709366,0.259925,0,False
66332,2026-04-21 10:00:00+00:00,334.72,plan_b,footfall_plan_b,-0.8036020304062476,False,0.3015215377341129,False,23.225423214209805,False,0.4646705243698065,False,260.66708279718154,24.0,False,False,0.8036020304062476,0.33768317837802286,0.033340896601534095,0.2798273283483529,0.24909435327652898,0.3993265531456782,0.259854,0,False
66332,2026-04-26 09:00:00+00:00,201.39,plan_b,footfall_plan_b,-0.859399443983059,False,1.7903959752417247,False,0.20711007481431776,False,0.4610722432113066,False,322.95354615970024,55.0,False,False,0.859399443983059,0.3611299184918645,0.19797394088304188,0.0024953284327606956,0.24174365444990686,0.49474573095395535,0.259618,0,False
66332,2026-04-21 13:00:00+00:00,232.99,plan_b,footfall_plan_b,-0.8650171165128652,False,0.6910857534421192,False,18.137947447378195,False,0.4583140558869001,False,262.95790827804694,29.0,False,False,0.8650171165128652,0.3634905316351549,0.07641715686865898,0.21853179290258845,0.2361091296765368,0.4028359622867014,0.259477,0,False
66331,2026-04-23 07:00:00+00:00,27.21,plan_b,footfall_plan_b,-1.2681907942608117,False,1.483276962410154,False,0.3571787111158562,False,0.43486552300635006,False,266.059080780759,172.0,False,False,1.2681907942608117,0.5329089300325028,0.1640141006403455,0.004303403367621204,0.18820761905558095,0.4075867751355248,0.259404,0,False
66335,2026-04-23 08:00:00+00:00,611.13,plan_b,footfall_plan_b,1.0666118851799826,False,0.8288706823005013,False,4.266053198226079,False,0.43488735812045437,False,337.17117693788396,21.0,False,False,1.0666118851799826,0.44820306302769036,0.09165279509483441,0.05139877357848031,0.18825222461600152,0.5165263003746348,0.259207,0,False
66330,2026-04-26 15:00:00+00:00,654.54,plan_b,footfall_plan_b,0.5070628445035823,False,1.745033782213835,False,1.7356449461187335e-05,False,0.5268251166734896,False,335.47309403240257,153.0,False,False,0.5070628445035823,0.2130738680224714,0.1929579934362118,2.0911605517550967e-07,0.3760660012914737,0.5139249378001011,0.259205,0,False
66340,2026-04-26 18:00:00+00:00,472.95,plan_b,footfall_plan_b,-0.8951889917656454,False,1.2383787488604814,False,0.013955982693844715,False,0.48827570497906125,False,316.6477433941975,92.0,False,False,0.8951889917656454,0.37616911425127075,0.13693435676128565,0.00016814614380439326,0.2973158695404188,0.48508561408709366,0.259135,0,False
66331,2026-04-24 20:00:00+00:00,229.75,plan_b,footfall_plan_b,0.9227599142805208,False,0.22032938365809396,False,5.676901229069447,False,0.4392418542423539,False,401.161729637475,242.0,False,False,0.9227599142805208,0.3877547454385522,0.024363033082240592,0.06839712196314574,0.19714774670664365,0.6145560422553801,0.258444,0,False
66332,2026-04-24 14:00:00+00:00,264.51,plan_b,footfall_plan_b,-0.7077810248181325,False,1.1913863003067544,False,1.2144093570419487,False,0.5148347105715882,False,322.95354615970024,74.0,False,False,0.7077810248181325,0.29741804651167436,0.13173814298479475,0.014631592404928812,0.3515715662594117,0.49474573095395535,0.258021,0,False
66340,2026-04-23 08:00:00+00:00,3.08,plan_b,footfall_plan_b,-1.590343321277212,False,3.833502560425267,False,6.022595869446515,False,0.40406391833397043,False,,,False,False,1.590343321277212,0.6682812724722242,0.4238914853291917,0.07256216157292451,0.12528498756846052,0.0,0.258004,0,False
66335,2026-04-25 21:00:00+00:00,282.12,plan_b,footfall_plan_b,-0.6282926062511079,False,2.2171457735206626,False,5.069101291788254,False,0.4420167256619571,False,337.17117693788396,29.0,False,False,0.6282926062511079,0.26401606292984336,0.24516201575844365,0.06107415389272389,0.2028163543528032,0.5165263003746348,0.257919,0,False
66342,2026-04-26 02:00:00+00:00,195.62,plan_b,footfall_plan_b,1.4237072618058448,False,2.3158923023232525,False,0.1540679001692414,False,0.4232913181450808,False,175.18881697792813,52.0,False,False,1.4237072618058448,0.5982588085341551,0.2560809631454484,0.0018562593452429528,0.16456341496334595,0.2683789057013283,0.257828,0,False
66340,2026-04-24 13:00:00+00:00,1516.48,plan_b,footfall_plan_b,-0.37100852139993845,False,1.832464162592452,False,12.331322517035524,False,0.4873074712987577,False,316.6477433941975,98.0,False,False,0.37100852139993845,0.15590221523995781,0.20262565198538904,0.14857171828984203,0.29533792677713827,0.48508561408709366,0.257505,0,False
66332,2026-04-26 14:00:00+00:00,268.88,plan_b,footfall_plan_b,-0.7001581772294487,False,1.9680199031563816,False,0.17555002400158012,False,0.47118216850885486,False,333.42212677955376,86.0,False,False,0.7001581772294487,0.29421483484141925,0.21761479658796062,0.002115082844983271,0.26239657531640925,0.5107829772774829,0.257425,0,False
66336,2026-04-23 13:00:00+00:00,731.67,plan_b,footfall_plan_b,-0.37255289341719305,False,2.1505198241075774,False,0.1630279964159275,False,0.47573156437256825,False,403.8863452810605,50.0,True,False,0.37255289341719305,0.15655117882099925,0.23779481769009353,0.0019642134510230473,0.27169024564515554,0.6187299922682644,0.257346,1,False
66330,2026-04-20 14:00:00+00:00,445.76,plan_b,footfall_plan_b,-0.7622429975904879,False,4.191437207921798,False,0.06590883503686827,False,0.4464837075978225,False,188.94041822566163,81.0,False,False,0.7622429975904879,0.32030361843738125,0.46347029008711876,0.0007940907277691839,0.21194166653051996,0.28944554544564893,0.257191,0,False
66332,2026-04-24 12:00:00+00:00,560.3,plan_b,footfall_plan_b,-0.5829214474433355,False,0.7801682540989723,False,0.6388679899337155,False,0.5633797650390625,False,322.95354615970024,84.0,False,False,0.5829214474433355,0.24495055969168295,0.08626749945355688,0.0076972859069821846,0.4507411584046603,0.49474573095395535,0.25688,0,False
66336,2026-04-20 07:00:00+00:00,368.67,plan_b,footfall_plan_b,0.9802328563679515,False,0.9207572348403052,False,0.31190828243441293,False,0.46605871116342007,False,336.0638910981524,14.0,False,False,0.9802328563679515,0.41190556265961925,0.10181319713550904,0.0037579707615379523,0.25193019144077117,0.5148300039609022,0.256847,0,False
66331,2026-04-23 03:00:00+00:00,0.54,plan_b,footfall_plan_b,-1.5110025648992949,False,2.6242206225985942,False,0.47907585553447096,False,0.51536596358835,False,0.0,5.0,False,False,1.5110025648992949,0.6349413383072157,0.2901745231706361,0.005772059156639722,0.3526568291265796,0.0,0.256709,0,False
66335,2026-04-22 13:00:00+00:00,464.09,plan_b,footfall_plan_b,-0.9579030461774684,False,2.375538612182249,False,0.9231042291829552,False,0.42070553114255715,False,291.49557301963404,20.0,False,False,0.9579030461774684,0.40252230951640805,0.2626763840384843,0.01112185504035477,0.15928107579970224,0.4465539767509663,0.256431,0,False
66342,2026-04-25 11:00:00+00:00,2608.55,plan_b,footfall_plan_b,0.7330263836611907,False,0.6237790738418234,False,1.1076983145943828,False,0.551820632761995,False,303.23053589532776,982.0,False,False,0.7330263836611907,0.3080264480473299,0.06897468671541605,0.013345903630263098,0.4271277451322989,0.46453124578761484,0.256401,0,False
66333,2026-04-24 08:00:00+00:00,237.93,plan_b,footfall_plan_b,0.3022983202551491,False,1.449823199414725,False,0.08310374430261898,False,0.5460868256329332,False,377.2126915828801,13.0,False,False,0.3022983202551491,0.1270293674475795,0.1603149338698895,0.0010012604949957943,0.41541451665483253,0.5778675324716681,0.256326,0,False
66330,2026-04-23 21:00:00+00:00,200.37,plan_b,footfall_plan_b,0.7914430770864822,False,0.9496674203993221,False,9.122878965665986,False,0.5389194111551248,False,217.4869159906928,57.0,False,False,0.7914430770864822,0.33257384086092784,0.10500995553193351,0.10991536405010789,0.40077266326116806,0.3331770915793825,0.25629,0,False
66333,2026-04-24 10:00:00+00:00,684.98,plan_b,footfall_plan_b,0.4171854157635031,False,1.205299274758438,False,1.1297472151184726,False,0.5288066546562022,False,377.2126915828801,50.0,False,False,0.4171854157635031,0.17530629818936483,0.13327657717460184,0.013611555836888972,0.38011395871415193,0.5778675324716681,0.256035,0,False
66335,2026-04-23 15:00:00+00:00,784.85,plan_b,footfall_plan_b,0.48200329392242935,False,1.3338277942968604,False,0.051382305693396454,False,0.5444747718370505,False,337.17117693788396,56.0,False,False,0.48200329392242935,0.20254354533937585,0.14748868325658132,0.0006190704554207917,0.4121213548856764,0.5165263003746348,0.25586,0,False
66331,2026-04-24 06:00:00+00:00,41.1,plan_b,footfall_plan_b,1.2173526119932712,False,0.9632089571621506,False,2.16264398401569,False,0.45345458368658675,False,266.29487608786127,98.0,False,False,1.2173526119932712,0.5115461181909428,0.10650731781135207,0.026056226516703238,0.22618202419828184,0.40794799959939904,0.255648,0,False
66340,2026-04-21 18:00:00+00:00,658.1,plan_b,footfall_plan_b,-0.6147981364676112,False,0.7535032614877264,False,10.050496342499528,False,0.5031962820111897,False,316.6477433941975,32.0,False,False,0.6147981364676112,0.2583455254316818,0.08331900440337514,0.12109159493704498,0.3277961636729413,0.48508561408709366,0.255128,0,False
66330,2026-04-22 10:00:00+00:00,248.5,plan_b,footfall_plan_b,-0.9874203358371173,False,0.9089201214101256,False,10.951025648562936,False,0.5026681211866789,False,196.21494828882336,138.0,False,False,0.9874203358371173,0.4149258274422352,0.10050430232851762,0.13194146008227708,0.32671721764788475,0.30058969523512286,0.254936,0,False
66335,2026-04-24 03:00:00+00:00,633.37,plan_b,footfall_plan_b,1.144303943548354,False,4.153166741157521,False,0.842969430465238,False,0.40504714842426365,False,127.35965629407855,1.0,False,False,1.144303943548354,0.480850194582721,0.45923851386022324,0.010156365351486908,0.12729356554018048,0.19510746048937858,0.254529,0,False
66332,2026-04-26 12:00:00+00:00,435.62,plan_b,footfall_plan_b,-0.7224649582229805,False,1.0298455179720394,False,0.22186040469745597,False,0.5175925469141217,False,322.95354615970024,100.0,False,False,0.7224649582229805,0.30358841084081073,0.113875689240273,0.002673045125601415,0.35720537403432384,0.49474573095395535,0.254418,0,False
66335,2026-04-23 21:00:00+00:00,642.33,plan_b,footfall_plan_b,1.3722137112394925,False,1.3873285195810794,False,0.7760193548044787,False,0.39759378515822963,False,274.0258427063832,9.0,False,False,1.3722137112394925,0.576620603100024,0.15340455302566292,0.009349729423603872,0.1120675656250252,0.41979138319479037,0.254247,0,False
66335,2026-04-25 12:00:00+00:00,1433.78,plan_b,footfall_plan_b,0.387764992448734,False,1.4923794439486335,False,10.130973176986286,True,0.5259643928997916,False,291.49557301963404,156.0,False,False,0.387764992448734,0.162943484659469,0.1650206121422185,0.12206120558227035,0.3743076836518356,0.4465539767509663,0.254177,1,False
66335,2026-04-24 21:00:00+00:00,622.58,plan_b,footfall_plan_b,1.2625276953864086,False,0.8805239716213173,False,0.8328409592649441,False,0.3993253810643323,False,337.17117693788396,13.0,False,False,1.2625276953864086,0.530529228196246,0.0973643836974804,0.010034334290520173,0.1156049323383253,0.5165263003746348,0.254012,0,False
66331,2026-04-23 21:00:00+00:00,32.24,plan_b,footfall_plan_b,-1.3957979597213388,False,0.9600573752512906,False,6.22990952022366,False,0.45966398761320915,False,171.0908249603592,73.0,False,False,1.3957979597213388,0.5865309862071708,0.10615883004689292,0.07505994275400624,0.23886681900638798,0.2621010243147185,0.253744,0,False
66335,2026-04-25 11:00:00+00:00,1492.31,plan_b,footfall_plan_b,0.42483146751400547,False,0.5642371524345033,False,9.213422056508632,False,0.5378400508738392,False,337.17117693788396,145.0,False,False,0.42483146751400547,0.1785192605257681,0.062390808628243734,0.11100625617195299,0.39856770706023137,0.5165263003746348,0.253402,0,False
66330,2026-04-22 11:00:00+00:00,365.12,plan_b,footfall_plan_b,-1.0056872830565593,False,0.908436668310261,False,6.72743489950412,False,0.45531258797669827,False,281.587912390263,156.0,False,False,1.0056872830565593,0.42260181700289673,0.10045084425737814,0.08105428767446278,0.22997762252803416,0.43137602667607233,0.253092,0,False
66332,2026-04-20 16:00:00+00:00,917.57,plan_b,footfall_plan_b,0.554641153602358,False,0.3623569808541782,False,0.2161065444970054,False,0.6291683131847774,True,262.95790827804694,83.0,False,False,0.554641153602358,0.23306684219428192,0.040067806506600995,0.0026037207773330516,0.5851363827793677,0.4028359622867014,0.252742,1,False
66340,2026-04-20 00:00:00+00:00,327.6,plan_b,footfall_plan_b,1.9291860704410317,False,0.0,False,0.6679027032914443,False,0.42586561092878056,False,179.5140679618003,5.0,False,False,1.9291860704410317,0.8106670457512463,0.0,0.008047105421284194,0.16982227332126598,0.2750049343826079,0.252708,0,False
66342,2026-04-26 08:00:00+00:00,690.88,plan_b,footfall_plan_b,0.7040468743266491,False,1.048677065196,False,1.5398940509849897,False,0.5231352622947376,False,303.23053589532776,461.0,False,False,0.7040468743266491,0.2958489118420313,0.1159579971031184,0.018553136115212553,0.3685282333801952,0.46453124578761484,0.252684,0,False
66335,2026-04-23 19:00:00+00:00,471.02,plan_b,footfall_plan_b,1.1189675554398417,False,0.8096720078699787,False,0.14871227096078282,False,0.41663163967663874,False,357.191934260382,18.0,False,False,1.1189675554398417,0.47020354146167753,0.0895298919553611,0.0017917330113542138,0.1509587830440143,0.5471969164231515,0.251936,0,False
66332,2026-04-26 16:00:00+00:00,144.33,plan_b,footfall_plan_b,-0.8170804712470456,False,2.2377212808879126,False,0.17661964263988914,False,0.4714341587397456,False,262.95790827804694,48.0,False,False,0.8170804712470456,0.34334698032287353,0.24743716289655793,0.0021279699524925327,0.26291135006939187,0.4028359622867014,0.251732,0,False
66335,2026-04-24 08:00:00+00:00,598.35,plan_b,footfall_plan_b,0.9991898048067616,False,1.1195698646016876,False,0.3993938037782903,False,0.4372721646185649,False,337.17117693788396,28.0,False,False,0.9991898048067616,0.4198714989800259,0.12379700426837974,0.004812024307991397,0.19312399353988677,0.5165263003746348,0.251626,0,False
66335,2026-04-21 16:00:00+00:00,322.81,plan_b,footfall_plan_b,-1.0641306976273468,False,3.1213139533364513,False,0.4925310951389614,False,0.45362330470460005,False,152.31926126768684,14.0,False,False,1.0641306976273468,0.44716043836122144,0.34514086974073727,0.005934172187523392,0.2265266935930586,0.23334409902092582,0.251621,0,False
66340,2026-04-20 10:00:00+00:00,2259.24,plan_b,footfall_plan_b,0.7627654327343705,False,0.5554609684470847,False,0.4539800695780246,False,0.5313376389650732,False,316.6477433941975,76.0,False,False,0.7627654327343705,0.32052315192934305,0.06142037764318226,0.0054696970996719945,0.3852843449541124,0.48508561408709366,0.251557,0,False
66333,2026-04-25 23:00:00+00:00,102.31,plan_b,footfall_plan_b,1.562039423281077,False,0.6373432823335842,False,0.15677089455728352,False,0.4673823363018798,False,178.38584110436287,36.0,False,False,1.562039423281077,0.656387636226693,0.07047455593273294,0.0018888258862773332,0.254634140721994,0.2732765575683501,0.251332,0,False
66340,2026-04-25 07:00:00+00:00,399.54,plan_b,footfall_plan_b,0.8967226718758293,False,1.1820469595244822,False,1.3161286175816418,False,0.46416294028433697,False,316.6477433941975,39.0,False,False,0.8967226718758293,0.3768135849651641,0.1307054406521912,0.015857138594372523,0.24805744215782463,0.48508561408709366,0.251304,0,False
66335,2026-04-24 04:00:00+00:00,644.84,plan_b,footfall_plan_b,1.162998689640908,False,1.7050657934028666,False,1.0137943989370366,False,0.4006966929329721,False,291.49557301963404,3.0,False,False,1.162998689640908,0.488705950343209,0.18853851285007583,0.012214519215973177,0.1184062977958111,0.4465539767509663,0.250884,0,False
66335,2026-04-24 22:00:00+00:00,698.37,plan_b,footfall_plan_b,1.154638445173157,False,0.8764706559975813,False,0.4137899296672781,False,0.4506826985997686,False,291.49557301963404,9.0,False,False,1.154638445173157,0.4851928756904979,0.09691618627145264,0.004985473437806062,0.22051951714069,0.4465539767509663,0.250834,0,False
66336,2026-04-21 15:00:00+00:00,861.03,plan_b,footfall_plan_b,0.6094988817335915,False,0.7315719577950257,False,6.0870018114668065,False,0.5037747829686128,False,336.0638910981524,46.0,False,False,0.6094988817335915,0.25611871525212826,0.0808939394005561,0.07333814496487712,0.32897794634128125,0.5148300039609022,0.250832,0,False
66332,2026-04-25 01:00:00+00:00,62.3,plan_b,footfall_plan_b,1.5174351202102156,False,1.0845366916582797,False,0.5577018167251626,False,0.42342429344093063,False,212.1173577541787,1.0,False,False,1.5174351202102156,0.637644374935167,0.11992319344376189,0.006719369888327549,0.16483506170469744,0.3249512459547913,0.250815,0,False
66332,2026-04-21 19:00:00+00:00,119.72,plan_b,footfall_plan_b,-0.7618291287445029,False,1.654391490730402,False,5.831350579444082,False,0.4785868170933902,False,262.95790827804694,7.0,False,False,0.7618291287445029,0.3201297058014548,0.1829351761914278,0.07025797714248344,0.277523059119188,0.4028359622867014,0.250736,0,False
66331,2026-04-25 22:00:00+00:00,86.27,plan_b,footfall_plan_b,0.8443196974373491,False,1.0962753282560525,False,0.16732281784833666,False,0.5085436944788712,False,284.6448083380434,266.0,False,False,0.8443196974373491,0.35479322874990843,0.12122119912518173,0.002015958833489491,0.33872005116816895,0.43605901046156986,0.250562,0,False
66336,2026-04-21 09:00:00+00:00,852.93,plan_b,footfall_plan_b,-0.5565336794333843,False,0.7845576653353271,False,6.704437533330062,False,0.5074865271950063,False,336.0638910981524,27.0,False,False,0.5565336794333843,0.23386210416924283,0.08675286082201067,0.08077720805028621,0.3365604316246288,0.5148300039609022,0.250557,0,False
66332,2026-04-21 14:00:00+00:00,176.94,plan_b,footfall_plan_b,-0.8605345175735182,False,0.12397889228518923,False,15.87302922309182,False,0.46864502175074957,False,280.0153905362201,20.0,False,False,0.8605345175735182,0.3616068899817516,0.013709028746391846,0.19124333362311283,0.25721360020238354,0.42896701620577143,0.250548,0,False
66342,2026-04-23 19:00:00+00:00,859.47,plan_b,footfall_plan_b,0.5994912743648563,False,1.4279440649153972,False,1.2992527126250761,False,0.5191806377927433,False,303.23053589532776,187.0,False,False,0.5994912743648563,0.25191339901801496,0.1578956375020247,0.015653812293107656,0.36044958348985157,0.46453124578761484,0.250089,0,False
66342,2026-04-23 14:00:00+00:00,1682.34,plan_b,footfall_plan_b,0.602932949698661,False,0.6754925400644266,False,5.719850667010691,False,0.5198977166991081,False,319.35181496386514,658.0,False,False,0.602932949698661,0.25335963213053814,0.07469292940942601,0.06891459053034103,0.36191445820181234,0.4892280917938579,0.249622,0,False
66332,2026-04-22 19:00:00+00:00,954.42,plan_b,footfall_plan_b,0.35094921420709296,False,0.528500030832562,False,14.879879120575055,False,0.5504823175808576,False,286.004938366057,46.0,False,False,0.35094921420709296,0.14747305459495935,0.05843915832451827,0.179277543494211,0.42439378650085663,0.43814264921675244,0.249545,0,False
66332,2026-04-26 11:00:00+00:00,355.43,plan_b,footfall_plan_b,-0.8125060831706591,False,1.7825886889788698,False,0.2172629581940438,False,0.4458391589126792,False,322.95354615970024,91.0,False,False,0.8125060831706591,0.3414247677769597,0.19711064625412564,0.0026176536194743184,0.21062495917640126,0.49474573095395535,0.249305,0,False
66331,2026-04-26 22:00:00+00:00,101.69,plan_b,footfall_plan_b,1.346169191607985,False,0.0,False,4.018154022115607,False,0.45183813742577233,False,266.975752944227,137.0,False,False,1.346169191607985,0.5656763846489454,0.0,0.048412005005483545,0.22287988934297784,0.4089910626714661,0.249192,0,False
66332,2026-04-21 18:00:00+00:00,137.37,plan_b,footfall_plan_b,-0.9506879119083552,False,0.8613691954534952,False,6.83643636790697,False,0.4727962160817194,False,262.95790827804694,11.0,False,False,0.9506879119083552,0.39949042385630507,0.09524633463061724,0.08236757223371058,0.2656938100452579,0.4028359622867014,0.249127,0,False
66330,2026-04-23 23:00:00+00:00,82.71,plan_b,footfall_plan_b,1.2301120273200323,False,1.112416359731444,False,0.47295894085331996,False,0.47511767659084037,False,213.98811469387093,19.0,False,False,1.2301120273200323,0.5169077770205102,0.1230060018477577,0.0056983606118522125,0.27043617349290994,0.3278171349365693,0.248773,0,False
66330,2026-04-26 00:00:00+00:00,59.42,plan_b,footfall_plan_b,1.3260608975019013,False,1.029720775851574,False,0.09726850952324284,False,0.4644776644208849,False,210.04193898574997,15.0,False,False,1.3260608975019013,0.5572266391174792,0.11386189581718441,0.0011719221174692127,0.24870037200108264,0.32177182715654074,0.248547,0,False
66330,2026-04-22 17:00:00+00:00,470.08,plan_b,footfall_plan_b,-0.2748568499859497,False,1.529764313402298,False,16.5514844278012,False,0.5282819136393728,False,247.676685298809,183.0,False,False,0.2748568499859497,0.11549813364123296,0.16915446299839054,0.1994175789570668,0.3790419987958512,0.3794260325223913,0.248508,0,False
66336,2026-04-25 07:00:00+00:00,265.04,plan_b,footfall_plan_b,-0.6651928438238227,False,1.3156325868003116,False,0.4685264172079383,False,0.4878988727534649,False,336.0638910981524,12.0,False,False,0.6651928438238227,0.27952198381478593,0.1454767389810754,0.00564495614907501,0.2965460630476767,0.5148300039609022,0.248404,0,False
66342,2026-04-25 18:00:00+00:00,1511.42,plan_b,footfall_plan_b,0.8089486399174269,False,0.7215970175506087,False,0.11835539703192234,False,0.5163232864547933,False,303.23053589532776,633.0,False,False,0.8089486399174269,0.33992988760095566,0.07979095533581955,0.00142598368355193,0.35461248288488606,0.46453124578761484,0.248058,0,False
66338,2026-04-22 23:00:00+00:00,0.43,plan_b,footfall_plan_b,-1.0003640966698653,False,2.0499142046799337,False,0.7781659531276968,False,0.45850534050019265,False,226.01366425665876,1.0,False,False,1.0003640966698653,0.4203649504568419,0.22667030041654398,0.009375592326866519,0.23649989279941253,0.3462395655904888,0.24783,0,False
66340,2026-04-21 13:00:00+00:00,1350.78,plan_b,footfall_plan_b,-0.5248207525159622,False,0.2974034296181469,False,8.73498953004955,False,0.5359341740162036,False,316.6477433941975,50.0,False,False,0.5248207525159622,0.22053595322394054,0.03288553471289371,0.10524194804980486,0.3946743129189717,0.48508561408709366,0.247685,0,False
66340,2026-04-22 17:00:00+00:00,1921.46,plan_b,footfall_plan_b,0.8481905966524197,False,0.7739050878660904,False,0.22524023372864352,False,0.4938024948136989,False,316.6477433941975,56.0,False,False,0.8481905966524197,0.3564198268677171,0.08557494667826268,0.0027137663869256333,0.30860619560526537,0.48508561408709366,0.24768,0,False
66340,2026-04-23 07:00:00+00:00,0.44,plan_b,footfall_plan_b,-1.743081467660002,False,2.9844920738697867,False,1.4540863019902286,False,0.41927521093253006,False,,,False,False,1.743081467660002,0.7324636672131064,0.3300117211883434,0.0175192969067154,0.1563591659693089,0.0,0.247271,0,False
66335,2026-04-20 13:00:00+00:00,610.93,plan_b,footfall_plan_b,-0.6512322942074886,False,1.162485630310673,False,6.558670397315146,False,0.49377893492527586,False,291.49557301963404,17.0,False,False,0.6512322942074886,0.2736555939999611,0.12854243677655663,0.07902095896686416,0.3085580666135167,0.4465539767509663,0.247266,0,False
66335,2026-04-21 03:00:00+00:00,82.48,plan_b,footfall_plan_b,-1.3802246109300682,False,3.54744408407036,False,0.8727325325879005,False,0.4666595372811282,False,,,False,False,1.3802246109300682,0.5799868789017584,0.39226042456380245,0.01051496072662945,0.2531575807535847,0.0,0.247184,0,False
66342,2026-04-21 07:00:00+00:00,1.76,plan_b,footfall_plan_b,-1.2190273947660062,False,5.120182536969896,True,0.23562407645819672,False,0.37493055661272423,False,57.66600077549006,1.0,False,False,1.2190273947660062,0.5122498819301956,0.5661667747815424,0.0028388742457663963,0.06577030308805189,0.08834090241186925,0.247073,1,False
66336,2026-04-24 19:00:00+00:00,381.02,plan_b,footfall_plan_b,-0.23429310083715754,False,1.9767479899783893,False,1.6514324412555905,False,0.4790941522600115,False,403.8863452810605,43.0,True,False,0.23429310083715754,0.09845276140322565,0.21857990920462012,0.019896986320646154,0.2785594617374709,0.6187299922682644,0.246844,1,False
66332,2026-04-24 16:00:00+00:00,241.14,plan_b,footfall_plan_b,-0.6453402993706933,False,1.957043858599437,False,1.5952979328869166,False,0.45635242604862797,False,322.95354615970024,42.0,False,False,0.6453402993706933,0.2711797073443859,0.21640111490731853,0.01922065980723546,0.23210184133099093,0.49474573095395535,0.24673,0,False
66335,2026-04-24 01:00:00+00:00,651.46,plan_b,footfall_plan_b,1.1879927563555464,False,2.6764859897700517,False,1.1024912283310773,False,0.41063123802502804,False,186.68935280976274,1.0,False,False,1.1879927563555464,0.4992087559228872,0.29595379259132143,0.013283166989294215,0.13870094563862825,0.28599704637246226,0.246629,0,False
66342,2026-04-21 18:00:00+00:00,1.87,plan_b,footfall_plan_b,-1.1776599260058052,False,3.7594017762893417,False,0.913928636650385,False,0.3795023356552391,False,152.13977959362907,2.0,False,False,1.1776599260058052,0.49486677710486754,0.4156977536291793,0.011011304566388323,0.07510969858359441,0.23306914371208817,0.245951,0,False
66332,2026-04-22 01:00:00+00:00,63.33,plan_b,footfall_plan_b,1.5569393889111207,False,1.8306506676884364,False,0.34320768297583476,False,0.42206694653449434,False,135.01268599847307,1.0,False,False,1.5569393889111207,0.654244540825337,0.202425123868769,0.0041350759514684615,0.1620622243768273,0.20683144934206849,0.24594,0,False
66335,2026-04-23 12:00:00+00:00,1346.06,plan_b,footfall_plan_b,0.25632881019418924,False,1.961594958280624,False,0.08171695091623003,False,0.5323989243259872,False,337.17117693788396,72.0,False,False,0.25632881019418924,0.10771242986092613,0.2169043550573722,0.0009845519646622346,0.3874523770543149,0.5165263003746348,0.245916,0,False
66340,2026-04-22 08:00:00+00:00,851.7,plan_b,footfall_plan_b,0.7986201773903535,False,0.8234881822983596,False,1.4505679420799251,False,0.4894943475189771,False,316.6477433941975,36.0,False,False,0.7986201773903535,0.3355897441942282,0.09105762243361175,0.01747690658104565,0.29980535657426843,0.48508561408709366,0.245803,0,False
66335,2026-04-24 19:00:00+00:00,466.06,plan_b,footfall_plan_b,1.0779967634283774,False,0.755431522629839,False,0.21454775888508598,False,0.426782110929843,False,337.17117693788396,24.0,False,False,1.0779967634283774,0.4529871249475205,0.08353222285484319,0.0025849400296485752,0.1716945326544464,0.5165263003746348,0.245465,0,False
66335,2026-04-23 11:00:00+00:00,1486.12,plan_b,footfall_plan_b,0.41545553924587697,False,0.7887542249552078,False,0.08183198276679318,False,0.5617986355365157,False,337.17117693788396,61.0,False,False,0.41545553924587697,0.17457938339999055,0.08721689752539202,0.0009859379051947784,0.4475111698998282,0.5165263003746348,0.245364,0,False
66336,2026-04-21 20:00:00+00:00,234.52,plan_b,footfall_plan_b,-0.7535004821676693,False,0.9633655330888415,False,2.576298207194058,False,0.4688272701386779,False,336.0638910981524,24.0,False,False,0.7535004821676693,0.31662990896018667,0.10652463127367162,0.031040064919320445,0.25758590379743035,0.5148300039609022,0.245322,0,False
66340,2026-04-24 12:00:00+00:00,1781.68,plan_b,footfall_plan_b,-0.42568848755984645,False,0.8081689413964875,False,14.791384881895777,False,0.48667336050622756,False,316.6477433941975,130.0,False,False,0.42568848755984645,0.17887939059272048,0.0893636896195197,0.17821133659862715,0.29404254232737426,0.48508561408709366,0.245117,0,False
66336,2026-04-22 18:00:00+00:00,879.08,plan_b,footfall_plan_b,1.1389986887680448,False,0.8391910908245195,False,0.04084970652116181,False,0.4698128928395262,False,257.0844248627809,34.0,False,False,1.1389986887680448,0.4786208631119999,0.09279397948939103,0.000492170331373654,0.2595993694804839,0.3938381330939705,0.245069,0,False
66336,2026-04-26 09:00:00+00:00,944.63,plan_b,footfall_plan_b,-0.10718779023777958,False,1.785882515124079,False,13.73388302178374,False,0.49076268841022497,False,336.0638910981524,95.0,False,False,0.10718779023777958,0.04504159063972522,0.19747486274677198,0.16547021590905814,0.30239636919678936,0.5148300039609022,0.245043,0,False
66332,2026-04-23 18:00:00+00:00,3.36,plan_b,footfall_plan_b,-1.2562797816973326,False,3.780475349630117,True,1.5801525345290024,False,0.4024771765757635,False,88.8121686947739,1.0,False,False,1.2562797816973326,0.5279037801847568,0.41802797466433206,0.019038183203034176,0.12204353414488577,0.1360549894589914,0.244614,1,False
66340,2026-04-26 17:00:00+00:00,652.12,plan_b,footfall_plan_b,-0.8234176134922346,False,0.6991136241520614,False,0.009934782812045925,False,0.4962509635119958,False,316.6477433941975,89.0,False,False,0.8234176134922346,0.34600992324016216,0.07730484273442519,0.00011969744130712202,0.3136080159730476,0.48508561408709366,0.244426,0,False
66335,2026-04-21 00:00:00+00:00,67.48,plan_b,footfall_plan_b,-1.4076852860681692,False,1.2026344336024501,False,1.134124451253357,False,0.57956235616665,False,,,False,False,1.4076852860681692,0.5915261828235672,0.13298191101539814,0.01366429417805406,0.4837995405525558,0.0,0.244394,0,False
66336,2026-04-26 08:00:00+00:00,512.43,plan_b,footfall_plan_b,-0.4154917594522251,False,1.7477465767145506,False,0.5847569816330079,False,0.505120686648784,False,336.0638910981524,110.0,False,False,0.4154917594522251,0.17459460356362672,0.19325796206077261,0.007045339169677587,0.33172740703287024,0.5148300039609022,0.244291,0,False
66333,2026-04-24 19:00:00+00:00,411.99,plan_b,footfall_plan_b,0.37633601224967594,False,0.6620827527471764,False,2.587171656772898,False,0.5291833278992283,False,377.2126915828801,51.0,False,False,0.37633601224967594,0.1581408905728334,0.07321013539161605,0.031171071718099283,0.38088344043155214,0.5778675324716681,0.244255,0,False
66336,2026-04-23 04:00:00+00:00,10.59,plan_b,footfall_plan_b,-1.722721551946102,False,1.097495369732979,False,0.5755844497849723,False,0.49300873526824224,False,38.48262612558195,1.0,False,False,1.722721551946102,0.7239081872744821,0.12135610582882046,0.006934825571817479,0.3069846749118016,0.05895310708901148,0.243627,0,False
66335,2026-04-21 04:00:00+00:00,82.04,plan_b,footfall_plan_b,-1.344951782313791,False,3.6126298146693805,False,0.6589842253930148,False,0.4622983649036602,False,,,False,False,1.344951782313791,0.5651648147122162,0.3994683697080525,0.007939652746676979,0.24424842016672407,0.0,0.243364,0,False
66335,2026-04-24 23:00:00+00:00,630.19,plan_b,footfall_plan_b,1.05114964206887,False,1.2454996570878116,False,0.329449884618032,False,0.3993528933247174,False,337.17117693788396,9.0,False,False,1.05114964206887,0.4417056436570914,0.13772175479162402,0.00396931759594089,0.11566113537839426,0.5165263003746348,0.243117,0,False
66331,2026-04-26 21:00:00+00:00,124.13,plan_b,footfall_plan_b,0.5321350464234287,False,0.5353628725668131,False,10.580133186369562,False,0.5368628048245183,False,266.29487608786127,278.0,False,False,0.5321350464234287,0.22360950694930343,0.05919802052180558,0.12747282905485124,0.3965713535037297,0.40794799959939904,0.24296,0,False
66335,2026-04-25 20:00:00+00:00,272.53,plan_b,footfall_plan_b,-0.4906437331498581,False,1.969434672316848,False,1.5838051027899192,False,0.5013550815722004,False,291.49557301963404,35.0,False,False,0.4906437331498581,0.2061743611791831,0.21777123540373683,0.019082190513843352,0.32403489285771214,0.4465539767509663,0.242723,0,False
66342,2026-04-22 17:00:00+00:00,74.52,plan_b,footfall_plan_b,-1.0562632600790043,False,4.2932602657343715,False,3.7285223068157904,False,0.40992460546356607,False,73.64398028435545,11.0,False,False,1.0562632600790043,0.4438544470664112,0.4747294262260924,0.04492242945072197,0.13725741109766512,0.11281822196844687,0.242716,0,False
66332,2026-04-21 07:00:00+00:00,137.59,plan_b,footfall_plan_b,-0.6090421357195165,False,1.7903959752417247,False,5.486232970809743,False,0.48621995062823575,False,260.66708279718154,15.0,False,False,0.6090421357195165,0.2559267851176731,0.19797394088304188,0.06609988979572484,0.2931163002380755,0.3993265531456782,0.242489,0,False
66336,2026-04-24 23:00:00+00:00,128.33,plan_b,footfall_plan_b,1.2752226587821425,False,0.5810313856205104,False,0.5459716257455598,False,0.44625463134284904,False,257.0844248627809,13.0,False,False,1.2752226587821425,0.5358638035540222,0.06424783946048389,0.006578040795093634,0.21147370127586973,0.3938381330939705,0.2424,0,False
66330,2026-04-20 10:00:00+00:00,324.69,plan_b,footfall_plan_b,-0.5710270727338141,False,0.6652279526400091,False,22.450548566774135,False,0.5090395248382785,False,187.28537578705254,77.0,False,False,0.5710270727338141,0.23995240126903702,0.07355791746120262,0.2704913907253031,0.33973295135038223,0.2869101183206451,0.242129,0,False
66335,2026-04-22 09:00:00+00:00,197.88,plan_b,footfall_plan_b,-1.351152299856214,False,1.0295503503591952,False,4.316242647095871,False,0.46030850211235397,False,152.31926126768684,10.0,False,False,1.351152299856214,0.5677703462963707,0.11384305093213119,0.05200347211331335,0.24018345652411321,0.23334409902092582,0.241429,0,False
66332,2026-04-26 15:00:00+00:00,212.99,plan_b,footfall_plan_b,-0.7372314573339801,False,2.1259141731844253,False,0.17491395863885323,False,0.46845211033344164,False,262.95790827804694,91.0,False,False,0.7372314573339801,0.30979347026655385,0.235074035389077,0.002107419326025395,0.25681951378545703,0.4028359622867014,0.241326,0,False
66342,2026-04-24 09:00:00+00:00,1104.77,plan_b,footfall_plan_b,0.4609910827605829,False,0.9253765953956633,False,0.15144809425454667,False,0.559967800601132,False,303.23053589532776,293.0,False,False,0.4609910827605829,0.19371396305684296,0.10232398526626343,0.0018246950855462028,0.44377107411007244,0.46453124578761484,0.241233,0,False
66340,2026-04-21 12:00:00+00:00,1715.23,plan_b,footfall_plan_b,-0.4803130161656499,False,0.48817282731464606,False,12.001590111950264,False,0.49950302525391205,False,316.6477433941975,58.0,False,False,0.4803130161656499,0.20183327042262084,0.0539799573904029,0.14459899679693794,0.3202514452598163,0.48508561408709366,0.24115,0,False
66335,2026-04-20 19:00:00+00:00,256.77,plan_b,footfall_plan_b,-0.6507889341682812,False,2.470919690653384,False,0.44286668075110974,False,0.44377786062741653,False,291.49557301963404,4.0,False,False,0.6507889341682812,0.27346928881214355,0.2732231950522076,0.005335799436079394,0.2064140645243793,0.4465539767509663,0.240999,0,False
66335,2026-04-21 02:00:00+00:00,78.51,plan_b,footfall_plan_b,-1.3225866977860494,False,3.0370952287622464,False,0.7027955485571536,False,0.49162569671395273,False,,,False,False,1.3225866977860494,0.555766738870866,0.3358283416571954,0.008467505582741838,0.30415935375695685,0.0,0.240844,0,False
66330,2026-04-21 20:00:00+00:00,133.0,plan_b,footfall_plan_b,-1.0102028989315741,False,0.8895534761230747,False,8.023369273579897,False,0.513546677388101,False,153.67101288508454,42.0,False,False,1.0102028989315741,0.4244993327673086,0.09836282572659227,0.0966681195632419,0.3489403255104378,0.2354149025466035,0.240777,0,False
66330,2026-04-23 11:00:00+00:00,399.05,plan_b,footfall_plan_b,-0.7502457890840396,False,1.573935188588428,False,12.605653080050383,False,0.46057406549355745,False,210.04193898574997,107.0,False,False,0.7502457890840396,0.3152622480241268,0.1740386798720743,0.15187694066726595,0.2407259589992172,0.32177182715654074,0.240735,0,False
66331,2026-04-23 08:00:00+00:00,16.26,plan_b,footfall_plan_b,-1.4259064855486885,False,1.6424161989405954,False,4.639586514345756,False,0.4435722534635528,False,105.02096949287498,127.0,False,False,1.4259064855486885,0.5991829486375251,0.1816110022424039,0.055899222458779686,0.20599404277744376,0.16088591357827037,0.240715,0,False
66331,2026-04-25 14:00:00+00:00,242.55,plan_b,footfall_plan_b,-0.072036439608869,False,3.7694580488111558,True,4.554479468103043,False,0.47463411666968536,False,281.87079476849095,743.0,False,False,0.072036439608869,0.030270572952462597,0.4168097310516423,0.05487382554118348,0.2694483398055286,0.4318093857478479,0.240642,1,False
66333,2026-04-24 11:00:00+00:00,827.69,plan_b,footfall_plan_b,0.37097863306219864,False,1.0910969201584004,False,0.31876972679228294,False,0.5441769078578765,False,332.8332646003539,70.0,False,False,0.37097863306219864,0.1558896558031937,0.12064859402956626,0.0038406396380344173,0.41151286758138805,0.5098808752484335,0.240355,0,False
66330,2026-04-26 06:00:00+00:00,28.48,plan_b,footfall_plan_b,-1.1752422844606043,False,1.7067477521883607,False,0.5181457353944686,False,0.4360638699705962,False,210.04193898574997,16.0,False,False,1.1752422844606043,0.49385085523026817,0.18872449629383453,0.006242785567059892,0.19065564555377779,0.32177182715654074,0.240249,0,False
66336,2026-04-21 13:00:00+00:00,1123.45,plan_b,footfall_plan_b,0.6603134714037884,False,0.7300764290283659,False,1.7211071244841474,False,0.492955170149094,False,336.0638910981524,48.0,False,False,0.6603134714037884,0.2774716132022897,0.08072857055046158,0.020736449192066995,0.3068752501500537,0.5148300039609022,0.240128,0,False
66340,2026-04-20 07:00:00+00:00,452.91,plan_b,footfall_plan_b,1.2497328120086966,False,1.1820469595244822,False,0.35180972582225317,False,0.4721166897184407,False,179.5140679618003,29.0,False,False,1.2497328120086966,0.5251526652677306,0.1307054406521912,0.004238716115346234,0.2643056490258188,0.2750049343826079,0.239881,0,False
66333,2026-04-22 13:00:00+00:00,3.14,plan_b,footfall_plan_b,-0.9679723843927452,False,2.959305005592157,True,6.562596993259205,False,0.35618211289590396,False,234.19606339749765,2.0,False,False,0.9679723843927452,0.4067535657900875,0.3272266483691647,0.07906826785085716,0.027470304516602127,0.3587745171091494,0.239859,1,False
66336,2026-04-21 10:00:00+00:00,1237.38,plan_b,footfall_plan_b,-0.7037171565887654,False,0.7328358684921671,False,0.4296926649804647,False,0.48972240146417173,False,336.0638910981524,48.0,False,False,0.7037171565887654,0.2957103605075606,0.08103369696541743,0.005177074679905168,0.30027123341754647,0.5148300039609022,0.239404,0,False
66336,2026-04-21 07:00:00+00:00,357.21,plan_b,footfall_plan_b,0.798272241447583,False,0.9207572348403052,False,0.21204588551825052,False,0.46123246170066806,False,336.0638910981524,13.0,False,False,0.798272241447583,0.3354435373523076,0.10181319713550904,0.002554796659013282,0.24207095457179162,0.5148300039609022,0.239342,0,False
66335,2026-04-25 19:00:00+00:00,419.42,plan_b,footfall_plan_b,0.6927391546754119,False,0.988348649573691,False,0.3102395639137782,False,0.4948334403556315,False,313.4843335260183,59.0,False,False,0.6927391546754119,0.29109727288697906,0.10928715202016624,0.0037378655070033893,0.31071224842648354,0.4802394572755337,0.239015,0,False
66342,2026-04-22 18:00:00+00:00,74.66,plan_b,footfall_plan_b,-1.0818663202865166,False,2.6168658149215145,False,3.7582701712092437,False,0.4177916820487204,False,164.52881258835512,18.0,False,False,1.0818663202865166,0.45461315899090193,0.28936126159029113,0.04528084123682868,0.153328559536646,0.25204840948474955,0.238926,0,False
66333,2026-04-21 14:00:00+00:00,3.85,plan_b,footfall_plan_b,-0.9995974938088923,False,1.9949682549467525,False,1.7712034930221456,False,0.38875508054219376,False,285.7018719626486,2.0,False,False,0.9995974938088923,0.42004281477169914,0.22059462422275072,0.021340026265287595,0.09401154032069914,0.43767836941222693,0.238733,0,False
66331,2026-04-24 16:00:00+00:00,254.09,plan_b,footfall_plan_b,0.3518328405995748,False,2.0114235855363285,False,0.6439147108828968,False,0.44103756780595776,False,401.161729637475,267.0,False,False,0.3518328405995748,0.14784436496678746,0.22241418072890953,0.007758090415348045,0.200816095288508,0.6145560422553801,0.238678,0,False
66332,2026-04-21 16:00:00+00:00,162.82,plan_b,footfall_plan_b,-0.784279357953029,False,0.5970628623561631,False,10.23222764105003,False,0.4754730186788585,False,262.95790827804694,25.0,False,False,0.784279357953029,0.3295635604553781,0.06602052811227975,0.12328115175509043,0.2711620791557496,0.4028359622867014,0.238573,0,False
66335,2026-04-23 04:00:00+00:00,626.76,plan_b,footfall_plan_b,1.0824305579192641,False,2.9307242919864467,False,5.370940588428334,False,0.3993594681709252,False,152.31926126768684,2.0,False,False,1.0824305579192641,0.45485025838833665,0.3240663215006863,0.0647108102924946,0.11567456671190493,0.23334409902092582,0.238529,0,False
66335,2026-04-20 12:00:00+00:00,648.76,plan_b,footfall_plan_b,-0.7884779600531212,False,1.2068096244588722,False,0.1604481895947401,False,0.47937693953797694,False,291.49557301963404,22.0,False,False,0.7884779600531212,0.33132786324240193,0.1334435848569477,0.0019331311131999824,0.2791371498115154,0.4465539767509663,0.238479,0,False
66332,2026-04-24 18:00:00+00:00,346.41,plan_b,footfall_plan_b,-0.4740001687497264,False,2.793132516842759,False,2.2255565354018514,False,0.4480230380425436,False,288.7502556928455,52.0,False,False,0.4740001687497264,0.199180536482978,0.3088520413442469,0.026814217060582634,0.2150862664090109,0.44234831298385935,0.238456,0,False
66340,2026-04-23 20:00:00+00:00,1.73,plan_b,footfall_plan_b,-1.520446818852226,False,2.7240036264139635,False,8.01113118435873,False,0.41867532103309796,False,,,False,False,1.520446818852226,0.6389099267024226,0.3012080793066239,0.0965206711495246,0.15513368919703346,0.0,0.238354,0,False
66342,2026-04-23 13:00:00+00:00,1992.84,plan_b,footfall_plan_b,0.4603398309360818,False,0.8994485239169723,False,5.616214638993323,False,0.5217276485816384,False,303.23053589532776,468.0,False,False,0.4603398309360818,0.19344029925598016,0.09945697564318795,0.06766595051318121,0.36565270920255455,0.46453124578761484,0.238149,0,False
66340,2026-04-22 18:00:00+00:00,1615.57,plan_b,footfall_plan_b,0.8351928558208509,False,0.7535032614877264,False,0.2226815092046536,False,0.4736959539908356,False,316.6477433941975,47.0,False,False,0.8351928558208509,0.3509580208124,0.08331900440337514,0.0026829380553631136,0.26753182717106944,0.48508561408709366,0.237915,0,False
66340,2026-04-24 19:00:00+00:00,1064.23,plan_b,footfall_plan_b,0.4334718908887844,False,1.1173877624580724,False,4.487902787857932,False,0.5111668361159184,False,316.6477433941975,34.0,False,False,0.4334718908887844,0.18215006970410244,0.12355571721972977,0.05407168840071175,0.3440786997295685,0.48508561408709366,0.237788,0,False
66333,2026-04-23 12:00:00+00:00,443.46,plan_b,footfall_plan_b,-0.26249408869302765,False,0.7420867755596811,False,1.685143998361158,False,0.5375230553969069,False,377.2126915828801,81.0,False,False,0.26249408869302765,0.11030315357776513,0.0820566206952651,0.020303153944474094,0.3979201372407284,0.5778675324716681,0.23769,0,False
66340,2026-04-22 09:00:00+00:00,1455.33,plan_b,footfall_plan_b,0.7025440431737665,False,0.7415920311211199,False,0.19755529882285128,False,0.5009545635504612,False,316.6477433941975,52.0,False,False,0.7025440431737665,0.29521740422872383,0.08200191407863595,0.0023802094351863807,0.3232167001643799,0.48508561408709366,0.23758,0,False
66340,2026-04-21 16:00:00+00:00,781.98,plan_b,footfall_plan_b,-0.6232055067426283,False,0.3301717446889658,False,10.886819826600144,False,0.5298204410490466,False,244.7311530415017,59.0,False,False,0.6232055067426283,0.26187840291188613,0.03650890773225683,0.13116788780079264,0.3821849582053181,0.3749136513238603,0.237331,0,False
66331,2026-04-25 12:00:00+00:00,273.57,plan_b,footfall_plan_b,-0.15789920911228822,False,0.8373639396881155,False,5.593407052061846,False,0.5114959755461587,False,401.161729637475,831.0,False,False,0.15789920911228822,0.06635113498837052,0.09259194132796476,0.06739115741002677,0.34475107765588675,0.6145560422553801,0.237128,0,False
66335,2026-04-20 14:00:00+00:00,537.75,plan_b,footfall_plan_b,-0.6108601009225262,False,0.8246911785885535,False,0.3963787661739526,False,0.5447986843981967,False,274.0258427063832,14.0,False,False,0.6108601009225262,0.25669071582554176,0.09119064435710283,0.004775698170469156,0.4127830551748606,0.41979138319479037,0.237046,0,False
66333,2026-04-24 13:00:00+00:00,713.44,plan_b,footfall_plan_b,0.31016935269975204,False,0.6744907594765952,False,0.45197549986403884,False,0.536798697125352,False,377.2126915828801,86.0,False,False,0.31016935269975204,0.13033686936076708,0.07458215701403659,0.0054455454025261925,0.3964403919784119,0.5778675324716681,0.236934,0,False
66333,2026-04-26 17:00:00+00:00,460.01,plan_b,footfall_plan_b,0.3752153328165318,False,0.39104054886266837,False,0.5433402763368483,False,0.5380275164638774,False,377.2126915828801,139.0,False,False,0.3752153328165318,0.15766996767989883,0.04323950655270999,0.0065463374556883796,0.39895066854434724,0.5778675324716681,0.236855,0,False
66330,2026-04-25 03:00:00+00:00,7.01,plan_b,footfall_plan_b,-0.8570374832352627,False,3.014814145548016,False,1.419698943795246,False,0.4592498568848064,False,153.67101288508454,11.0,False,False,0.8570374832352627,0.3601373943538695,0.33336459960679865,0.017104987015183586,0.2380208177837911,0.2354149025466035,0.236809,0,False
66336,2026-04-24 17:00:00+00:00,823.8,plan_b,footfall_plan_b,0.020905298371853367,False,2.7945333466293443,False,0.48078883463444716,False,0.5110316296752562,False,336.0638910981524,89.0,False,False,0.020905298371853367,0.008784656250283,0.309006938806703,0.005792697676792484,0.34380249512493943,0.5148300039609022,0.236443,0,False
66333,2026-04-24 14:00:00+00:00,550.85,plan_b,footfall_plan_b,0.2471804922342914,False,0.6765322795649922,False,3.3768172238054928,False,0.5310637336245969,False,377.2126915828801,87.0,False,False,0.2471804922342914,0.10386819730722123,0.07480789913079781,0.04068497410544784,0.38472480122304825,0.5778675324716681,0.236391,0,False
66342,2026-04-24 16:00:00+00:00,1028.0,plan_b,footfall_plan_b,0.2294041184932099,False,0.8205752877189201,False,4.451911284966091,False,0.5755916536200777,False,303.23053589532776,480.0,False,False,0.2294041184932099,0.09639835258583668,0.09073552764159758,0.05363805126073042,0.47568804585153524,0.46453124578761484,0.236198,0,False
66330,2026-04-26 02:00:00+00:00,21.14,plan_b,footfall_plan_b,1.0425067727386494,False,0.9598533064151646,False,1.6140084503743468,False,0.45151156101149453,False,256.6362374405389,10.0,False,False,1.0425067727386494,0.4380738066590448,0.1061362650320817,0.01944609010713714,0.22221274723831944,0.3931515364720778,0.235804,0,False
66338,2026-04-22 04:00:00+00:00,3.56,plan_b,footfall_plan_b,1.4813859669580816,False,0.7986513902893254,False,7.813317358266497,False,0.5255563110974615,False,,,False,False,1.4813859669580816,0.6224960898544747,0.08831128159006897,0.09413734689509773,0.3734740393940855,0.0,0.235684,0,False
66332,2026-04-20 17:00:00+00:00,940.45,plan_b,footfall_plan_b,0.47463065615022354,False,0.3549358851419474,False,0.31311316602805417,False,0.5584182021398267,False,322.95354615970024,45.0,False,False,0.47463065615022354,0.19944547482468372,0.0392472150932282,0.0037724875844982807,0.4406054983561197,0.49474573095395535,0.235563,0,False
66333,2026-04-24 12:00:00+00:00,867.13,plan_b,footfall_plan_b,0.414824477362591,False,0.9770551907788165,False,0.9697546497349974,False,0.5499497423595102,False,298.9220375088999,100.0,False,False,0.414824477362591,0.17431420365375036,0.10803837209955695,0.01168391422993364,0.42330582258636407,0.4579308810947525,0.235055,0,False
66332,2026-04-24 13:00:00+00:00,372.28,plan_b,footfall_plan_b,-0.6684185595931232,False,0.6584224568751235,False,4.139665180162091,False,0.47814373157243817,False,322.95354615970024,62.0,False,False,0.6684185595931232,0.28087746813700804,0.07280539632349431,0.049876010307219394,0.2766179079996704,0.49474573095395535,0.234985,0,False
66340,2026-04-26 16:00:00+00:00,757.84,plan_b,footfall_plan_b,-0.6538837677410754,False,0.6222236520256297,False,0.005938889353624841,False,0.5120978367235173,False,316.6477433941975,117.0,False,False,0.6538837677410754,0.2747697748710001,0.06880269516106409,7.155363869384961e-05,0.34598058142597116,0.48508561408709366,0.234942,0,False
66342,2026-04-24 07:00:00+00:00,352.8,plan_b,footfall_plan_b,0.49709499802151136,False,1.35552927223649,False,0.45820171983721253,False,0.5119917671727613,False,303.23053589532776,93.0,False,False,0.49709499802151136,0.20888525978818373,0.14988833516046524,0.00552056089243711,0.34576389871332636,0.46453124578761484,0.234918,0,False
66335,2026-04-26 09:00:00+00:00,782.73,plan_b,footfall_plan_b,0.48937247138918516,False,0.9790492130587919,False,5.312410581718893,False,0.5140443808181583,False,291.49557301963404,46.0,False,False,0.48937247138918516,0.20564016179235795,0.10825886212211859,0.06400562204879047,0.34995705206908534,0.4465539767509663,0.234883,0,False
66335,2026-04-26 00:00:00+00:00,649.24,plan_b,footfall_plan_b,1.1288278019983116,False,1.151105599332314,False,0.05971066528484388,False,0.4040237113834933,False,291.49557301963404,9.0,False,False,1.1288278019983116,0.4743469349219601,0.12728408409295397,0.0007194131958955168,0.12520285135656498,0.4465539767509663,0.234821,0,False
66340,2026-04-24 11:00:00+00:00,1744.95,plan_b,footfall_plan_b,-0.3802277201176547,False,0.6441847885161496,False,14.535139585078289,False,0.4806225307491511,False,316.6477433941975,112.0,False,False,0.3802277201176547,0.15977623273531333,0.07123105894059704,0.1751240112935538,0.2816816885651924,0.48508561408709366,0.23458,0,False
66335,2026-04-23 10:00:00+00:00,1167.84,plan_b,footfall_plan_b,0.3147574370265354,False,0.652053168461577,False,0.26376273298108943,False,0.5618862003050448,False,337.17117693788396,69.0,False,False,0.3147574370265354,0.13226483723480464,0.07210110903437647,0.0031778977806871966,0.4476900503744014,0.5165263003746348,0.234352,0,False
66336,2026-04-21 16:00:00+00:00,944.53,plan_b,footfall_plan_b,0.6098685277577811,False,0.7319675366894143,False,2.9891888218820566,False,0.481347154175865,False,336.0638910981524,48.0,False,False,0.6098685277577811,0.256274044929755,0.0809376807369617,0.03601470312257882,0.2831619754960527,0.5148300039609022,0.234244,0,False
66335,2026-04-25 05:00:00+00:00,527.52,plan_b,footfall_plan_b,0.2943977666612201,False,4.911724140636517,True,1.6411597437567327,False,0.4272045715769322,False,202.8699929575802,11.0,False,False,0.2943977666612201,0.12370946039458819,0.5431163821293213,0.019773217575098496,0.17255755053605834,0.3107848300411273,0.233988,1,False
66335,2026-04-22 23:00:00+00:00,195.36,plan_b,footfall_plan_b,-1.2346155245863515,False,3.648028616297343,False,4.76068348501405,False,0.4352030033584282,False,,,False,False,1.2346155245863515,0.5188002004006982,0.403382610109469,0.05735823749849079,0.1888970361185497,0.0,0.233688,0,False
66335,2026-04-25 17:00:00+00:00,667.53,plan_b,footfall_plan_b,0.17340777251094447,False,0.8064442385471859,False,2.3107371768524785,False,0.568848205551991,False,337.17117693788396,76.0,False,False,0.17340777251094447,0.07286801869744707,0.08917297972927749,0.027840500676785788,0.46191228636582105,0.5165263003746348,0.233664,0,False
66330,2026-04-24 22:00:00+00:00,71.39,plan_b,footfall_plan_b,-0.4538387678780992,False,1.3972917252218489,False,4.274176683069312,False,0.46861684475506565,False,335.47309403240257,53.0,False,False,0.4538387678780992,0.19070847485386197,0.15450623953066356,0.051496647922452184,0.25715603921701635,0.5139249378001011,0.233558,0,False
66342,2026-04-23 00:00:00+00:00,242.14,plan_b,footfall_plan_b,1.2503597463788048,False,1.9110980393331922,False,0.5825211107138022,False,0.4550207163185437,False,126.57902412307786,2.0,False,False,1.2503597463788048,0.5254161105835986,0.21132063269387388,0.007018400681621519,0.2293813765537436,0.19391157817552737,0.23341,0,False
66336,2026-04-23 05:00:00+00:00,38.81,plan_b,footfall_plan_b,-1.3363234254805232,False,0.8987091017498037,False,0.6690698212251925,False,0.4090686724974,False,236.34768814596998,12.0,False,False,1.3363234254805232,0.5615390760388524,0.09937521366291378,0.008061167231493464,0.1355088802928385,0.3620706789614647,0.233311,0,False
66340,2026-04-23 19:00:00+00:00,4.13,plan_b,footfall_plan_b,-1.1270386926382312,False,3.660869151623198,False,10.359068472220237,False,0.42251249159734267,False,,,False,False,1.1270386926382312,0.4735951297841951,0.4048024588002952,0.12480937066350316,0.16297239993744186,0.0,0.233236,0,False
66332,2026-04-26 13:00:00+00:00,354.05,plan_b,footfall_plan_b,-0.69414899029631,False,1.3568151750756436,False,0.226005380823711,False,0.48034983545859977,False,286.004938366057,98.0,False,False,0.69414899029631,0.2916897026662005,0.15003052451755736,0.0027229851238860536,0.28112461676785766,0.43814264921675244,0.232742,0,False
66340,2026-04-23 23:00:00+00:00,1.32,plan_b,footfall_plan_b,-1.5467202018152202,False,3.5218548970508605,False,0.12127232755740956,False,0.4018582022112481,False,,,False,False,1.5467202018152202,0.649950316260923,0.3894308872612739,0.0014611277956052015,0.12077907093744442,0.0,0.232324,0,False
66335,2026-04-21 19:00:00+00:00,168.01,plan_b,footfall_plan_b,-1.3839678654057,False,0.5513061944392199,False,0.6376197138923964,False,0.44943076347026323,False,190.75506401531865,2.0,False,False,1.3839678654057,0.5815598391743576,0.060960961404992624,0.0076822462779316415,0.2179620188013166,0.29222547546438427,0.232078,0,False
66342,2026-04-21 14:00:00+00:00,3.85,plan_b,footfall_plan_b,-1.1000824928586894,False,3.2469707090876496,False,1.1671455990022712,False,0.4141246744707176,False,116.27864626125522,5.0,False,False,1.1000824928586894,0.4622678124378876,0.3590354290888635,0.014062143529101474,0.14583746389583818,0.17813200852859934,0.231867,0,False
66332,2026-04-20 06:00:00+00:00,201.56,plan_b,footfall_plan_b,0.9233904513184,False,0.938896966859099,False,0.44233483217395597,False,0.4713773645959052,False,260.66708279718154,17.0,False,False,0.9233904513184,0.3880197046384792,0.10381900718199222,0.005329391554291485,0.2627953289392752,0.3993265531456782,0.231858,0,False
66333,2026-04-24 21:00:00+00:00,327.31,plan_b,footfall_plan_b,0.7784736626760775,False,0.317525788325772,False,1.3272936542254874,False,0.5104846794540852,False,285.7018719626486,28.0,False,False,0.7784736626760775,0.3271239379063607,0.03511057470868172,0.015991658527384864,0.3426851654411583,0.43767836941222693,0.231718,0,False
66340,2026-04-20 16:00:00+00:00,1648.95,plan_b,footfall_plan_b,0.4785812346750885,False,1.1506773091401048,False,0.05999890657509565,False,0.5108204196208029,False,316.6477433941975,74.0,False,False,0.4785812346750885,0.20110555514084963,0.1272367256882403,0.0007228860191645235,0.34337102759056604,0.48508561408709366,0.231504,0,False
66332,2026-04-26 08:00:00+00:00,148.93,plan_b,footfall_plan_b,-0.890472779620173,False,1.0202442791520963,False,0.20169169875447668,False,0.474252491643209,False,260.66708279718154,40.0,False,False,0.890472779620173,0.3741873055363487,0.11281402739963646,0.002430046104734726,0.2686687424058916,0.3993265531456782,0.231485,0,False
66330,2026-04-22 14:00:00+00:00,428.53,plan_b,footfall_plan_b,-0.8516226549233048,False,2.032621678296096,False,0.4356611589462241,False,0.4520719460378352,False,225.68032905314263,163.0,False,False,0.8516226549233048,0.3578620187754518,0.22475817056182282,0.005248985004436085,0.22335752202776252,0.34572891577450965,0.231391,0,False
66331,2026-04-25 07:00:00+00:00,26.67,plan_b,footfall_plan_b,-1.3034260842446843,False,0.893073872596975,False,1.2047021694966886,False,0.4339373692236482,False,202.00261592432264,166.0,False,False,1.3034260842446843,0.547715220040021,0.09875209534797573,0.014514637104200227,0.1863115529559891,0.3094560597290048,0.23135,0,False
66340,2026-04-23 21:00:00+00:00,1.75,plan_b,footfall_plan_b,-1.4794114345894411,False,3.5717968546654038,False,1.3021606904225385,False,0.4034767394815223,False,,,False,False,1.4794114345894411,0.6216663677522101,0.3949532444945837,0.01568884853982984,0.12408547738246184,0.0,0.231279,0,False
66342,2026-04-21 15:00:00+00:00,2.79,plan_b,footfall_plan_b,-1.134065167351051,False,1.7367179705495166,False,0.7034538596136128,False,0.4229193738124866,False,204.61210222820498,10.0,False,False,1.134065167351051,0.4765477384437555,0.19203846835372046,0.008475437124933864,0.1638035936351236,0.3134536384030293,0.230864,0,False
66331,2026-04-22 13:00:00+00:00,172.4,plan_b,footfall_plan_b,-0.6230941254991829,False,1.6971139815064062,False,5.265869538570746,False,0.45641028087155233,False,266.975752944227,652.0,False,False,0.6230941254991829,0.26183159918208554,0.18765923722609532,0.06344488067316191,0.23222002925468332,0.4089910626714661,0.230829,0,False
66335,2026-04-23 02:00:00+00:00,647.05,plan_b,footfall_plan_b,1.084864929156643,False,0.5671349683952963,False,6.040541220422192,False,0.4124175386557288,False,274.0258427063832,2.0,False,False,1.084864929156643,0.45587321027955396,0.06271123609437144,0.07277837290192733,0.14235006514088533,0.41979138319479037,0.230701,0,False
66340,2026-04-20 04:00:00+00:00,291.11,plan_b,footfall_plan_b,1.6889347715449237,False,1.4066061342188576,False,0.4060048917982326,False,0.42320831943089887,False,77.08635069374797,3.0,False,False,1.6889347715449237,0.7097105783071896,0.1555361850184964,0.004891676811243282,0.16439386218965368,0.11809172982944119,0.230525,0,False
66338,2026-04-26 03:00:00+00:00,5.5,plan_b,footfall_plan_b,1.9529074325652798,False,0.38544746840872113,False,0.1806987257215488,False,0.4827766933794754,False,,,False,False,1.9529074325652798,0.8206350456498064,0.04262104885147753,0.002177116050297693,0.28608228985830503,0.0,0.230303,0,False
66333,2026-04-23 18:00:00+00:00,354.24,plan_b,footfall_plan_b,0.22778675166595103,False,2.7984111166275905,True,0.08223236651310317,False,0.5105728581220884,False,261.78018391964736,33.0,False,False,0.22778675166595103,0.09571871571314752,0.3094357251863681,0.0009907618566470594,0.34286530001176946,0.40103175822860276,0.230008,1,False
66335,2026-04-26 21:00:00+00:00,521.67,plan_b,footfall_plan_b,0.7021015759061703,False,1.1703727825254127,False,0.3146554786238951,False,0.4431784554382593,False,337.17117693788396,22.0,False,False,0.7021015759061703,0.29503147419420833,0.1294145626235138,0.0037910698600155737,0.20518957793577539,0.5165263003746348,0.229991,0,False
66333,2026-04-23 11:00:00+00:00,485.47,plan_b,footfall_plan_b,-0.1872954329020314,False,0.48610630786243164,False,0.6421237882023435,False,0.5540166293268385,False,377.2126915828801,76.0,False,False,0.1872954329020314,0.07870377958860117,0.05375145095633816,0.0077365128060035105,0.431613806299123,0.5778675324716681,0.229935,0,False
66342,2026-04-22 09:00:00+00:00,63.62,plan_b,footfall_plan_b,-1.0969910085897168,False,0.929274557613196,False,3.213378207642001,False,0.44705759074325513,False,217.9342904019919,23.0,False,False,1.0969910085897168,0.46096873379653003,0.10275500441079316,0.0387158085570271,0.21311401576559427,0.3338624427165978,0.229883,0,False
66335,2026-04-25 22:00:00+00:00,282.87,plan_b,footfall_plan_b,-0.795166425925874,False,2.037307881430048,False,6.7695791031259525,False,0.42544596476848356,False,221.23892602589638,24.0,False,False,0.795166425925874,0.3341384365472533,0.22527634984452682,0.08156205452099548,0.1689650049750155,0.3389249490328363,0.229773,0,False
66342,2026-04-22 19:00:00+00:00,23.12,plan_b,footfall_plan_b,-0.9659655987307083,False,2.115042050968208,False,3.0540778885350166,False,0.45982697263131406,False,152.13977959362907,8.0,False,False,0.9659655987307083,0.40591029046842425,0.23387184497384444,0.03679650735465011,0.23919977069319842,0.23306914371208817,0.22977,0,False
66342,2026-04-24 12:00:00+00:00,1916.06,plan_b,footfall_plan_b,0.17679252930334827,False,1.3379550336936652,False,1.0750242829653371,False,0.5620061223855449,False,303.23053589532776,583.0,False,False,0.17679252930334827,0.07429033395854429,0.1479450548412208,0.012952236445265086,0.4479350315355695,0.46453124578761484,0.229531,0,False
66340,2026-04-22 15:00:00+00:00,1570.16,plan_b,footfall_plan_b,0.4754345086017489,False,1.147953134157833,False,0.22579050370034204,False,0.5057678424583666,False,316.6477433941975,112.0,False,False,0.4754345086017489,0.1997832632330092,0.126935498661173,0.0027203962155677446,0.33304944031503986,0.48508561408709366,0.229515,0,False
66342,2026-04-23 02:00:00+00:00,214.79,plan_b,footfall_plan_b,1.6397287878992266,False,2.3158923023232525,False,0.22494885028407566,False,0.44047527101240036,False,,,False,False,1.6397287878992266,0.6890336358356829,0.2560809631454484,0.0027102557059762986,0.1996674150718851,0.0,0.229498,0,False
66333,2026-04-22 12:00:00+00:00,2.61,plan_b,footfall_plan_b,-0.9672782127651107,False,2.0427650105692226,False,7.266796632710783,False,0.3550056669213293,False,261.78018391964736,5.0,False,False,0.9672782127651107,0.4064618665749412,0.22587977466033846,0.08755269036984259,0.02506701815181582,0.40103175822860276,0.229199,0,False
66340,2026-04-24 02:00:00+00:00,21.61,plan_b,footfall_plan_b,-0.9151698260802539,False,0.9906858945626379,False,0.13281200637377874,False,0.4951072508391362,False,221.2343187510366,1.0,False,False,0.9151698260802539,0.38456529965487246,0.10954559406743933,0.0016001615373545028,0.31127159838029705,0.33891789096025804,0.22918,0,False
66336,2026-04-21 18:00:00+00:00,796.21,plan_b,footfall_plan_b,0.5788656334708588,False,0.8391910908245195,False,0.031096471830499465,False,0.4868933622092288,False,336.0638910981524,30.0,False,False,0.5788656334708588,0.24324625818258452,0.09279397948939103,0.00037466023990747477,0.29449196975921516,0.5148300039609022,0.229147,0,False
66332,2026-04-26 17:00:00+00:00,449.32,plan_b,footfall_plan_b,-0.4135444160176726,False,1.5436413881089084,False,0.12678183080962172,False,0.5295392583860464,False,272.02963917937154,100.0,False,False,0.4135444160176726,0.1737763065764466,0.1706889275557213,0.0015275080531950756,0.3816105480967308,0.41673331746103975,0.228867,0,False
66335,2026-04-22 06:00:00+00:00,94.83,plan_b,footfall_plan_b,-1.44912761359276,False,1.188086504005379,False,0.28808012251496257,False,0.4619076265647907,False,102.39367852761126,2.0,False,False,1.44912761359276,0.6089407441964549,0.13137326633910948,0.0034708814685584545,0.24345020576308862,0.1568610592161035,0.228819,0,False
66336,2026-04-20 14:00:00+00:00,1029.54,plan_b,footfall_plan_b,0.5233259089331783,False,0.5908241141705369,False,0.28101143928848105,False,0.5085329939092381,False,336.0638910981524,60.0,False,False,0.5233259089331783,0.21990780208306143,0.06533067537491612,0.003385715711880361,0.3386981916577024,0.5148300039609022,0.22843,0,False
66333,2026-04-23 10:00:00+00:00,348.11,plan_b,footfall_plan_b,-0.261172033887071,False,0.7924900924020943,False,1.306297679208673,False,0.5144097762126788,False,377.2126915828801,47.0,False,False,0.261172033887071,0.10974761034619851,0.08762999295863938,0.015738692304085675,0.35070349498987,0.5778675324716681,0.228337,0,False
66331,2026-04-26 04:00:00+00:00,11.32,plan_b,footfall_plan_b,0.4367438036351994,False,1.5721151333435373,False,1.2714234863231517,False,0.41821044128201934,False,401.161729637475,27.0,False,False,0.4367438036351994,0.18352496654828593,0.17383742634244256,0.015318516872471153,0.1541840160363629,0.6145560422553801,0.228284,0,False
66342,2026-04-25 07:00:00+00:00,371.32,plan_b,footfall_plan_b,0.5876333603574981,False,1.187325702274618,False,0.4014674098818647,False,0.48620398610768595,False,303.23053589532776,130.0,False,False,0.5876333603574981,0.24693056181822126,0.13128914030277328,0.004837007777642665,0.2930836873383871,0.46453124578761484,0.228134,0,False
66340,2026-04-23 06:00:00+00:00,1.32,plan_b,footfall_plan_b,-1.4003305227501321,False,2.6967610684910763,False,0.897110007511838,False,0.40363933012842845,False,77.08635069374797,1.0,False,False,1.4003305227501321,0.5884356233681644,0.29819571967986575,0.010808668342500615,0.12441762343353113,0.11809172982944119,0.22799,0,False
66335,2026-04-25 14:00:00+00:00,744.48,plan_b,footfall_plan_b,-0.05674031038538449,False,0.5376556404150453,False,9.59339214999158,True,0.5845048407847655,False,291.49557301963404,82.0,False,False,0.05674031038538449,0.023842956622951824,0.05945154448673919,0.11558425740495333,0.49389622679875383,0.4465539767509663,0.227866,1,False
66333,2026-04-26 08:00:00+00:00,274.94,plan_b,footfall_plan_b,0.4929512873628501,False,1.449823199414725,False,0.17709216962241203,False,0.5223671838622791,False,261.78018391964736,41.0,False,False,0.4929512873628501,0.20714402304094923,0.1603149338698895,0.002133663108732243,0.36695917499272324,0.40103175822860276,0.227517,0,False
66336,2026-04-26 06:00:00+00:00,93.06,plan_b,footfall_plan_b,-1.238426119396233,False,1.3453898536170212,False,0.5337577704781015,False,0.4517017509179752,False,156.25423441598258,7.0,False,False,1.238426119396233,0.5204014578866469,0.14876716381618307,0.006430884359802704,0.2226012740545468,0.23937224514190095,0.227515,0,False
66342,2026-04-26 06:00:00+00:00,231.12,plan_b,footfall_plan_b,0.490848060568322,False,1.3189252255111101,False,5.962779423360933e-06,False,0.4998225724385516,False,303.23053589532776,110.0,False,False,0.490848060568322,0.20626022200268276,0.14584082417256097,7.184147389610402e-08,0.3209042278000666,0.46453124578761484,0.227507,0,False
66332,2026-04-25 04:00:00+00:00,59.99,plan_b,footfall_plan_b,1.0774498102372234,False,1.0830425967120614,False,0.2530571049312369,False,0.4210791018949703,False,260.66708279718154,2.0,False,False,1.0774498102372234,0.45275728867903886,0.11975798313908817,0.0030489129493731833,0.16004421963712495,0.3993265531456782,0.226987,0,False
66335,2026-04-25 15:00:00+00:00,631.08,plan_b,footfall_plan_b,-0.043808267270994544,False,0.6471326582902789,False,6.405365964641785,False,0.5626938579274541,False,337.17117693788396,75.0,False,False,0.043808267270994544,0.01840875753365735,0.07155702113246111,0.07717389812223334,0.4493399625618725,0.5165263003746348,0.226601,0,False
66336,2026-04-22 10:00:00+00:00,1398.91,plan_b,footfall_plan_b,-0.18692815475302924,False,0.7328358684921671,False,0.5435847054569054,False,0.5630351122566265,False,336.0638910981524,47.0,False,False,0.18692815475302924,0.07854944492043071,0.08103369696541743,0.0065492824159160265,0.4500370892416768,0.5148300039609022,0.2262,0,False
66332,2026-04-24 17:00:00+00:00,308.77,plan_b,footfall_plan_b,-0.6677194946998908,False,0.6017513896576455,False,1.0730878467907556,False,0.47784249446278104,False,322.95354615970024,48.0,False,False,0.6677194946998908,0.2805837127131698,0.06653896439098446,0.01292890564279692,0.27600252994249413,0.49474573095395535,0.22616,0,False
66330,2026-04-22 02:00:00+00:00,5.93,plan_b,footfall_plan_b,-0.7342772210741244,False,4.291100707889304,False,0.325534689322084,False,0.4929952528319219,False,22.700713993374748,2.0,False,False,0.7342772210741244,0.30855206487910936,0.4744906320246615,0.0039221460706032225,0.30695713250350315,0.034776151156659274,0.22574,0,False
66342,2026-04-21 10:00:00+00:00,4.75,plan_b,footfall_plan_b,-1.1887128542769503,False,2.1776475368663455,False,2.168022395435066,False,0.39788416734910187,False,162.42368052613125,5.0,False,False,1.1887128542769503,0.4995113496765642,0.24079447825471884,0.0261210273379568,0.11266076886170791,0.2488234716778597,0.225582,0,False
66336,2026-04-20 15:00:00+00:00,828.05,plan_b,footfall_plan_b,0.502786424516724,False,0.5612204535391049,False,0.4101321969938755,False,0.5064711184439016,False,336.0638910981524,62.0,False,False,0.502786424516724,0.21127686522929578,0.06205723562146856,0.004941403904503241,0.33448611792136085,0.5148300039609022,0.225518,0,False
66340,2026-04-24 09:00:00+00:00,708.14,plan_b,footfall_plan_b,-0.5072000465505239,False,0.9606831244600068,False,5.064897417556515,False,0.4829510271098947,False,299.2235051669583,46.0,False,False,0.5072000465505239,0.21313152196252902,0.10622802258226893,0.06102350427122376,0.2864384251048815,0.458392711715963,0.225043,0,False
66342,2026-04-24 17:00:00+00:00,1138.23,plan_b,footfall_plan_b,0.10893885592563939,False,1.1919272024947047,False,0.3073937644404282,False,0.5774018475139613,False,303.23053589532776,404.0,False,False,0.10893885592563939,0.04577740937169914,0.13179795351791793,0.0037035784046200206,0.4793859753755516,0.46453124578761484,0.225039,0,False
66342,2026-04-24 08:00:00+00:00,548.56,plan_b,footfall_plan_b,0.3128263828861041,False,1.318074187956547,False,0.0,False,0.5300681318228812,False,303.23053589532776,175.0,False,False,0.3128263828861041,0.13145338520371502,0.14574672026434948,0.0,0.3826909498720032,0.46453124578761484,0.224884,0,False
66342,2026-04-21 17:00:00+00:00,2.2,plan_b,footfall_plan_b,-1.1354835522915958,False,2.4022765509017674,False,0.9219850621034886,False,0.3819141615093643,False,188.4377231015709,2.0,False,False,1.1354835522915958,0.4771437607492797,0.2656329451414982,0.01110837095737664,0.08003666362468247,0.28867544624849606,0.224519,0,False
66335,2026-04-23 09:00:00+00:00,752.02,plan_b,footfall_plan_b,0.3927280057570637,False,0.9790492130587919,False,0.37177471188204686,False,0.5031484663155373,False,337.17117693788396,31.0,False,False,0.3927280057570637,0.16502900217296004,0.10825886212211859,0.004479260653893377,0.3276984840413495,0.5165263003746348,0.224398,0,False
66332,2026-04-26 07:00:00+00:00,72.76,plan_b,footfall_plan_b,-0.8892081856839102,False,1.1102916500064053,False,0.25251612666003503,False,0.44330900784166427,False,272.15863953001895,27.0,False,False,0.8892081856839102,0.3736559080490391,0.12277106099483177,0.003042395070110931,0.20545627510485423,0.4169309383682361,0.224371,0,False
66330,2026-04-24 01:00:00+00:00,38.28,plan_b,footfall_plan_b,1.2011727469252955,False,1.3771775468378413,False,0.8044887896771518,False,0.4458960364834847,False,159.28947949946553,10.0,False,False,1.2011727469252955,0.5047471454965613,0.1522821040782987,0.009692738281893844,0.210741150734138,0.24402206108388041,0.224297,0,False
66335,2026-04-26 08:00:00+00:00,515.96,plan_b,footfall_plan_b,0.5645336857183664,False,1.1195698646016876,False,0.21114134392297698,False,0.46048186289671167,False,337.17117693788396,44.0,False,False,0.5645336857183664,0.23722380243174127,0.12379700426837974,0.0025438984525241754,0.24053760420130352,0.5165263003746348,0.224126,0,False
66333,2026-04-24 23:00:00+00:00,89.08,plan_b,footfall_plan_b,1.2303558561006749,False,0.6318581723612546,False,0.27014349827612383,False,0.4359373843785987,False,221.36373290033765,5.0,False,False,1.2303558561006749,0.5170102367885445,0.06986803712213722,0.003254775282072616,0.1903972562140553,0.33911614578251686,0.223929,0,False
66336,2026-04-20 06:00:00+00:00,203.77,plan_b,footfall_plan_b,0.47219341495631784,False,1.0792904856425738,False,0.26740686757121856,False,0.4814263416613814,False,336.0638910981524,16.0,False,False,0.47219341495631784,0.19842131694343015,0.11934309155905262,0.0032218034799329164,0.283323742554053,0.5148300039609022,0.223828,0,False
66330,2026-04-26 19:00:00+00:00,249.75,plan_b,footfall_plan_b,-0.5041051755192937,False,0.46382787541389614,False,0.11753067337305215,False,0.5089868700631985,False,335.47309403240257,87.0,False,False,0.5041051755192937,0.21183102016318991,0.05128800201569935,0.001416047149093168,0.33962538627240546,0.5139249378001011,0.223617,0,False
66342,2026-04-21 13:00:00+00:00,5.35,plan_b,footfall_plan_b,-1.110466800651532,False,3.2458277820902492,False,2.157432965252496,False,0.4013117753694033,False,95.12154219430343,3.0,False,False,1.110466800651532,0.466631422692792,0.3589090493578175,0.025993442495717757,0.11966281043187083,0.14572057647918363,0.223383,0,False
66335,2026-04-26 03:00:00+00:00,576.48,plan_b,footfall_plan_b,0.8835977599830733,False,1.1716565249472433,False,0.21835948115775,False,0.4241024228204786,False,291.49557301963404,4.0,False,False,0.8835977599830733,0.3712983401099006,0.1295565130913673,0.002630864878902254,0.16622036891527112,0.4465539767509663,0.223252,0,False
66333,2026-04-26 00:00:00+00:00,74.98,plan_b,footfall_plan_b,1.1684198091872486,False,0.7454207455990058,False,0.10341915045779872,False,0.4447571276807667,False,216.61977953614158,19.0,False,False,1.1684198091872486,0.49098396957351154,0.08242527611931565,0.0012460270069462652,0.2084145466609702,0.33184868981960863,0.222984,0,False
66335,2026-04-25 16:00:00+00:00,614.02,plan_b,footfall_plan_b,0.11347592502602531,False,0.7555964457477091,False,1.1358004856010848,False,0.564450340060296,False,337.17117693788396,101.0,False,False,0.11347592502602531,0.047683940037835604,0.08355045931205096,0.013684487576013664,0.4529281677587801,0.5165263003746348,0.222875,0,False
66342,2026-04-21 22:00:00+00:00,0.88,plan_b,footfall_plan_b,-0.7309747305251487,False,6.72721278217067,True,0.6436774637460103,False,0.3698625534247433,False,,,False,False,0.7309747305251487,0.307164318876803,0.7438649572842618,0.007755231985951046,0.05541720296990014,0.0,0.22284,1,False
66336,2026-04-20 21:00:00+00:00,110.56,plan_b,footfall_plan_b,-1.4011428188044217,False,0.4750741739259445,False,1.964247362716477,False,0.42727068695892456,False,180.25331095900816,10.0,False,False,1.4011428188044217,0.5887769598792951,0.05253156716417255,0.023665880559195246,0.17269261342842987,0.27613741093025773,0.222761,0,False
66333,2026-04-25 01:00:00+00:00,64.32,plan_b,footfall_plan_b,1.7041811668674571,False,1.0541508284819274,False,0.015558282874603343,False,0.43393809405760425,False,61.21767650176819,15.0,False,False,1.7041811668674571,0.7161172958570672,0.1165632612481239,0.00018745116893390088,0.18631303367299698,0.09378185955324081,0.222593,0,False
66340,2026-04-23 22:00:00+00:00,0.44,plan_b,footfall_plan_b,-1.3496960755745802,False,3.630279966256226,False,0.7186088023373438,False,0.40870964135246207,False,,,False,False,1.3496960755745802,0.567158423447439,0.40142004415055066,0.008658028722707607,0.1347754384911656,0.0,0.222402,0,False
66331,2026-04-20 18:00:00+00:00,140.47,plan_b,footfall_plan_b,-0.5749958914246862,False,1.0962753282560525,False,0.16986424655582008,False,0.49684306063338485,False,281.87079476849095,318.0,False,False,0.5749958914246862,0.24162014632097806,0.12122119912518173,0.002046578779522069,0.3148175733766317,0.4318093857478479,0.222303,0,False
66330,2026-04-21 11:00:00+00:00,353.93,plan_b,footfall_plan_b,-1.089931029521413,False,0.908436668310261,False,0.16788464163487096,False,0.46835914966135284,False,191.43093982401749,87.0,False,False,1.089931029521413,0.4580020462063283,0.10045084425737814,0.002022727866188635,0.2566296103640329,0.2932608772272231,0.222073,0,False
66340,2026-04-22 20:00:00+00:00,773.52,plan_b,footfall_plan_b,0.542157432342062,False,0.7375779739885233,False,1.4985814471616836,False,0.4879353233135466,False,316.6477433941975,24.0,False,False,0.542157432342062,0.2278210333067273,0.08155805768013029,0.01805538864906878,0.29662052556948093,0.48508561408709366,0.221828,0,False
66338,2026-04-26 17:00:00+00:00,2.96,plan_b,footfall_plan_b,-0.41345883571984354,False,0.9088019613847119,False,1.0409971065806496,False,0.4754600849839189,False,359.04320464703824,2.0,False,False,0.41345883571984354,0.17374034471238456,0.10049123672391982,0.012542266139400446,0.2711356577361805,0.5500329531582512,0.221588,0,False
66333,2026-04-23 13:00:00+00:00,471.01,plan_b,footfall_plan_b,-0.12606871758510527,False,1.1150459286014978,False,0.041593156767900964,False,0.5150371555120411,False,377.2126915828801,49.0,False,False,0.12606871758510527,0.052975581988834064,0.12329676775609684,0.0005011276577649191,0.3519851281020507,0.5778675324716681,0.221325,0,False
66340,2026-04-20 12:00:00+00:00,2636.49,plan_b,footfall_plan_b,0.27699914671444675,False,1.4646650670165808,False,0.08270070655517302,False,0.5102398589412814,False,316.6477433941975,96.0,False,False,0.27699914671444675,0.11639835233274375,0.1619560808897866,0.000996404567288852,0.34218503724746546,0.48508561408709366,0.221324,0,False
66330,2026-04-26 07:00:00+00:00,57.55,plan_b,footfall_plan_b,-0.8556955112548409,False,2.004600336175399,False,0.5965732306065973,False,0.4578478724802512,False,184.45888041071123,21.0,False,False,0.8556955112548409,0.3595734816875289,0.22165969647833558,0.00718770511715171,0.2351567933611408,0.28258009458306876,0.221232,0,False
66342,2026-04-24 18:00:00+00:00,1220.63,plan_b,footfall_plan_b,0.4262611470322515,False,0.7215970175506087,False,1.0978393124253165,False,0.5580928161002191,False,256.6362374405389,354.0,False,False,0.4262611470322515,0.17912002894784293,0.07979095533581955,0.013227119218383682,0.4399407879918689,0.3931515364720778,0.221046,0,False
66336,2026-04-23 22:00:00+00:00,68.74,plan_b,footfall_plan_b,-0.9730979636747202,False,1.2574764674676222,False,3.140143937971498,False,0.4186467089123262,False,236.34768814596998,13.0,False,False,0.9730979636747202,0.40890739546880406,0.13904609665950599,0.03783345864949553,0.15507523932240727,0.3620706789614647,0.220587,0,False
66332,2026-04-26 06:00:00+00:00,22.94,plan_b,footfall_plan_b,-0.8929138888972,False,1.1886507129421717,False,1.0160133445846629,False,0.43313162202561356,False,260.66708279718154,11.0,False,False,0.8929138888972,0.3752130888323638,0.13143565402777888,0.012241253782943115,0.18466554345249156,0.3993265531456782,0.220576,0,False
66340,2026-04-24 16:00:00+00:00,1278.38,plan_b,footfall_plan_b,0.007643240549382625,False,2.113194968520556,False,0.13342890949700298,False,0.5281957148024202,False,316.6477433941975,81.0,False,False,0.007643240549382625,0.003211781036091375,0.23366760289759192,0.0016075941835211388,0.3788659086956802,0.48508561408709366,0.220488,0,False
66331,2026-04-20 06:00:00+00:00,39.16,plan_b,footfall_plan_b,1.0241355891920947,False,0.8273738065252567,False,0.15405015198864044,False,0.5184046592317032,False,143.33814905146377,149.0,False,False,1.0241355891920947,0.43035401574782656,0.09148727729858405,0.0018560455094856962,0.3588643864341276,0.21958556631233145,0.220429,0,False
66335,2026-04-26 19:00:00+00:00,385.15,plan_b,footfall_plan_b,0.4096607187413609,False,2.934911797738943,False,0.08298312471018264,False,0.4195708064372031,False,291.49557301963404,16.0,False,False,0.4096607187413609,0.1721443305603332,0.3245293570681005,0.0009998072315617278,0.1569630191518826,0.4465539767509663,0.220238,0,False
66342,2026-04-25 19:00:00+00:00,606.83,plan_b,footfall_plan_b,0.12660668726751256,False,0.8324791064411814,False,5.126846378955084,False,0.5530312615702105,False,303.23053589532776,624.0,False,False,0.12660668726751256,0.05320164327956335,0.09205179842001307,0.06176988517469469,0.4296008614253389,0.46453124578761484,0.220231,0,False
66331,2026-04-24 05:00:00+00:00,24.91,plan_b,footfall_plan_b,0.9662160885353815,False,0.6354278102798041,False,1.2480480650010355,False,0.44129190890501185,False,266.29487608786127,50.0,False,False,0.9662160885353815,0.40601554927837347,0.0702627516411784,0.015036882318936606,0.20133567247995737,0.40794799959939904,0.22012,0,False
66332,2026-04-20 05:00:00+00:00,103.21,plan_b,footfall_plan_b,1.3479397582935675,False,1.048285578414472,False,0.06323178935289711,False,0.4457489543886799,False,135.01268599847307,3.0,False,False,1.3479397582935675,0.5664203979332517,0.11591470825416293,0.0007618368250220505,0.21044068611392763,0.20683144934206849,0.220074,0,False
66342,2026-04-24 13:00:00+00:00,1650.74,plan_b,footfall_plan_b,0.18996214417231316,False,0.8118881070529249,False,1.3702552389797917,False,0.5621328970230762,False,303.23053589532776,649.0,False,False,0.18996214417231316,0.07982436353873132,0.08977493824383721,0.016509273443269502,0.4481940113479573,0.46453124578761484,0.219767,0,False
66332,2026-04-26 19:00:00+00:00,406.62,plan_b,footfall_plan_b,-0.3793490681325311,False,1.6477358363873407,False,0.25195227984654817,False,0.46891152619184706,False,322.95354615970024,49.0,False,False,0.3793490681325311,0.15940701266891466,0.18219922384475584,0.0030356016633359263,0.25775802510865786,0.49474573095395535,0.219429,0,False
66340,2026-04-20 09:00:00+00:00,1572.92,plan_b,footfall_plan_b,0.8929290958520404,False,0.7782801561002431,False,0.09957172125452335,False,0.5185474592431754,False,179.5140679618003,59.0,False,False,0.8929290958520404,0.37521947897655167,0.08605872206199057,0.0011996719491704705,0.3591561034597109,0.2750049343826079,0.219328,0,False
66335,2026-04-23 14:00:00+00:00,815.1,plan_b,footfall_plan_b,0.13254977623839023,False,0.976469928973985,False,0.1900963158182571,False,0.544949447782981,False,337.17117693788396,66.0,False,False,0.13254977623839023,0.05569900030099197,0.10797365647935167,0.0022903412219305573,0.41309104006731795,0.5165263003746348,0.219116,0,False
66330,2026-04-22 08:00:00+00:00,99.17,plan_b,footfall_plan_b,-0.9818817690040157,False,0.945684840747672,False,1.923679811017904,False,0.4793391709410314,False,179.75801204608405,65.0,False,False,0.9818817690040157,0.4125984554582255,0.10456957977181078,0.023177109719381226,0.2790599947563594,0.2753786422911477,0.218957,0,False
66335,2026-04-20 11:00:00+00:00,795.07,plan_b,footfall_plan_b,-0.6312706691047103,False,0.550743355516628,False,0.2738238836821826,False,0.5109534820425302,False,274.0258427063832,20.0,False,False,0.6312706691047103,0.265267480536772,0.06089872520633671,0.0032991177427447466,0.3436428523158096,0.41979138319479037,0.21858,0,False
66330,2026-04-25 02:00:00+00:00,5.93,plan_b,footfall_plan_b,-0.7342772210741244,False,1.8999206389307752,False,1.2193221027184382,False,0.5117068317968947,False,139.81443906111065,3.0,False,False,0.7342772210741244,0.30855206487910936,0.21008468598873486,0.014690782736352607,0.3451818224272368,0.21418745102430506,0.218539,0,False
66332,2026-04-26 04:00:00+00:00,16.76,plan_b,footfall_plan_b,-0.35793247933304356,False,3.449316476140852,False,0.5565736318932826,False,0.41725747430580956,False,260.66708279718154,8.0,False,False,0.35793247933304356,0.15040750606964676,0.3814099146655059,0.0067057771565837,0.15223726064808882,0.3993265531456782,0.218017,0,False
66342,2026-04-20 15:00:00+00:00,56.67,plan_b,footfall_plan_b,-1.0699800381739342,False,0.9355424417033676,False,0.2751814648757109,False,0.4328708855699491,False,228.01219280399457,8.0,False,False,1.0699800381739342,0.449618401174218,0.10344807886554436,0.00331547431523418,0.18413290159536966,0.3493011931178579,0.217963,0,False
66330,2026-04-23 09:00:00+00:00,213.57,plan_b,footfall_plan_b,-0.49669085530950496,False,0.9002244565345837,False,0.1145873811613985,False,0.4720089719969337,False,335.47309403240257,43.0,False,False,0.49669085530950496,0.20871543419000843,0.09954277478499371,0.0013805854230122562,0.2640855993703834,0.5139249378001011,0.21753,0,False
66340,2026-04-23 05:00:00+00:00,1.32,plan_b,footfall_plan_b,-1.4187058927453828,False,2.816377532871698,False,0.4902234271340168,False,0.4275853451038155,False,,,False,False,1.4187058927453828,0.596157173475164,0.3114223707533694,0.005906368665211535,0.1733354084615454,0.0,0.217364,0,False
66330,2026-04-26 08:00:00+00:00,130.17,plan_b,footfall_plan_b,-0.39596579519988695,False,1.870657472240088,False,0.014818853580481678,False,0.5078085295901521,False,244.9295557068464,60.0,False,False,0.39596579519988695,0.1663895599971092,0.20684889652507135,0.0001785422882660136,0.33721822975765586,0.3752175924722279,0.217171,0,False
66332,2026-04-24 15:00:00+00:00,250.62,plan_b,footfall_plan_b,-0.6717147510222085,False,0.6968044675765747,False,1.3392271887339569,False,0.4737713788705332,False,288.7502556928455,47.0,False,False,0.6717147510222085,0.28226256717384496,0.0770495065776829,0.016135437568501103,0.2676859078418869,0.44234831298385935,0.217096,0,False
66336,2026-04-26 02:00:00+00:00,53.81,plan_b,footfall_plan_b,1.6982767034666688,False,1.712136401541951,False,0.4603309676636437,False,0.4004898503453063,False,38.48262612558195,3.0,False,False,1.6982767034666688,0.7136361697618694,0.1893203489227051,0.0055462147513643065,0.11798375228047281,0.05895310708901148,0.217088,0,False
66333,2026-04-26 06:00:00+00:00,97.03,plan_b,footfall_plan_b,0.8716510983069693,False,1.3412913868569374,False,0.20428275600921456,False,0.49268096475215356,False,169.80313809991182,13.0,False,False,0.8716510983069693,0.366278210078927,0.14831397378040767,0.002461263991380052,0.3063150934527977,0.2601283642074447,0.216699,0,False
66330,2026-04-26 18:00:00+00:00,284.19,plan_b,footfall_plan_b,-0.8127062779146726,False,0.5536257809570977,False,0.1726889469794154,False,0.5140536346804251,False,213.98811469387093,74.0,False,False,0.8127062779146726,0.3415088920012587,0.06121745085789225,0.0020806116738047247,0.3499759561934464,0.3278171349365693,0.21652,0,False
66342,2026-04-24 10:00:00+00:00,1796.25,plan_b,footfall_plan_b,0.3972569487898742,False,0.8270156500106469,False,0.1376992480670615,False,0.5179661204885464,False,303.23053589532776,462.0,False,False,0.3972569487898742,0.166932118168373,0.09144767396075781,0.001659044588630282,0.35796852363665377,0.46453124578761484,0.216508,0,False
66336,2026-04-21 14:00:00+00:00,992.04,plan_b,footfall_plan_b,0.4041105492687136,False,0.7309824631712941,False,0.6398955388028181,False,0.49402839195750703,False,336.0638910981524,61.0,False,False,0.4041105492687136,0.16981208300850367,0.08082875573425918,0.007709666144454561,0.30906766645670375,0.5148300039609022,0.21645,0,False
66340,2026-04-26 08:00:00+00:00,322.97,plan_b,footfall_plan_b,-0.6898159549780822,False,1.2198708687617674,False,0.5524280475051246,False,0.4237745897916234,False,316.6477433941975,78.0,False,False,0.6898159549780822,0.2898689094340782,0.13488783855458641,0.006655829829765081,0.16555065975292804,0.48508561408709366,0.21641,0,False
66336,2026-04-26 19:00:00+00:00,402.08,plan_b,footfall_plan_b,-0.1502942464744207,False,0.8121048784146188,False,0.5353388185423428,False,0.5012694235980102,False,390.5495184319703,34.0,False,False,0.1502942464744207,0.06315543878822157,0.08979890784684043,0.006449933332634178,0.32385990765154404,0.5982987623699662,0.216313,0,False
66338,2026-04-24 02:00:00+00:00,3.13,plan_b,footfall_plan_b,0.5743196882215922,False,1.6983712412381966,False,0.9429853166844815,False,0.4332236003205844,False,297.6107997357086,2.0,False,False,0.5743196882215922,0.24133599765259459,0.18779825935709765,0.011361388742234019,0.18485344003842666,0.455922142382123,0.216254,0,False
66335,2026-04-26 16:00:00+00:00,494.35,plan_b,footfall_plan_b,-0.370450398015522,False,0.7167267634983333,False,0.5753807224841476,False,0.5007290119414092,False,337.17117693788396,49.0,False,False,0.370450398015522,0.15566768512275345,0.07925242452969417,0.0069323710001278445,0.3227559351838322,0.5165263003746348,0.216227,0,False
66340,2026-04-24 03:00:00+00:00,52.93,plan_b,footfall_plan_b,-0.6887107466740651,False,2.392006091388408,False,0.49534432968980785,False,0.4319644287188885,False,221.2343187510366,6.0,False,False,0.6887107466740651,0.2894044876945243,0.2644972838840688,0.0059680669373034095,0.18228115877206771,0.33891789096025804,0.216214,0,False
66333,2026-04-21 13:00:00+00:00,4.4,plan_b,footfall_plan_b,-0.9657050908706608,False,1.340434615488698,False,2.1539864352556175,False,0.4216498893095435,False,221.36373290033765,1.0,False,False,0.9657050908706608,0.40580082195186407,0.14821923585284769,0.025951917599822256,0.16121024480129062,0.33911614578251686,0.21606,0,False
66335,2026-04-22 22:00:00+00:00,224.27,plan_b,footfall_plan_b,-1.070156956482801,False,1.8954448722802135,False,3.7214127322017405,False,0.4744597499835336,False,69.67609481700799,1.0,False,False,1.070156956482801,0.44969274436225254,0.20958977582666025,0.04483677102152591,0.26909213723579056,0.10673965612135242,0.21599,0,False
66332,2026-04-22 22:00:00+00:00,182.41,plan_b,footfall_plan_b,0.6011050860465152,False,0.7279884251941195,False,3.772907749878712,False,0.47126448176043334,False,286.004938366057,13.0,False,False,0.6011050860465152,0.25259154197602945,0.08049768846998279,0.04545719946697969,0.26256472780231604,0.43814264921675244,0.215851,0,False
66342,2026-04-25 02:00:00+00:00,65.28,plan_b,footfall_plan_b,-0.045058815972529705,False,5.479240858694344,True,0.20604438872659048,False,0.43140947842429156,False,176.7437867603071,11.0,False,False,0.045058815972529705,0.018934253045456168,0.6058698303857882,0.0024824887058788065,0.18114748624909344,0.270761027435994,0.215839,1,False
66342,2026-04-24 00:00:00+00:00,28.23,plan_b,footfall_plan_b,-0.643826099147622,False,1.3503136933361235,False,1.4531186442471078,False,0.4294233866657591,False,303.23053589532776,10.0,False,False,0.643826099147622,0.2705434223118942,0.1493116198845316,0.017507638256687122,0.17709022620855375,0.46453124578761484,0.215797,0,False
66333,2026-04-26 05:00:00+00:00,94.83,plan_b,footfall_plan_b,0.9863748107839821,False,1.2377450055487018,False,0.34815063695988396,False,0.4620386840951151,False,181.99717119972127,13.0,False,False,0.9863748107839821,0.414486485318077,0.13686428027391848,0.004194630242244919,0.24371793482369863,0.2788089016747703,0.215614,0,False
66330,2026-04-20 18:00:00+00:00,289.71,plan_b,footfall_plan_b,-0.7750523844883452,False,0.5010242141789168,False,0.3940043436106534,False,0.5051971665504272,False,235.15937813964103,57.0,False,False,0.7750523844883452,0.3256862759184177,0.05540100599558017,0.004747090367884462,0.33188364294065675,0.3602502583168486,0.215594,0,False
66336,2026-04-25 05:00:00+00:00,50.28,plan_b,footfall_plan_b,-0.9863318811439132,False,1.1908705538103812,False,0.9744131900656348,False,0.42003053482086,False,236.34768814596998,6.0,False,False,0.9863318811439132,0.4144684457701956,0.13168111405499622,0.011740041814034142,0.1579021689129647,0.3620706789614647,0.215572,0,False
66331,2026-04-22 16:00:00+00:00,191.77,plan_b,footfall_plan_b,-0.5007115041382936,False,1.9471991315281283,False,1.5735533143877953,False,0.4577250217929801,False,259.92566318207076,788.0,False,False,0.5007115041382936,0.21040495888541125,0.21531252923008487,0.01895867368778165,0.23490582953619327,0.39819074214814176,0.215555,0,False
66340,2026-04-20 01:00:00+00:00,327.38,plan_b,footfall_plan_b,1.707026500918662,False,0.0,False,0.18267061824449274,False,0.4222060686554254,False,127.620626549345,1.0,False,False,1.707026500918662,0.7173129392347629,0.0,0.00220087404219288,0.16234642807465943,0.1955072514848154,0.215473,0,False
66331,2026-04-25 06:00:00+00:00,15.21,plan_b,footfall_plan_b,-1.3611982747708762,False,0.7634901490961581,False,0.002338367922279811,False,0.441062078169535,False,143.33814905146377,128.0,False,False,1.3611982747708762,0.5719917850318776,0.08442330955393286,2.8173404736354162e-05,0.20086616594526083,0.21958556631233145,0.215379,0,False
66331,2026-04-22 20:00:00+00:00,107.87,plan_b,footfall_plan_b,-0.6577697955519812,False,0.9277995417922943,False,0.25725048254108046,False,0.48314666485254004,False,266.29487608786127,524.0,False,False,0.6577697955519812,0.2764027302056061,0.10259190379005516,0.0030994361042150035,0.2868380809577626,0.40794799959939904,0.215376,0,False
66333,2026-04-26 20:00:00+00:00,215.95,plan_b,footfall_plan_b,-0.2213809692155384,False,0.7057339280716923,False,0.23096822863705807,False,0.5013431477992951,False,377.2126915828801,32.0,False,False,0.2213809692155384,0.09302692936118924,0.07803688619013942,0.0027827791018816285,0.32401051411502135,0.5778675324716681,0.215145,0,False
66340,2026-04-24 22:00:00+00:00,299.18,plan_b,footfall_plan_b,0.3458503457443018,False,2.394978698522624,False,0.48417687339656446,False,0.41974378304980314,False,326.0604187133,15.0,False,False,0.3458503457443018,0.14533044912172982,0.2648259814220413,0.0058335178515811145,0.15731638202911868,0.4995052759435973,0.214562,0,False
66333,2026-04-23 20:00:00+00:00,255.25,plan_b,footfall_plan_b,-0.09766952955356145,False,1.091731198675544,False,0.3104195007023379,False,0.5036727231150143,False,377.2126915828801,22.0,False,False,0.09766952955356145,0.04104190373145236,0.12071872969753739,0.003740033442991029,0.3287694547829384,0.5778675324716681,0.214428,0,False
66330,2026-04-24 23:00:00+00:00,33.97,plan_b,footfall_plan_b,-0.4086604111065535,False,3.0426493079945147,False,6.344879729634011,False,0.4750172116578973,False,141.8429596350527,34.0,False,False,0.4086604111065535,0.17172398933582586,0.33644248677860655,0.07644514061422288,0.27023094009613746,0.21729502456249378,0.214428,0,False
66335,2026-04-26 01:00:00+00:00,596.76,plan_b,footfall_plan_b,0.9443570797256903,False,0.7470274158172701,False,0.30749953088812576,False,0.4114079411622405,False,291.49557301963404,7.0,False,False,0.9443570797256903,0.39683013250271126,0.08260293449165769,0.0037048527126149764,0.14028762288475025,0.4465539767509663,0.213996,0,False
66335,2026-04-24 05:00:00+00:00,664.69,plan_b,footfall_plan_b,0.8565602668012989,False,1.0214156080857213,False,0.7477182804662829,False,0.4119472836601504,False,291.49557301963404,9.0,False,False,0.8565602668012989,0.35993686230430055,0.11294354768915162,0.009008749026889282,0.14138941123643825,0.4465539767509663,0.213967,0,False
66338,2026-04-20 01:00:00+00:00,3.99,plan_b,footfall_plan_b,1.9289777023795769,False,0.0,False,0.13960233854559692,False,0.4677805769440219,False,,,False,False,1.9289777023795769,0.8105794870012654,0.0,0.0016819736314856967,0.2554476811019591,0.0,0.213542,0,False
66342,2026-04-26 16:00:00+00:00,1124.04,plan_b,footfall_plan_b,0.35556784488665816,False,0.5804237051879536,False,0.02664431855880233,False,0.5332641183316588,False,303.23053589532776,746.0,False,False,0.35556784488665816,0.14941385841154675,0.06418064488917431,0.0003210192731132008,0.3892198266454251,0.46453124578761484,0.213533,0,False
66332,2026-04-26 18:00:00+00:00,392.69,plan_b,footfall_plan_b,-0.36846482262754243,False,2.4730221701313724,False,0.13570725656412735,False,0.5043909592644136,False,200.53588338961603,61.0,False,False,0.36846482262754243,0.1548333226117688,0.2734556777843177,0.0016350444377948112,0.33023669355280366,0.30720911223879666,0.213474,0,False
66330,2026-04-23 08:00:00+00:00,130.71,plan_b,footfall_plan_b,-0.38575951694652433,False,1.284358503801612,False,0.05918468971513513,False,0.5067056825793976,False,278.4184134663701,42.0,False,False,0.38575951694652433,0.16210075988262507,0.1420185914291519,0.0007130760739799923,0.33496529401672664,0.42652054179130894,0.213264,0,False
66332,2026-04-24 11:00:00+00:00,741.82,plan_b,footfall_plan_b,-0.4145751162992859,False,0.1172574839403054,False,0.6805267234836314,False,0.5541027586720499,False,286.004938366057,98.0,False,False,0.4145751162992859,0.1742094191544155,0.012965805617697558,0.008199203654793846,0.4317897544390531,0.43814264921675244,0.213061,0,False
66331,2026-04-21 19:00:00+00:00,106.14,plan_b,footfall_plan_b,-0.5162579201569241,False,1.0847654136349505,False,0.5512344650918732,False,0.4963543655742246,False,266.29487608786127,293.0,False,False,0.5162579201569241,0.2169377487178414,0.11994848449206306,0.006641449167041166,0.3138192494437006,0.40794799959939904,0.213059,0,False
66342,2026-04-24 19:00:00+00:00,712.1,plan_b,footfall_plan_b,0.3236481711328441,False,0.7437481997781981,False,0.9887184909367237,False,0.5225532390770653,False,303.23053589532776,321.0,False,False,0.3236481711328441,0.1360008299744129,0.08224033351889001,0.011912396654979604,0.36733925531129014,0.46453124578761484,0.212405,0,False
66340,2026-04-24 07:00:00+00:00,145.09,plan_b,footfall_plan_b,-0.7863095589056597,False,1.1409118143407206,False,0.3368218673454181,False,0.4392854554234332,False,263.3448411899737,5.0,False,False,0.7863095589056597,0.3304166751620244,0.12615690115956535,0.00405813760202683,0.19723681677551308,0.4034287206218171,0.212259,0,False
66335,2026-04-25 23:00:00+00:00,283.56,plan_b,footfall_plan_b,-0.7709757396152352,False,1.6062683658737003,False,5.563173325044496,False,0.416903477979806,False,222.58329295235927,28.0,False,False,0.7709757396152352,0.323973221015888,0.17761393731062566,0.0670268917956072,0.1515141041565411,0.3409844396487849,0.212223,0,False
66340,2026-04-20 15:00:00+00:00,1422.44,plan_b,footfall_plan_b,0.26077183900902845,False,1.0858662214317822,False,0.06569903522713973,False,0.5117301224323866,False,316.6477433941975,64.0,False,False,0.26077183900902845,0.10957944367504203,0.1200702068711944,0.0007915629925497709,0.34522940137936425,0.48508561408709366,0.212151,0,False
66335,2026-04-25 08:00:00+00:00,530.94,plan_b,footfall_plan_b,0.6435620710071656,False,0.7393989394867315,False,0.34880577628693527,False,0.43465104706695534,False,337.17117693788396,60.0,False,False,0.6435620710071656,0.27043247453142943,0.0817594118614832,0.0042025235704264505,0.187769479853389,0.5165263003746348,0.212138,0,False
66330,2026-04-22 13:00:00+00:00,380.04,plan_b,footfall_plan_b,-0.9925249817015075,False,0.8968976653785106,False,0.43560058458583834,False,0.4502574249015409,False,208.18695218112322,136.0,False,False,0.9925249817015075,0.4170708606486721,0.09917491316959115,0.00524825518516533,0.21965075265652204,0.31893009708892545,0.212015,0,False
66332,2026-04-24 20:00:00+00:00,185.28,plan_b,footfall_plan_b,-0.5713634272782696,False,1.0838039990931918,False,0.3758567349956381,False,0.468224495710384,False,286.004938366057,14.0,False,False,0.5713634272782696,0.24009374146895687,0.11984217559264292,0.00452844217414372,0.25635453440532174,0.43814264921675244,0.211792,0,False
66336,2026-04-25 01:00:00+00:00,81.6,plan_b,footfall_plan_b,0.8679852752240564,False,0.7556587525544356,False,0.41157575347213265,False,0.4440225115051482,False,260.15769419081494,4.0,False,False,0.8679852752240564,0.3647377874030613,0.0835573489187313,0.004958796334725288,0.2069138461814147,0.39854619992957874,0.211743,0,False
66342,2026-04-24 20:00:00+00:00,270.8,plan_b,footfall_plan_b,-0.313157139916202,False,0.7678765059661267,False,0.6287466546564237,False,0.5238685925543899,False,303.23053589532776,388.0,False,False,0.313157139916202,0.1315923732611965,0.084908333184278,0.007575340821898452,0.3700263069441297,0.46453124578761484,0.211727,0,False
66340,2026-04-20 20:00:00+00:00,698.37,plan_b,footfall_plan_b,0.34131949782975857,False,1.2327666275134643,False,0.4558002491081934,False,0.4837878205507617,False,316.6477433941975,26.0,False,False,0.34131949782975857,0.14342653267224434,0.13631379360366752,0.0054916272048995225,0.288147856995543,0.48508561408709366,0.211693,0,False
66336,2026-04-25 08:00:00+00:00,523.01,plan_b,footfall_plan_b,-0.28298241613540565,False,1.6709712759298803,False,0.7897339183821923,False,0.517015232430808,False,253.62577016679964,13.0,False,False,0.28298241613540565,0.11891259365956072,0.1847684943290492,0.009514966872670772,0.35602601513818494,0.38853967866909034,0.211552,0,False
66330,2026-04-22 20:00:00+00:00,156.94,plan_b,footfall_plan_b,-0.7350020506783786,False,0.9330137621179095,False,6.770362633075576,False,0.49924887370294324,False,159.28947949946553,56.0,False,False,0.7350020506783786,0.30885664694247633,0.10316846884089825,0.08157149474046799,0.3197322552840476,0.24402206108388041,0.21147,0,False
66331,2026-04-22 21:00:00+00:00,57.91,plan_b,footfall_plan_b,-0.8572187860600464,False,0.789337436584626,False,1.2725918188287697,False,0.48203859688548784,False,202.00261592432264,344.0,False,False,0.8572187860600464,0.36021357996789904,0.08728138644641362,0.015332593316230835,0.28457447965857346,0.3094560597290048,0.211372,0,False
66335,2026-04-22 21:00:00+00:00,213.23,plan_b,footfall_plan_b,-1.010888536991308,False,2.413904565974019,False,1.932305497002145,False,0.45707023177066997,False,69.67609481700799,2.0,False,False,1.010888536991308,0.42478744607522406,0.26691871879176027,0.023281034743346567,0.23356820080829105,0.10673965612135242,0.211059,0,False
66331,2026-04-21 22:00:00+00:00,39.68,plan_b,footfall_plan_b,-0.6719687547941632,False,1.145755634843512,False,0.8592012115303171,False,0.45403243168293195,False,266.29487608786127,158.0,False,False,0.6719687547941632,0.2823693025948472,0.12669250906258145,0.010351931042061602,0.22736247297412773,0.40794799959939904,0.210945,0,False
66330,2026-04-21 10:00:00+00:00,239.43,plan_b,footfall_plan_b,-1.0369896611599543,False,0.9089201214101256,False,0.1563498445520164,False,0.4852868586316316,False,147.0697017184712,52.0,False,False,1.0369896611599543,0.4357554504293845,0.10050430232851762,0.001883752941126311,0.2912101461766103,0.22530208428770257,0.210931,0,False
66330,2026-04-21 22:00:00+00:00,52.95,plan_b,footfall_plan_b,-0.7225119845250678,False,1.2009973925853608,False,0.3179684978481929,False,0.4576522177009006,False,247.676685298809,13.0,False,False,0.7225119845250678,0.30360817185503836,0.13280089437660872,0.0038309861754149328,0.2347571027050623,0.3794260325223913,0.210885,0,False
66335,2026-04-26 02:00:00+00:00,624.11,plan_b,footfall_plan_b,0.9877267500978868,False,0.904759536797335,False,0.24028904425650885,False,0.39932979922935735,False,274.0258427063832,6.0,False,False,0.9877267500978868,0.4150545863770835,0.10004424357974821,0.002895079270053494,0.11561395792555292,0.41979138319479037,0.21068,0,False
66331,2026-04-22 02:00:00+00:00,1.94,plan_b,footfall_plan_b,-0.7658869871553545,False,1.9567113912225702,False,0.6361724485364377,False,0.4950150957335286,False,128.0048255494378,14.0,False,False,0.7658869871553545,0.32183486640799486,0.21636435215889666,0.0076648091619646325,0.3110833405992015,0.19609582162870445,0.210609,0,False
66331,2026-04-22 14:00:00+00:00,183.49,plan_b,footfall_plan_b,-0.4815140260669823,False,1.4767359920242369,False,3.8844206011716356,False,0.47093162348141715,False,247.09384614278434,792.0,False,False,0.4815140260669823,0.20233794913845282,0.16329082953026358,0.04680074197064069,0.26188475287728386,0.378533157408602,0.210569,0,False
66331,2026-04-24 23:00:00+00:00,50.36,plan_b,footfall_plan_b,1.4137109701837447,False,0.5022900848639664,False,4.130167760831277,False,0.45172638091201733,False,85.35702140185161,44.0,False,False,1.4137109701837447,0.5940582473120315,0.055540980287096184,0.049761582361040155,0.22265158909673782,0.13076190816814495,0.210555,0,False
66335,2026-04-23 13:00:00+00:00,973.15,plan_b,footfall_plan_b,0.1052528581935335,False,1.4054299649164188,False,0.38621097925460235,False,0.5039498732838262,False,337.17117693788396,62.0,False,False,0.1052528581935335,0.04422850906710128,0.15540612950275048,0.004653193421142722,0.3293356271666254,0.5165263003746348,0.21003,0,False
66332,2026-04-24 06:00:00+00:00,59.54,plan_b,footfall_plan_b,-0.520745381160715,False,1.0501105498024403,False,0.05940194733417397,False,0.4502588064292348,False,322.95354615970024,8.0,False,False,0.520745381160715,0.21882343346883873,0.116116505388803,0.0007156936632716168,0.21965357489123669,0.49474573095395535,0.210011,0,False
66336,2026-04-23 01:00:00+00:00,11.03,plan_b,footfall_plan_b,-1.485599344975371,False,0.9625239263578874,False,0.9858235397002227,False,0.4922072050186002,False,,,False,False,1.485599344975371,0.6242666016585167,0.1064315701835526,0.011877517356430884,0.30534727994292094,0.0,0.209585,0,False
66332,2026-04-24 10:00:00+00:00,591.26,plan_b,footfall_plan_b,-0.46859902319522284,False,0.6977910772789272,False,0.72457321499354,False,0.5027018710421197,False,286.004938366057,88.0,False,False,0.46859902319522284,0.1969109105627883,0.0771586014447342,0.008729889874315356,0.3267861630726194,0.43814264921675244,0.209546,0,False
66335,2026-04-21 01:00:00+00:00,78.95,plan_b,footfall_plan_b,-1.3619864251318168,False,1.5009200364487212,False,0.8359760543354681,False,0.48924860677002674,False,,,False,False,1.3619864251318168,0.5723229752340573,0.16596499247936164,0.010072106918799603,0.2993033484889092,0.0,0.209533,0,False
66342,2026-04-24 14:00:00+00:00,1174.38,plan_b,footfall_plan_b,0.08755083589313853,False,0.8324791064411814,False,1.5050917287922252,False,0.5561507568346004,False,303.23053589532776,547.0,False,False,0.08755083589313853,0.036789907709792485,0.09205179842001307,0.018133826604694717,0.4359734791196057,0.46453124578761484,0.209496,0,False
66338,2026-04-26 04:00:00+00:00,2.91,plan_b,footfall_plan_b,0.9472888077140822,False,0.9103968602637826,False,0.02593038258199284,False,0.4415462967827646,False,226.01366425665876,1.0,False,False,0.9472888077140822,0.3980620796454525,0.10066759347447438,0.0003124175440872194,0.20185534523262338,0.3462395655904888,0.209427,0,False
66331,2026-04-25 13:00:00+00:00,276.7,plan_b,footfall_plan_b,0.09148266325873529,False,1.9471991315281283,False,0.19910473096327455,False,0.5303030722086058,False,266.059080780759,837.0,False,False,0.09148266325873529,0.0384421085647072,0.21531252923008487,0.002398877489254237,0.38317089458493736,0.4075867751355248,0.209382,0,False
66332,2026-04-22 00:00:00+00:00,66.16,plan_b,footfall_plan_b,0.933395263412306,False,1.8939769627977472,False,0.43072788464560813,False,0.4200547240565031,False,183.63280024256247,4.0,False,False,0.933395263412306,0.3922238462646982,0.20942746099289047,0.005189547337582016,0.15795158355796507,0.2813145886257036,0.209221,0,False
66340,2026-04-22 12:00:00+00:00,2614.84,plan_b,footfall_plan_b,0.2592019902913373,False,1.08069762484855,False,0.2161937783198581,False,0.5041607409488508,False,316.6477433941975,81.0,False,False,0.2592019902913373,0.10891977447996219,0.11949868668875041,0.0026047717983355687,0.3297663952554966,0.48508561408709366,0.209175,0,False
66340,2026-04-21 09:00:00+00:00,620.83,plan_b,footfall_plan_b,-0.6485600172056821,False,0.4707563781989293,False,11.275050734224335,False,0.4946342169363129,False,179.5140679618003,23.0,False,False,0.6485600172056821,0.2725326712629188,0.052054124716900664,0.13584541796507688,0.31030526762367394,0.2750049343826079,0.209148,0,False
66331,2026-04-25 11:00:00+00:00,209.79,plan_b,footfall_plan_b,-0.4016788215295234,False,0.5294792350356714,False,9.219581971731795,False,0.4596937577376188,False,304.67367851914884,693.0,False,False,0.4016788215295234,0.16879024194682216,0.05854743432474365,0.1110804728010259,0.23892763449270688,0.466742054929621,0.208818,0,False
66335,2026-04-23 05:00:00+00:00,681.45,plan_b,footfall_plan_b,0.9252476146349923,False,0.37002369842216637,False,6.075637051016488,False,0.42603381389384687,False,242.15646833367325,4.0,False,False,0.9252476146349923,0.3888001068621979,0.04091555768095612,0.07320121869555575,0.1701658844187553,0.3709693866365772,0.20881,0,False
66340,2026-04-26 15:00:00+00:00,1516.51,plan_b,footfall_plan_b,0.39747179384647224,False,0.600358914185658,False,0.0019700428932537236,False,0.5007331734680316,False,316.6477433941975,205.0,False,False,0.39747179384647224,0.16702239862913063,0.06638499071109215,2.373570696501104e-05,0.32276443650085357,0.48508561408709366,0.208256,0,False
66333,2026-04-26 01:00:00+00:00,54.69,plan_b,footfall_plan_b,1.3194433911263566,False,0.9362892916057375,False,0.1567377760270372,False,0.44073628061632647,False,117.76681250071476,13.0,False,False,1.3194433911263566,0.5544458838415112,0.10353066217139675,0.0018884268636308059,0.2002006149261501,0.18041179118674772,0.208095,0,False
66342,2026-04-24 15:00:00+00:00,1100.27,plan_b,footfall_plan_b,0.17128278308143116,False,0.7586506259983725,False,0.5492539668690998,False,0.5449707434107545,False,303.23053589532776,453.0,False,False,0.17128278308143116,0.07197507273983793,0.08388817683864971,0.006617587490921599,0.4131345435455596,0.46453124578761484,0.208029,0,False
66340,2026-04-25 23:00:00+00:00,228.0,plan_b,footfall_plan_b,0.5838737174086134,False,1.0968413855812529,False,0.1963053375845038,False,0.43352771657595046,False,316.6477433941975,18.0,False,False,0.5838737174086134,0.2453507149132749,0.12128379120033456,0.002365149502342971,0.18547469971853683,0.48508561408709366,0.207912,0,False
66333,2026-04-22 15:00:00+00:00,2.32,plan_b,footfall_plan_b,-0.9078210613822618,False,1.777905972759346,False,2.556931473041521,False,0.3571450372889349,False,261.78018391964736,1.0,False,False,0.9078210613822618,0.3814772608913123,0.19659285253874886,0.030806728311123723,0.029437401275914002,0.40103175822860276,0.207869,0,False
66331,2026-04-24 13:00:00+00:00,252.28,plan_b,footfall_plan_b,-0.07582285142456628,False,1.6971139815064062,False,0.1974079127670697,False,0.4419174723814873,False,401.161729637475,271.0,False,False,0.07582285142456628,0.0318616684552034,0.18765923722609532,0.002378433680839742,0.2026135961635038,0.6145560422553801,0.207814,0,False
66332,2026-04-24 09:00:00+00:00,392.68,plan_b,footfall_plan_b,-0.5124626358970529,False,0.9231078334270831,False,0.7708912341704495,False,0.4483957411046853,False,322.95354615970024,70.0,False,False,0.5124626358970529,0.2153429249080092,0.10207311576361906,0.009287944185796428,0.2158476376973805,0.49474573095395535,0.207459,0,False
66333,2026-04-23 15:00:00+00:00,167.24,plan_b,footfall_plan_b,-0.4187434053048053,False,1.3809607716664107,False,1.882898900519439,False,0.5359902394270557,False,189.28967509302626,35.0,False,False,0.4187434053048053,0.17596098401677704,0.15270043607798794,0.022685768264495837,0.3947888453669966,0.2899805863089239,0.207223,0,False
66330,2026-04-24 18:00:00+00:00,340.11,plan_b,footfall_plan_b,-0.4312559662479627,False,0.2737164733288782,False,0.7555657600203994,False,0.4901851324208826,False,335.47309403240257,157.0,False,False,0.4312559662479627,0.18121891168378165,0.030266337535868243,0.009103297970847956,0.30121651694340473,0.5139249378001011,0.207146,0,False
66342,2026-04-21 11:00:00+00:00,3.72,plan_b,footfall_plan_b,-1.1490734625228582,False,3.089706068989916,False,2.6819527166171415,False,0.3862001629199719,False,57.66600077549006,2.0,False,False,1.1490734625228582,0.4828544034643619,0.34164581193587695,0.032313024246138175,0.08879226224304836,0.08834090241186925,0.206789,0,False
66340,2026-04-22 21:00:00+00:00,560.28,plan_b,footfall_plan_b,0.7591702257991648,False,1.2383787488604814,False,5.1385247645449414,False,0.4816263718874003,False,151.4478293988316,14.0,False,False,0.7591702257991648,0.3190124030027964,0.13693435676128565,0.061910590100021194,0.28373237153075576,0.23200911694049942,0.20672,0,False
66333,2026-04-21 11:00:00+00:00,3.3,plan_b,footfall_plan_b,-0.9738742605157676,False,0.47945206451291367,False,2.5953671244274013,False,0.4409206757075135,False,221.36373290033765,2.0,False,False,0.9738742605157676,0.40923360468024317,0.0530156546309912,0.03126981333400757,0.20057730388421594,0.33911614578251686,0.206643,0,False
66335,2026-04-26 17:00:00+00:00,468.5,plan_b,footfall_plan_b,-0.5467133719046061,False,0.915399776263935,False,0.7624229763933275,False,0.42875621291331323,False,337.17117693788396,43.0,False,False,0.5467133719046061,0.2297354935666153,0.10122079344261174,0.00918591590722937,0.17572729954906466,0.5165263003746348,0.206479,0,False
66335,2026-04-26 07:00:00+00:00,357.21,plan_b,footfall_plan_b,0.5950597959745084,False,1.5214139251794558,False,0.7442429647991369,False,0.4203386901386883,False,291.49557301963404,12.0,False,False,0.5950597959745084,0.25005123883032887,0.1682311145954451,0.008966877312030299,0.15853167973588275,0.4465539767509663,0.206467,0,False
66342,2026-04-20 14:00:00+00:00,41.09,plan_b,footfall_plan_b,-1.0622983564737032,False,1.3880206207844525,False,0.6687697298637716,False,0.42498051822912586,False,167.13977642885843,8.0,False,False,1.0622983564737032,0.44639046670706517,0.1534810824664215,0.008057551634776353,0.16801417395875928,0.25604825165748535,0.206398,0,False
66330,2026-04-22 21:00:00+00:00,91.88,plan_b,footfall_plan_b,-0.7892160051798875,False,0.8894531977153923,False,1.8449356829922847,False,0.5013723162067185,False,166.59254042344241,39.0,False,False,0.7892160051798875,0.3316379986262895,0.09835173739092302,0.022228375275866397,0.324070100392129,0.2552099184646057,0.2063,0,False
66336,2026-04-21 17:00:00+00:00,869.08,plan_b,footfall_plan_b,0.26317745091089095,False,0.7291964888698405,False,3.0301335184863634,False,0.4841538710975911,False,336.0638910981524,41.0,False,False,0.26317745091089095,0.1105903105497241,0.08063127072219257,0.036508017924860095,0.28889563828514775,0.5148300039609022,0.206291,0,False
66331,2026-04-21 20:00:00+00:00,97.51,plan_b,footfall_plan_b,-0.7921174144711207,False,1.089843833124779,False,1.3601627906527722,False,0.4659878370144071,False,202.00261592432264,363.0,False,False,0.7921174144711207,0.3328572054900948,0.12051003329677532,0.016387676397403152,0.25178540716710296,0.3094560597290048,0.206199,0,False
66340,2026-04-24 05:00:00+00:00,75.86,plan_b,footfall_plan_b,-0.6971631357184065,False,1.2484026675092745,False,0.2810567141774085,False,0.46724607618040226,False,221.2343187510366,6.0,False,False,0.6971631357184065,0.29295628259969386,0.13804275663786864,0.0033862611982249154,0.2543557836201054,0.33891789096025804,0.205532,0,False
66330,2026-04-21 18:00:00+00:00,297.95,plan_b,footfall_plan_b,-0.7188443986490446,False,0.8984621297048568,False,0.32279934036980984,False,0.5082473730091712,False,184.31289007533746,56.0,False,False,0.7188443986490446,0.30206700843243756,0.09934790460407865,0.0038891897114292353,0.3381147149579951,0.2823564460241798,0.205155,0,False
66342,2026-04-24 01:00:00+00:00,28.67,plan_b,footfall_plan_b,-0.6545429629900125,False,1.7080140187082093,False,1.0607411983556785,False,0.4283926276332283,False,244.10183534589075,10.0,False,False,0.6545429629900125,0.27504677659375615,0.18886451435498372,0.012780149272943983,0.1749845543954837,0.3739495738364952,0.205125,0,False
66330,2026-04-23 12:00:00+00:00,422.59,plan_b,footfall_plan_b,-0.5904040803614728,False,1.2869883426263697,False,0.20922606025883583,False,0.45999149088327346,False,256.6362374405389,131.0,False,False,0.5904040803614728,0.24809485148143273,0.142309387187869,0.002520822502268166,0.23953585452555243,0.3931515364720778,0.205122,0,False
66340,2026-04-22 14:00:00+00:00,1717.26,plan_b,footfall_plan_b,0.27812462086979783,False,1.0401836815674879,False,0.22388434197044588,False,0.49231344892030166,False,316.6477433941975,84.0,False,False,0.27812462086979783,0.11687129002525945,0.11501883691083689,0.0026974301692934887,0.3055643188259798,0.48508561408709366,0.205047,0,False
66331,2026-04-23 22:00:00+00:00,34.62,plan_b,footfall_plan_b,-0.836648290494774,False,0.6307049072802915,False,0.5877256693596234,False,0.43823350424213187,False,261.6896504753211,84.0,False,False,0.836648290494774,0.35156961185873353,0.06974051425227028,0.007081106869046403,0.19508785287484912,0.4008930663466848,0.204874,0,False
66336,2026-04-23 07:00:00+00:00,276.95,plan_b,footfall_plan_b,-0.47608717857935706,False,0.6420988700293994,False,0.13902611141123633,False,0.45801742534774487,False,336.0638910981524,16.0,False,False,0.47608717857935706,0.2000575229587583,0.07100040744847282,0.0016750310626445272,0.23550316208810695,0.5148300039609022,0.204613,0,False
66333,2026-04-23 14:00:00+00:00,438.37,plan_b,footfall_plan_b,-0.00919535396340024,False,1.9760780991241107,False,0.30544675120373044,False,0.5358176308578977,False,261.78018391964736,69.0,False,False,0.00919535396340024,0.0038639976445831066,0.21850583568445087,0.0036801201663240364,0.39443623434220837,0.40103175822860276,0.204304,0,False
66342,2026-04-22 11:00:00+00:00,159.35,plan_b,footfall_plan_b,-1.036624205158031,False,0.25683625557344875,False,5.69014564297233,False,0.4350459759990216,False,195.1458618392765,25.0,False,False,1.036624205158031,0.43560188144919615,0.02839979891635695,0.06855669489853645,0.18857625495229452,0.2989519180277703,0.204017,0,False
66336,2026-04-25 04:00:00+00:00,20.73,plan_b,footfall_plan_b,-1.0823844354969279,False,1.251093191339569,False,1.0716649336585768,False,0.44046670563402807,False,139.81572456342684,4.0,False,False,1.0823844354969279,0.4548308771951842,0.13834026267177896,0.012911761930211922,0.19964991740731208,0.21418942033781974,0.203984,0,False
66330,2026-04-26 17:00:00+00:00,446.1,plan_b,footfall_plan_b,-0.4308689922733115,False,0.4780541872185407,False,0.025659101567022894,False,0.47537332628270856,False,335.47309403240257,107.0,False,False,0.4308689922733115,0.18105630059425548,0.05286108364185536,0.0003091490636401451,0.270958423925065,0.5139249378001011,0.203822,0,False
66330,2026-04-21 09:00:00+00:00,171.63,plan_b,footfall_plan_b,-0.7907746349597237,False,0.8653278516228065,False,2.1093084737045205,False,0.5000588265052422,False,159.28947949946553,54.0,False,False,0.7907746349597237,0.33229295348958626,0.09568406503957534,0.02541362322724674,0.3213868561479669,0.24402206108388041,0.20376,0,False
66331,2026-04-24 15:00:00+00:00,265.76,plan_b,footfall_plan_b,0.19422989174699715,False,2.3402305905761898,False,0.01308666442544559,False,0.46101568248118163,False,284.6448083380434,307.0,False,False,0.19422989174699715,0.08161772208065267,0.25877218168392335,0.00015767231922488194,0.24162811014576593,0.43605901046156986,0.203647,0,False
66332,2026-04-24 22:00:00+00:00,42.74,plan_b,footfall_plan_b,-0.4891359520331016,False,0.6744907594765952,False,0.21832030360810153,False,0.4602498540284492,False,322.95354615970024,15.0,False,False,0.4891359520331016,0.20554077353189049,0.07458215701403659,0.0026303928552517805,0.24006364809821407,0.49474573095395535,0.203513,0,False
66330,2026-04-26 21:00:00+00:00,83.58,plan_b,footfall_plan_b,-0.9101439283323519,False,0.2749953369189919,False,0.009627946609763103,False,0.4778779736368634,False,213.98811469387093,36.0,False,False,0.9101439283323519,0.3824533573482353,0.03040774852443599,0.0001160005805897326,0.27607500808186375,0.3278171349365693,0.203374,0,False
66342,2026-04-20 13:00:00+00:00,96.53,plan_b,footfall_plan_b,-1.0384029670382011,False,1.019673021341501,False,0.859443675944554,False,0.4239156424549236,False,190.30977346759514,27.0,False,False,1.0384029670382011,0.4363493384522227,0.11275086027817972,0.010354852330885048,0.16583880723249983,0.2915433166829123,0.203367,0,False
66340,2026-04-20 11:00:00+00:00,2609.79,plan_b,footfall_plan_b,0.3593947303244334,False,0.2821242586873157,False,0.08832518478203173,False,0.5125215989910509,False,316.6477433941975,90.0,False,False,0.3593947303244334,0.15102196141405314,0.031196032656124466,0.001064170080152033,0.3468462583048798,0.48508561408709366,0.203043,0,False
66340,2026-04-26 09:00:00+00:00,845.47,plan_b,footfall_plan_b,-0.28485478518214785,False,0.8536384178537695,False,0.021508274142298806,False,0.49695628276805026,False,316.6477433941975,102.0,False,False,0.28485478518214785,0.11969938551283779,0.09439149998583905,0.0002591385670398087,0.31504886764624895,0.48508561408709366,0.202897,0,False
66330,2026-04-23 10:00:00+00:00,379.85,plan_b,footfall_plan_b,-0.2695668759523701,False,0.5851129741792641,False,8.185130941893815,False,0.4521586824755362,False,335.47309403240257,84.0,False,False,0.2695668759523701,0.11327522332293359,0.06469916318060705,0.09861707588821263,0.2235347103581764,0.5139249378001011,0.20281,0,False
66330,2026-04-26 16:00:00+00:00,483.46,plan_b,footfall_plan_b,-0.4117000747670493,False,0.5571637214462323,False,0.012820055797211499,False,0.47150282367417995,False,335.47309403240257,111.0,False,False,0.4117000747670493,0.1730012923381061,0.06160866041763731,0.00015446013318782747,0.2630516212796569,0.5139249378001011,0.202348,0,False
66342,2026-04-22 12:00:00+00:00,142.97,plan_b,footfall_plan_b,-1.0450641078940475,False,0.5413381664703808,False,6.778843597948645,False,0.44775579998946224,False,141.14315494692627,19.0,False,False,1.0450641078940475,0.43914842945836263,0.05985874166862563,0.08167367611819183,0.21454034285365622,0.2162229651716955,0.202289,0,False
66335,2026-04-25 13:00:00+00:00,954.6,plan_b,footfall_plan_b,0.06651176279008,False,0.40170333981786166,False,10.633874080458082,True,0.5203757016115133,False,291.49557301963404,87.0,False,False,0.06651176279008,0.02794903771848996,0.044418550057835536,0.12812031653773343,0.36289090305978566,0.4465539767509663,0.201987,1,False
66338,2026-04-23 00:00:00+00:00,0.0,plan_b,footfall_plan_b,-1.6385665169247006,False,1.5907396927757267,False,0.4124402944868188,False,0.41141348763686447,False,,,False,False,1.6385665169247006,0.6885452356799291,0.17589684642547931,0.004969212601423894,0.14029895342361434,0.0,0.201942,0,False
66340,2026-04-22 07:00:00+00:00,399.99,plan_b,footfall_plan_b,0.8996991486054488,False,1.023195950754328,False,0.8773406924414003,False,0.4565444749661319,False,179.5140679618003,15.0,False,False,0.8996991486054488,0.37806433606383666,0.11314040998056663,0.010570481310625442,0.23249416580213886,0.2750049343826079,0.201855,0,False
66331,2026-04-22 03:00:00+00:00,4.53,plan_b,footfall_plan_b,-0.7627348053667187,False,2.1237253548977306,False,0.7927654265847636,False,0.448249595255492,False,148.77727156936393,44.0,False,False,0.7627348053667187,0.3205102819433765,0.23483200569950774,0.009551491453229229,0.21554908567355022,0.22791798030148128,0.201672,0,False
66333,2026-04-23 16:00:00+00:00,357.99,plan_b,footfall_plan_b,0.15740124817094941,False,1.709141604244297,False,0.01578149231066512,False,0.5144942024913796,False,261.78018391964736,95.0,False,False,0.15740124817094941,0.06614188584885006,0.18898919769618253,0.00019014046762091448,0.35087596404396704,0.40103175822860276,0.201446,0,False
66331,2026-04-24 14:00:00+00:00,265.01,plan_b,footfall_plan_b,0.08368429509904188,False,1.2873066520638543,False,0.035373042334775916,False,0.4470228019920195,False,401.161729637475,311.0,False,False,0.08368429509904188,0.035165141052571895,0.14234458441497996,0.00042618572935357795,0.2130429480469744,0.6145560422553801,0.201107,0,False
66333,2026-04-20 10:00:00+00:00,5.18,plan_b,footfall_plan_b,-0.9517325474640335,False,2.2380990501286124,True,0.8305690965921128,False,0.3783236212939583,False,179.48195189340618,4.0,False,False,0.9517325474640335,0.399929392203,0.2474789349214954,0.010006962162303203,0.07270177827644377,0.27495573446540017,0.201015,1,False
66342,2026-04-20 16:00:00+00:00,61.38,plan_b,footfall_plan_b,-1.0404040989832064,False,1.5765054563710257,False,0.7176635107257124,False,0.4117023118540604,False,159.16654178633578,21.0,False,False,1.0404040989832064,0.43719023801441215,0.17432288853266228,0.008646639546986103,0.14088897397535116,0.2438337277787737,0.200976,0,False
66340,2026-04-22 11:00:00+00:00,2582.96,plan_b,footfall_plan_b,0.3364493643083366,False,0.5343512580053587,False,0.210719232449519,False,0.4973898469758725,False,316.6477433941975,121.0,False,False,0.3364493643083366,0.14138004435537468,0.0590861607298069,0.0025388127184648424,0.3159345682831144,0.48508561408709366,0.200805,0,False
66336,2026-04-22 19:00:00+00:00,395.06,plan_b,footfall_plan_b,-0.1782938645953329,False,0.8907785281654557,False,2.070543452862257,False,0.48431882671211435,False,336.0638910981524,16.0,False,False,0.1782938645953329,0.0749212129932229,0.09849828647604142,0.024946569855792043,0.2892326155775576,0.5148300039609022,0.200486,0,False
66330,2026-04-20 19:00:00+00:00,185.61,plan_b,footfall_plan_b,-0.9347975347601307,False,0.4701384711654313,False,0.33706222336826114,False,0.47598862093184247,False,183.63280024256247,62.0,False,False,0.9347975347601307,0.39281309744596077,0.05198579933401745,0.00406103348827632,0.2722153700769051,0.2813145886257036,0.200478,0,False
66336,2026-04-20 08:00:00+00:00,607.16,plan_b,footfall_plan_b,0.7709553192247373,False,0.7995252328853445,False,0.05432898225046238,False,0.5200882114311947,False,148.15661711410272,22.0,False,False,0.7709553192247373,0.3239646401237223,0.08840790717727853,0.0006545729571778316,0.3623036077268067,0.22696717438592648,0.20046,0,False
66335,2026-04-22 12:00:00+00:00,452.79,plan_b,footfall_plan_b,-1.082111665438702,False,0.545054017131624,False,8.124066827400116,False,0.41886335686412396,False,152.31926126768684,16.0,False,False,1.082111665438702,0.4547162559563833,0.0602696237356722,0.09788135590330077,0.1555178155900533,0.23334409902092582,0.200346,0,False
66330,2026-04-22 09:00:00+00:00,175.02,plan_b,footfall_plan_b,-0.7670039145731179,False,0.8823341384396228,False,1.8897732644091694,False,0.47860414989663097,False,183.63280024256247,105.0,False,False,0.7670039145731179,0.32230421265921977,0.09756454380933906,0.02276859279964492,0.2775584671962203,0.2813145886257036,0.200302,0,False
66332,2026-04-25 07:00:00+00:00,345.3,plan_b,footfall_plan_b,0.2885868977233993,False,1.193497290096004,False,4.723709896660191,False,0.4836222244498645,False,262.95790827804694,9.0,False,False,0.2885868977233993,0.12126766381143436,0.13197156674887864,0.056912767878708706,0.28780957129441526,0.4028359622867014,0.20016,0,False
66342,2026-04-26 22:00:00+00:00,460.88,plan_b,footfall_plan_b,0.8189957234486416,False,0.0,False,0.5937158082214787,False,0.49714283960803757,False,217.9342904019919,127.0,False,False,0.8189957234486416,0.34415179219038894,0.0,0.007153277978209359,0.3154299727029101,0.3338624427165978,0.200119,0,False
66340,2026-04-26 19:00:00+00:00,414.46,plan_b,footfall_plan_b,-0.5230161402953954,False,0.250666798274999,False,0.018000502289988063,False,0.47318751852173535,False,316.6477433941975,51.0,False,False,0.5230161402953954,0.21977763359889838,0.027717608053903272,0.00021687580967971358,0.2664931768151072,0.48508561408709366,0.199858,0,False
66338,2026-04-25 05:00:00+00:00,0.75,plan_b,footfall_plan_b,-0.9324177765584516,False,2.021000797657704,False,18.71242439756026,False,0.41924836851024444,False,,,False,False,0.9324177765584516,0.3918130946051169,0.2234731858051947,0.2254532749649176,0.1563043312987239,0.0,0.199409,0,False
66342,2026-04-21 09:00:00+00:00,2.19,plan_b,footfall_plan_b,-1.1889151692501874,False,1.9988332550155417,False,0.9163834481319689,False,0.3787729731404603,False,123.9839565564693,3.0,False,False,1.1889151692501874,0.4995963648465254,0.22102199856100466,0.011040880920375716,0.0736197304723194,0.18993608815417995,0.199043,0,False
66333,2026-04-25 04:00:00+00:00,38.81,plan_b,footfall_plan_b,0.7297082047015846,False,1.2931411017188474,False,0.6722536799920615,False,0.471911233546578,False,178.38584110436287,18.0,False,False,0.7297082047015846,0.30663210958735815,0.14298973163774822,0.008099527380385234,0.2638859357308013,0.2732765575683501,0.198977,0,False
66335,2026-04-24 06:00:00+00:00,588.37,plan_b,footfall_plan_b,1.0401410304446281,False,1.0330292581371894,False,1.2492072118809383,False,0.40763888953311167,False,192.88386930712574,10.0,False,False,1.0401410304446281,0.4370796934701264,0.114227732919972,0.015050848091339327,0.13258806796746153,0.2954866792587929,0.198887,0,False
66330,2026-04-21 03:00:00+00:00,6.15,plan_b,footfall_plan_b,-0.9501332185127127,False,2.853214513716107,False,0.31350523508214667,False,0.4604833970069192,False,22.700713993374748,13.0,False,False,0.9501332185127127,0.3992573350613811,0.3154956385493475,0.0037772113578789803,0.24054073813709279,0.034776151156659274,0.198769,0,False
66333,2026-04-24 05:00:00+00:00,104.97,plan_b,footfall_plan_b,1.213129844044272,False,1.3396661720024046,False,0.01213767494949383,False,0.4702425383867076,False,48.79137271918094,1.0,False,False,1.213129844044272,0.5097716606253614,0.14813426482552683,0.0001462385904511555,0.2604770649357346,0.07474549713803476,0.198655,0,False
66336,2026-04-26 03:00:00+00:00,32.64,plan_b,footfall_plan_b,1.0995140455452999,False,1.5875708300272537,False,0.47524624356142675,False,0.43599494301727093,False,103.3724742019783,8.0,False,False,1.0995140455452999,0.4620289440823301,0.1755464478236572,0.005725918766553217,0.19051483908185052,0.15836051629631723,0.198435,0,False
66331,2026-04-21 23:00:00+00:00,11.22,plan_b,footfall_plan_b,-0.8612128616672031,False,1.1140791270027348,False,0.2623654104255973,False,0.41172995144242286,False,236.90594507795987,53.0,False,False,0.8612128616672031,0.3618919382779508,0.12318986318012265,0.003161062391556159,0.14094543712561505,0.36292589556199983,0.198423,0,False
66331,2026-04-22 15:00:00+00:00,211.18,plan_b,footfall_plan_b,-0.23771115854903138,False,2.8610796357922723,False,0.7664760061336267,False,0.4202673491239748,False,266.29487608786127,841.0,False,False,0.23771115854903138,0.09988907010871954,0.3163653284025848,0.009234748106043748,0.1583859417320845,0.40794799959939904,0.198365,0,False
66332,2026-04-21 06:00:00+00:00,60.43,plan_b,footfall_plan_b,-0.5116953819288715,False,1.3049532957895689,False,0.9613800991960015,False,0.450961595696712,False,260.66708279718154,10.0,False,False,0.5116953819288715,0.21502051561983498,0.14429587097395863,0.011583014966147063,0.22108925821231457,0.3993265531456782,0.198263,0,False
66340,2026-04-20 17:00:00+00:00,1431.59,plan_b,footfall_plan_b,0.20307525017034084,False,1.2237248117133006,False,0.054279463054549566,False,0.4821229676095695,False,316.6477433941975,49.0,False,False,0.20307525017034084,0.08533464741591784,0.13531399024650498,0.0006539763340650282,0.28474683522368643,0.48508561408709366,0.198227,0,False
66336,2026-04-22 07:00:00+00:00,322.37,plan_b,footfall_plan_b,0.24508656746629012,False,0.7762241619045938,False,0.024117438096381612,False,0.483187561942096,False,336.0638910981524,13.0,False,False,0.24508656746629012,0.10298830509168554,0.08583137946349617,0.00029057460899090283,0.28692162701071655,0.5148300039609022,0.198172,0,False
66342,2026-04-25 20:00:00+00:00,425.42,plan_b,footfall_plan_b,0.0216471775369788,False,0.7678765059661267,False,2.126506964173488,False,0.5417482917664307,False,303.23053589532776,479.0,False,False,0.0216471775369788,0.009096402742916105,0.084908333184278,0.02562083614195528,0.40655160283654285,0.46453124578761484,0.198142,0,False
66331,2026-04-20 19:00:00+00:00,94.91,plan_b,footfall_plan_b,-0.632728575373133,False,1.0847654136349505,False,0.2574292116589091,False,0.45200893950984816,False,247.09384614278434,270.0,False,False,0.632728575373133,0.26588011017665647,0.11994848449206306,0.003101589489799359,0.22322881001473663,0.378533157408602,0.198138,0,False
66342,2026-04-24 11:00:00+00:00,1861.36,plan_b,footfall_plan_b,0.1931500062890551,False,0.6237790738418234,False,0.3572733603312303,False,0.5243018449796364,False,303.23053589532776,573.0,False,False,0.1931500062890551,0.08116394130369553,0.06897468671541605,0.0043045437316448915,0.3709113706602786,0.46453124578761484,0.197977,0,False
66342,2026-04-20 08:00:00+00:00,48.03,plan_b,footfall_plan_b,-1.063070136090399,False,0.8261446084815205,False,0.6433991777177528,False,0.43098712808083733,False,172.03865217473424,10.0,False,False,1.063070136090399,0.44671477772683876,0.09135135810293722,0.007751879106863085,0.1802846936997345,0.26355303954591874,0.197931,0,False
66335,2026-04-21 20:00:00+00:00,184.85,plan_b,footfall_plan_b,-0.9941002778685809,False,0.49440249275514664,False,0.5582282579284055,False,0.44048554075672985,False,202.8699929575802,4.0,False,False,0.9941002778685809,0.417732818927094,0.054668805798628504,0.0067257126203448415,0.19968839447684741,0.3107848300411273,0.19792,0,False
66338,2026-04-21 16:00:00+00:00,0.34,plan_b,footfall_plan_b,-1.2487119422394741,False,3.0290701997213363,False,0.40310880411835354,False,0.40393579234937144,False,,,False,False,1.2487119422394741,0.5247236835885694,0.3349409700104203,0.00485678382046121,0.12502324717543237,0.0,0.197909,0,False
66331,2026-04-22 10:00:00+00:00,146.46,plan_b,footfall_plan_b,-0.5281680858926271,False,1.1157075689606293,False,1.573868688840688,False,0.4634615004151795,False,247.09384614278434,573.0,False,False,0.5281680858926271,0.221942542718434,0.12336992897359056,0.018962473420073647,0.24662451543641428,0.378533157408602,0.197887,0,False
66340,2026-04-22 00:00:00+00:00,208.18,plan_b,footfall_plan_b,0.7938610322671472,False,1.8259476647444914,False,0.04569041579301155,False,0.4296333560388385,False,179.5140679618003,13.0,False,False,0.7938610322671472,0.33358989452889803,0.2019050869385745,0.0005504927451509868,0.17751915923416672,0.2750049343826079,0.197714,0,False
66333,2026-04-23 17:00:00+00:00,385.17,plan_b,footfall_plan_b,0.1504636651331055,False,1.3224213918583803,False,0.29813787756690524,False,0.5257890403062038,False,261.78018391964736,91.0,False,False,0.1504636651331055,0.06322663053360865,0.14622741453543212,0.0035920605187488228,0.3739494670347471,0.40103175822860276,0.197605,0,False
66338,2026-04-23 01:00:00+00:00,0.11,plan_b,footfall_plan_b,-1.7245114466182825,False,0.5231546736822261,False,7.052897104793533,False,0.4008381880554438,False,,,False,False,1.7245114466182825,0.7246603224097782,0.0578480927529279,0.08497556043425383,0.11869534914697316,0.0,0.197236,0,False
66332,2026-04-24 07:00:00+00:00,171.99,plan_b,footfall_plan_b,-0.46038083510598654,False,0.9158335924756621,False,0.9528793214920588,False,0.4781301979999877,False,262.95790827804694,30.0,False,False,0.46038083510598654,0.19345752969828403,0.1012687628897297,0.011480594877099033,0.27659026112863677,0.4028359622867014,0.197127,0,False
66335,2026-04-25 18:00:00+00:00,506.92,plan_b,footfall_plan_b,-0.18335637459653217,False,0.974410117667227,False,0.7700199134520378,False,0.4771290969996902,False,337.17117693788396,55.0,False,False,0.18335637459653217,0.0770485402063103,0.10774589180186502,0.009277446235058611,0.27454517581593574,0.5165263003746348,0.197029,0,False
66336,2026-04-22 06:00:00+00:00,188.77,plan_b,footfall_plan_b,0.240423086934565,False,0.9175182775404133,False,0.7897386499306636,False,0.4686365591807194,False,336.0638910981524,6.0,False,False,0.240423086934565,0.10102865483114443,0.1014550477931967,0.009515023879880305,0.2571963125584083,0.5148300039609022,0.196805,0,False
66330,2026-04-20 16:00:00+00:00,483.57,plan_b,footfall_plan_b,-0.4110500397900753,False,1.529764313402298,False,0.043632142652641995,False,0.4799613719316525,False,235.15937813964103,99.0,False,False,0.4110500397900753,0.17272813987111882,0.16915446299839054,0.0005256940119451952,0.28033104943225035,0.3602502583168486,0.196598,0,False
66342,2026-04-20 12:00:00+00:00,103.03,plan_b,footfall_plan_b,-1.0725872195745962,False,0.6734889788887638,False,0.9815136850566629,False,0.40680414267045295,False,204.91452679163558,15.0,False,False,1.0725872195745962,0.4507139699615922,0.07447138461864716,0.011825590849027599,0.13088281690074668,0.3139169349466719,0.196362,0,False
66342,2026-04-22 10:00:00+00:00,107.54,plan_b,footfall_plan_b,-1.097715457649968,False,0.6064843174594751,False,5.483455627710283,False,0.41156592931657127,False,160.31195452676852,18.0,False,False,1.097715457649968,0.4612731559507584,0.06706231027748122,0.06606642747763226,0.14061036679760877,0.24558843234928535,0.19612,0,False
66335,2026-04-25 02:00:00+00:00,312.72,plan_b,footfall_plan_b,-0.3308372244926169,False,1.6288416911890353,False,5.340458352600185,False,0.41572434057489877,False,291.49557301963404,1.0,False,False,0.3308372244926169,0.13902175612467416,0.18010999417922338,0.06434355056442831,0.14910531964057763,0.4465539767509663,0.195827,0,False
66340,2026-04-26 10:00:00+00:00,1744.85,plan_b,footfall_plan_b,0.17394990243625963,False,0.6987898296470598,False,0.5308628998103283,False,0.5076630012988602,False,316.6477433941975,130.0,False,False,0.17394990243625963,0.0730958281719723,0.07726903899319819,0.006396006031971787,0.33692093930343087,0.48508561408709366,0.195753,0,False
66336,2026-04-20 16:00:00+00:00,889.58,plan_b,footfall_plan_b,0.2602724960418405,False,0.47857614706784235,False,0.7273948974214848,False,0.5342609839296674,False,271.54468161441895,50.0,False,False,0.2602724960418405,0.10936961379174084,0.052918799616297835,0.008763886406821002,0.3912562597252227,0.41599039115536146,0.19566,0,False
66331,2026-04-20 23:00:00+00:00,16.61,plan_b,footfall_plan_b,-0.5479313222273307,False,1.1140791270027348,False,0.42787343070811146,False,0.4462756236696822,False,266.29487608786127,71.0,False,False,0.5479313222273307,0.23024729084999976,0.12318986318012265,0.005155155963446175,0.2115165851599865,0.40794799959939904,0.195611,0,False
66330,2026-04-20 09:00:00+00:00,199.77,plan_b,footfall_plan_b,-0.5934566197151563,False,1.1826029192682441,False,1.3730995681019214,False,0.5036796061839014,False,164.3398234242189,81.0,False,False,0.5934566197151563,0.24937756500388952,0.13076691618216718,0.016543542830391025,0.32878351576488035,0.2517588892634521,0.195446,0,False
66336,2026-04-21 19:00:00+00:00,312.5,plan_b,footfall_plan_b,-0.5075885187352928,False,0.8907785281654557,False,1.6123455595769707,False,0.46459986798060676,False,257.0844248627809,15.0,False,False,0.5075885187352928,0.21329476261785427,0.09849828647604142,0.019426055066876596,0.24895001385047916,0.3938381330939705,0.194801,0,False
66338,2026-04-21 19:00:00+00:00,0.22,plan_b,footfall_plan_b,-0.9859701728720167,False,3.163607103100603,True,4.453115687142538,False,0.41901594876484544,False,,,False,False,0.9859701728720167,0.4143164516309599,0.3498174561757773,0.0536525622834224,0.15582953584096693,0.0,0.194723,1,False
66336,2026-04-22 21:00:00+00:00,285.63,plan_b,footfall_plan_b,0.29006816614252073,False,0.8509727081859361,False,1.1221010443640882,False,0.4546237828066286,False,336.0638910981524,11.0,False,False,0.29006816614252073,0.12189011050628287,0.09409673779049857,0.01351943232574513,0.22857050642665833,0.5148300039609022,0.194581,0,False
66333,2026-04-20 11:00:00+00:00,1.24,plan_b,footfall_plan_b,-0.9772348022020697,False,1.8340059322983397,False,0.7384363432589136,False,0.4071693975512494,False,142.8509359813243,3.0,False,False,0.9772348022020697,0.41064574446432095,0.2027961339507361,0.008896917278262795,0.13162897277501637,0.21883918470611347,0.194561,0,False
66342,2026-04-21 06:00:00+00:00,0.44,plan_b,footfall_plan_b,-0.8807675803884905,False,4.997945214269635,False,0.20880924399814066,False,0.3657775516657504,False,,,False,False,0.8807675803884905,0.37010906481601386,0.552650320973219,0.0025158005666260585,0.04707221370588817,0.0,0.194469,0,False
66342,2026-04-25 01:00:00+00:00,76.3,plan_b,footfall_plan_b,-0.22104287501020767,False,4.304222195371598,False,0.44931535529374317,False,0.4265729825890202,False,147.43914951769605,39.0,False,False,0.22104287501020767,0.09288485813497599,0.47594154714234466,0.005413495129803034,0.17126731771993023,0.2258680564643525,0.194275,0,False
66335,2026-04-20 15:00:00+00:00,440.39,plan_b,footfall_plan_b,-0.6958665790611619,False,0.4352899104059846,False,0.9773509696200116,False,0.5114455137971117,False,178.90689823173693,14.0,False,False,0.6958665790611619,0.29241145399498736,0.04813240209505285,0.011775437121856766,0.3446479925707669,0.274074786268474,0.194208,0,False
66330,2026-04-20 05:00:00+00:00,20.06,plan_b,footfall_plan_b,-1.0067944637736097,False,0.7087714459994734,False,0.5187169765327726,False,0.461756651143421,False,143.47825896175158,13.0,False,False,1.0067944637736097,0.4230670675739828,0.0783727612719545,0.006249668063025626,0.2431417877146298,0.21980020640779876,0.194126,0,False
66340,2026-04-24 20:00:00+00:00,622.79,plan_b,footfall_plan_b,0.13933239083787685,False,0.9584150890068144,False,0.13580781631308833,False,0.49902634827362335,False,316.6477433941975,36.0,False,False,0.13933239083787685,0.05854913602614683,0.10597723341443116,0.0016362560138178444,0.31927767229285153,0.48508561408709366,0.194105,0,False
66340,2026-04-26 05:00:00+00:00,71.45,plan_b,footfall_plan_b,-0.7398516728593907,False,1.5516585440160455,False,0.031184114147403942,False,0.4152346998052327,False,221.2343187510366,11.0,False,False,0.7398516728593907,0.3108945161489402,0.17157542862674577,0.0003757161825769989,0.14810506377603835,0.33891789096025804,0.193974,0,False
66331,2026-04-25 10:00:00+00:00,184.39,plan_b,footfall_plan_b,-0.18231288455750647,False,0.519791027985978,False,0.3381944701905203,False,0.44900479072983435,False,401.161729637475,790.0,False,False,0.18231288455750647,0.07661005321940476,0.0574761559280975,0.004074675160179627,0.21709182628847,0.6145560422553801,0.193962,0,False
66338,2026-04-24 14:00:00+00:00,0.0,plan_b,footfall_plan_b,-1.3832669886314268,False,0.8795587934810047,False,13.081193195997534,False,0.4081133643168508,False,,,False,False,1.3832669886314268,0.5812653223764492,0.09725765863624582,0.15760640010232774,0.13355734220770654,0.0,0.193937,0,False
66340,2026-04-22 10:00:00+00:00,1703.39,plan_b,footfall_plan_b,0.12649118067619514,False,0.6712152607805787,False,1.7781700230256272,False,0.5070071659441536,False,316.6477433941975,56.0,False,False,0.12649118067619514,0.053153106029277954,0.07421996708835822,0.021423961247257706,0.3355811751327209,0.48508561408709366,0.193893,0,False
66336,2026-04-20 19:00:00+00:00,342.22,plan_b,footfall_plan_b,-0.3890488249242509,False,0.4760213682438284,False,0.2703365398707085,False,0.45777839922353086,False,336.0638910981524,22.0,False,False,0.3890488249242509,0.16348296641092538,0.052636303655142484,0.0032571011089552746,0.23501487088088946,0.5148300039609022,0.193844,0,False
66342,2026-04-20 17:00:00+00:00,49.05,plan_b,footfall_plan_b,-1.08416343765996,False,0.5820727073020925,False,0.6522673897363013,False,0.4233249448931775,False,180.63621972672783,12.0,False,False,1.08416343765996,0.45557843516794144,0.06436298413232217,0.007858726162070194,0.16463210889994778,0.27672400451446466,0.193831,0,False
66331,2026-04-21 09:00:00+00:00,127.05,plan_b,footfall_plan_b,-0.3314032301363953,False,1.0862026497090151,False,0.7697901440260398,False,0.5239511010775519,False,215.19813124691368,317.0,False,False,0.3314032301363953,0.1392595984614766,0.12010740759817842,0.009274677899514406,0.3701948583378864,0.3296708087268719,0.193701,0,False
66332,2026-04-25 06:00:00+00:00,134.96,plan_b,footfall_plan_b,0.24616578969955022,False,1.1427178929683448,False,0.8813642476301309,False,0.48368618759740056,False,286.004938366057,2.0,False,False,0.24616578969955022,0.103441807173704,0.12635660921767083,0.010618958390614053,0.2879402375244372,0.43814264921675244,0.1933,0,False
66336,2026-04-26 21:00:00+00:00,278.61,plan_b,footfall_plan_b,0.22225357132714688,False,1.0368405028031713,False,0.7835714283340928,False,0.45621141408604476,False,336.0638910981524,31.0,False,False,0.22225357132714688,0.09339360719842463,0.11464916322736086,0.009440719221283393,0.23181377699631506,0.5148300039609022,0.192825,0,False
66331,2026-04-24 07:00:00+00:00,52.04,plan_b,footfall_plan_b,0.3519800396272566,False,1.0273936006999653,False,1.386799851448343,False,0.4521804925905115,False,301.1793835930069,134.0,False,False,0.3519800396272566,0.14790621975764287,0.11360456724727022,0.01670860822666329,0.22357926484947258,0.4613890017801507,0.192638,0,False
66335,2026-04-21 18:00:00+00:00,278.1,plan_b,footfall_plan_b,-0.9465027196912457,False,1.1727987130915638,False,0.40806316135134596,False,0.43091832730410934,False,163.38025983989445,8.0,False,False,0.9465027196912457,0.39773175606239464,0.1296828111233602,0.004916475501228664,0.18014414498592135,0.25028889460766146,0.192553,0,False
66331,2026-04-20 14:00:00+00:00,239.46,plan_b,footfall_plan_b,-0.09346017381400905,False,1.067813370248224,False,0.4315230997323456,False,0.43314311325126603,False,401.161729637475,391.0,False,False,0.09346017381400905,0.03927308213659247,0.11807400371702813,0.005199128343324375,0.1846890181436564,0.6145560422553801,0.192358,0,False
66331,2026-04-22 09:00:00+00:00,103.39,plan_b,footfall_plan_b,-0.6617493208688044,False,1.0862026497090151,False,1.6030963087031898,False,0.4814444305979416,False,170.20124984552956,455.0,False,False,0.6617493208688044,0.2780749743097447,0.12010740759817842,0.019314617133653046,0.2833606952875642,0.2607382478545795,0.192319,0,False
66342,2026-04-20 18:00:00+00:00,38.07,plan_b,footfall_plan_b,-1.1300197484122037,False,0.25340301118070013,False,0.3351009500509631,False,0.4296109533499632,False,180.63621972672783,4.0,False,False,1.1300197484122037,0.47484780505203666,0.02802016618044484,0.004037403439967679,0.1774733942114864,0.27672400451446466,0.192221,0,False
66333,2026-04-26 21:00:00+00:00,139.96,plan_b,footfall_plan_b,-0.18735509179773335,False,0.9461454944533527,False,0.595756928804542,False,0.5055802697350289,False,285.7018719626486,41.0,False,False,0.18735509179773335,0.07872884896965907,0.10462051678840213,0.00717787005191788,0.3326662599751468,0.43767836941222693,0.192174,0,False
66331,2026-04-23 02:00:00+00:00,0.22,plan_b,footfall_plan_b,-0.9482338197705504,False,1.6032558054310437,False,0.6615129364397289,False,0.5271467422821101,False,0.0,8.0,False,False,0.9482338197705504,0.3984591850070111,0.17728082191535646,0.007970119466264419,0.37672302971136623,0.0,0.192087,0,False
66331,2026-04-25 08:00:00+00:00,91.15,plan_b,footfall_plan_b,0.07050605607881923,False,0.7714762490333356,False,3.450122509520509,False,0.487611573798301,False,331.4709567785612,433.0,False,False,0.07050605607881923,0.029627487500944592,0.08530637659536505,0.04156817963700067,0.29595915835635644,0.5077939002419914,0.192051,0,False
66331,2026-04-22 19:00:00+00:00,82.06,plan_b,footfall_plan_b,-0.7660008745297031,False,0.925822565958249,False,2.546329479681668,False,0.43808760006849784,False,202.00261592432264,422.0,False,False,0.7660008745297031,0.32188272324395595,0.10237329868687756,0.030678992103705997,0.19478979455458767,0.3094560597290048,0.191836,0,False
66332,2026-04-21 00:00:00+00:00,1.32,plan_b,footfall_plan_b,-0.8669933395266999,False,0.8541414863207928,False,0.16450118163037863,False,0.39090409704947543,False,260.66708279718154,2.0,False,False,0.8669933395266999,0.3643209641667379,0.09444712703612727,0.0019819628577365466,0.09840162892763067,0.3993265531456782,0.191696,0,False
66332,2026-04-24 08:00:00+00:00,313.27,plan_b,footfall_plan_b,-0.4384145298896058,False,0.8543555102856663,False,0.8193554807802327,False,0.4551013153511968,False,286.004938366057,44.0,False,False,0.4384145298896058,0.18422702569005084,0.09447079284433693,0.009871856931934637,0.22954602717126152,0.43814264921675244,0.191252,0,False
66330,2026-04-20 17:00:00+00:00,417.29,plan_b,footfall_plan_b,-0.6183047645543331,False,0.9517330399559353,False,0.03272430642542289,False,0.4461744567983105,False,247.676685298809,76.0,False,False,0.6183047645543331,0.25981905246734066,0.10523836245958682,0.00039427291182691495,0.21130991781801733,0.3794260325223913,0.191238,0,False
66330,2026-04-22 12:00:00+00:00,404.53,plan_b,footfall_plan_b,-0.6987805633574035,False,0.8985911731343822,False,0.6378048686224616,False,0.4624221578810177,False,202.95158745907352,206.0,False,False,0.6987805633574035,0.2936359450262022,0.09936217364659297,0.00768447708134768,0.24450130893592326,0.31090982799133765,0.191219,0,False
66335,2026-04-22 01:00:00+00:00,89.1,plan_b,footfall_plan_b,-1.3167779769089094,False,0.9979951746581076,False,0.30940411742148827,False,0.48395776394620516,False,,,False,False,1.3167779769089094,0.5533258449284854,0.11035382141241129,0.003727799780417513,0.28849502350712247,0.0,0.19118,0,False
66340,2026-04-26 20:00:00+00:00,305.78,plan_b,footfall_plan_b,-0.7078749760250019,False,0.1476406537527679,False,0.07783176876514118,False,0.41902726096295295,False,316.6477433941975,29.0,False,False,0.7078749760250019,0.29745752593177,0.01632543999326063,0.000937742047294583,0.15585264480819117,0.48508561408709366,0.191132,0,False
66335,2026-04-21 17:00:00+00:00,320.4,plan_b,footfall_plan_b,-1.082561944923463,False,2.100863464474241,False,0.09451435421427032,False,0.4212666114003541,False,69.67609481700799,4.0,False,False,1.082561944923463,0.45490546877792837,0.2323040405980651,0.0011387391732938536,0.16042727083309652,0.10673965612135242,0.191103,0,False
66331,2026-04-21 18:00:00+00:00,157.92,plan_b,footfall_plan_b,-0.3836074012139789,False,1.080830130190216,False,0.934280584094709,False,0.4678085562103308,False,266.29487608786127,401.0,False,False,0.3836074012139789,0.1611964151282497,0.11951333853395137,0.011256511339479412,0.25550483815861114,0.40794799959939904,0.191084,0,False
66330,2026-04-20 11:00:00+00:00,442.44,plan_b,footfall_plan_b,-0.42358482759074095,False,0.3387764105841125,False,18.873104800200167,False,0.46756264183789104,False,167.07377693352896,117.0,False,False,0.42358482759074095,0.177995407529319,0.03746037301747906,0.22738920385516725,0.2550024753889114,0.25594714433431875,0.190759,0,False
66342,2026-04-20 10:00:00+00:00,114.02,plan_b,footfall_plan_b,-1.0919788769500667,False,0.5548742381719369,False,0.7984044883091871,False,0.42652401487640507,False,164.52881258835512,19.0,False,False,1.0919788769500667,0.4588625761731222,0.06135549964612873,0.009619432672736112,0.17116728470644205,0.25204840948474955,0.190611,0,False
66335,2026-04-22 07:00:00+00:00,93.93,plan_b,footfall_plan_b,-1.2551753936414656,False,1.0362545084291335,False,0.511457012692838,False,0.4910688905770063,False,,,False,False,1.2551753936414656,0.5274397031232798,0.11458436660294492,0.0061621976963288595,0.3030218900521433,0.0,0.190242,0,False
66333,2026-04-20 18:00:00+00:00,1.12,plan_b,footfall_plan_b,-1.039835393045572,False,1.8809795953387725,False,0.39168967774875973,False,0.35014365251571766,False,186.67220153236278,1.0,False,False,1.039835393045572,0.43695126098185566,0.20799027050958924,0.004719202533153573,0.015134719364678122,0.2859707716299337,0.190153,0,False
66336,2026-04-21 02:00:00+00:00,41.9,plan_b,footfall_plan_b,0.5004312824174622,False,5.208314738547351,False,0.023619356187510442,False,0.4230911876621303,False,,,False,False,0.5004312824174622,0.21028720636891615,0.575912037564895,0.000284573558823912,0.16415458117815918,0.0,0.190128,0,False
66330,2026-04-25 06:00:00+00:00,41.31,plan_b,footfall_plan_b,-0.572280218951282,False,0.7580258199502555,False,0.4337504230117378,False,0.46269876155168643,False,244.9295557068464,27.0,False,False,0.572280218951282,0.24047898828807804,0.08381908859373417,0.0052259638466817075,0.24506636491344772,0.3752175924722279,0.189962,0,False
66336,2026-04-23 02:00:00+00:00,22.94,plan_b,footfall_plan_b,-1.4064662140638935,False,1.3129396060253227,False,0.10709103449992899,False,0.44652236262521044,False,,,False,False,1.4064662140638935,0.5910139141961878,0.14517896126926233,0.001290267040466327,0.21202063241782765,0.0,0.189901,0,False
66340,2026-04-25 02:00:00+00:00,136.73,plan_b,footfall_plan_b,0.06066902411758096,False,4.143362996188118,False,0.028635351212369542,False,0.4046395351748789,False,221.2343187510366,6.0,False,False,0.06066902411758096,0.025493849091895462,0.45815445979964436,0.0003450078714247774,0.1264608784593251,0.33891789096025804,0.189874,0,False
66332,2026-04-23 08:00:00+00:00,2.2,plan_b,footfall_plan_b,-1.2940903224153912,False,1.9651742945808603,False,8.039856118394884,False,0.38673140071373324,False,,,False,False,1.2940903224153912,0.5437922213319389,0.21730014197987568,0.09686675834346653,0.08987749401212079,0.0,0.189567,0,False
66336,2026-04-20 18:00:00+00:00,699.16,plan_b,footfall_plan_b,-0.07711256149223905,False,0.475203852585737,False,0.1634533319969963,False,0.5114855034503517,False,336.0638910981524,29.0,False,False,0.07711256149223905,0.032403620041136685,0.05254590644759509,0.0019693380301622192,0.3447296848800113,0.5148300039609022,0.189296,0,False
66330,2026-04-26 09:00:00+00:00,244.46,plan_b,footfall_plan_b,-0.2800898073029418,False,1.622148473863358,False,0.01773023266617283,False,0.5029334246411337,False,210.04193898574997,63.0,False,False,0.2800898073029418,0.11769708485371945,0.17936988828674222,0.00021361951479680012,0.3272591891352302,0.32177182715654074,0.189262,0,False
66335,2026-04-20 18:00:00+00:00,378.51,plan_b,footfall_plan_b,-0.61162148330037,False,0.8253168942380767,False,0.5043901407120449,False,0.41384427219335546,False,291.49557301963404,14.0,False,False,0.61162148330037,0.2570106578012749,0.09125983318165412,0.0060770537621182095,0.1452646479872427,0.4465539767509663,0.189233,0,False
66338,2026-04-23 23:00:00+00:00,0.11,plan_b,footfall_plan_b,-1.1639272774392448,False,1.345770928187088,False,12.809712162846505,False,0.41806720334938535,False,,,False,False,1.1639272774392448,0.4890961540351869,0.14880930132958775,0.154335509772225,0.15389140440959959,0.0,0.189226,0,False
66335,2026-04-26 06:00:00+00:00,499.72,plan_b,footfall_plan_b,0.5930168555167309,False,1.7653989626056854,False,0.604588629202124,False,0.4216702142621189,False,217.4869159906928,8.0,False,False,0.5930168555167309,0.24919277083134858,0.19520988356259814,0.007284277203436067,0.16125176534914842,0.3331770915793825,0.189223,0,False
66340,2026-04-24 08:00:00+00:00,316.8,plan_b,footfall_plan_b,-0.7071852189440258,False,1.2198708687617674,False,1.4011429915807625,False,0.4200400315827021,False,221.2343187510366,19.0,False,False,0.7071852189440258,0.2971676817618952,0.13488783855458641,0.016881418967133473,0.15792156924135883,0.33891789096025804,0.189155,0,False
66336,2026-04-25 02:00:00+00:00,32.64,plan_b,footfall_plan_b,-0.4308910180792336,False,0.7769021973795158,False,0.9230332513525563,False,0.4174332261690473,False,336.0638910981524,3.0,False,False,0.4308910180792336,0.18106555610117145,0.08590635357921418,0.011120999876749383,0.15259629290765162,0.5148300039609022,0.189104,0,False
66330,2026-04-20 12:00:00+00:00,375.06,plan_b,footfall_plan_b,-0.8756274600290574,False,0.4855974611846152,False,0.20369586243184543,False,0.45876080822480403,False,184.77821298299517,96.0,False,False,0.8756274600290574,0.36794912480274455,0.05369518497746778,0.0024541929098214807,0.2370217715022773,0.28306929319621515,0.188838,0,False
66333,2026-04-22 09:00:00+00:00,2.19,plan_b,footfall_plan_b,-0.902153674070694,False,1.0537482560809777,False,2.2435544405739356,False,0.35256083258962273,False,261.78018391964736,1.0,False,False,0.902153674070694,0.37909575700250053,0.11651874660119166,0.027031061579355063,0.020072622199484833,0.40103175822860276,0.18875,0,False
66336,2026-04-23 00:00:00+00:00,16.32,plan_b,footfall_plan_b,-1.391994681137827,False,0.35528221765491774,False,0.6324324196438262,False,0.4664574740750249,False,38.48262612558195,1.0,False,False,1.391994681137827,0.5849328030869911,0.03928551098609034,0.007619748097487461,0.2527447987316745,0.05895310708901148,0.188707,0,False
66333,2026-04-23 09:00:00+00:00,225.08,plan_b,footfall_plan_b,-0.24836526060105757,False,0.9884493692820592,False,0.09413773017578714,False,0.4849409672932049,False,285.7018719626486,25.0,False,False,0.24836526060105757,0.10436605113609855,0.10929828915288212,0.0011342014864018431,0.2905035468466758,0.43767836941222693,0.188596,0,False
66340,2026-04-20 14:00:00+00:00,1599.65,plan_b,footfall_plan_b,0.1429679279416237,False,1.0201175125458295,False,0.07138081323638976,False,0.4807784411536514,False,316.6477433941975,56.0,False,False,0.1429679279416237,0.06007683217156826,0.112800010118006,0.0008600188715205409,0.2820001879755876,0.48508561408709366,0.188165,0,False
66335,2026-04-21 23:00:00+00:00,184.78,plan_b,footfall_plan_b,-1.2902312720352678,False,1.2454996570878116,False,3.238560344335487,False,0.45110664804969336,False,,,False,False,1.2902312720352678,0.5421706022362004,0.13772175479162402,0.03901921099529698,0.22138557640255382,0.0,0.188059,0,False
66331,2026-04-20 21:00:00+00:00,76.68,plan_b,footfall_plan_b,-0.4634076801144885,False,1.0779141647076809,False,0.31985524058943204,False,0.4405158623743017,False,275.7106181008524,327.0,False,False,0.4634076801144885,0.19472944614977916,0.11919090417527356,0.003853718255502006,0.19975033657333424,0.42237235944955404,0.187979,0,False
66340,2026-04-22 13:00:00+00:00,2027.43,plan_b,footfall_plan_b,0.1032845352610893,False,1.0462373748179563,False,0.22064067862664016,False,0.4857718191196061,False,316.6477433941975,77.0,False,False,0.1032845352610893,0.04340139624414575,0.11568822710510969,0.0026583494757282016,0.29220084099252014,0.48508561408709366,0.187807,0,False
66331,2026-04-22 22:00:00+00:00,25.99,plan_b,footfall_plan_b,-1.1175147713438391,False,0.8642249685160073,False,0.26641502578558285,False,0.44534946000784137,False,104.86179342257013,172.0,False,False,1.1175147713438391,0.4695930642198677,0.0955621131819943,0.0032098534528243084,0.20962458455123148,0.1606420652533648,0.187726,0,False
66332,2026-04-23 19:00:00+00:00,2.89,plan_b,footfall_plan_b,-0.9175807686235432,False,2.055851223286498,False,1.540271402082948,False,0.3892126491960708,False,138.2664560193434,2.0,False,False,0.9175807686235432,0.3855784065287976,0.227326789253031,0.018557682561949694,0.09494627810771385,0.21181603256301107,0.187645,0,False
66330,2026-04-24 19:00:00+00:00,280.95,plan_b,footfall_plan_b,-0.2946009409026096,False,0.7262313466714571,False,0.554529884728453,False,0.5225452320130374,False,234.00438959999101,110.0,False,False,0.2946009409026096,0.1237948366392976,0.08030339862327696,0.0066811534369778545,0.3673228981914426,0.35848088418831675,0.187317,0,False
66340,2026-04-20 19:00:00+00:00,481.75,plan_b,footfall_plan_b,-0.4239625065197771,False,1.13986071725208,False,0.04279289852973162,False,0.48003016858347364,False,229.19086676295044,18.0,False,False,0.4239625065197771,0.17815411272957699,0.12604067556714535,0.0005155825302907992,0.2804715897195546,0.3511068519078427,0.187258,0,False
66332,2026-04-24 21:00:00+00:00,85.99,plan_b,footfall_plan_b,-0.49210089341526975,False,0.8379857929148131,False,0.3863099853720777,False,0.45441333156104596,False,262.95790827804694,14.0,False,False,0.49210089341526975,0.20678667733968562,0.09266070306315774,0.004654386278516633,0.2281405890144764,0.4028359622867014,0.187016,0,False
66330,2026-04-20 13:00:00+00:00,464.25,plan_b,footfall_plan_b,-0.507510141893513,False,2.032621678296096,False,0.07636242029318432,False,0.4654000378191057,False,159.28947949946553,100.0,False,False,0.507510141893513,0.21326182773212474,0.22475817056182282,0.000920038866881971,0.25058462972229856,0.24402206108388041,0.186709,0,False
66330,2026-04-22 01:00:00+00:00,3.88,plan_b,footfall_plan_b,-0.9025613243497874,False,0.9525543577878592,False,0.08960211065947109,False,0.5153005935060979,False,62.19539178074987,4.0,False,False,0.9025613243497874,0.37926705652229065,0.10532918009442961,0.0010795548915928043,0.3525232887594598,0.09527966153162641,0.186696,0,False
66335,2026-04-25 06:00:00+00:00,372.25,plan_b,footfall_plan_b,-0.04990382782290905,False,3.6815572974471324,False,1.6360371631047805,False,0.4140113803977927,False,221.23892602589638,34.0,False,False,0.04990382782290905,0.02097018493588232,0.4070900609927512,0.019711499084767273,0.145606022668144,0.3389249490328363,0.186461,0,False
66342,2026-04-21 16:00:00+00:00,1.54,plan_b,footfall_plan_b,-1.1190134012258548,False,1.5235611439846977,False,0.2499158486284599,False,0.3792297254185231,False,140.53937319652286,3.0,False,False,1.1190134012258548,0.47022280640894043,0.16846854440130382,0.0030110660885966823,0.07455280053730923,0.21529800724201145,0.186311,0,False
66338,2026-04-23 02:00:00+00:00,0.11,plan_b,footfall_plan_b,-1.2541619697610074,False,1.881839495012573,False,6.365443958080391,False,0.4008381880554438,False,,,False,False,1.2541619697610074,0.5270138502955757,0.20808535435111952,0.07669290501673223,0.11869534914697316,0.0,0.186097,0,False
66330,2026-04-21 08:00:00+00:00,115.65,plan_b,footfall_plan_b,-0.6704012771236271,False,0.945684840747672,False,0.293036246423337,False,0.49204652061741566,False,153.67101288508454,44.0,False,False,0.6704012771236271,0.2817106297421223,0.10456957977181078,0.003530594434796043,0.3050190280395215,0.2354149025466035,0.186049,0,False
66336,2026-04-21 05:00:00+00:00,105.86,plan_b,footfall_plan_b,0.7096166833049787,False,0.8653233441390059,False,0.14857598573802333,False,0.4183098532526472,False,247.676685298809,6.0,False,False,0.7096166833049787,0.2981894121488934,0.09568356662227336,0.0017900910033948145,0.15438709840365378,0.3794260325223913,0.185895,0,False
66335,2026-04-22 04:00:00+00:00,82.04,plan_b,footfall_plan_b,-1.344951782313791,False,0.9541023913690766,False,0.536929287674319,False,0.4662212611500594,False,,,False,False,1.344951782313791,0.5651648147122162,0.1055003546909607,0.006469095813503381,0.25226225442957756,0.0,0.185879,0,False
66336,2026-04-26 22:00:00+00:00,68.29,plan_b,footfall_plan_b,-0.9814503944918415,False,0.0,False,1.2581267621357983,False,0.4108858283290841,False,236.34768814596998,10.0,False,False,0.9814503944918415,0.4124171867321265,0.0,0.015158313686039848,0.13922103191506432,0.3620706789614647,0.185773,0,False
66330,2026-04-23 20:00:00+00:00,247.66,plan_b,footfall_plan_b,0.3078643216495198,False,0.8294388182372024,False,0.005522442373925575,False,0.528382704122743,False,213.98811469387093,60.0,False,False,0.3078643216495198,0.1293682677621512,0.09171561701350568,6.653615226730781e-05,0.3792478972388047,0.3278171349365693,0.185643,0,False
66342,2026-04-25 00:00:00+00:00,157.9,plan_b,footfall_plan_b,0.5044095073663876,False,2.669193379006094,False,0.0830086260067119,False,0.437720097002757,False,147.43914951769605,81.0,False,False,0.5044095073663876,0.21195890404292123,0.29514740846611587,0.0010001144793397936,0.19403904600684285,0.2258680564643525,0.185603,0,False
66331,2026-04-21 15:00:00+00:00,204.03,plan_b,footfall_plan_b,-0.2942955944159535,False,1.0878132614543363,False,2.2909165773591322,False,0.45698243683445233,False,275.7106181008524,466.0,False,False,0.2942955944159535,0.12366652639589458,0.12028550180686916,0.027601695753778296,0.23338885013884325,0.42237235944955404,0.185463,0,False
66330,2026-04-21 12:00:00+00:00,441.61,plan_b,footfall_plan_b,-0.4762667211930009,False,1.307340074757123,False,6.983198846847042,False,0.43816420722673155,False,197.81858382271776,78.0,False,False,0.4762667211930009,0.2001329689110276,0.14455979026597987,0.08413581352709013,0.1949462904267374,0.3030463700226726,0.185364,0,False
66342,2026-04-20 09:00:00+00:00,79.85,plan_b,footfall_plan_b,-1.0727043550406457,False,0.7531660796063517,False,0.9215065641284077,False,0.41405886936989394,False,152.13977959362907,10.0,False,False,1.0727043550406457,0.4507631916845094,0.08328172034623181,0.01110260586070856,0.1457030348570546,0.23306914371208817,0.184784,0,False
66342,2026-04-22 05:00:00+00:00,4.41,plan_b,footfall_plan_b,-0.8084524237843417,False,0.9315026655990328,False,0.12530045536151277,False,0.3997736861071185,False,236.74712546167999,5.0,False,False,0.8084524237843417,0.3397213716507185,0.10300137857872523,0.0015096599679265345,0.11652074608572884,0.3626825933035773,0.184687,0,False
66330,2026-04-21 19:00:00+00:00,229.23,plan_b,footfall_plan_b,-0.6418944990556513,False,0.8939689318642495,False,3.3673712136506473,False,0.4737600089562192,False,159.28947949946553,48.0,False,False,0.6418944990556513,0.26973174086544216,0.09885106697934476,0.04057116555346569,0.26766268096990964,0.24402206108388041,0.184168,0,False
66335,2026-04-21 21:00:00+00:00,189.54,plan_b,footfall_plan_b,-1.1424562187917922,False,0.5269653660362357,False,0.014649534988134585,False,0.436449106888645,False,123.51419694732883,2.0,False,False,1.1424562187917922,0.48007375855474316,0.05826946198814096,0.00017650228370294486,0.19144262145608706,0.189216444217891,0.183836,0,False
66342,2026-04-20 11:00:00+00:00,123.84,plan_b,footfall_plan_b,-1.0622816820521068,False,0.6431088715416766,False,0.5296287957834126,False,0.41565559648570516,False,160.31195452676852,19.0,False,False,1.0622816820521068,0.4463834599158063,0.07111208887674253,0.006381137151884191,0.14896488673010896,0.24558843234928535,0.183686,0,False
66330,2026-04-23 02:00:00+00:00,6.79,plan_b,footfall_plan_b,-0.6338147467362556,False,3.178981018935155,False,0.03349832855174884,False,0.4810245405238835,False,11.350356996687372,1.0,False,False,0.6338147467362556,0.26633653236610394,0.3515174346982154,0.00040359857800292614,0.28250292866546506,0.017388075578329634,0.18363,0,False
66336,2026-04-20 17:00:00+00:00,779.78,plan_b,footfall_plan_b,-0.21462518207797898,False,0.47690658029574795,False,0.7043122311917656,False,0.46579368361229273,False,336.0638910981524,40.0,False,False,0.21462518207797898,0.09018806685619639,0.05273418642569106,0.008485779060287605,0.2513887835787167,0.5148300039609022,0.183525,0,False
66331,2026-04-25 09:00:00+00:00,143.26,plan_b,footfall_plan_b,-0.1050756675509197,False,0.7970470598294632,False,7.330009229503097,False,0.47037753646714614,False,284.6448083380434,532.0,False,False,0.1050756675509197,0.04415405144117116,0.08813388193769613,0.08831429595675533,0.2607528438945666,0.43605901046156986,0.183483,0,False
66335,2026-04-22 00:00:00+00:00,101.0,plan_b,footfall_plan_b,-1.2615358108344157,False,1.1973073454219372,False,0.037448245396857295,False,0.4662500362709282,False,,,False,False,1.2615358108344157,0.5301124264518158,0.13239286554438984,0.0004511884396717809,0.25232103728669436,0.0,0.183056,0,False
66336,2026-04-20 09:00:00+00:00,954.72,plan_b,footfall_plan_b,-0.05774504190644191,False,0.6295457508880701,False,0.34180896138368194,False,0.4902424179131472,False,336.0638910981524,44.0,False,False,0.05774504190644191,0.024265156817338762,0.06961233994767999,0.004118223706296205,0.3013335418178444,0.5148300039609022,0.182832,0,False
66333,2026-04-26 18:00:00+00:00,359.47,plan_b,footfall_plan_b,0.24656128671590938,False,0.465521234572605,False,0.21882580240659102,False,0.5261699649692764,False,249.06393603280867,96.0,False,False,0.24656128671590938,0.10360799974722908,0.051475246061494714,0.0026364832664774445,0.37472763370670514,0.38155121859503377,0.1828,0,False
66340,2026-04-26 04:00:00+00:00,53.37,plan_b,footfall_plan_b,-0.7030820008861045,False,0.7132203417732385,False,0.0741962507204443,False,0.44049925287038105,False,221.2343187510366,3.0,False,False,0.7030820008861045,0.2954434604894869,0.07886470017323094,0.0008939401629445342,0.19971640607830005,0.33891789096025804,0.182767,0,False
66340,2026-04-21 20:00:00+00:00,335.58,plan_b,footfall_plan_b,-0.6282346506961045,False,0.6744907594765952,False,6.075711211775758,False,0.453270636408697,False,179.5140679618003,17.0,False,False,0.6282346506961045,0.2639917093129065,0.07458215701403659,0.07320211220810634,0.2258062500494079,0.2750049343826079,0.182517,0,False
66333,2026-04-25 02:00:00+00:00,23.82,plan_b,footfall_plan_b,0.47280558924684035,False,1.0744550974028855,False,0.7156057580917179,False,0.4950725134371996,False,178.38584110436287,9.0,False,False,0.47280558924684035,0.19867855989743372,0.11880841605779577,0.008621847085007621,0.31120063555988153,0.2732765575683501,0.182117,0,False
66336,2026-04-20 20:00:00+00:00,287.21,plan_b,footfall_plan_b,-0.4544821881370896,False,0.4750174212863179,False,0.4039762984829567,False,0.4621842921105357,False,271.0435399678144,20.0,False,False,0.4544821881370896,0.19097884773728893,0.052525291712329635,0.004867235670064348,0.24401538814125567,0.41522267179383376,0.181522,0,False
66331,2026-04-21 06:00:00+00:00,32.25,plan_b,footfall_plan_b,0.33592444096728785,False,1.2528130176174153,False,0.11950490131148528,False,0.4496866684764273,False,266.29487608786127,137.0,False,False,0.33592444096728785,0.14115946529322304,0.138530433332665,0.0014398332788212336,0.21848479079874472,0.40794799959939904,0.181513,0,False
66340,2026-04-22 19:00:00+00:00,868.14,plan_b,footfall_plan_b,0.14481938610262032,False,0.708214747694467,False,0.21857028726577796,False,0.47898903196701337,False,316.6477433941975,30.0,False,False,0.14481938610262032,0.060854837020713815,0.07831120407519519,0.0026334047383254782,0.2783447182028891,0.48508561408709366,0.181046,0,False
66333,2026-04-26 16:00:00+00:00,318.18,plan_b,footfall_plan_b,0.03405196294091998,False,0.5886642816595168,False,0.4234686430238336,False,0.5300587290007202,False,285.7018719626486,77.0,False,False,0.03405196294091998,0.014309041840135088,0.06509185080215854,0.005102085672400667,0.38267174144698546,0.43767836941222693,0.180971,0,False
66338,2026-04-21 18:00:00+00:00,1.33,plan_b,footfall_plan_b,1.1667466931898371,False,2.699716588286381,False,0.04704839459874109,False,0.39907572603220104,False,,,False,False,1.1667466931898371,0.490280906233172,0.2985225277766921,0.0005668541081994109,0.1150949280137848,0.0,0.180893,0,False
66331,2026-04-22 18:00:00+00:00,147.95,plan_b,footfall_plan_b,-0.49295658444611373,False,0.9233183447249856,False,0.5160708498130633,False,0.4656296581199223,False,220.08136264489494,699.0,False,False,0.49295658444611373,0.20714624893865097,0.10209639315690104,0.0062177866818504315,0.251053706373464,0.3371516303996485,0.180733,0,False
66333,2026-04-25 05:00:00+00:00,79.83,plan_b,footfall_plan_b,0.6509383710498258,False,1.3396661720024046,False,0.8735916648453749,False,0.47707910915123897,False,128.39303435088027,14.0,False,False,0.6509383710498258,0.2735320839759404,0.14813426482552683,0.010525311826890987,0.27444305883208425,0.1966905345510931,0.180665,0,False
66333,2026-04-24 07:00:00+00:00,86.44,plan_b,footfall_plan_b,0.34355121193757215,False,1.4265615484866625,False,1.1114499080051097,False,0.43396029391564545,False,261.78018391964736,6.0,False,False,0.34355121193757215,0.14436432561532164,0.15774276504837922,0.013391104027753838,0.18635838434551713,0.40103175822860276,0.180578,0,False
66336,2026-04-22 09:00:00+00:00,1018.78,plan_b,footfall_plan_b,0.25616005800490377,False,0.7248613201026594,False,1.368417775869923,False,0.48960748560984385,False,260.15769419081494,31.0,False,False,0.25616005800490377,0.10764151817394675,0.08015190724221377,0.01648713509994499,0.30003647915617565,0.39854619992957874,0.180573,0,False
66332,2026-04-26 20:00:00+00:00,263.02,plan_b,footfall_plan_b,-0.44384178235995303,False,0.03214305172801753,False,0.04452780235793171,False,0.4958384432454569,False,260.66708279718154,40.0,False,False,0.44384178235995303,0.18650762204832577,0.0035542342088564806,0.0005364852065825939,0.31276530466016356,0.3993265531456782,0.180538,0,False
66333,2026-04-23 05:00:00+00:00,74.98,plan_b,footfall_plan_b,0.5424805888691153,False,1.0632833835753128,False,0.6950931430122315,False,0.4345042391118539,False,235.51688038774387,7.0,False,False,0.5424805888691153,0.22795682754198301,0.1175730981485475,0.008374704536852934,0.18746957525567462,0.36079793061572424,0.180434,0,False
66330,2026-04-22 18:00:00+00:00,353.66,plan_b,footfall_plan_b,-0.338826572058336,False,1.08482116206245,False,6.577763483749308,False,0.4785308889906658,False,184.77821298299517,138.0,False,False,0.338826572058336,0.142378975465938,0.11995464890264192,0.07925099857981412,0.2774088071691701,0.28306929319621515,0.180413,0,False
66330,2026-04-22 19:00:00+00:00,221.89,plan_b,footfall_plan_b,-0.6911817132250893,False,0.8939689318642495,False,0.02480770572018175,False,0.46819891056247337,False,166.59254042344241,94.0,False,False,0.6911817132250893,0.2904428173739476,0.09885106697934476,0.0002988911741286775,0.2563022681402798,0.2552099184646057,0.180221,0,False
66335,2026-04-22 03:00:00+00:00,101.0,plan_b,footfall_plan_b,-1.2953541852027173,False,0.9128691666429812,False,0.2298120108398842,False,0.46628364899526875,False,,,False,False,1.2953541852027173,0.5443233115817261,0.10094097000331412,0.002768848620004595,0.25238970257506016,0.0,0.180085,0,False
66340,2026-04-24 06:00:00+00:00,131.44,plan_b,footfall_plan_b,-0.6494403570028018,False,1.0336654580976168,False,0.45485763241390587,False,0.4248032132680572,False,221.2343187510366,10.0,False,False,0.6494403570028018,0.27290260056809207,0.11429808105250645,0.005480270257437843,0.16765196897480383,0.33891789096025804,0.17985,0,False
66332,2026-04-22 21:00:00+00:00,305.37,plan_b,footfall_plan_b,0.2990005543545215,False,0.30817980425634806,False,5.329400013949734,False,0.4778019797733482,False,260.66708279718154,41.0,False,False,0.2990005543545215,0.12564360679898132,0.03407713779123994,0.06421031616297147,0.2759197650703353,0.3993265531456782,0.179835,0,False
66332,2026-04-20 18:00:00+00:00,633.46,plan_b,footfall_plan_b,0.18057893895063906,False,0.3616911736663899,False,0.1738126007214269,False,0.5295421678993147,False,260.66708279718154,41.0,False,False,0.18057893895063906,0.07588142855009476,0.03999418453992019,0.0020941498135284104,0.38161649175561274,0.3993265531456782,0.179783,0,False
66331,2026-04-24 11:00:00+00:00,282.27,plan_b,footfall_plan_b,0.14504230437244808,False,0.636193652471007,False,0.14245016913931233,False,0.517832280557749,False,266.29487608786127,340.0,False,False,0.14504230437244808,0.060948509942167134,0.07034743502897839,0.0017162852054569528,0.3576951105877752,0.40794799959939904,0.179731,0,False
66342,2026-04-22 08:00:00+00:00,39.66,plan_b,footfall_plan_b,-1.086078255211797,False,0.9059496828997455,False,1.232176654323339,False,0.4468551402515006,False,73.64398028435545,5.0,False,False,1.086078255211797,0.45638306439043286,0.1001758445872231,0.014845658486066164,0.21270044258255552,0.11281822196844687,0.179385,0,False
66340,2026-04-20 13:00:00+00:00,1988.12,plan_b,footfall_plan_b,0.066794741626986,False,0.9555597564407591,False,0.07704694777158524,False,0.47839074540533993,False,316.6477433941975,72.0,False,False,0.066794741626986,0.028067948808114543,0.1056615035711727,0.0009282862729117897,0.2771225167869469,0.48508561408709366,0.179373,0,False
66330,2026-04-21 23:00:00+00:00,17.69,plan_b,footfall_plan_b,-0.9560386486441984,False,1.029720775851574,False,0.9145988996431198,False,0.4373080528096341,False,115.37868178941626,5.0,False,False,0.9560386486441984,0.401738867388373,0.11386189581718441,0.011019380109331841,0.19319730723394282,0.17675331618802234,0.179314,0,False
66331,2026-04-24 18:00:00+00:00,212.11,plan_b,footfall_plan_b,0.21073886150912943,False,1.3672795698990146,False,0.9931680675136189,False,0.44558740533541047,False,281.87079476849095,266.0,False,False,0.21073886150912943,0.08855498850120322,0.15118763027002038,0.011966006576930659,0.21011066786799254,0.4318093857478479,0.178726,0,False
66340,2026-04-26 06:00:00+00:00,154.81,plan_b,footfall_plan_b,-0.5145778979379761,False,1.559369309318371,False,0.03934091054799065,False,0.4235915116288075,False,221.2343187510366,8.0,False,False,0.5145778979379761,0.2162317833006644,0.1724280504016129,0.0004739918748477499,0.16517666106374496,0.33891789096025804,0.178646,0,False
66342,2026-04-24 03:00:00+00:00,32.64,plan_b,footfall_plan_b,-0.4172698829099359,False,2.3417764777925174,False,0.4240749912362488,False,0.42941212864661255,False,180.63621972672783,4.0,False,False,0.4172698829099359,0.175341792293905,0.25894311894507077,0.00510939114962552,0.17706722792006954,0.27672400451446466,0.178637,0,False
66342,2026-04-23 03:00:00+00:00,157.46,plan_b,footfall_plan_b,1.2885523577382063,False,1.1408205556215734,False,0.34697184931828257,False,0.4507810972039845,False,0.3372453797382976,1.0,False,False,1.2885523577382063,0.5414651023810427,0.12614681018051974,0.004180427831662469,0.2207205293664419,0.0005166399746759887,0.178606,0,False
66338,2026-04-23 03:00:00+00:00,0.0,plan_b,footfall_plan_b,-1.1323176865879112,False,2.364316669015382,False,0.3869827048869014,False,0.4160263213212485,False,,,False,False,1.1323176865879112,0.4758134261399984,0.26143551199462806,0.004662491418424083,0.14972221682567166,0.0,0.178327,0,False
66342,2026-04-25 23:00:00+00:00,61.3,plan_b,footfall_plan_b,-0.38410530812546984,False,2.1786581904637115,False,1.3089034057166766,False,0.4103774403853983,False,217.9342904019919,51.0,False,False,0.38410530812546984,0.1614056415637823,0.2409062317876272,0.015770086930586822,0.1381824786457367,0.3338624427165978,0.178025,0,False
66330,2026-04-24 20:00:00+00:00,194.59,plan_b,footfall_plan_b,-0.3021987116335662,False,0.7346421939996614,False,7.360742921926219,False,0.4706077107431539,False,216.29054037841286,141.0,False,False,0.3021987116335662,0.1269875107142,0.08123343232238947,0.08868458531431504,0.2612230522262785,0.3313443149035066,0.177895,0,False
66331,2026-04-20 20:00:00+00:00,129.76,plan_b,footfall_plan_b,-0.3739020949593208,False,1.089843833124779,False,1.169519846817319,False,0.5069454130731307,False,170.20124984552956,469.0,False,False,0.3739020949593208,0.15711812943558134,0.12051003329677532,0.014090749226263332,0.33545502413546024,0.2607382478545795,0.177582,0,False
66340,2026-04-26 07:00:00+00:00,205.06,plan_b,footfall_plan_b,-0.3896444267383738,False,1.8686138051709231,False,0.30781158960456695,False,0.42796156459000867,False,221.2343187510366,27.0,False,False,0.3896444267383738,0.16373324541226023,0.20662291700482538,0.0037086124958535496,0.17410396322808436,0.33891789096025804,0.177417,0,False
66340,2026-04-20 03:00:00+00:00,269.49,plan_b,footfall_plan_b,1.3425953511490543,False,1.276527577901098,False,0.10992199094946241,False,0.43091872722162106,False,,,False,False,1.3425953511490543,0.5641746141711163,0.1411526828353401,0.0013243753093506935,0.1801449619518711,0.0,0.177359,0,False
66335,2026-04-20 16:00:00+00:00,391.37,plan_b,footfall_plan_b,-0.7868850328180503,False,0.41269256777800417,False,0.6899972935601756,False,0.4310000375572071,False,209.3056515488394,11.0,False,False,0.7868850328180503,0.33065849617846893,0.04563368949995688,0.008313308112568972,0.1803110656447337,0.32064387835245356,0.177112,0,False
66330,2026-04-21 21:00:00+00:00,102.02,plan_b,footfall_plan_b,-0.6414799641237442,False,0.9330137621179095,False,0.8298869931409038,False,0.47327197537211313,False,153.67101288508454,19.0,False,False,0.6414799641237442,0.26955754833224965,0.10316846884089825,0.009998743961728403,0.2666657083221312,0.2354149025466035,0.176961,0,False
66340,2026-04-26 21:00:00+00:00,201.82,plan_b,footfall_plan_b,-0.6775332314598896,False,0.600358914185658,False,0.1300598693376767,False,0.43106345021556963,False,229.19086676295044,35.0,False,False,0.6775332314598896,0.284707562200218,0.06638499071109215,0.0015670029099763023,0.18044060731557207,0.3511068519078427,0.176841,0,False
66331,2026-04-21 10:00:00+00:00,180.36,plan_b,footfall_plan_b,-0.2190594298087727,False,0.8822160177359262,False,0.2611318216098847,False,0.48132692145333555,False,266.29487608786127,421.0,False,False,0.2190594298087727,0.09205139075383884,0.09755148255276001,0.0031461997188979456,0.28312064335906695,0.40794799959939904,0.176764,0,False
66332,2026-04-24 19:00:00+00:00,398.78,plan_b,footfall_plan_b,-0.38980094570380286,False,0.4445347939125393,False,4.346924758095681,False,0.4493517955140617,False,260.66708279718154,33.0,False,False,0.38980094570380286,0.1637990165523553,0.0491546597665996,0.05237314000138488,0.21780070020573652,0.3993265531456782,0.176491,0,False
66330,2026-04-20 08:00:00+00:00,115.65,plan_b,footfall_plan_b,-0.6704012771236271,False,0.9299804518991622,False,0.11482199206252329,False,0.4779994688710079,False,143.47825896175158,35.0,False,False,0.6704012771236271,0.2817106297421223,0.10283305902863864,0.0013834120901975062,0.2763232029381652,0.21980020640779876,0.17641,0,False
66342,2026-04-20 07:00:00+00:00,32.19,plan_b,footfall_plan_b,-1.0702648480120063,False,1.048677065196,False,0.0845667045491344,False,0.4414296394183347,False,73.64398028435545,6.0,False,False,1.0702648480120063,0.44973808167241797,0.1159579971031184,0.0010188867080247906,0.20161703335146144,0.11281822196844687,0.17623,0,False
66331,2026-04-22 12:00:00+00:00,246.35,plan_b,footfall_plan_b,-0.3415078708006528,False,0.8896663036755142,False,0.8915657139554857,False,0.45046303716598624,False,266.29487608786127,818.0,False,False,0.3415078708006528,0.14350568924617674,0.09837530169029278,0.010741868920197566,0.22007078482311,0.40794799959939904,0.176128,0,False
66331,2026-04-21 17:00:00+00:00,195.94,plan_b,footfall_plan_b,-0.29513977149380505,False,1.0738933421772252,False,0.16405125334517762,False,0.45447440972340203,False,266.059080780759,517.0,False,False,0.29513977149380505,0.12402125969418985,0.11874629968947642,0.001976541977831154,0.22826536169248196,0.4075867751355248,0.176119,0,False
66331,2026-04-22 08:00:00+00:00,60.8,plan_b,footfall_plan_b,-0.5359316610849526,False,1.095814601299504,False,0.1920232868458186,False,0.4511899338949636,False,202.00261592432264,299.0,False,False,0.5359316610849526,0.22520488980981196,0.12117025400883862,0.0023135579852796664,0.22155571573801291,0.3094560597290048,0.17594,0,False
66336,2026-04-25 00:00:00+00:00,76.74,plan_b,footfall_plan_b,0.5176690460036065,False,0.8068152390636846,False,0.6491367537089132,False,0.42648584177115473,False,257.0844248627809,5.0,False,False,0.5176690460036065,0.21753072066535903,0.0892140032991115,0.007821007257768846,0.17108930330709826,0.3938381330939705,0.175899,0,False
66331,2026-04-24 12:00:00+00:00,304.23,plan_b,footfall_plan_b,0.04891348623544373,False,0.43554612651850777,False,0.14616216969901175,False,0.5249529757706225,False,284.6448083380434,278.0,False,False,0.04891348623544373,0.020554031563589117,0.04816073332133764,0.0017610085756133583,0.37224152417815287,0.43605901046156986,0.175755,0,False
66335,2026-04-23 00:00:00+00:00,618.81,plan_b,footfall_plan_b,0.9961509365041848,False,1.151105599332314,False,6.02466413179547,False,0.4020941495388355,False,89.90970262934414,3.0,False,False,0.9961509365041848,0.41859453019664994,0.12728408409295397,0.07258708065931074,0.12126107266761618,0.13773634653081376,0.175493,0,False
66342,2026-04-26 05:00:00+00:00,229.8,plan_b,footfall_plan_b,0.719097716426278,False,1.0621857536334796,False,0.13537497730816134,False,0.46257669048952155,False,137.4483786508764,134.0,False,False,0.719097716426278,0.3021734555902584,0.11745172716234059,0.0016310410310277966,0.24481699373485033,0.21056278642141601,0.175327,0,False
66331,2026-04-21 02:00:00+00:00,4.1,plan_b,footfall_plan_b,-0.5368932903827827,False,2.1560611427187517,False,0.09091103081494994,False,0.44801902662076143,False,128.0048255494378,24.0,False,False,0.5368932903827827,0.2256089779348115,0.23840755179937045,0.001095325180329884,0.2150780717315834,0.19609582162870445,0.175257,0,False
66335,2026-04-23 01:00:00+00:00,608.67,plan_b,footfall_plan_b,0.9974046283301067,False,0.6744907594765952,False,5.446240247819012,False,0.4049255420596746,False,123.51419694732883,1.0,False,False,0.9974046283301067,0.4191213464868848,0.07458215701403659,0.06561804467606196,0.12704514366258965,0.189216444217891,0.175117,0,False
66333,2026-04-21 15:00:00+00:00,3.25,plan_b,footfall_plan_b,-0.905063104675058,False,0.799549406292804,False,0.16668017876269964,False,0.3748691243996349,False,221.36373290033765,2.0,False,False,0.905063104675058,0.3803183345179596,0.08841058016403985,0.0020082161122151583,0.06564480714240961,0.33911614578251686,0.1751,0,False
66330,2026-04-25 00:00:00+00:00,26.42,plan_b,footfall_plan_b,-0.14797821189100172,False,3.117319549926453,False,3.76174702232664,False,0.44396927805418457,False,141.31318858772278,22.0,False,False,0.14797821189100172,0.06218221337343887,0.34469918656255244,0.045322731451283446,0.20680509896342392,0.21648344665240055,0.175099,0,False
66335,2026-04-26 23:00:00+00:00,547.72,plan_b,footfall_plan_b,0.6176306730601627,False,0.0,False,0.03825699019454003,False,0.4383836247486152,False,274.0258427063832,13.0,False,False,0.6176306730601627,0.2595357911642875,0.0,0.0004609324556995589,0.1953945244722734,0.41979138319479037,0.175037,0,False
66336,2026-04-21 04:00:00+00:00,56.02,plan_b,footfall_plan_b,1.1461655486738176,False,0.6744907594765952,False,0.1873882003822504,False,0.40530801018126184,False,122.36707299777679,2.0,False,False,1.1461655486738176,0.48163246330761905,0.07458215701403659,0.0022577129808721533,0.12782646336739656,0.18745911817622163,0.174752,0,False
66333,2026-04-22 18:00:00+00:00,1.12,plan_b,footfall_plan_b,-1.039835393045572,False,1.2015359767701435,False,4.5486730630859205,False,0.349981662657541,False,151.78660534835703,2.0,False,False,1.039835393045572,0.43695126098185566,0.13286044859535875,0.054803868116155556,0.014803800626543625,0.23252810165756055,0.174389,0,False
66342,2026-04-21 19:00:00+00:00,0.41,plan_b,footfall_plan_b,-1.0084735506503595,False,3.5000107889831757,False,0.4611496771365484,False,0.36969144692029327,False,,,False,False,1.0084735506503595,0.4237726399491883,0.387015463958811,0.005556078824986709,0.05506766041719632,0.0,0.174282,0,False
66342,2026-04-24 04:00:00+00:00,41.9,plan_b,footfall_plan_b,-0.4045187377158796,False,2.3833704330016636,False,0.38311592925217713,False,0.44063082197563336,False,152.13977959362907,23.0,False,False,0.4045187377158796,0.16998360867295045,0.2635423915884063,0.00461590326865356,0.19998518020266587,0.23306914371208817,0.174239,0,False
66342,2026-04-22 01:00:00+00:00,1.32,plan_b,footfall_plan_b,-0.9034664861108956,False,3.7789753573156313,False,0.6377038265562373,False,0.37462115833884185,False,,,False,False,0.9034664861108956,0.379647416313421,0.4178621122551782,0.007683259694211972,0.06513825310957432,0.0,0.174066,0,False
66342,2026-04-21 05:00:00+00:00,0.44,plan_b,footfall_plan_b,-0.8353585600665021,False,4.21795113014237,False,0.2677493716970041,False,0.36697209479553333,False,,,False,False,0.8353585600665021,0.35102765171703315,0.4664020804524118,0.0032259300792022985,0.04951246959353694,0.0,0.174034,0,False
66336,2026-04-21 06:00:00+00:00,191.42,plan_b,footfall_plan_b,0.2813691782184077,False,1.0792904856425738,False,0.09588307363528256,False,0.458884708374696,False,257.0844248627809,11.0,False,False,0.2813691782184077,0.11823469180431477,0.11934309155905262,0.001155229942710965,0.23727487920740423,0.3938381330939705,0.173969,0,False
66342,2026-04-22 20:00:00+00:00,2.16,plan_b,footfall_plan_b,-0.8948531161199432,False,2.774854618391538,False,1.0749427877251176,False,0.3846232253975124,False,57.66600077549006,5.0,False,False,0.8948531161199432,0.37602797529033116,0.30683095347458733,0.01295125456454182,0.0855708372666767,0.08834090241186925,0.173944,0,False
66340,2026-04-24 01:00:00+00:00,44.11,plan_b,footfall_plan_b,-0.768180649652896,False,1.2867615703825934,False,0.6314103447703564,False,0.4598999914419155,False,102.40005132047027,4.0,False,False,0.768180649652896,0.3227986908048853,0.1422843117322692,0.007607433812465517,0.23934893615908803,0.15687082195783136,0.173782,0,False
66338,2026-04-25 20:00:00+00:00,0.86,plan_b,footfall_plan_b,-0.6928435146709077,False,1.1795187230644875,False,0.4583102068860629,False,0.4002616706331631,False,211.21897069169978,1.0,False,False,0.6928435146709077,0.29114112620446847,0.13042587962636742,0.005521867979105035,0.11751761851592579,0.3235749701120547,0.173636,0,False
66332,2026-04-25 05:00:00+00:00,66.6,plan_b,footfall_plan_b,0.4287122060492486,False,1.1196561552406015,False,0.11207855054191261,False,0.422746149644332,False,260.66708279718154,2.0,False,False,0.4287122060492486,0.18014999324351957,0.12380654589943975,0.0013503582291715104,0.16344972504245153,0.3993265531456782,0.173617,0,False
66330,2026-04-20 23:00:00+00:00,23.29,plan_b,footfall_plan_b,-0.7677512942086449,False,0.6702852841441828,False,0.7109603016314365,False,0.4497424386438773,False,159.28947949946553,14.0,False,False,0.7677512942086449,0.322618270515261,0.07411713445123078,0.008565877139562502,0.21859872011287484,0.24402206108388041,0.173584,0,False
66335,2026-04-25 01:00:00+00:00,317.13,plan_b,footfall_plan_b,-0.30112453372964015,False,0.9979951746581076,False,5.008808206726735,False,0.41634064761665773,False,274.0258427063832,8.0,False,False,0.30112453372964015,0.12653612831966096,0.11035382141241129,0.060347723517051664,0.15036433394466975,0.41979138319479037,0.173479,0,False
66331,2026-04-26 06:00:00+00:00,33.76,plan_b,footfall_plan_b,0.4863150102609865,False,0.7634901490961581,False,0.5163552563561886,False,0.49956687242186787,False,163.78044123819316,81.0,False,False,0.4863150102609865,0.20435538008142146,0.08442330955393286,0.0062212133028593805,0.3203818745625592,0.2509019488402896,0.173257,0,False
66342,2026-04-22 07:00:00+00:00,31.31,plan_b,footfall_plan_b,-1.074566886827107,False,0.9371240849070457,False,0.27019986846245064,False,0.43772252623750135,False,73.64398028435545,7.0,False,False,1.074566886827107,0.45154584980343476,0.10362296986308514,0.0032554544481094563,0.19404400853539425,0.11281822196844687,0.173057,0,False
66335,2026-04-25 07:00:00+00:00,265.04,plan_b,footfall_plan_b,-0.05267712831485751,False,0.9656713330848369,False,1.5408604205078704,False,0.4882790614817452,False,274.0258427063832,9.0,False,False,0.05267712831485751,0.022135558950984124,0.10677959627493827,0.018564779244351296,0.29732272632543744,0.41979138319479037,0.172919,0,False
66342,2026-04-20 19:00:00+00:00,17.34,plan_b,footfall_plan_b,-0.976784443384851,False,0.9258316202785627,False,0.1896107221825201,False,0.4425123294148565,False,93.86520493828556,4.0,False,False,0.976784443384851,0.4104564983063289,0.10237429987292763,0.0022844906344730975,0.20382879161505038,0.14379594211165794,0.172548,0,False
66333,2026-04-20 16:00:00+00:00,2.31,plan_b,footfall_plan_b,-0.9446553650070678,False,1.4510688836973191,False,0.40938387119234726,False,0.3527767161438936,False,181.1253379291888,3.0,False,False,0.9446553650070678,0.3969554755432559,0.1604526760397399,0.004932387835868261,0.020513636928230355,0.2774733046707161,0.172065,0,False
66331,2026-04-24 01:00:00+00:00,10.57,plan_b,footfall_plan_b,-0.18883831501327436,False,1.9303154409225372,False,0.0359638739262357,False,0.41310021873192077,False,275.7106181008524,22.0,False,False,0.18883831501327436,0.07935211709332815,0.21344560659840972,0.0004333042573656249,0.14374466867906877,0.42237235944955404,0.17187,0,False
66338,2026-04-21 14:00:00+00:00,0.64,plan_b,footfall_plan_b,0.9464458343267654,False,3.0164029921176776,False,0.8721447341825648,False,0.3996056140288217,False,,,False,False,0.9464458343267654,0.39770785215230725,0.33354028712017786,0.010507878743414096,0.1161774023684638,0.0,0.171587,0,False
66336,2026-04-21 08:00:00+00:00,580.29,plan_b,footfall_plan_b,0.43442166564033974,False,0.7248613201026594,False,0.01512530890638602,False,0.4992914760118096,False,179.38230254576357,16.0,False,False,0.43442166564033974,0.1825491764070637,0.08015190724221377,0.0001822345600629585,0.3198192848206517,0.2748030775587807,0.171501,0,False
66340,2026-04-22 04:00:00+00:00,242.15,plan_b,footfall_plan_b,1.196324604226748,False,0.5802756917889558,False,0.2574722755490401,False,0.4254733463688428,False,77.08635069374797,1.0,False,False,1.196324604226748,0.5027098979863128,0.06416427823268697,0.0031021083373231487,0.16902094109806035,0.11809172982944119,0.171418,0,False
66330,2026-04-22 22:00:00+00:00,46.8,plan_b,footfall_plan_b,-0.8121182905109061,False,0.8670616344045747,False,0.6745665826001421,False,0.4639403057924125,False,106.59851768794343,11.0,False,False,0.8121182905109061,0.3412618126661683,0.0958757789479444,0.008127393970870145,0.24760263636959745,0.16330262410572896,0.171234,0,False
66336,2026-04-22 03:00:00+00:00,34.84,plan_b,footfall_plan_b,1.3253110358293063,False,0.8495537755782024,False,0.5604935614488501,False,0.4106495062510699,False,38.48262612558195,1.0,False,False,1.3253110358293063,0.556911538279795,0.09393983859943413,0.006753005721795682,0.13873826463117364,0.05895310708901148,0.171059,0,False
66331,2026-04-24 19:00:00+00:00,180.32,plan_b,footfall_plan_b,0.253091430149253,False,0.9291614554034593,False,0.536725285208185,False,0.45628404247509263,False,266.059080780759,184.0,False,False,0.253091430149253,0.10635204407066251,0.10274249807672305,0.006466637926534078,0.23196214489494146,0.4075867751355248,0.171022,0,False
66333,2026-04-22 16:00:00+00:00,3.34,plan_b,footfall_plan_b,-0.9414639617469088,False,1.7445693471031438,False,4.575555787894878,False,0.3658876701453208,False,106.66009265376803,3.0,False,False,0.9414639617469088,0.39561440974750167,0.19290663828884805,0.0551277597840332,0.04729716771668182,0.16339695331139215,0.170869,0,False
66332,2026-04-21 20:00:00+00:00,59.17,plan_b,footfall_plan_b,-0.7782293218068123,False,0.8379857929148131,False,5.352032767632235,False,0.4225782245945031,False,135.01268599847307,3.0,False,False,0.7782293218068123,0.32702126295256617,0.09266070306315774,0.06448300281921572,0.16310668168025574,0.20683144934206849,0.170821,0,False
66335,2026-04-26 18:00:00+00:00,413.22,plan_b,footfall_plan_b,-0.4958588330152659,False,0.3863013989407528,False,0.3409712753486677,False,0.4172859058839833,False,291.49557301963404,36.0,False,False,0.4958588330152659,0.20836580847706943,0.042715472652136405,0.004108130996983191,0.15229534170376924,0.4465539767509663,0.170808,0,False
66331,2026-04-20 03:00:00+00:00,5.93,plan_b,footfall_plan_b,-0.5001847143026569,False,2.705619526626863,False,0.3954968397884604,False,0.4373155670431058,False,95.71546991200876,33.0,False,False,0.5001847143026569,0.21018359549992416,0.29917524817051283,0.00476507243926176,0.1932126575817146,0.14663043861361155,0.170793,0,False
66332,2026-04-20 19:00:00+00:00,565.55,plan_b,footfall_plan_b,-0.16747191221388116,False,0.528500030832562,False,0.04832004380362686,False,0.501631449770163,False,260.66708279718154,19.0,False,False,0.16747191221388116,0.07037369925115729,0.05843915832451827,0.0005821753446013285,0.32459946780308035,0.3993265531456782,0.170664,0,False
66331,2026-04-22 11:00:00+00:00,214.18,plan_b,footfall_plan_b,-0.36856477982547176,False,0.8957547136544406,False,2.8559174008861636,False,0.4329760537545294,False,247.09384614278434,800.0,False,False,0.36856477982547176,0.15487532582109553,0.0990485307043811,0.03440900641089725,0.1843477429646068,0.378533157408602,0.170243,0,False
66335,2026-04-20 20:00:00+00:00,284.19,plan_b,footfall_plan_b,-0.4236922811491701,False,2.5894058206922854,False,0.32497097796992847,False,0.41592227850548036,False,152.31926126768684,7.0,False,False,0.4236922811491701,0.1780405607989294,0.2863248588339388,0.003915354295909669,0.14950967440052548,0.23334409902092582,0.170227,0,False
66331,2026-04-20 22:00:00+00:00,36.45,plan_b,footfall_plan_b,-0.7770902765951458,False,1.145755634843512,False,0.39070021518458437,False,0.43902267389649335,False,128.0048255494378,152.0,False,False,0.7770902765951458,0.3265426225399762,0.12669250906258145,0.004707281171666197,0.1966999971728614,0.19609582162870445,0.170148,0,False
66330,2026-04-20 07:00:00+00:00,75.48,plan_b,footfall_plan_b,-0.46006321324557575,False,0.5877411093784503,False,0.09590337567330509,False,0.47392640971268163,False,209.86941192624917,41.0,False,False,0.46006321324557575,0.19332406119610562,0.06498977056006458,0.0011554745481593771,0.26800261045051393,0.3215075259058591,0.169796,0,False
66333,2026-04-24 09:00:00+00:00,389.61,plan_b,footfall_plan_b,0.2342396461608397,False,1.2654971132668815,False,0.10526842540275322,False,0.5157915838419034,False,166.95004267154528,18.0,False,False,0.2342396461608397,0.09843029910931002,0.13993298362711773,0.001268307663038317,0.3535263015664948,0.25575759076348137,0.169783,0,False
66331,2026-04-25 04:00:00+00:00,9.71,plan_b,footfall_plan_b,0.09540519982322336,False,2.705619526626863,False,0.6598266565686919,False,0.43681531369743076,False,202.00261592432264,60.0,False,False,0.09540519982322336,0.04009040531394603,0.29917524817051283,0.007949802626962597,0.19219072196326495,0.3094560597290048,0.169772,0,False
66342,2026-04-20 06:00:00+00:00,8.38,plan_b,footfall_plan_b,-0.8335566033241715,False,1.0730390085552572,False,0.3881489483417811,False,0.4121546948025664,False,152.13977959362907,2.0,False,False,0.8335566033241715,0.3502704479556859,0.11865183131694389,0.004676542692632213,0.14181311821597326,0.23306914371208817,0.169696,0,False
66331,2026-04-21 12:00:00+00:00,265.49,plan_b,footfall_plan_b,-0.21240170677731332,False,1.0653440452160416,False,0.7182905613210497,False,0.45287360386456765,False,266.059080780759,605.0,False,False,0.21240170677731332,0.0892537359583585,0.11780095685214323,0.00865419445314278,0.22499517761573537,0.4075867751355248,0.169658,0,False
66333,2026-04-23 19:00:00+00:00,156.04,plan_b,footfall_plan_b,-0.34197312009269,False,1.0738868728352697,False,0.739857869780511,False,0.49180869104355995,False,176.01095430725434,14.0,False,False,0.34197312009269,0.14370119255966862,0.11874558433871628,0.008914044284519954,0.30453318118863065,0.26963837146282477,0.169106,0,False
66333,2026-04-20 12:00:00+00:00,4.11,plan_b,footfall_plan_b,-0.9648801721932425,False,1.9662153035917709,False,0.9947217722137442,False,0.37661778341613933,False,91.29439413412268,1.0,False,False,0.9648801721932425,0.40545418126362043,0.21741525207799622,0.011984726108164534,0.06921703099446126,0.13985761201566038,0.168786,0,False
66332,2026-04-26 03:00:00+00:00,7.5,plan_b,footfall_plan_b,-0.38799384694379685,False,2.8254647450471366,False,0.4000882388515484,False,0.40801859852273054,False,150.28563375501113,4.0,False,False,0.38799384694379685,0.16303965205371992,0.31242719383769807,0.004820391083893345,0.1333637512177423,0.2302287019546577,0.168776,0,False
66332,2026-04-20 23:00:00+00:00,30.43,plan_b,footfall_plan_b,-0.3687909968371068,False,1.0098519944690996,False,0.38289872218369464,False,0.4271327258363847,False,260.66708279718154,6.0,False,False,0.3687909968371068,0.15497038491328508,0.11166489526243226,0.004613286288411208,0.1724107814600808,0.3993265531456782,0.168597,0,False
66331,2026-04-20 13:00:00+00:00,256.97,plan_b,footfall_plan_b,-0.043690875017330856,False,2.3103235702981446,False,0.4704209583437191,False,0.4330479493570626,False,247.09384614278434,545.0,False,False,0.043690875017330856,0.018359427905515327,0.2554651977840549,0.005667782186714111,0.1844946139004511,0.378533157408602,0.168504,0,False
66331,2026-04-20 17:00:00+00:00,193.2,plan_b,footfall_plan_b,-0.32264733171175153,False,1.0738933421772252,False,0.3901755379656819,False,0.46717470792881316,False,214.67154370876037,443.0,False,False,0.32264733171175153,0.13558026528695225,0.11874629968947642,0.004700959692696509,0.2542099899758331,0.32886410776454195,0.16842,0,False
66338,2026-04-25 06:00:00+00:00,0.0,plan_b,footfall_plan_b,-0.8425494272913837,False,2.261021257409158,False,4.800236297872157,False,0.430559349333762,False,,,False,False,0.8425494272913837,0.3540493400750937,0.2500135695899267,0.05783478244015519,0.17941081181122429,0.0,0.168262,0,False
66333,2026-04-22 14:00:00+00:00,1.54,plan_b,footfall_plan_b,-1.0048626805506833,False,2.3193088810778835,True,5.744402594468106,False,0.3518207646925135,False,48.79137271918094,1.0,False,False,1.0048626805506833,0.4222553091737143,0.25645875306999305,0.06921040000614027,0.01856078474619105,0.07474549713803476,0.168246,1,False
66335,2026-04-21 22:00:00+00:00,211.05,plan_b,footfall_plan_b,-1.1321940693490566,False,1.0883020260216876,False,1.3290796535258087,False,0.4543510521430514,False,,,False,False,1.1321940693490566,0.47576148069867386,0.12033954719621352,0.01601317681826945,0.2280133623680277,0.0,0.168026,0,False
66331,2026-04-22 07:00:00+00:00,42.11,plan_b,footfall_plan_b,-0.2959577928539564,False,1.106344299562946,False,0.9039069108757226,False,0.4761294736517606,False,202.00261592432264,205.0,False,False,0.2959577928539564,0.12436500204727646,0.12233458072223032,0.010890559608455851,0.27250310910490827,0.3094560597290048,0.16791,0,False
66331,2026-04-21 21:00:00+00:00,75.38,plan_b,footfall_plan_b,-0.49068282330730845,False,1.0779141647076809,False,0.4421527509264125,False,0.4401651613262546,False,202.00261592432264,274.0,False,False,0.49068282330730845,0.20619078733057608,0.11919090417527356,0.005327197781176029,0.1990339117947187,0.3094560597290048,0.16784,0,False
66330,2026-04-21 06:00:00+00:00,44.44,plan_b,footfall_plan_b,-0.42518191302422237,False,1.2211181392518102,False,0.6744149363530484,False,0.4763436541004023,False,159.28947949946553,24.0,False,False,0.42518191302422237,0.17866652191792579,0.13502575612012807,0.008125566888375806,0.2729406446679081,0.24402206108388041,0.167756,0,False
66333,2026-04-23 22:00:00+00:00,216.78,plan_b,footfall_plan_b,0.9617919358513168,False,0.19771695630036767,False,1.6750885741932993,False,0.49823443954064206,False,48.79137271918094,5.0,False,False,0.9617919358513168,0.4041564674400295,0.02186265248552026,0.020182002977520784,0.31765993250601837,0.07474549713803476,0.167721,0,False
66342,2026-04-22 06:00:00+00:00,15.0,plan_b,footfall_plan_b,-0.7941943025476235,False,0.8710445043292886,False,0.05323715386942045,False,0.44748981284173034,False,126.57902412307786,3.0,False,False,0.7941943025476235,0.33372993868422857,0.09631618680515805,0.0006414182595835615,0.21399697469296902,0.19391157817552737,0.167719,0,False
66331,2026-04-24 09:00:00+00:00,159.58,plan_b,footfall_plan_b,0.12278773907430962,False,0.9458580004220389,False,1.8343510100949731,False,0.4662541055947988,False,266.059080780759,249.0,False,False,0.12278773907430962,0.05159687560209762,0.1045887269904208,0.022100847750921932,0.2523293502486012,0.4075867751355248,0.167641,0,False
66335,2026-04-20 21:00:00+00:00,295.28,plan_b,footfall_plan_b,-0.5552056204978634,False,1.8178607874537784,False,0.20184666870350162,False,0.42364027505540974,False,152.31926126768684,1.0,False,False,0.5552056204978634,0.23330403793066784,0.20101087639028287,0.0024319132322531346,0.16527627675438117,0.23334409902092582,0.167073,0,False
66332,2026-04-20 22:00:00+00:00,74.02,plan_b,footfall_plan_b,-0.2449694189828374,False,1.1076294794374837,False,0.11890312975715427,False,0.44510421395048905,False,260.66708279718154,11.0,False,False,0.2449694189828374,0.10293907789869987,0.12247669013714421,0.0014325829426369845,0.20912358703975162,0.3993265531456782,0.16706,0,False
66336,2026-04-21 21:00:00+00:00,238.24,plan_b,footfall_plan_b,-0.16772864985471225,False,0.8509727081859361,False,1.1222753599566735,False,0.46919209470194695,False,260.15769419081494,11.0,False,False,0.16772864985471225,0.07048158347653846,0.09409673779049857,0.013521532535765534,0.25833118060349924,0.39854619992957874,0.166995,0,False
66330,2026-04-21 07:00:00+00:00,74.72,plan_b,footfall_plan_b,-0.4768329035125609,False,0.8823341384396228,False,0.19618733496271737,False,0.4844529298297959,False,159.28947949946553,32.0,False,False,0.4768329035125609,0.2003708854891052,0.09756454380933906,0.002363727769008424,0.2895065662741171,0.24402206108388041,0.166766,0,False
66332,2026-04-21 22:00:00+00:00,13.22,plan_b,footfall_plan_b,-0.7195642146815608,False,1.0041510346883575,False,0.7849482443643186,False,0.42504535551806033,False,157.06119011996248,2.0,False,False,0.7195642146815608,0.3023694837330346,0.1110345087500537,0.009457307541238294,0.16814662591642973,0.24060845355131588,0.166323,0,False
66335,2026-04-25 00:00:00+00:00,311.83,plan_b,footfall_plan_b,-0.34230270034717686,False,1.1973073454219372,False,5.6137284912044745,False,0.41513854833590536,False,221.23892602589638,5.0,False,False,0.34230270034717686,0.14383968612197273,0.13239286554438984,0.06763599660933987,0.1479086420786696,0.3389249490328363,0.16614,0,False
66340,2026-04-25 05:00:00+00:00,177.75,plan_b,footfall_plan_b,0.28912599110583026,False,1.3168812659741957,False,0.13147178391908845,False,0.45171208544338,False,221.2343187510366,6.0,False,False,0.28912599110583026,0.12149419729434482,0.14561481231254558,0.0015840141085033891,0.22262238579663152,0.33891789096025804,0.166047,0,False
66332,2026-04-26 05:00:00+00:00,23.38,plan_b,footfall_plan_b,-0.656483500260488,False,1.4583734501168693,False,0.5989732237693397,False,0.41873554365162546,False,150.28563375501113,6.0,False,False,0.656483500260488,0.2758622135494392,0.161260382167612,0.007216621002498145,0.15525671413917858,0.2302287019546577,0.165965,0,False
66338,2026-04-23 21:00:00+00:00,0.11,plan_b,footfall_plan_b,-0.8036297963494192,False,3.286725058506069,True,0.8109442962833483,False,0.4008381880554438,False,,,False,False,0.8036297963494192,0.33769484595922117,0.3634312863910692,0.009770516290504766,0.11869534914697316,0.0,0.165918,1,False
66335,2026-04-22 02:00:00+00:00,82.04,plan_b,footfall_plan_b,-1.3076391052804952,False,0.36315771480377,False,0.4274615101424509,False,0.4575907584694088,False,,,False,False,1.3076391052804952,0.5494855818361789,0.040156348068239686,0.005150193012703904,0.23463155156525078,0.0,0.165885,0,False
66340,2026-04-21 00:00:00+00:00,37.93,plan_b,footfall_plan_b,-0.8247044320529318,False,0.22636532837208848,False,1.0547456548060783,False,0.4741505232164065,False,114.59543338147522,2.0,False,False,0.8247044320529318,0.34655065978030297,0.025030460723112227,0.012707913046374197,0.2684604376175126,0.17555342595392134,0.165661,0,False
66336,2026-04-26 20:00:00+00:00,378.77,plan_b,footfall_plan_b,0.06512523265319105,False,1.4771030780281507,False,0.019565988958002312,False,0.4594431609144789,False,260.15769419081494,27.0,False,False,0.06512523265319105,0.027366401182212317,0.16333142025088782,0.0002357372938315879,0.2384157062434487,0.39854619992957874,0.165579,0,False
66340,2026-04-21 22:00:00+00:00,136.15,plan_b,footfall_plan_b,-0.5794523692172612,False,2.255562443270244,False,0.7395691399265053,False,0.4177103707177108,False,112.41468162818765,9.0,False,False,0.5794523692172612,0.24349281155628988,0.24940995845441633,0.008910565574878555,0.15316245381029617,0.17221264325300667,0.165438,0,False
66340,2026-04-24 10:00:00+00:00,1475.78,plan_b,footfall_plan_b,-0.13405102047692433,False,0.822195892157803,False,1.4553010949848755,False,0.4946695519938561,False,229.19086676295044,81.0,False,False,0.13405102047692433,0.05632984107392234,0.09091472679743509,0.017533933121308912,0.31037745135656764,0.3511068519078427,0.165253,0,False
66335,2026-04-25 03:00:00+00:00,310.07,plan_b,footfall_plan_b,-0.33726239757759485,False,0.5299326691174437,False,4.7170536887041825,False,0.41575478075081823,False,274.0258427063832,7.0,False,False,0.33726239757759485,0.14172169065304693,0.058597573027768295,0.05683257175603391,0.14916750393234282,0.41979138319479037,0.165222,0,False
66331,2026-04-25 00:00:00+00:00,26.96,plan_b,footfall_plan_b,0.21432955303189863,False,1.0204824209195247,False,0.7664602423214162,False,0.4427799114703545,False,266.29487608786127,50.0,False,False,0.21432955303189863,0.09006383999747278,0.11284036004606697,0.00923455817859163,0.20437541791097721,0.40794799959939904,0.164892,0,False
66340,2026-04-21 19:00:00+00:00,323.23,plan_b,footfall_plan_b,-0.657310433791452,False,0.6776644613876879,False,5.616395639217665,False,0.4564365941219808,False,113.11615246252408,3.0,False,False,0.657310433791452,0.27620970090322566,0.07493309070871394,0.06766813126178334,0.23227378291386924,0.17328725508125098,0.164874,0,False
66331,2026-04-22 05:00:00+00:00,13.05,plan_b,footfall_plan_b,-0.6200061711088222,False,1.1783383950255615,False,0.7814438682326487,False,0.44248302613568996,False,143.33814905146377,107.0,False,False,0.6200061711088222,0.26053400383791225,0.13029536425623015,0.009415085696606719,0.20376892981707026,0.21958556631233145,0.16472,0,False
66340,2026-04-24 00:00:00+00:00,59.1,plan_b,footfall_plan_b,-0.6234414019227934,False,2.06189768223048,False,0.803460563224317,False,0.4241036262757821,False,102.40005132047027,1.0,False,False,0.6234414019227934,0.26197752888617215,0.22799537951020363,0.009680349880675914,0.16622282737726934,0.15687082195783136,0.164549,0,False
66336,2026-04-24 01:00:00+00:00,69.69,plan_b,footfall_plan_b,0.470774097293276,False,2.7945333466293443,False,0.5538984328967934,False,0.42190447734623804,False,95.4009436966344,4.0,False,False,0.470774097293276,0.19782490269676414,0.309006938806703,0.006673545503318077,0.1617303264458786,0.14614860305496866,0.164277,0,False
66336,2026-04-22 00:00:00+00:00,42.34,plan_b,footfall_plan_b,-0.5695939830209765,False,0.43476995967588544,False,0.24707290259541909,False,0.40743829242971885,False,258.87575382998125,3.0,False,False,0.5695939830209765,0.23935019984243383,0.048074908279982786,0.0029768133653749313,0.13217828095316714,0.3965823431198244,0.163833,0,False
66330,2026-04-24 21:00:00+00:00,131.78,plan_b,footfall_plan_b,-0.20788779629032944,False,0.691661412507178,False,0.21756692473345482,False,0.5028999633887378,False,211.93122181542486,86.0,False,False,0.20788779629032944,0.08735693681838118,0.07648081066105503,0.0026213159055754665,0.3271908332792286,0.32466609670601965,0.163663,0,False
66340,2026-04-26 03:00:00+00:00,66.6,plan_b,footfall_plan_b,-0.5604878322058251,False,0.6744907594765952,False,0.12626177265147026,False,0.4248451100368123,False,221.2343187510366,8.0,False,False,0.5604878322058251,0.23552368642696195,0.07458215701403659,0.0015212422261468843,0.16773755720856368,0.33891789096025804,0.163657,0,False
66330,2026-04-21 04:00:00+00:00,10.57,plan_b,footfall_plan_b,-0.8011893599605032,False,0.634207166083836,False,0.0730640315094194,False,0.46347672066408907,False,106.59851768794343,7.0,False,False,0.8011893599605032,0.3366693454188331,0.07012777829157667,0.0008802988237102102,0.2466556079110911,0.16330262410572896,0.163527,0,False
66340,2026-04-20 18:00:00+00:00,1085.88,plan_b,footfall_plan_b,0.033031191533431634,False,1.225127380181132,False,0.048542449785263474,False,0.49320974492690967,False,235.15937813964103,43.0,False,False,0.033031191533431634,0.013880101493750178,0.13546907996451968,0.0005848549630124147,0.30739530470892457,0.3602502583168486,0.163516,0,False
66331,2026-04-24 10:00:00+00:00,182.04,plan_b,footfall_plan_b,-0.2037407707462102,False,0.6979244057768118,False,0.6814254873113101,False,0.4596426185935505,False,266.059080780759,329.0,False,False,0.2037407707462102,0.08561430711665544,0.07717334431085054,0.008210032248890749,0.23882316560055006,0.4075867751355248,0.163482,0,False
66338,2026-04-21 07:00:00+00:00,0.32,plan_b,footfall_plan_b,-0.531666699136521,False,2.9442423433601115,False,0.3095149651884392,False,0.47196633389348847,False,,,False,False,0.531666699136521,0.22341270182133757,0.32556108687131474,0.0037291353097722714,0.26399849671131964,0.0,0.16334,0,False
66336,2026-04-24 03:00:00+00:00,12.35,plan_b,footfall_plan_b,-0.9829500148467384,False,0.5510201491021405,False,0.375351577021109,False,0.4790356485681673,False,38.48262612558195,1.0,False,False,0.9829500148467384,0.4130473451297428,0.06092933179710927,0.004522355869274156,0.27843994828089286,0.05895310708901148,0.163178,0,False
66340,2026-04-24 23:00:00+00:00,100.55,plan_b,footfall_plan_b,-0.6140449124002695,False,1.950931942098781,False,1.0144255167136764,False,0.4273990308323923,False,102.40005132047027,2.0,False,False,0.6140449124002695,0.25802901167553544,0.2157252866476959,0.012222123124831218,0.17295479893271562,0.15687082195783136,0.16316,0,False
66330,2026-04-26 03:00:00+00:00,20.7,plan_b,footfall_plan_b,0.6249167213557733,False,1.9117073448071078,False,1.4854318720898358,False,0.44124590080758325,False,79.29086743819977,9.0,False,False,0.6249167213557733,0.2625974757459376,0.21138800695495397,0.017896958362251875,0.20124168547536084,0.12146891909118938,0.162919,0,False
66330,2026-04-23 04:00:00+00:00,13.16,plan_b,footfall_plan_b,-0.463464107784639,False,1.1175220446639609,False,0.17042926393904448,False,0.4271294532099658,False,210.04193898574997,5.0,False,False,0.463464107784639,0.19475315773123852,0.12357056554259122,0.002053386289695719,0.17240409602052856,0.32177182715654074,0.162911,0,False
66338,2026-04-20 20:00:00+00:00,4.85,plan_b,footfall_plan_b,-0.002225407434703214,False,1.2028755922364407,False,1.325003722668656,False,0.5441360543913417,False,164.8109928863798,1.0,False,False,0.002225407434703214,0.000935142803654645,0.13300857725337525,0.015964068699473498,0.41142941064311866,0.25248069301117965,0.162764,0,False
66331,2026-04-20 12:00:00+00:00,259.54,plan_b,footfall_plan_b,-0.25253659057767214,False,1.0653440452160416,False,0.0927340651723932,False,0.4338199966290332,False,261.6896504753211,463.0,False,False,0.25253659057767214,0.10611889385086204,0.11780095685214323,0.0011172896814296309,0.1860717799767499,0.4008930663466848,0.1624,0,False
66332,2026-04-24 03:00:00+00:00,1.32,plan_b,footfall_plan_b,-0.6654713443613642,False,1.381423425815969,False,0.3316287670726285,False,0.3929136900201647,False,177.60875907835918,1.0,False,False,0.6654713443613642,0.27963901306948985,0.15275159429467328,0.003995569468745594,0.1025068980939211,0.2720861138666536,0.162196,0,False
66331,2026-04-23 23:00:00+00:00,9.71,plan_b,footfall_plan_b,-0.9489781908980394,False,0.5894800426103389,False,0.11278857081026292,False,0.414488826957855,False,129.21424114531925,24.0,False,False,0.9489781908980394,0.398771978652015,0.06518205398206178,0.0013589127804893993,0.14658136776049013,0.19794857478818081,0.161969,0,False
66332,2026-04-23 07:00:00+00:00,3.09,plan_b,footfall_plan_b,-1.190290534920673,False,1.7904741344683737,False,1.4286774750954738,False,0.3886930023621846,False,,,False,False,1.190290534920673,0.500174309940575,0.1979825833790763,0.017213163232385847,0.09388472477048175,0.0,0.161851,0,False
66336,2026-04-22 01:00:00+00:00,33.08,plan_b,footfall_plan_b,-0.7502083732395431,False,1.591473868600579,False,0.47600231422551903,False,0.40783282656755077,False,116.79916626640515,1.0,False,False,0.7502083732395431,0.3152465254390496,0.17597802828879724,0.005735028147769833,0.1329842495521391,0.17892941438924503,0.161775,0,False
66342,2026-04-21 23:00:00+00:00,0.0,plan_b,footfall_plan_b,-0.7566884121258295,False,3.7442267253947343,False,0.4612348789356244,False,0.3772502989853851,False,,,False,False,0.7566884121258295,0.3179695152329257,0.41401976469809915,0.005557105363516751,0.07050915666443346,0.0,0.161611,0,False
66331,2026-04-21 16:00:00+00:00,213.92,plan_b,footfall_plan_b,-0.19769710689914455,False,1.0729417455905903,False,0.2959732739323694,False,0.43784406471714554,False,266.29487608786127,518.0,False,False,0.19769710689914455,0.08307468733011289,0.11864107641541184,0.0035659806817357896,0.19429229173516577,0.40794799959939904,0.161504,0,False
66340,2026-04-24 04:00:00+00:00,64.84,plan_b,footfall_plan_b,-0.587676800331785,False,0.6510644975611042,False,0.6161461820689259,False,0.41226057739462457,False,221.2343187510366,16.0,False,False,0.587676800331785,0.24694881581464093,0.07199178624930008,0.007423526297462622,0.1420294190026317,0.33891789096025804,0.161462,0,False
66333,2026-04-22 22:00:00+00:00,1.76,plan_b,footfall_plan_b,-0.9561850827467343,False,0.7701617121112888,False,1.3915238048639424,False,0.3520895386408639,False,185.33547119107044,1.0,False,False,0.9561850827467343,0.4018004007485392,0.0851610210100685,0.016765523928536075,0.01910984588392313,0.2839229798107846,0.161352,0,False
66331,2026-04-21 08:00:00+00:00,78.8,plan_b,footfall_plan_b,-0.1762651401970485,False,1.095814601299504,False,0.3896654837005472,False,0.44004294702065927,False,266.29487608786127,213.0,False,False,0.1762651401970485,0.07406871875236166,0.12117025400883862,0.004694814395751479,0.1987842479932634,0.40794799959939904,0.161333,0,False
66338,2026-04-24 09:00:00+00:00,0.26,plan_b,footfall_plan_b,1.0,False,1.1816063522621916,False,9.578650963209471,False,0.4109154237234759,False,,,False,False,1.0,0.420211952684232,0.13065672028122097,0.11540665087111855,0.13928149045658636,0.0,0.161111,0,False
66331,2026-04-20 15:00:00+00:00,254.57,plan_b,footfall_plan_b,0.10567327113848561,False,1.0878132614543363,False,1.598764415597073,False,0.45125918821594174,False,259.92566318207076,540.0,False,False,0.10567327113848561,0.044405171611633334,0.12028550180686916,0.019262425099803106,0.22169719096841567,0.39819074214814176,0.160768,0,False
66332,2026-04-26 00:00:00+00:00,24.7,plan_b,footfall_plan_b,-0.21780941699872394,False,1.402479678520397,False,0.8682598379630588,False,0.414557453854493,False,260.66708279718154,6.0,False,False,0.21780941699872394,0.09152612043004794,0.15507990009169786,0.01046107227104162,0.14672156126576974,0.3993265531456782,0.160623,0,False
66335,2026-04-26 22:00:00+00:00,605.84,plan_b,footfall_plan_b,0.7204255818210673,False,0.0,False,0.10922527692822022,False,0.4011455027495775,False,247.02839389465765,17.0,False,False,0.7204255818210673,0.30273144050070466,0.0,0.0013159810759544315,0.11932314271341977,0.378432888435782,0.160361,0,False
66332,2026-04-21 23:00:00+00:00,4.41,plan_b,footfall_plan_b,-0.7489358308150958,False,1.2782767953708625,False,0.92004304223251,False,0.4075248164823603,False,131.34742599441384,1.0,False,False,0.7489358308150958,0.31471178790199905,0.14134610344214413,0.011084972880748143,0.13235503541570365,0.20121648780531584,0.160143,0,False
66331,2026-04-22 04:00:00+00:00,6.69,plan_b,footfall_plan_b,-0.5448696967681853,False,0.7337534343533164,False,0.8598001744686892,False,0.42602849734933457,False,202.00261592432264,52.0,False,False,0.5448696967681853,0.22896075923742454,0.08113515727479226,0.010359147539142344,0.17015502358943518,0.3094560597290048,0.160013,0,False
66332,2026-04-25 02:00:00+00:00,40.58,plan_b,footfall_plan_b,1.0394689580482122,False,1.5335163176219093,False,0.7763927459515673,False,0.4325029506411201,False,,,False,False,1.0394689580482122,0.43679728061608325,0.16956934276344698,0.009354228159586206,0.18338127082209668,0.0,0.15982,0,False
66330,2026-04-22 00:00:00+00:00,12.94,plan_b,footfall_plan_b,-0.7501008541521028,False,1.0057974662562443,False,0.29995656372217955,False,0.44279253644144584,False,106.94400323822519,5.0,False,False,0.7501008541521028,0.31520134463336547,0.11121656375374907,0.0036139726313179138,0.2044012086583089,0.16383188753429542,0.159653,0,False
66340,2026-04-21 06:00:00+00:00,357.26,plan_b,footfall_plan_b,0.6537107130022868,False,0.7865638817442703,False,2.095922634434484,False,0.4304249930781666,False,151.4478293988316,13.0,False,False,0.6537107130022868,0.2746970552012925,0.08697469921655301,0.02525234635379269,0.17913634399538356,0.23200911694049942,0.159614,0,False
66335,2026-04-20 07:00:00+00:00,194.04,plan_b,footfall_plan_b,-0.551639064135027,False,0.8098651267551303,False,1.2544514341942474,False,0.45433920184999343,False,152.31926126768684,2.0,False,False,0.551639064135027,0.23180532831708198,0.08955124617380278,0.015114032159317916,0.22798915416098683,0.23334409902092582,0.159561,0,False
66340,2026-04-26 01:00:00+00:00,77.19,plan_b,footfall_plan_b,-0.4791283231061133,False,1.2963369082739264,False,0.18922748727174782,False,0.419222412254935,False,191.08540912184841,2.0,False,False,0.4791283231061133,0.2013354482387415,0.1433431095646191,0.0022798732976770293,0.1562513069220723,0.2927315446286359,0.159188,0,False
66331,2026-04-20 01:00:00+00:00,2.8,plan_b,footfall_plan_b,-0.6167931464121075,False,0.0,False,0.362340643883724,False,0.4517735694549619,False,202.00261592432264,20.0,False,False,0.6167931464121075,0.2591838524560831,0.0,0.004365595984833127,0.22274798755810685,0.3094560597290048,0.159151,0,False
66335,2026-04-20 08:00:00+00:00,317.24,plan_b,footfall_plan_b,-0.48383218374693204,False,0.7362170579838316,False,0.3705667325185886,False,0.4314645083165776,False,212.15573823069715,7.0,False,False,0.48383218374693204,0.20331206670377444,0.08140757370430296,0.004464706532108002,0.18125990330235808,0.32501004257472405,0.159091,0,False
66332,2026-04-20 20:00:00+00:00,426.28,plan_b,footfall_plan_b,-0.17603648586697168,False,0.3425560083684915,False,0.024210846875788457,False,0.4625779504385723,False,286.004938366057,28.0,False,False,0.17603648586697168,0.07397263546983038,0.037878303954921706,0.00029170002784526005,0.24481956760431772,0.43814264921675244,0.159021,0,False
66330,2026-04-26 05:00:00+00:00,29.76,plan_b,footfall_plan_b,-0.413173900294727,False,1.3069649909755692,False,0.03419723496086213,False,0.431906870608588,False,192.13223337579174,16.0,False,False,0.413173900294727,0.1736206114410074,0.14451831518704628,0.0004120192259895711,0.18216357698364935,0.2943352174690679,0.15901,0,False
66335,2026-04-20 17:00:00+00:00,430.77,plan_b,footfall_plan_b,-0.6832263135656559,False,0.5356438302117152,False,0.29675122811194493,False,0.41992499249985576,False,185.79787983231316,6.0,False,False,0.6832263135656559,0.28709986334867366,0.05922908755555212,0.003575353722547157,0.15768656324431587,0.28463136249904264,0.158444,0,False
66338,2026-04-20 23:00:00+00:00,4.42,plan_b,footfall_plan_b,1.0390643135483342,False,0.9088019613847119,False,0.20190026499825284,False,0.4653804194110292,False,,,False,False,1.0390643135483342,0.43662724416064663,0.10049123672391982,0.0024325589775569456,0.25054455252908436,0.0,0.158019,0,False
66332,2026-04-24 04:00:00+00:00,5.29,plan_b,footfall_plan_b,-0.7387752936141206,False,0.9927516061582417,False,0.05400007931226254,False,0.409925377051898,False,150.28563375501113,3.0,False,False,0.7387752936141206,0.3104422087244565,0.10977401117235058,0.0006506102293672971,0.13725898732620215,0.2302287019546577,0.157671,0,False
66332,2026-04-24 05:00:00+00:00,23.38,plan_b,footfall_plan_b,-0.656483500260488,False,1.061982399203544,False,0.0706489221946174,False,0.4169548633825842,False,157.06119011996248,5.0,False,False,0.656483500260488,0.2758622135494392,0.11742924114335536,0.0008512008141283316,0.15161907611489267,0.24060845355131588,0.157274,0,False
66338,2026-04-23 04:00:00+00:00,0.0,plan_b,footfall_plan_b,-1.4438230898244377,False,0.6308004914022247,False,0.07485083574797238,False,0.3955173879254519,False,,,False,False,1.4438230898244377,0.6067117199057083,0.06975108351491756,0.0009018268127480972,0.10782582629720021,0.0,0.157038,0,False
66336,2026-04-22 04:00:00+00:00,52.93,plan_b,footfall_plan_b,0.9510332321227377,False,0.7145236113785141,False,0.3940726600177759,False,0.402562371974502,False,116.79916626640515,5.0,False,False,0.9510332321227377,0.3996355315378921,0.07900880986927439,0.004747913465810866,0.12221757438519927,0.17892941438924503,0.156908,0,False
66330,2026-04-20 22:00:00+00:00,51.76,plan_b,footfall_plan_b,-0.7398504404800512,False,0.5835356713062259,False,0.32023820861037583,False,0.4500091729467705,False,120.80560184320824,20.0,False,False,0.7398504404800512,0.31089399828841147,0.06452475211732292,0.0038583323767240464,0.2191436145891348,0.18506703672389868,0.156698,0,False
66340,2026-04-21 03:00:00+00:00,67.92,plan_b,footfall_plan_b,-0.5481063949638297,False,1.5312603746667817,False,0.7624004006760152,False,0.4120840428019763,False,151.88354533325924,1.0,False,False,0.5481063949638297,0.2303208585064658,0.16931989072970138,0.00918564390776556,0.14166878775513383,0.23267660798071263,0.156634,0,False
66342,2026-04-23 01:00:00+00:00,209.07,plan_b,footfall_plan_b,0.9873511346702182,False,1.5164904282588865,False,0.3133364814576934,False,0.4389955707753389,False,,,False,False,0.9873511346702182,0.4148967482847645,0.1676866964322178,0.003775178160229821,0.19664462993720302,0.0,0.156601,0,False
66342,2026-04-25 22:00:00+00:00,121.61,plan_b,footfall_plan_b,-0.32417487637676673,False,1.3340726276986454,False,1.0343804679393687,False,0.43773875870936246,False,190.30977346759514,126.0,False,False,0.32417487637676673,0.13622215781345065,0.14751575583386672,0.012462546760487114,0.19407716881570775,0.2915433166829123,0.156364,0,False
66342,2026-04-20 21:00:00+00:00,3.95,plan_b,footfall_plan_b,-0.8645663245466015,False,0.8042156238015181,False,0.43008506436570954,False,0.38400585935284515,False,156.42313298005544,2.0,False,False,0.8645663245466015,0.3633011034627569,0.0889265495261207,0.005181802433221259,0.08430965959316106,0.23963098775220187,0.15627,0,False
66331,2026-04-21 14:00:00+00:00,228.05,plan_b,footfall_plan_b,-0.1725685256847688,False,1.067813370248224,False,0.24768954636367066,False,0.43511515039421617,False,259.92566318207076,480.0,False,False,0.1725685256847688,0.07251535714983574,0.11807400371702813,0.002984242886749893,0.18871756690741726,0.39819074214814176,0.156096,0,False
66330,2026-04-22 23:00:00+00:00,25.56,plan_b,footfall_plan_b,-0.6914276701785187,False,1.183934570986206,False,1.7019480651484489,False,0.44591914138488487,False,83.01943152241927,5.0,False,False,0.6914276701785187,0.29054617142562444,0.13091416424468194,0.02050561471649559,0.21078835026194873,0.12718085873449536,0.155987,0,False
66333,2026-04-25 03:00:00+00:00,26.46,plan_b,footfall_plan_b,0.4285568788254498,False,1.2508558071712619,False,0.7662847635903912,False,0.4675678405004859,False,128.39303435088027,8.0,False,False,0.4285568788254498,0.18008472288750205,0.1383140137972546,0.009232443954707233,0.25501309540478917,0.1966905345510931,0.155867,0,False
66336,2026-04-22 08:00:00+00:00,537.55,plan_b,footfall_plan_b,-0.10087600291928629,False,0.9766378858082236,False,0.6762731881587712,False,0.5048935013861088,False,187.49881621950024,20.0,False,False,0.10087600291928629,0.04238930216569358,0.10799222839128192,0.008147955700557957,0.33126330476564536,0.2872370964387744,0.155406,0,False
66338,2026-04-20 18:00:00+00:00,0.11,plan_b,footfall_plan_b,-1.0926675380666726,False,1.1804029730912327,False,0.3029142030214716,False,0.4326387124146055,False,,,False,False,1.0926675380666726,0.4591519598056689,0.13052365602049557,0.0036496072157001106,0.1836586098806919,0.0,0.155397,0,False
66330,2026-04-21 05:00:00+00:00,28.58,plan_b,footfall_plan_b,-0.4853875358519521,False,1.057173146515643,False,0.46455381062466156,False,0.44374547262830877,False,159.28947949946553,18.0,False,False,0.4853875358519521,0.20396564424893646,0.11689745559396171,0.005597092914182597,0.20634790114899224,0.24402206108388041,0.155366,0,False
66336,2026-04-24 00:00:00+00:00,46.75,plan_b,footfall_plan_b,-0.43020939121869717,False,2.3123223345195583,False,0.3471720014769581,False,0.40284280553071944,False,137.94290235863318,5.0,False,False,0.43020939121869717,0.18077912834710344,0.25568621214919046,0.004182839328895857,0.12279045419137104,0.21132036749206076,0.154952,0,False
66331,2026-04-22 06:00:00+00:00,26.75,plan_b,footfall_plan_b,-0.2118557783143966,False,1.2528130176174153,False,0.8947291066315651,False,0.45320094589996035,False,202.00261592432264,176.0,False,False,0.2118557783143966,0.08902433029293036,0.138530433332665,0.010779982487080708,0.2256638837588841,0.3094560597290048,0.154691,0,False
66342,2026-04-25 21:00:00+00:00,299.23,plan_b,footfall_plan_b,-0.010401425527494746,False,0.7390457269472454,False,0.9837485440440918,False,0.5269582572980889,False,195.1458618392765,375.0,False,False,0.010401425527494746,0.004370803331608186,0.08172035520620785,0.011852517145005919,0.3763379857723711,0.2989519180277703,0.154647,0,False
66331,2026-04-21 07:00:00+00:00,53.56,plan_b,footfall_plan_b,0.4511608558781575,False,1.106344299562946,False,0.6675560316418803,False,0.4566775017044525,False,143.33814905146377,147.0,False,False,0.4511608558781575,0.18958318422324993,0.12233458072223032,0.0080429286103552,0.2327659176320293,0.21958556631233145,0.154462,0,False
66338,2026-04-23 06:00:00+00:00,0.11,plan_b,footfall_plan_b,-0.8207337104607711,False,2.6036257987567835,False,1.0910308630520482,False,0.4044752593179578,False,,,False,False,0.8207337104607711,0.34488211510649575,0.2878972401035733,0.013145088842413995,0.12612528980031784,0.0,0.15441,0,False
66330,2026-04-20 03:00:00+00:00,8.95,plan_b,footfall_plan_b,-0.6470308245861314,False,2.257924552833128,False,0.23937508734885232,False,0.44602319011654235,False,22.700713993374748,10.0,False,False,0.6470308245861314,0.27189008624622707,0.24967114991453374,0.00288406762486898,0.2110009047722875,0.034776151156659274,0.154044,0,False
66331,2026-04-20 07:00:00+00:00,50.86,plan_b,footfall_plan_b,0.27498440595879425,False,1.0261938566219693,False,0.5615906066540939,False,0.45272883252989915,False,202.00261592432264,135.0,False,False,0.27498440595879425,0.11555173418565849,0.11347190493878849,0.00676622327335672,0.22469943349986427,0.3094560597290048,0.153989,0,False
66330,2026-04-25 01:00:00+00:00,16.28,plan_b,footfall_plan_b,-0.1442385777273737,False,2.5358819672689075,False,0.12905075384937592,False,0.4363808510775481,False,153.67101288508454,10.0,False,False,0.1442385777273737,0.060610774399216076,0.2804064316591672,0.0015548447637723879,0.19130318601776533,0.2354149025466035,0.153858,0,False
66331,2026-04-21 11:00:00+00:00,250.99,plan_b,footfall_plan_b,-0.09090467159628336,False,0.8957547136544406,False,0.26899706011460855,False,0.4389919395394829,False,281.87079476849095,493.0,False,False,0.09090467159628336,0.038199229559593074,0.0990485307043811,0.0032409626283743556,0.19663721191732905,0.4318093857478479,0.153787,0,False
66333,2026-04-22 08:00:00+00:00,0.44,plan_b,footfall_plan_b,-0.921105439766681,False,1.5467623893766598,False,1.058670231626235,False,0.3515726011029067,False,116.03027451351569,1.0,False,False,0.921105439766681,0.3870595154724253,0.17103403385009525,0.012755197603316542,0.018053827194354458,0.1777515177015287,0.153331,0,False
66330,2026-04-22 06:00:00+00:00,48.65,plan_b,footfall_plan_b,-0.2273276421127456,False,1.2211181392518102,False,0.3594946453975696,False,0.4668797417544239,False,181.51741102931967,30.0,False,False,0.2273276421127456,0.09552579239129907,0.13502575612012807,0.00433130648467983,0.2536074224119132,0.27807393747013337,0.153313,0,False
66342,2026-04-21 04:00:00+00:00,0.44,plan_b,footfall_plan_b,-0.8716128256441941,False,3.1526199166747246,False,0.3933799569018407,False,0.36563792120946104,False,,,False,False,0.8716128256441941,0.36626212744856784,0.34860254247734024,0.00473956755708477,0.04678697156221014,0.0,0.153278,0,False
66332,2026-04-20 21:00:00+00:00,183.4,plan_b,footfall_plan_b,-0.14083281051229152,False,0.5825304657976796,False,0.5580543558339107,False,0.4579950463768525,False,260.66708279718154,16.0,False,False,0.14083281051229152,0.05917963030737845,0.06441360100959248,0.006723617392281704,0.2354574455173796,0.3993265531456782,0.15302,0,False
66336,2026-04-22 20:00:00+00:00,308.37,plan_b,footfall_plan_b,-0.33439816646908666,False,0.9633655330888415,False,0.5055717155331301,False,0.46386449042219235,False,172.37906296722124,13.0,False,False,0.33439816646908666,0.14051810650600177,0.10652463127367162,0.006091289753530657,0.24744775799062452,0.2640745287457008,0.152931,0,False
66332,2026-04-21 04:00:00+00:00,3.53,plan_b,footfall_plan_b,-0.7972132494235972,False,0.9296410553023364,False,0.0753521079487615,False,0.4009634669059667,False,135.01268599847307,1.0,False,False,0.7972132494235972,0.3349985362460315,0.10279553007821367,0.000907866300572642,0.1189512733115882,0.20683144934206849,0.152897,0,False
66340,2026-04-21 08:00:00+00:00,505.82,plan_b,footfall_plan_b,-0.1750720463601328,False,0.6401244996487037,False,3.8755391899384093,False,0.4885069934071206,False,179.5140679618003,16.0,False,False,0.1750720463601328,0.07356736646141579,0.07078209044461767,0.046693735887072915,0.29778835390221775,0.2750049343826079,0.152767,0,False
66330,2026-04-22 07:00:00+00:00,79.9,plan_b,footfall_plan_b,-0.3625342251138997,False,0.839115914436725,False,0.33104497320249027,False,0.4983578768526298,False,128.31645091262675,35.0,False,False,0.3625342251138997,0.15234121464997674,0.09278566682227221,0.00398853573345129,0.3179120947091431,0.19657321325337626,0.15272,0,False
66332,2026-04-23 05:00:00+00:00,1.76,plan_b,footfall_plan_b,-1.1993324398814158,False,1.417621180338052,False,0.19059300484947753,False,0.391419052613356,False,,,False,False,1.1993324398814158,0.503973826480114,0.1567541793166186,0.0022963254902620515,0.09945359876890834,0.0,0.152496,0,False
66332,2026-04-23 23:00:00+00:00,0.0,plan_b,footfall_plan_b,-0.8133646823847703,False,2.759549868077985,False,0.019403005163143843,False,0.3991727203222945,False,,,False,False,0.8133646823847703,0.3417855614292945,0.30513862296463073,0.00023377361293506853,0.11529307145588212,0.0,0.15249,0,False
66335,2026-04-20 05:00:00+00:00,390.34,plan_b,footfall_plan_b,-0.26780571638329387,False,0.32611959375686,False,0.563525002748888,False,0.42074071027063126,False,291.49557301963404,2.0,False,False,0.26780571638329387,0.11253516302142354,0.03606083909259539,0.006789529496291014,0.15935294099423966,0.4465539767509663,0.152258,0,False
66333,2026-04-26 19:00:00+00:00,307.54,plan_b,footfall_plan_b,0.08320302192672183,False,0.5928092185235403,False,0.25710341502251455,False,0.5214007169102173,False,190.97600149720967,50.0,False,False,0.08320302192672183,0.03496290431305675,0.06555017929319044,0.003097664187706634,0.3649848413657613,0.292563938618832,0.152232,0,False
66331,2026-04-20 11:00:00+00:00,270.49,plan_b,footfall_plan_b,0.056185035289594745,False,0.3601711943432925,False,0.7828399019375826,False,0.4838606298989913,False,259.92566318207076,534.0,False,False,0.056185035289594745,0.023609623390673094,0.03982611205717585,0.009431905557253947,0.2882965945641275,0.39819074214814176,0.151871,0,False
66342,2026-04-22 22:00:00+00:00,1.32,plan_b,footfall_plan_b,-0.729492150090913,False,2.359563720406078,False,0.7109371168505467,False,0.38895100869653004,False,57.66600077549006,1.0,False,False,0.729492150090913,0.3065413208575214,0.2609099522972145,0.008565597801905878,0.09441178943708067,0.08834090241186925,0.151754,0,False
66338,2026-04-24 18:00:00+00:00,0.0,plan_b,footfall_plan_b,-1.2963852146553743,False,0.7833081463818605,False,0.6405799480178782,False,0.4011793998706915,False,,,False,False,1.2963852146553743,0.5447565624813021,0.08661469463148824,0.007717912125609819,0.11939238897779522,0.0,0.151696,0,False
66330,2026-04-23 07:00:00+00:00,88.22,plan_b,footfall_plan_b,-0.17895024745427435,False,0.8653278516228065,False,0.16219656445498373,False,0.4710661748947975,False,210.04193898574997,19.0,False,False,0.17895024745427435,0.07519703291608715,0.09568406503957534,0.0019541960927950183,0.2621596193685026,0.32177182715654074,0.151353,0,False
66340,2026-04-23 04:00:00+00:00,0.88,plan_b,footfall_plan_b,-1.231209200284206,False,0.9906858945626379,False,0.04098868905972081,False,0.4049228885848863,False,,,False,False,1.231209200284206,0.517368822214218,0.10954559406743933,0.0004938448374566366,0.12703972304837025,0.0,0.15089,0,False
66333,2026-04-23 23:00:00+00:00,48.95,plan_b,footfall_plan_b,0.22427410621786845,False,0.47808981974602305,False,0.3071537115381933,False,0.4717848835483027,False,221.36373290033765,2.0,False,False,0.22427410621786845,0.09424266011032136,0.052865023726611386,0.003700686170464582,0.26362782338683627,0.33911614578251686,0.15071,0,False
66335,2026-04-20 06:00:00+00:00,355.05,plan_b,footfall_plan_b,-0.13665550079256306,False,1.0657371387034025,False,0.014649534988134585,False,0.42519690213786593,False,267.3464627517824,1.0,False,False,0.13665550079256306,0.057424274833084536,0.11784442336340914,0.00017650228370294486,0.16845621082970202,0.40955896817023435,0.150692,0,False
66340,2026-04-24 21:00:00+00:00,336.08,plan_b,footfall_plan_b,-0.13942073307345698,False,1.6971256456065338,False,0.8131632978705925,False,0.41931472463080266,False,221.2343187510366,18.0,False,False,0.13942073307345698,0.05858625848946444,0.18766052698986882,0.009797251531453116,0.15643988598054032,0.33891789096025804,0.15028,0,False
66330,2026-04-23 06:00:00+00:00,55.01,plan_b,footfall_plan_b,0.07156859612882015,False,0.8323513454678454,False,0.40692318966377805,False,0.4906080700704165,False,210.04193898574997,15.0,False,False,0.07156859612882015,0.030073979530160683,0.0920376711857408,0.004902740757677049,0.3020805092628541,0.32177182715654074,0.150173,0,False
66333,2026-04-23 21:00:00+00:00,207.09,plan_b,footfall_plan_b,0.15871421318132684,False,0.6285959175385668,False,0.20480339500872993,False,0.5096813748987072,False,176.01095430725434,16.0,False,False,0.15871421318132684,0.06669360943966682,0.06950731164445344,0.0024675368165907982,0.3410441458563801,0.26963837146282477,0.14987,0,False
66331,2026-04-23 01:00:00+00:00,0.75,plan_b,footfall_plan_b,-0.7297027222637944,False,0.7152499901527204,False,0.5544602711801476,False,0.5171002696419921,False,0.0,11.0,False,False,0.7297027222637944,0.30662980580146887,0.07908912956977193,0.006680314710679544,0.3561997322272437,0.0,0.14972,0,False
66338,2026-04-22 03:00:00+00:00,3.67,plan_b,footfall_plan_b,0.9263688929197634,False,1.2557106496369972,False,0.041569235912794586,False,0.44958093532140836,False,,,False,False,0.9263688929197634,0.38927128139974404,0.13885084045940022,0.0005008394516506757,0.21826879528747212,0.0,0.149378,0,False
66331,2026-04-22 01:00:00+00:00,3.56,plan_b,footfall_plan_b,-0.5749339865841648,False,1.1497959907630493,False,0.6373976296686541,False,0.4724941380452646,False,68.625037138305,24.0,False,False,0.5749339865841648,0.24159413316706196,0.12713927346275997,0.007679570536162592,0.26507671411242023,0.10512949792458336,0.149324,0,False
66336,2026-04-26 05:00:00+00:00,54.69,plan_b,footfall_plan_b,-0.85176669278084,False,1.2925461291793146,False,0.5574767357682514,False,0.43055656130599923,False,38.48262612558195,3.0,False,False,0.85176669278084,0.35792254520482714,0.1429239422481398,0.00671665804095867,0.17940511632732473,0.05895310708901148,0.149184,0,False
66331,2026-04-20 10:00:00+00:00,213.14,plan_b,footfall_plan_b,0.07983678690003969,False,0.5204175079572173,False,1.0330295102738518,False,0.43101887281327134,False,301.1793835930069,475.0,False,False,0.07983678690003969,0.03354837211930059,0.05754542926790927,0.012446269990381929,0.18034954298670663,0.4613890017801507,0.149056,0,False
66332,2026-04-20 03:00:00+00:00,6.62,plan_b,footfall_plan_b,-0.42750520579937273,False,0.30070280074595995,False,0.5116075522914698,False,0.4047942477094595,False,260.66708279718154,3.0,False,False,0.42750520579937273,0.17964279731162888,0.03325036434479717,0.006164011445568529,0.126776930817746,0.3993265531456782,0.149032,0,False
66340,2026-04-25 00:00:00+00:00,151.28,plan_b,footfall_plan_b,0.25291316195987845,False,1.2963369082739264,False,0.26977182176474107,False,0.41756932177533407,False,221.2343187510366,15.0,False,False,0.25291316195987845,0.10627713364670395,0.1433431095646191,0.003250297204569751,0.1528743139319613,0.33891789096025804,0.148933,0,False
66340,2026-04-23 00:00:00+00:00,0.44,plan_b,footfall_plan_b,-1.1811215789390392,False,0.7292036583988135,False,0.17146198251805864,False,0.42259806862039345,False,,,False,False,1.1811215789390392,0.49632140504345695,0.08063206349648647,0.002065828813486822,0.16314721977369598,0.0,0.148433,0,False
66336,2026-04-21 01:00:00+00:00,55.13,plan_b,footfall_plan_b,-0.014817401503715025,False,0.69152430706257,False,0.4801616806077477,False,0.40963035020783767,False,336.0638910981524,4.0,False,False,0.014817401503715025,0.006226449219582366,0.07646565015714364,0.00578514152446167,0.13665629582408492,0.5148300039609022,0.147993,0,False
66340,2026-04-21 21:00:00+00:00,291.33,plan_b,footfall_plan_b,-0.31877820590820194,False,1.3447959550420496,False,0.6367794537847216,False,0.4258963554486458,False,182.56128462844,12.0,False,False,0.31877820590820194,0.1339544123778617,0.14870149318074943,0.0076721225553678055,0.1698850793378455,0.2796730900818992,0.147977,0,False
66342,2026-04-24 21:00:00+00:00,181.64,plan_b,footfall_plan_b,-0.35055738080945353,False,0.46634497966840294,False,0.11168733094884595,False,0.4644081409184037,False,188.4377231015709,155.0,False,False,0.35055738080945353,0.14730840151781038,0.05156633209226853,0.0013456446903689799,0.24855834687697473,0.28867544624849606,0.147491,0,False
66332,2026-04-23 06:00:00+00:00,0.88,plan_b,footfall_plan_b,-1.1172318473853657,False,1.5274535941409058,False,0.668454795469559,False,0.38704332558467747,False,,,False,False,1.1172318473853657,0.46947417619081644,0.16889895404686356,0.008053757204452103,0.09051470541441149,0.0,0.147388,0,False
66331,2026-04-21 05:00:00+00:00,22.86,plan_b,footfall_plan_b,0.6920377047014339,False,1.1783383950255615,False,0.7448717279269063,False,0.4469084385254491,False,60.40280092160411,106.0,False,False,0.6920377047014339,0.2908025152237035,0.13029536425623015,0.008974452851325532,0.21280932222328308,0.09253351836194934,0.147083,0,False
66340,2026-04-25 04:00:00+00:00,143.35,plan_b,footfall_plan_b,0.20225016527585354,False,1.5516585440160455,False,0.025808093320735984,False,0.41091948454378796,False,221.2343187510366,1.0,False,False,0.20225016527585354,0.08498793688127507,0.17157542862674577,0.0003109441639491015,0.13928978604711645,0.33891789096025804,0.147016,0,False
66335,2026-04-26 20:00:00+00:00,372.29,plan_b,footfall_plan_b,0.0821758939160614,False,0.9306215017036846,False,0.909630032756198,False,0.41087609769976585,False,291.49557301963404,13.0,False,False,0.0821758939160614,0.03453129284604046,0.10290394343513785,0.010959513611612428,0.13920115383373569,0.4465539767509663,0.14683,0,False
66330,2026-04-20 21:00:00+00:00,123.37,plan_b,footfall_plan_b,-0.3304183786652964,False,0.43884672387464957,False,0.8005749827278977,False,0.49016544116216154,False,153.67101288508454,35.0,False,False,0.3304183786652964,0.1388457521017022,0.04852569854405901,0.009645583483801255,0.30117629092826037,0.2354149025466035,0.146722,0,False
66340,2026-04-23 01:00:00+00:00,0.44,plan_b,footfall_plan_b,-1.1497681677997522,False,0.9272522512637298,False,0.2385609543896221,False,0.4133930670284999,False,,,False,False,1.1497681677997522,0.4831463269253056,0.10253138686293616,0.002874258690547286,0.14434290976563802,0.0,0.146579,0,False
66342,2026-04-22 21:00:00+00:00,5.7,plan_b,footfall_plan_b,-0.8595040495083889,False,2.352666695551753,False,0.8581103650835231,False,0.39181674524904403,False,,,False,False,0.8595040495083889,0.3611738749839249,0.2601473102841287,0.010338788175125258,0.10026601966147883,0.0,0.146385,0,False
66330,2026-04-22 05:00:00+00:00,28.9,plan_b,footfall_plan_b,-0.46580417705677246,False,0.9299804518991622,False,0.277891692978056,False,0.43792602682895887,False,153.67101288508454,24.0,False,False,0.46580417705677246,0.1957364828094981,0.10283305902863864,0.0033481280103724396,0.1944597269000668,0.2354149025466035,0.146358,0,False
66342,2026-04-22 00:00:00+00:00,0.44,plan_b,footfall_plan_b,-0.8899082114714003,False,2.7422136058140296,False,0.22928219589357307,False,0.3680968579275469,False,,,False,False,0.8899082114714003,0.3739500672521296,0.3032216569928357,0.002762465240051606,0.051810176379230945,0.0,0.146349,0,False
66342,2026-04-20 20:00:00+00:00,3.46,plan_b,footfall_plan_b,-0.8920381787723225,False,0.6466544981813517,False,0.3251920535588441,False,0.38900408570310446,False,121.63725103528488,4.0,False,False,0.8920381787723225,0.3748451049708037,0.07150414833647271,0.003918017885323681,0.09452021706481775,0.18634107409652986,0.146226,0,False
66342,2026-04-21 21:00:00+00:00,0.0,plan_b,footfall_plan_b,-0.8759926024899959,False,2.6367793779581232,False,0.5881837465780275,False,0.3741745058663228,False,,,False,False,0.8759926024899959,0.3681025620292634,0.2915632138991082,0.007086625929905747,0.06422581529245207,0.0,0.146196,0,False
66340,2026-04-25 01:00:00+00:00,93.07,plan_b,footfall_plan_b,-0.3403692255981657,False,0.7997997786817399,False,0.3039876260466063,False,0.4195393116847659,False,221.2343187510366,5.0,False,False,0.3403692255981657,0.1430272169222251,0.08843826521763211,0.0036625401596788137,0.15689868053308445,0.33891789096025804,0.146189,0,False
66331,2026-04-24 08:00:00+00:00,85.95,plan_b,footfall_plan_b,-0.0333976055110198,False,0.9740666629367795,False,1.367558097679111,False,0.4468483105853255,False,247.09384614278434,199.0,False,False,0.0333976055110198,0.014034073026763298,0.10770791412126146,0.016476777422103968,0.21268649069360404,0.378533157408602,0.145888,0,False
66340,2026-04-25 06:00:00+00:00,233.32,plan_b,footfall_plan_b,-0.06151620939799078,False,1.3036157587129706,False,0.05517155280461619,False,0.4502158036432693,False,221.2343187510366,26.0,False,False,0.06151620939799078,0.02584984647286181,0.14414797213493474,0.000664724516739924,0.21956572724553738,0.33891789096025804,0.145829,0,False
66338,2026-04-21 17:00:00+00:00,0.33,plan_b,footfall_plan_b,-0.9645044799478106,False,1.7211953179829411,False,0.2670301294931379,False,0.40614060249064,False,,,False,False,0.9645044799478106,0.4052963108915592,0.1903220431918798,0.003217264419055356,0.12952731303478388,0.0,0.145673,0,False
66330,2026-04-20 06:00:00+00:00,55.23,plan_b,footfall_plan_b,0.0819077741812013,False,1.0649549414783945,False,0.1407089786967039,False,0.5136421524943868,False,146.10350949151155,25.0,False,False,0.0819077741812013,0.034418625728701725,0.11775793150947068,0.001695306786023773,0.34913536550893515,0.2238219349434597,0.145366,0,False
66336,2026-04-26 23:00:00+00:00,58.21,plan_b,footfall_plan_b,-0.40049358847142935,False,0.0,False,0.3218608697322442,False,0.4211223418073331,False,257.0844248627809,16.0,False,False,0.40049358847142935,0.16829219284909455,0.0,0.003877882716985203,0.16013255169320065,0.3938381330939705,0.145228,0,False
66332,2026-04-23 20:00:00+00:00,2.16,plan_b,footfall_plan_b,-0.8717462883207463,False,2.236134036092816,False,1.4941824237981183,False,0.3886156034781636,False,,,False,False,0.8717462883207463,0.3663182100604923,0.24726165250021173,0.018002387808403138,0.0937266115322732,0.0,0.145062,0,False
66331,2026-04-20 09:00:00+00:00,165.82,plan_b,footfall_plan_b,0.20991198278395576,False,0.7062030913555937,False,1.42038309994679,False,0.45571050084698406,False,202.00261592432264,362.0,False,False,0.20991198278395576,0.08820752417746494,0.07808876415764827,0.017113229947348648,0.23079049332380236,0.3094560597290048,0.144731,0,False
66342,2026-04-24 06:00:00+00:00,169.81,plan_b,footfall_plan_b,0.12630083086890215,False,1.77169245920901,False,0.0907186982543795,False,0.45043040936041673,False,164.52881258835512,51.0,False,False,0.12630083086890215,0.0530731187650623,0.19590579013395087,0.0010930078961158378,0.22000413156241397,0.25204840948474955,0.144425,0,False
66330,2026-04-23 05:00:00+00:00,33.0,plan_b,footfall_plan_b,-0.21489239249353334,False,0.8557970277088454,False,0.6076944233641164,False,0.44391873397015047,False,210.04193898574997,4.0,False,False,0.21489239249353334,0.09030035186669405,0.09463018936279693,0.00732169680499659,0.20670184568141606,0.32177182715654074,0.144145,0,False
66330,2026-04-23 01:00:00+00:00,6.47,plan_b,footfall_plan_b,-0.7441697184020414,False,1.0132164001470008,False,0.28591496923696497,False,0.4859207728642679,False,,,False,False,0.7441697184020414,0.3127090104981969,0.11203691612261849,0.003444795009265172,0.29250512908671755,0.0,0.144139,0,False
66340,2026-04-21 04:00:00+00:00,67.04,plan_b,footfall_plan_b,-0.5655415395454291,False,0.7132203417732385,False,0.7984867439640126,False,0.42219255040084985,False,151.4478293988316,2.0,False,False,0.5655415395454291,0.23764731465643157,0.07886470017323094,0.009620423715177797,0.1623188124955344,0.23200911694049942,0.144092,0,False
66332,2026-04-26 21:00:00+00:00,85.56,plan_b,footfall_plan_b,-0.49365150706528804,False,0.3512121525874722,False,0.17009795249801346,False,0.4406233589962681,False,176.73602917751265,12.0,False,False,0.49365150706528804,0.20743826372941865,0.03883546148184935,0.0020493945434726306,0.19996993455863557,0.2707491432779914,0.143808,0,False
66331,2026-04-25 03:00:00+00:00,13.16,plan_b,footfall_plan_b,0.8556989702638914,False,0.6055248143146469,False,0.8561368097127238,False,0.42278619116906,False,76.83550644254227,31.0,False,False,0.8556989702638914,0.35957493520447636,0.06695621273174379,0.010315010148707188,0.16353152331664675,0.11770745127330175,0.143617,0,False
66330,2026-04-25 04:00:00+00:00,16.39,plan_b,footfall_plan_b,-0.04228551144176574,False,2.4611601888111907,False,0.335317645615278,False,0.46972306602705793,False,106.59851768794343,14.0,False,False,0.04228551144176574,0.017768877333195817,0.2721440331978064,0.004040014257444196,0.25941586802078,0.16330262410572896,0.143334,0,False
66342,2026-04-24 23:00:00+00:00,47.63,plan_b,footfall_plan_b,-0.4671919481203298,False,1.1542465400592987,False,0.4182701502649261,False,0.43182571161384575,False,133.92581866689878,41.0,False,False,0.4671919481203298,0.19631964079799422,0.1276313952031218,0.005039452568721707,0.18199778245533338,0.20516643287513736,0.143231,0,False
66332,2026-04-22 23:00:00+00:00,104.96,plan_b,footfall_plan_b,0.7200712044073019,False,0.6897945671843934,False,2.144807184083512,False,0.4427776333156049,False,69.82676039721622,3.0,False,False,0.7200712044073019,0.3025825268756791,0.07627438329488488,0.025841323045396346,0.20437076401410056,0.10697046687880069,0.143208,0,False
66330,2026-04-26 20:00:00+00:00,210.34,plan_b,footfall_plan_b,-0.12114552199330607,False,0.3097404395445828,False,0.06439285265788543,False,0.4748300846322137,False,235.15937813964103,52.0,False,False,0.12114552199330607,0.05090679635575772,0.0342497058279008,0.0007758256871272374,0.269848670243524,0.3602502583168486,0.143206,0,False
66330,2026-04-20 20:00:00+00:00,186.61,plan_b,footfall_plan_b,-0.3939323277179646,False,0.46028217003967065,False,1.7356449461187335e-05,False,0.4719962923967125,False,153.67101288508454,64.0,False,False,0.3939323277179646,0.16553507265581072,0.05089593384985641,2.0911605517550967e-07,0.26405969702469034,0.2354149025466035,0.143181,0,False
66338,2026-04-24 22:00:00+00:00,0.0,plan_b,footfall_plan_b,-0.7106316838439884,False,2.364316669015382,False,0.2906956566462582,False,0.41664170557792385,False,,,False,False,0.7106316838439884,0.2986159275073662,0.26143551199462806,0.003502394260442333,0.15097934603103674,0.0,0.142907,0,False
66333,2026-04-23 08:00:00+00:00,167.43,plan_b,footfall_plan_b,-0.06087471895298187,False,1.1388346384908876,False,0.7528945229739327,False,0.4961483086954157,False,156.69926355141797,26.0,False,False,0.06087471895298187,0.025580284520336338,0.12592721638894191,0.00907111405242357,0.31339830900281823,0.2400540034552093,0.142806,0,False
66340,2026-04-23 03:00:00+00:00,0.88,plan_b,footfall_plan_b,-1.1769333288300188,False,0.7227786958898598,False,0.1267345697587302,False,0.4102103461731845,False,,,False,False,1.1769333288300188,0.49456145228681553,0.07992162001609848,0.0015269386369358355,0.1378411325486554,0.0,0.14277,0,False
66335,2026-04-20 10:00:00+00:00,660.8,plan_b,footfall_plan_b,-0.6087385050501128,False,0.44574303083754213,False,0.1586849531780952,False,0.426004991960653,False,152.51147868815752,15.0,False,False,0.6087385050501128,0.25579919588118816,0.04928826117593639,0.0019118870768194357,0.17010700593172862,0.23363856473998568,0.142149,0,False
66338,2026-04-22 22:00:00+00:00,0.54,plan_b,footfall_plan_b,-0.6317421753291492,False,0.993739300657107,False,20.540086602801622,False,0.3853395579962182,False,,,False,False,0.6317421753291492,0.2654656130880463,0.10988322599132518,0.2474735338553152,0.08703418739437294,0.0,0.141971,0,False
66340,2026-04-21 01:00:00+00:00,98.8,plan_b,footfall_plan_b,-0.29030060917999556,False,1.4397539513779076,False,0.6770088429470482,False,0.4198217478955283,False,169.67422869378612,5.0,False,False,0.29030060917999556,0.12198778584894802,0.15920152167328955,0.00815681910477202,0.15747565143435563,0.25993088262187647,0.141351,0,False
66331,2026-04-22 17:00:00+00:00,201.85,plan_b,footfall_plan_b,-0.2358077711696945,False,0.9158274915615756,False,1.2287001438310192,False,0.4317483868758459,False,202.00261592432264,836.0,False,False,0.2358077711696945,0.09908924398133388,0.10126808827806759,0.014803772375571279,0.1818398206852972,0.3094560597290048,0.141291,0,False
66342,2026-04-24 05:00:00+00:00,106.74,plan_b,footfall_plan_b,-0.11492473467767014,False,2.389971896537187,False,0.24708856623821876,False,0.40985520382811125,False,164.52881258835512,59.0,False,False,0.11492473467767014,0.04829274717062104,0.2642723517591148,0.0029770020859539456,0.13711563492792408,0.25204840948474955,0.140941,0,False
66331,2026-04-22 23:00:00+00:00,13.16,plan_b,footfall_plan_b,-0.748454756562685,False,1.0204824209195247,False,1.3835918369271476,False,0.4300074605392708,False,53.29925884397171,103.0,False,False,0.748454756562685,0.3145096347510074,0.11284036004606697,0.01666995704151633,0.17828339343133773,0.08165131205286447,0.140791,0,False
66332,2026-04-20 04:00:00+00:00,22.05,plan_b,footfall_plan_b,-0.18228657806478749,False,0.6085499680463367,False,0.4867898727991847,False,0.4182270655109878,False,260.66708279718154,4.0,False,False,0.18228657806478749,0.07659899891673104,0.06729072063631993,0.005865000104243089,0.15421797661225714,0.3993265531456782,0.14066,0,False
66338,2026-04-23 05:00:00+00:00,0.0,plan_b,footfall_plan_b,-1.1151424248201862,False,1.0646196630194247,False,0.6905763976287234,False,0.3955173879254519,False,,,False,False,1.1151424248201862,0.46859617585471985,0.11772085792422288,0.008320285343633516,0.10782582629720021,0.0,0.140493,0,False
66338,2026-04-26 09:00:00+00:00,0.0,plan_b,footfall_plan_b,-1.0,False,1.1804029730912327,False,0.051119374727171284,False,0.4160263213212485,False,,,False,False,1.0,0.420211952684232,0.13052365602049557,0.0006159025790320494,0.14972221682567166,0.0,0.140215,0,False
66342,2026-04-21 20:00:00+00:00,0.86,plan_b,footfall_plan_b,-0.8976680534675641,False,1.5174433478098643,False,0.5023386718240964,False,0.37266789879613066,False,57.66600077549006,1.0,False,False,0.8976680534675641,0.3772108456098587,0.167792065993734,0.006052337008722165,0.061148063906382305,0.08834090241186925,0.140109,0,False
66336,2026-04-20 05:00:00+00:00,107.18,plan_b,footfall_plan_b,0.7498946988694363,False,0.8602253382952129,False,0.2824234041461324,False,0.42120857764419783,False,82.3755808721677,3.0,False,False,0.7498946988694363,0.31511471571947997,0.09511985204656101,0.0034027275161516647,0.16030871737812968,0.1261945176202028,0.140028,0,False
66342,2026-04-21 00:00:00+00:00,0.0,plan_b,footfall_plan_b,-0.8938044377910283,False,2.261668728348811,False,0.2235019783508645,False,0.3772502989853851,False,,,False,False,0.8938044377910283,0.37558730812200014,0.250085164016692,0.0026928233300924013,0.07050915666443346,0.0,0.139775,0,False
66340,2026-04-26 22:00:00+00:00,115.88,plan_b,footfall_plan_b,-0.6944979806524013,False,0.0,False,0.9929690708518315,False,0.4223992570189309,False,151.4478293988316,10.0,False,False,0.6944979806524013,0.2918363525852015,0.0,0.011963609001493406,0.16274108024728973,0.23200911694049942,0.13971,0,False
66342,2026-04-25 06:00:00+00:00,106.74,plan_b,footfall_plan_b,-0.2487113005475456,False,1.408319774422752,False,0.7241641946004467,False,0.4095037890030675,False,190.30977346759514,92.0,False,False,0.2487113005475456,0.10451146125771903,0.15572567165112514,0.008724961865779897,0.13639775201985707,0.2915433166829123,0.139381,0,False
66338,2026-04-21 04:00:00+00:00,2.7,plan_b,footfall_plan_b,0.7747343408814056,False,1.9131304903315973,False,0.024220356122501868,False,0.42066211912859713,False,,,False,False,0.7747343408814056,0.3255526301933069,0.2115453719914204,0.00029181459829152824,0.15919239216826245,0.0,0.139316,0,False
66338,2026-04-24 21:00:00+00:00,1.51,plan_b,footfall_plan_b,-0.5284525774736573,False,1.881839495012573,False,7.308680794875814,False,0.42987003537400204,False,,,False,False,0.5284525774736573,0.22206208948122091,0.20808535435111952,0.08805732415372038,0.17800265633587667,0.0,0.139241,0,False
66335,2026-04-23 03:00:00+00:00,622.79,plan_b,footfall_plan_b,1.0958196506652342,False,0.47651240919292287,False,5.470810459479416,False,0.3995954147445719,False,,,False,False,1.0958196506652342,0.4604765151957911,0.05269060075654993,0.06591407444578765,0.1161565669018993,0.0,0.139048,0,False
66333,2026-04-23 06:00:00+00:00,82.48,plan_b,footfall_plan_b,0.5652676624891724,False,1.3541973611415719,False,0.7749637157993373,False,0.45190047858377763,False,48.79137271918094,15.0,False,False,0.5652676624891724,0.23753222824382653,0.14974105841721227,0.009337010747186889,0.2230072421141523,0.07474549713803476,0.138873,0,False
66331,2026-04-21 13:00:00+00:00,237.96,plan_b,footfall_plan_b,-0.1739315725656342,False,1.5775526555106645,False,0.30087739511566247,False,0.43743843016516215,False,162.09009841826614,443.0,False,False,0.1739315725656342,0.07308812574124435,0.17443868310739913,0.0036250671025067085,0.19346364680889083,0.24831244361902158,0.138586,0,False
66332,2026-04-26 23:00:00+00:00,23.81,plan_b,footfall_plan_b,-0.46550732277616474,False,0.0,False,0.1735926929083174,False,0.4089526635174051,False,234.76743422485328,4.0,False,False,0.46550732277616474,0.19561174109258125,0.0,0.0020915002938508656,0.1352718929548392,0.359649823421736,0.138525,0,False
66331,2026-04-20 16:00:00+00:00,236.52,plan_b,footfall_plan_b,0.11147333904238059,False,1.0729417455905903,False,1.0320018317466868,False,0.442912162684853,False,202.00261592432264,502.0,False,False,0.11147333904238059,0.046842429471230185,0.11864107641541184,0.012433888190747741,0.20464558547276906,0.3094560597290048,0.138404,0,False
66333,2026-04-22 17:00:00+00:00,0.63,plan_b,footfall_plan_b,-1.0043466808180541,False,1.0489759374518917,False,5.013049427780454,False,0.35114205984373015,False,48.79137271918094,1.0,False,False,1.0043466808180541,0.42203847991848165,0.11599104505403969,0.06039882310500969,0.017174301946260444,0.07474549713803476,0.13807,0,False
66333,2026-04-20 14:00:00+00:00,1.28,plan_b,footfall_plan_b,-1.0054552989718375,False,1.5575195326669127,False,0.5284827107765477,False,0.34871061013971033,False,48.79137271918094,2.0,False,False,1.0054552989718375,0.4225043345176641,0.17222351041241124,0.006367328753106128,0.012207248595215433,0.07474549713803476,0.13761,0,False
66333,2026-04-21 12:00:00+00:00,2.61,plan_b,footfall_plan_b,-0.9672782127651107,False,0.6827394393390416,False,2.411690494708843,False,0.37143099719510114,False,77.2422477526438,3.0,False,False,0.9672782127651107,0.4064618665749412,0.07549425896356796,0.029056818543767213,0.05862127660243381,0.11833055490281211,0.137593,0,False
66333,2026-04-20 13:00:00+00:00,1.26,plan_b,footfall_plan_b,-0.9713553302828394,False,1.638187992398369,False,0.6722334472514069,False,0.3503991660560875,False,48.79137271918094,1.0,False,False,0.9713553302828394,0.4081751200883891,0.18114346616457117,0.008099283609853677,0.015656691661630504,0.07474549713803476,0.137564,0,False
66332,2026-04-24 23:00:00+00:00,22.49,plan_b,footfall_plan_b,-0.4847921490963395,False,0.9948016115778243,False,0.03521597707723382,False,0.41264791816665347,False,150.28563375501113,1.0,False,False,0.4847921490963395,0.20371545561775817,0.11000069155890115,0.00042429335688789734,0.14282069273390474,0.2302287019546577,0.137438,0,False
66333,2026-04-20 15:00:00+00:00,0.93,plan_b,footfall_plan_b,-0.9119431687188351,False,1.5044894995084073,False,0.3716110222585728,False,0.35782282327357134,False,66.50723456576145,3.0,False,False,0.9119431687188351,0.3832094196643877,0.1663596876632955,0.004477288468947912,0.030822006986948886,0.10188514964530761,0.137351,0,False
66331,2026-04-23 00:00:00+00:00,2.26,plan_b,footfall_plan_b,-0.8012248377385939,False,0.9406484606951021,False,0.3521929954798798,False,0.4609575449523811,False,0.0,29.0,False,False,0.8012248377385939,0.33668425360524146,0.1040126794991449,0.004243333870783519,0.24150934470029006,0.0,0.13729,0,False
66340,2026-04-26 00:00:00+00:00,88.21,plan_b,footfall_plan_b,-0.34669285175329273,False,0.8578578283046819,False,0.30557456862877275,False,0.4191455335604349,False,186.4338667002942,18.0,False,False,0.34669285175329273,0.1456844802169161,0.09485806343142401,0.003681660151547818,0.15609425634582166,0.2856056567640166,0.137185,0,False
66331,2026-04-24 17:00:00+00:00,226.17,plan_b,footfall_plan_b,0.008346923903464467,False,0.9286386147078104,False,0.8592592658168474,False,0.42087769048728635,False,266.29487608786127,220.0,False,False,0.008346923903464467,0.003507477192381496,0.10268468470225003,0.010352630498676412,0.15963276913258803,0.40794799959939904,0.136825,0,False
66340,2026-04-20 02:00:00+00:00,270.37,plan_b,footfall_plan_b,1.1934965427106896,False,0.0,False,0.03496323824035073,False,0.4313669965607013,False,,,False,False,1.1934965427106896,0.5015215127343388,0.0,0.0004212482785337774,0.18106070276245348,0.0,0.136601,0,False
66330,2026-04-26 04:00:00+00:00,14.99,plan_b,footfall_plan_b,-0.2248397018070978,False,3.178981018935155,False,0.8205166090552505,False,0.43607098538565914,False,22.700713993374748,2.0,False,False,0.2248397018070978,0.09448033013730102,0.3515174346982154,0.009885846576819523,0.190670181180887,0.034776151156659274,0.136266,0,False
66333,2026-04-24 04:00:00+00:00,26.02,plan_b,footfall_plan_b,0.14940286123975408,False,1.2931411017188474,False,0.8679313506715753,False,0.45328860387838427,False,154.3860173812903,3.0,False,False,0.14940286123975408,0.06278086805816842,0.14298973163774822,0.010457114551075683,0.22584295464599993,0.23651024714435487,0.135716,0,False
66342,2026-04-24 02:00:00+00:00,7.5,plan_b,footfall_plan_b,-0.696165950958217,False,2.158239588191279,False,0.8836740326387366,False,0.40922177868083065,False,0.3372453797382976,2.0,False,False,0.696165950958217,0.2925372536444277,0.2386484345097646,0.010646787419263217,0.13582165113906156,0.0005166399746759887,0.135634,0,False
66338,2026-04-23 20:00:00+00:00,0.0,plan_b,footfall_plan_b,-0.8416985453032726,False,1.5898454773674013,False,1.2003947083984958,False,0.4081133643168508,False,,,False,False,0.8416985453032726,0.3536917892933657,0.17579796810424056,0.014462739434997185,0.13355734220770654,0.0,0.135502,0,False
66331,2026-04-22 00:00:00+00:00,11.22,plan_b,footfall_plan_b,-0.4328293988194193,False,1.0378342002006333,False,0.9167116024469576,False,0.416183976076214,False,143.33814905146377,78.0,False,False,0.4328293988194193,0.1818800868570504,0.1147590418198852,0.011044834628534329,0.15004427965825456,0.21958556631233145,0.135463,0,False
66333,2026-04-22 07:00:00+00:00,0.44,plan_b,footfall_plan_b,-1.0315673358444648,False,2.017604972118066,False,0.14761761626119346,False,0.3518186146194996,False,,,False,False,1.0315673358444648,0.43347692452047354,0.22309769067789884,0.0017785442613699875,0.018556392499314192,0.0,0.135382,0,False
66330,2026-04-21 02:00:00+00:00,9.71,plan_b,footfall_plan_b,-0.29270960131000306,False,1.2595962433643715,False,0.3458049419458783,False,0.4459352077570948,False,130.16888428546974,11.0,False,False,0.29270960131000306,0.12300007313589942,0.13928049195187236,0.0041663685583636255,0.21082117122789035,0.19941103161452692,0.135336,0,False
66333,2026-04-20 06:00:00+00:00,0.88,plan_b,footfall_plan_b,-1.1530064517879568,False,0.7539431107784235,False,0.7372831682050612,False,0.3502336490486514,False,53.228686747335495,1.0,False,False,1.1530064517879568,0.48450709256333513,0.08336764096125288,0.008883023456330626,0.015318567535484164,0.08154319977495199,0.134724,0,False
66340,2026-04-20 05:00:00+00:00,199.8,plan_b,footfall_plan_b,0.5025686768107516,False,0.41336994636786906,False,0.6719726760061421,False,0.4284486377595426,False,151.4478293988316,9.0,False,False,0.5025686768107516,0.21118536504057664,0.04570859098027731,0.008096141754473927,0.17509897390625628,0.23200911694049942,0.13442,0,False
66340,2026-04-21 05:00:00+00:00,165.4,plan_b,footfall_plan_b,0.1695787272302849,False,1.049118900754274,False,0.28725634242405523,False,0.46461780253027024,False,151.4478293988316,10.0,False,False,0.1695787272302849,0.07125900810314476,0.11600685329353849,0.0034609563025083424,0.24898665119685656,0.23200911694049942,0.134345,0,False
66342,2026-04-21 02:00:00+00:00,0.0,plan_b,footfall_plan_b,-0.7806814150010113,False,2.405020264374096,False,0.28815772732004613,False,0.379023550765659,False,,,False,False,0.7806814150010113,0.32805166182186424,0.2659363326469898,0.0034718164760747113,0.07413161950332933,0.0,0.134318,0,False
66342,2026-04-21 03:00:00+00:00,0.44,plan_b,footfall_plan_b,-0.8573233691210413,False,2.2004737621462707,False,0.4028322639547545,False,0.3727803312390021,False,,,False,False,0.8573233691210413,0.3602575270201774,0.2433184996648657,0.00485345197610913,0.061377744965055894,0.0,0.133961,0,False
66331,2026-04-21 00:00:00+00:00,7.12,plan_b,footfall_plan_b,-0.6014032045748452,False,1.0378342002006333,False,0.2341658170388535,False,0.4252090899513583,False,85.4286014027685,34.0,False,False,0.6014032045748452,0.25271681494495035,0.1147590418198852,0.0028213046698068946,0.16848110853568754,0.13087156449580084,0.13393,0,False
66338,2026-04-24 20:00:00+00:00,0.65,plan_b,footfall_plan_b,-0.7291918361043921,False,1.0690707771389536,False,12.181911495575175,False,0.39021823264187655,False,,,False,False,0.7291918361043921,0.30641512533082704,0.11821304212020461,0.1467715665089493,0.09700052032213728,0.0,0.13368,0,False
66336,2026-04-25 03:00:00+00:00,27.79,plan_b,footfall_plan_b,0.6017343169646499,False,2.1006502314675246,False,0.3778458665447988,False,0.4301748928376792,False,,,False,False,0.6017343169646499,0.2528559523288281,0.23228046225045385,0.004552407867341272,0.178625430183119,0.0,0.133663,0,False
66338,2026-04-24 07:00:00+00:00,0.0,plan_b,footfall_plan_b,-0.5998564160598423,False,1.7266306567758547,False,8.682695562349473,False,0.40105729558110353,False,,,False,False,0.5998564160598423,0.25206683592267143,0.1909230585291279,0.10461189359890061,0.11914294992101677,0.0,0.133349,0,False
66336,2026-04-24 04:00:00+00:00,49.4,plan_b,footfall_plan_b,0.7281150840886562,False,0.7357875188601052,False,0.6910011882010779,False,0.4464852662842288,False,38.48262612558195,3.0,False,False,0.7281150840886562,0.305962661263738,0.08136007719835484,0.008325403356333359,0.21194485067145644,0.05895310708901148,0.133309,0,False
66333,2026-04-21 07:00:00+00:00,0.0,plan_b,footfall_plan_b,-1.0386028260889308,False,1.660512472353287,False,0.12690649921362382,False,0.36413275365679654,False,,,False,False,1.0386028260889308,0.43643332161419146,0.18361200683152773,0.0015290100980060403,0.04371216087458365,0.0,0.133057,0,False
66330,2026-04-20 01:00:00+00:00,6.47,plan_b,footfall_plan_b,-0.7441697184020414,False,0.0,False,0.31960930803232324,False,0.49574143165750456,False,22.700713993374748,12.0,False,False,0.7441697184020414,0.3127090104981969,0.0,0.0038507551813838333,0.3125671258813748,0.034776151156659274,0.132781,0,False
66340,2026-04-26 02:00:00+00:00,79.83,plan_b,footfall_plan_b,-0.42165577241001456,False,0.82359607613664,False,0.13360028057298245,False,0.4340541738013274,False,135.01284573510878,4.0,False,False,0.42165577241001456,0.17718479548499033,0.0910695528493727,0.001609658917063569,0.18655016556969845,0.20683169404914642,0.132649,0,False
66333,2026-04-21 23:00:00+00:00,0.0,plan_b,footfall_plan_b,-1.0029300217852062,False,1.9849837185565025,False,0.4359627703583037,False,0.3509534507978426,False,,,False,False,1.0029300217852062,0.4214431828600008,0.21949057905933314,0.005252618915209774,0.016789004569200086,0.0,0.132595,0,False
66333,2026-04-20 17:00:00+00:00,0.31,plan_b,footfall_plan_b,-1.0053076713800357,False,1.9223022828296972,False,0.4762250765430316,False,0.35312275059012516,False,,,False,False,1.0053076713800357,0.42244229963904306,0.212559547587724,0.00573771205942954,0.021220528603961848,0.0,0.132392,0,False
66333,2026-04-24 06:00:00+00:00,90.42,plan_b,footfall_plan_b,0.7324624721381969,False,1.3959529798603616,False,0.6091991412065451,False,0.43683989135449314,False,,,False,False,0.7324624721381969,0.3077894856851116,0.15435820708492665,0.007339826126898776,0.1922409300895818,0.0,0.132346,0,False
66338,2026-04-24 06:00:00+00:00,5.93,plan_b,footfall_plan_b,0.3335160345770915,False,1.130992619596078,False,8.349602616318474,False,0.48758171781654364,False,,,False,False,0.3335160345770915,0.14014742414114145,0.12506008118167294,0.10059868323369575,0.2958981674775439,0.0,0.132341,0,False
66332,2026-04-24 02:00:00+00:00,0.44,plan_b,footfall_plan_b,-0.8526662313297787,False,1.5595413391119128,False,0.3412315924380721,False,0.40404796800932197,False,,,False,False,0.8526662313297787,0.3583005420549914,0.172447072683079,0.004111267380547857,0.1252524036686725,0.0,0.132022,0,False
66338,2026-04-21 02:00:00+00:00,3.02,plan_b,footfall_plan_b,0.5077193629308353,False,2.4063336600998486,False,0.10247237068761333,False,0.4292204643244005,False,,,False,False,0.5077193629308353,0.2133497449127606,0.2660815620439287,0.0012346199014144636,0.17667568911408668,0.0,0.131468,0,False
66333,2026-04-23 00:00:00+00:00,17.2,plan_b,footfall_plan_b,-0.35430961251042997,False,0.6606646373647899,False,0.37165059442259546,False,0.43708432201475433,False,154.3860173812903,1.0,False,False,0.35430961251042997,0.14888513412780138,0.07305332656565786,0.004477765247038598,0.19274026187840773,0.23651024714435487,0.131133,0,False
66333,2026-04-21 17:00:00+00:00,1.57,plan_b,footfall_plan_b,-1.0015237710422336,False,0.9461454944533527,False,1.408385722440031,False,0.35199954006562856,False,61.21767650176819,2.0,False,False,1.0015237710422336,0.42085225948933264,0.10462051678840213,0.0169686817053666,0.01892599354102954,0.09378185955324081,0.13103,0,False
66332,2026-04-26 01:00:00+00:00,18.08,plan_b,footfall_plan_b,-0.17856367780339763,False,1.6319536231250698,False,0.5123692026082834,False,0.4208255524287411,False,150.28563375501113,3.0,False,False,0.17856367780339763,0.07503459172824377,0.18045409762765377,0.006173188052225979,0.1595262596218274,0.2302287019546577,0.130283,0,False
66333,2026-04-20 04:00:00+00:00,0.44,plan_b,footfall_plan_b,-1.0112078256839065,False,1.8779021934932547,False,0.946150047040659,False,0.3450726671672688,False,,,False,False,1.0112078256839065,0.42492161500021086,0.2076499852433896,0.011399518425914886,0.004775527181318962,0.0,0.129749,0,False
66338,2026-04-22 02:00:00+00:00,1.08,plan_b,footfall_plan_b,-0.6668681921970597,False,1.5495305769288676,False,1.3153984607606757,False,0.4314285327925359,False,,,False,False,0.6668681921970597,0.2802259852261302,0.1713401275893531,0.01584834143142734,0.1811864112013487,0.0,0.12972,0,False
66332,2026-04-20 01:00:00+00:00,12.35,plan_b,footfall_plan_b,-0.398330143489015,False,0.0,False,0.4245531900979139,False,0.42351435379366204,False,203.02950621109332,6.0,False,False,0.398330143489015,0.16738308740850932,0.0,0.005115152642479484,0.16501904024889322,0.3110291949107645,0.129709,0,False
66332,2026-04-24 00:00:00+00:00,7.5,plan_b,footfall_plan_b,-0.6953955362237533,False,1.8939769627977472,False,0.2262266839730612,False,0.41294790934205194,False,,,False,False,0.6953955362237533,0.29221351616448193,0.20942746099289047,0.0027256514550209735,0.14343352555153754,0.0,0.12956,0,False
66331,2026-04-21 04:00:00+00:00,6.58,plan_b,footfall_plan_b,-0.5681909678360844,False,0.7337534343533164,False,0.033322402254962274,False,0.42403219946188836,False,104.86179342257013,31.0,False,False,0.5681909678360844,0.23876063609194467,0.08113515727479226,0.0004014789617030653,0.16607691409980416,0.1606420652533648,0.129403,0,False
66340,2026-04-20 21:00:00+00:00,357.14,plan_b,footfall_plan_b,-0.05501250116508312,False,1.379683521115695,False,0.7203225812462645,False,0.43445883065818197,False,179.5140679618003,13.0,False,False,0.05501250116508312,0.023116910536623167,0.15255920345206783,0.008678676879214378,0.1873768132250211,0.2750049343826079,0.129347,0,False
66340,2026-04-23 02:00:00+00:00,1.32,plan_b,footfall_plan_b,-1.087162271098618,False,0.5164602863117816,False,0.17847945691610123,False,0.4061365667075232,False,,,False,False,1.087162271098618,0.4568385808229747,0.05710785748215456,0.0021503775898189495,0.12951906859114135,0.0,0.129123,0,False
66336,2026-04-26 04:00:00+00:00,33.96,plan_b,footfall_plan_b,-0.24691500249667392,False,1.6059802218684531,False,0.5651209185859999,False,0.41146431942331113,False,141.48172526088226,9.0,False,False,0.24691500249667392,0.10375663534615936,0.17758207564144776,0.006808757600806011,0.14040279443451087,0.21674163486722697,0.129058,0,False
66340,2026-04-21 07:00:00+00:00,244.75,plan_b,footfall_plan_b,-0.12711917918593799,False,0.6787966026500577,False,0.7077671832819662,False,0.45111603350237084,False,186.26450790720713,8.0,False,False,0.12711917918593799,0.053416998509339786,0.07505827780165153,0.00852740542825755,0.22140474934456275,0.2853462091100871,0.128751,0,False
66338,2026-04-25 01:00:00+00:00,2.26,plan_b,footfall_plan_b,0.2999735199655824,False,0.23494427682672667,False,0.5491566117554957,False,0.40877114386902674,False,228.0620443190217,1.0,False,False,0.2999735199655824,0.12605245857829983,0.02597908228933749,0.00661641452537046,0.1349010780552887,0.3493775626903074,0.128585,0,False
66336,2026-04-21 22:00:00+00:00,81.51,plan_b,footfall_plan_b,-0.7360745380421871,False,0.8155740807969896,False,1.1351694296721329,False,0.42426529433862903,False,38.48262612558195,2.0,False,False,0.7360745380421871,0.3093073189518515,0.09018251665564936,0.01367688441231635,0.16655308874027155,0.05895310708901148,0.127735,0,False
66342,2026-04-20 05:00:00+00:00,7.94,plan_b,footfall_plan_b,-0.784528327795418,False,0.726980206695059,False,0.611450828697218,False,0.4077780540192878,False,57.66600077549006,1.0,False,False,0.784528327795418,0.3296681805590079,0.08038620419930169,0.007366955178067364,0.1328723582105477,0.08834090241186925,0.127727,0,False
66332,2026-04-23 22:00:00+00:00,0.44,plan_b,footfall_plan_b,-0.8193227918037596,False,1.572781535825873,False,0.19608977494948032,False,0.40009704719008016,False,,,False,False,0.8193227918037596,0.34428923022255425,0.17391111413411917,0.0023625523347609633,0.11718131979534202,0.0,0.127549,0,False
66332,2026-04-24 01:00:00+00:00,2.21,plan_b,footfall_plan_b,-0.7872362450687987,False,1.8306506676884364,False,0.32749410390304323,False,0.39123466613085256,False,,,False,False,0.7872362450687987,0.33080607976416254,0.202425123868769,0.003945753724261872,0.09907692739697246,0.0,0.127251,0,False
66336,2026-04-20 01:00:00+00:00,33.52,plan_b,footfall_plan_b,-0.7355339048693043,False,0.0,False,0.20020854598124763,False,0.41349339700360194,False,117.62249913004193,2.0,False,False,0.7355339048693043,0.3090801384305885,0.0,0.0024121766056845986,0.14454786746565412,0.180190711638593,0.127246,0,False
66332,2026-04-26 22:00:00+00:00,37.01,plan_b,footfall_plan_b,-0.533863389193524,False,0.0,False,0.20354221803259726,False,0.42960828859416894,False,150.28563375501113,5.0,False,False,0.533863389193524,0.22433577723963286,0.0,0.002452341752950806,0.17746795055202033,0.2302287019546577,0.126897,0,False
66342,2026-04-22 23:00:00+00:00,0.44,plan_b,footfall_plan_b,-0.7540140798948318,False,2.216939187312798,False,1.1170219905467023,False,0.3709842148593087,False,,,False,False,0.7540140798948318,0.3168457288640118,0.2451391723839787,0.013458238260640342,0.057708573495922254,0.0,0.12663,0,False
66333,2026-04-20 03:00:00+00:00,0.44,plan_b,footfall_plan_b,-0.7237512095900716,False,2.7516444014089454,True,0.9694307570610983,False,0.34843158670331464,False,,,False,False,0.7237512095900716,0.3041289090394188,0.3042644719876224,0.011680011867390108,0.011637249432790646,0.0,0.126342,1,False
66342,2026-04-24 22:00:00+00:00,95.61,plan_b,footfall_plan_b,-0.4117819020361549,False,0.4538759442893232,False,0.11426855470671464,False,0.4185413715450384,False,162.96562494435125,99.0,False,False,0.4117819020361549,0.17303567713463977,0.05018756219603192,0.0013767440998984379,0.15486005234061936,0.24965369847213706,0.125823,0,False
66333,2026-04-22 04:00:00+00:00,0.0,plan_b,footfall_plan_b,-1.0311714184222338,False,1.4918062531370033,False,0.6280235282284947,False,0.35393509301601184,False,,,False,False,1.0311714184222338,0.4333105552873761,0.16495723127819423,0.007566628363377496,0.022880011077329756,0.0,0.125743,0,False
66338,2026-04-22 18:00:00+00:00,1.08,plan_b,footfall_plan_b,0.7037519736700606,False,0.6672736520459113,False,11.289766181003156,False,0.40290216106541804,False,,,False,False,0.7037519736700606,0.29572499106127836,0.07378412170811166,0.1360227143751182,0.1229117078233258,0.0,0.125689,0,False
66333,2026-04-26 22:00:00+00:00,53.75,plan_b,footfall_plan_b,-0.49243461675793015,False,0.0,False,0.6908205693135109,False,0.43869770893328786,False,139.3226840021076,6.0,False,False,0.49243461675793015,0.20692691187716128,0.0,0.008323227202198686,0.19603614699870667,0.21343411135979348,0.124944,0,False
66333,2026-04-22 10:00:00+00:00,3.02,plan_b,footfall_plan_b,-0.9560821544080927,False,1.1971064057094463,False,5.168757723560938,False,0.35461228967275144,False,,,False,False,0.9560821544080927,0.4017571490303721,0.13237064653400787,0.06227484646131477,0.024263412888033006,0.0,0.124133,0,False
66340,2026-04-25 03:00:00+00:00,124.38,plan_b,footfall_plan_b,-0.018518556567573285,False,1.045231376245699,False,0.19135372398610997,False,0.41893987672263083,False,221.2343187510366,4.0,False,False,0.018518556567573285,0.007781718816153379,0.11557698830395813,0.002305490877762809,0.1556741331231652,0.33891789096025804,0.124051,0,False
66330,2026-04-21 00:00:00+00:00,11.43,plan_b,footfall_plan_b,-0.817549310369778,False,0.4990225630537785,False,0.1843101440768752,False,0.4329151850158006,False,22.700713993374748,8.0,False,False,0.817549310369778,0.3435439921261316,0.05517967240960452,0.002220627573881078,0.18422339810475757,0.034776151156659274,0.123989,0,False
66333,2026-04-21 04:00:00+00:00,0.44,plan_b,footfall_plan_b,-1.0112078256839065,False,1.0065437077380632,False,0.0730419353724952,False,0.3459474739030252,False,48.79137271918094,1.0,False,False,1.0112078256839065,0.42492161500021086,0.11129907978319119,0.0008800326023843257,0.006562614004941858,0.07474549713803476,0.123682,0,False
66330,2026-04-26 23:00:00+00:00,39.58,plan_b,footfall_plan_b,-0.220036829252365,False,0.0,False,0.9247283581827874,False,0.4659553278865277,False,171.47732100943097,14.0,False,False,0.220036829252365,0.09246210568258324,0.0,0.011141423066079187,0.25171899634548245,0.26269311340177953,0.123603,0,False
66331,2026-04-25 23:00:00+00:00,28.04,plan_b,footfall_plan_b,0.11641153413588683,False,0.5380429243502471,False,0.9191319447283796,False,0.43507331370754054,False,202.00261592432264,95.0,False,False,0.11641153413588683,0.04891751807420813,0.05949436860383555,0.011073995686571992,0.18863210141150127,0.3094560597290048,0.123515,0,False
66333,2026-04-21 10:00:00+00:00,3.02,plan_b,footfall_plan_b,-0.9560821544080927,False,0.8115358534263919,False,1.5409322852146983,False,0.35495530767591243,False,53.228686747335495,1.0,False,False,0.9560821544080927,0.4017571490303721,0.08973598762084685,0.018565645093327598,0.024964142464817096,0.08154319977495199,0.123313,0,False
66336,2026-04-20 22:00:00+00:00,107.95,plan_b,footfall_plan_b,-0.2453228251428787,False,0.38677910101060087,False,0.6727083307944193,False,0.41776312346541133,False,201.74792162113937,3.0,False,False,0.2453228251428787,0.10308758339130147,0.042768294800221845,0.008105005158687993,0.15327021903028393,0.3090658831209551,0.123259,0,False
66335,2026-04-20 09:00:00+00:00,501.93,plan_b,footfall_plan_b,-0.3943060030328172,False,0.5317679286013715,False,0.1671083186355058,False,0.4189838036626236,False,152.31926126768684,11.0,False,False,0.3943060030328172,0.16569209548953484,0.05880050777382473,0.002013374478358233,0.15576386866411904,0.23334409902092582,0.123123,0,False
66331,2026-04-24 00:00:00+00:00,13.16,plan_b,footfall_plan_b,-0.3530652078034373,False,1.2873066520638543,False,0.5787195445620603,False,0.4179222255218622,False,106.99405734693545,23.0,False,False,0.3530652078034373,0.14836222039594654,0.14234458441497996,0.0069725981965615,0.15359523846266038,0.1639085674682846,0.123037,0,False
66338,2026-04-25 02:00:00+00:00,0.54,plan_b,footfall_plan_b,-0.9938152436244121,False,0.8747247957987826,False,1.0214718724972425,False,0.3860781920187891,False,,,False,False,0.9938152436244121,0.41761304413076994,0.09672313689658439,0.012307019873334853,0.08854309567692599,0.0,0.123037,0,False
66338,2026-04-21 03:00:00+00:00,1.51,plan_b,footfall_plan_b,-0.28528315387494424,False,2.835757191628504,False,0.020442089589801673,False,0.4315511210706144,False,,,False,False,0.28528315387494424,0.11987939115770654,0.3135652863262976,0.0002462928344949213,0.1814368389673115,0.0,0.123026,0,False
66340,2026-04-20 22:00:00+00:00,146.28,plan_b,footfall_plan_b,-0.5219579417955558,False,1.0968413855812529,False,0.8290116210561482,False,0.41433550183451245,False,77.08635069374797,3.0,False,False,0.5219579417955558,0.2193329659409532,0.12128379120033456,0.009988197198832904,0.14626814965590057,0.11809172982944119,0.122993,0,False
66338,2026-04-25 19:00:00+00:00,0.43,plan_b,footfall_plan_b,-0.7297155487344876,False,1.1093804719954714,False,5.75612555694036,False,0.39948647405205007,False,,,False,False,0.7297155487344876,0.3066351956377649,0.1226703070252267,0.06935164200800537,0.11593401891706495,0.0,0.122918,0,False
66340,2026-04-21 23:00:00+00:00,193.16,plan_b,footfall_plan_b,0.2564081617982447,False,1.2935028090851035,False,0.12227981137398768,False,0.43220079109076753,False,114.59543338147522,9.0,False,False,0.2564081617982447,0.10774577435341491,0.14302972761279195,0.0014732662829062542,0.182764008369722,0.17555342595392134,0.122113,0,False
66330,2026-04-23 00:00:00+00:00,14.99,plan_b,footfall_plan_b,-0.6585317579625436,False,0.9598533064151646,False,1.3031483105250747,False,0.42872149997924586,False,22.700713993374748,1.0,False,False,0.6585317579625436,0.2767229159180205,0.1061362650320817,0.015700747702750012,0.1756563867124969,0.034776151156659274,0.121798,0,False
66335,2026-04-25 04:00:00+00:00,329.04,plan_b,footfall_plan_b,-0.24426989430240048,False,1.6801885151291913,False,4.385751529666085,False,0.42132646862959344,False,69.67609481700799,1.0,False,False,0.24426989430240048,0.10264512926678267,0.1857876952173348,0.05284093736536534,0.16054954934479512,0.10673965612135242,0.121713,0,False
66333,2026-04-20 19:00:00+00:00,0.83,plan_b,footfall_plan_b,-0.7775611663160095,False,2.444418886807784,True,0.03268354351066394,False,0.3476341849062493,False,,,False,False,0.7775611663160095,0.32674049602907923,0.27029285525786484,0.0003937817871904557,0.01000828821607514,0.0,0.121487,1,False
66338,2026-04-23 22:00:00+00:00,0.0,plan_b,footfall_plan_b,-0.7106316838439884,False,1.5626294429145402,False,1.4520716733938226,False,0.3990735758580746,False,,,False,False,0.7106316838439884,0.2986159275073662,0.1727885413236011,0.017495024016936516,0.11509053556035166,0.0,0.120798,0,False
66336,2026-04-25 06:00:00+00:00,170.69,plan_b,footfall_plan_b,-0.03893741510765464,False,1.3218374429176176,False,1.1491593716564052,False,0.4786438095096138,False,97.73397957124635,7.0,False,False,0.03893741510765464,0.01636196723486407,0.14616284408583555,0.013845439708514881,0.2776394852872966,0.14972267602258954,0.120746,0,False
66333,2026-04-22 06:00:00+00:00,3.09,plan_b,footfall_plan_b,-1.1064698611929513,False,0.8441014601562061,False,0.1578737396603574,False,0.3638625179448411,False,,,False,False,1.1064698611929513,0.4649518609581412,0.0933369460628352,0.0019021133168627277,0.04316011359331716,0.0,0.12067,0,False
66338,2026-04-24 23:00:00+00:00,0.65,plan_b,footfall_plan_b,-0.887914409890917,False,1.1497434275567675,False,0.905651101967986,False,0.38782612670645805,False,,,False,False,0.887914409890917,0.37311224799672976,0.12713346125962896,0.010911574180675936,0.09211383984384831,0.0,0.120654,0,False
66332,2026-04-25 03:00:00+00:00,33.08,plan_b,footfall_plan_b,0.7605295161535126,False,1.0394072219990114,False,0.687785338436918,False,0.4211774551976282,False,,,False,False,0.7605295161535126,0.3195835930568617,0.1149329795011726,0.00828665776967279,0.1602451393192166,0.0,0.12061,0,False
66333,2026-04-22 21:00:00+00:00,0.88,plan_b,footfall_plan_b,-0.9043418180972671,False,1.0635502454341328,False,2.025897023010502,False,0.3448236266882642,False,48.79137271918094,1.0,False,False,0.9043418180972671,0.38001524127666114,0.11760260653361568,0.024408655387216715,0.004266778288121404,0.07474549713803476,0.120208,0,False
66331,2026-04-20 08:00:00+00:00,84.97,plan_b,footfall_plan_b,-0.052979449426027996,False,0.7323992733410539,False,0.08940121171037525,False,0.43378858258654046,False,202.00261592432264,242.0,False,False,0.052979449426027996,0.02226259789544674,0.08098542023567075,0.0010771343967895454,0.18600760623514404,0.3094560597290048,0.119958,0,False
66333,2026-04-21 16:00:00+00:00,2.31,plan_b,footfall_plan_b,-0.9446553650070678,False,0.8007054552058206,False,1.2638612508929965,False,0.35447617266996795,False,48.79137271918094,1.0,False,False,0.9446553650070678,0.3969554755432559,0.0885384108575447,0.015227404640963274,0.0239853481541863,0.07474549713803476,0.11989,0,False
66338,2026-04-25 04:00:00+00:00,0.65,plan_b,footfall_plan_b,-0.9097259305804384,False,0.8487568780544837,False,0.6584051213244672,False,0.39909167490304487,False,,,False,False,0.9097259305804384,0.3822777096966861,0.09385172125252754,0.007932675515612435,0.11512750894368817,0.0,0.119838,0,False
66340,2026-04-21 02:00:00+00:00,61.75,plan_b,footfall_plan_b,-0.574914688424407,False,1.5917279364282833,False,0.8334276378968851,False,0.4260064576798419,False,,,False,False,0.574914688424407,0.24158602384966688,0.17600612196740117,0.010041402782347468,0.17011000015587271,0.0,0.119549,0,False
66332,2026-04-21 21:00:00+00:00,35.1,plan_b,footfall_plan_b,-0.6756142158558053,False,0.5545288615177584,False,1.6334889903727203,False,0.4235893247829102,False,39.428349997961945,1.0,False,False,0.6756142158558053,0.28390116890599415,0.061317309447836144,0.019680797884569282,0.16517219369589267,0.06040190012468192,0.118095,0,False
66333,2026-04-21 20:00:00+00:00,1.3,plan_b,footfall_plan_b,-0.89707207668229,False,1.7445693471031438,False,0.3385392557734705,False,0.35002755971299393,False,,,False,False,0.89707207668229,0.37696040904116423,0.19290663828884805,0.004078829247174733,0.014897560790578156,0.0,0.117769,0,False
66333,2026-04-21 05:00:00+00:00,0.0,plan_b,footfall_plan_b,-1.1342543612153548,False,0.8018834324108904,False,0.009218335833418578,False,0.35387309713817094,False,,,False,False,1.1342543612153548,0.4766272399669105,0.08866866628303882,0.00011106545892800735,0.022753363656956845,0.0,0.117632,0,False
66332,2026-04-26 02:00:00+00:00,17.64,plan_b,footfall_plan_b,-0.04188583129735602,False,1.6485154365468722,False,0.3583421720562578,False,0.4177690704741267,False,150.28563375501113,4.0,False,False,0.04188583129735602,0.017600926959264292,0.18228542852686513,0.004317421117204818,0.15328236779466903,0.2302287019546577,0.117543,0,False
66330,2026-04-25 05:00:00+00:00,41.41,plan_b,footfall_plan_b,0.2997827558422811,False,0.6106291720141691,False,0.07998100646662606,False,0.454985353288655,False,106.59851768794343,26.0,False,False,0.2997827558422811,0.1259722972135453,0.06752062966711736,0.0009636367506308869,0.22930913567793146,0.16330262410572896,0.117414,0,False
66330,2026-04-20 04:00:00+00:00,11.32,plan_b,footfall_plan_b,-0.7033924722647896,False,0.30638646387162294,False,0.41405433458080304,False,0.4259292767574196,False,52.86238353595823,14.0,False,False,0.7033924722647896,0.29557392427377677,0.033878838270788435,0.004988659072783366,0.16995233217749722,0.08098204492089131,0.117075,0,False
66331,2026-04-25 02:00:00+00:00,9.17,plan_b,footfall_plan_b,0.0006058034306152296,False,0.8084608325480197,False,0.10700100099736264,False,0.4549813299619202,False,170.20124984552956,5.0,False,False,0.0006058034306152296,0.00025456584252163227,0.08939596563129408,0.0012891822880270443,0.22930091668063635,0.2607382478545795,0.116196,0,False
66332,2026-04-21 05:00:00+00:00,20.29,plan_b,footfall_plan_b,-0.7340692182729147,False,1.0146459429894283,False,0.6491167986135092,False,0.4170653128393121,False,,,False,False,0.7340692182729147,0.30846465961584923,0.11219498854575288,0.007820766832396084,0.15184470625778823,0.0,0.116065,0,False
66340,2026-04-26 23:00:00+00:00,136.71,plan_b,footfall_plan_b,-0.27417251025127604,False,0.0,False,0.6003422807345966,False,0.41249404834898273,False,205.55485824501525,4.0,False,False,0.27417251025127604,0.11521056590502632,0.0,0.007233115838756292,0.1425063619080511,0.3148978848595069,0.11597,0,False
66331,2026-04-25 05:00:00+00:00,15.42,plan_b,footfall_plan_b,-0.303029210286161,False,0.5889200083461869,False,0.40487830766943944,False,0.44547586804923395,False,112.46261249524161,113.0,False,False,0.303029210286161,0.12733649617470846,0.06512012790993198,0.0048781033652822645,0.20988281546777482,0.172286070506362,0.115901,0,False
66333,2026-04-23 04:00:00+00:00,31.32,plan_b,footfall_plan_b,0.3898734101332413,False,0.5507242700259533,False,0.5701971147263137,False,0.4762057355795996,False,48.79137271918094,4.0,False,False,0.3898734101332413,0.16382946697174977,0.06089661481854831,0.006869917235703306,0.2726588997279278,0.07474549713803476,0.1158,0,False
66333,2026-04-21 22:00:00+00:00,0.0,plan_b,footfall_plan_b,-0.9718842714395656,False,1.3731961825897587,False,0.04149735410266696,False,0.3509534507978426,False,,,False,False,0.9718842714395656,0.40839738748471205,0.15184186271204042,0.0004999733966083482,0.016789004569200086,0.0,0.115506,0,False
66338,2026-04-25 03:00:00+00:00,0.43,plan_b,footfall_plan_b,-0.8911091772722981,False,0.7833081463818605,False,0.43521675309462715,False,0.3966542406318042,False,,,False,False,0.8911091772722981,0.3744547274364318,0.08661469463148824,0.005243630660577297,0.11014823010238536,0.0,0.115292,0,False
66333,2026-04-22 05:00:00+00:00,0.0,plan_b,footfall_plan_b,-1.1342543612153548,False,0.7737739367856066,False,0.11210207313945325,False,0.3485967882648525,False,,,False,False,1.1342543612153548,0.4766272399669105,0.08556044458117718,0.0013506416369512052,0.011974729154652862,0.0,0.115103,0,False
66332,2026-04-23 00:00:00+00:00,0.0,plan_b,footfall_plan_b,-0.903645297513737,False,0.7700164119562147,False,0.45435091893780094,False,0.3923231282807857,False,,,False,False,0.903645297513737,0.3797225550021712,0.08514495437190091,0.005474165211387712,0.10130047722421041,0.0,0.114328,0,False
66333,2026-04-22 01:00:00+00:00,0.88,plan_b,footfall_plan_b,-0.8303738168309265,False,1.8586437193972345,False,0.7045338382384855,False,0.3467174914863671,False,,,False,False,0.8303738168309265,0.3489330030283824,0.20552046972564592,0.008488449052875248,0.008135633759937673,0.0,0.114216,0,False
66340,2026-04-20 06:00:00+00:00,242.58,plan_b,footfall_plan_b,-0.008079051890918128,False,1.3036157587129706,False,0.9506268049674345,False,0.42898628471846273,False,151.4478293988316,20.0,False,False,0.008079051890918128,0.0033949141709199433,0.14414797213493474,0.011453455837464202,0.17619729854960312,0.23200911694049942,0.113441,0,False
66338,2026-04-25 00:00:00+00:00,1.51,plan_b,footfall_plan_b,-0.7887309877836759,False,0.9867919229169578,False,0.3653213451887527,False,0.40171540540981504,False,,,False,False,0.7887309877836759,0.3314341885191416,0.1091150161824114,0.004401508427637628,0.12048736046944508,0.0,0.113088,0,False
66330,2026-04-25 07:00:00+00:00,94.26,plan_b,footfall_plan_b,-0.04567534059560379,False,0.30638646387162294,False,1.352813529966778,False,0.47025675588831317,False,153.67101288508454,43.0,False,False,0.04567534059560379,0.019193324061196042,0.033878838270788435,0.01629913015374034,0.2605061089619699,0.2354149025466035,0.113058,0,False
66333,2026-04-21 18:00:00+00:00,0.37,plan_b,footfall_plan_b,-1.0425277259877266,False,0.8088128039529393,False,1.2365386112833765,False,0.3537809946004177,False,,,False,False,1.0425277259877266,0.4380826114647546,0.08943488504748673,0.01489821273884512,0.02256521326337445,0.0,0.112996,0,False
66330,2026-04-21 01:00:00+00:00,10.46,plan_b,footfall_plan_b,-0.5001610281582162,False,1.2280374004411294,False,0.4736350080939355,False,0.42995452030848136,False,22.700713993374748,10.0,False,False,0.5001610281582162,0.21017364229891716,0.13579085692720716,0.0057065060862308906,0.17817524521411857,0.034776151156659274,0.112924,0,False
66335,2026-04-20 22:00:00+00:00,389.94,plan_b,footfall_plan_b,-0.2927221237632429,False,2.380988389277803,False,0.5614975562450586,False,0.42668223510341113,False,,,False,False,0.2927221237632429,0.12300533522042774,0.2632789958983525,0.006765102172263236,0.17149050270575097,0.0,0.112908,0,False
66333,2026-04-23 07:00:00+00:00,69.24,plan_b,footfall_plan_b,0.06852750238116473,False,1.3555926211440912,False,0.439523430730294,False,0.45300696236300614,False,100.64980698844555,9.0,False,False,0.06852750238116473,0.02879607558816259,0.14989533999797708,0.00529551889037321,0.22526760717718758,0.15418955116302982,0.112689,0,False
66342,2026-04-22 03:00:00+00:00,0.44,plan_b,footfall_plan_b,-0.8573233691210413,False,1.267477859446928,False,0.7169335174351432,False,0.36933860978041233,False,,,False,False,0.8573233691210413,0.3602575270201774,0.14015200563821217,0.008637844354307452,0.054346871952963935,0.0,0.112679,0,False
66332,2026-04-23 02:00:00+00:00,0.0,plan_b,footfall_plan_b,-0.8734071252840965,False,0.8161179823385424,False,0.01399161520961005,False,0.3943782262449282,False,,,False,False,0.8734071252840965,0.36701611360395187,0.09024265884381477,0.00016857545575263986,0.10549870563610955,0.0,0.112585,0,False
66333,2026-04-22 00:00:00+00:00,0.44,plan_b,footfall_plan_b,-0.7960012896937648,False,1.9247909622371109,False,0.6466874395231013,False,0.3464605368990554,False,,,False,False,0.7960012896937648,0.334489256281384,0.2128347345724432,0.007791497136959416,0.007610717640199404,0.0,0.112545,0,False
66338,2026-04-24 04:00:00+00:00,1.08,plan_b,footfall_plan_b,-0.5564001175421005,False,1.9882142035615118,False,0.5582583897282354,False,0.39282897834732144,False,,,False,False,0.5564001175421005,0.23380597986610227,0.21984779157335196,0.0067260756579079015,0.10233384602635293,0.0,0.112543,0,False
66333,2026-04-20 22:00:00+00:00,0.88,plan_b,footfall_plan_b,-0.96403467709315,False,1.3024683937441086,False,0.10183478311925873,False,0.3477914265133584,False,,,False,False,0.96403467709315,0.40509889411662564,0.14402110167294874,0.0012269380424362543,0.01032950705528197,0.0,0.112135,0,False
66336,2026-04-21 00:00:00+00:00,48.52,plan_b,footfall_plan_b,-0.37426591559737404,False,0.43476995967588544,False,0.4318090803705453,False,0.41651014851214563,False,130.07884709540747,2.0,False,False,0.37426591559737404,0.1572710112163245,0.048074908279982786,0.005202573929534309,0.1507105965013438,0.19927309996478937,0.112106,0,False
66333,2026-04-20 20:00:00+00:00,2.59,plan_b,footfall_plan_b,-0.8930113195025459,False,1.436760118947728,False,0.16931945370516488,False,0.354610758848061,False,,,False,False,0.8930113195025459,0.3752540303372874,0.15887047713747612,0.0020400149409863367,0.02426028566401681,0.0,0.112085,0,False
66338,2026-04-25 07:00:00+00:00,0.0,plan_b,footfall_plan_b,-0.5998564160598423,False,1.324756494974909,False,0.8583862945137894,False,0.41664170557792385,False,,,False,False,0.5998564160598423,0.25206683592267143,0.1464856197440788,0.010342112661166782,0.15097934603103674,0.0,0.111975,0,False
66333,2026-04-24 01:00:00+00:00,10.59,plan_b,footfall_plan_b,-0.4424398809590584,False,0.959038136641314,False,0.9902038785001612,False,0.43131786645469566,False,48.79137271918094,1.0,False,False,0.4424398809590584,0.1859185263231851,0.10604612722187122,0.011930293079497039,0.18096033800587671,0.07474549713803476,0.11192,0,False
66332,2026-04-21 01:00:00+00:00,0.88,plan_b,footfall_plan_b,-0.8382466114495791,False,0.9117507642465679,False,0.027235576851190397,False,0.39418206372385617,False,,,False,False,0.8382466114495791,0.35224124542816837,0.1008173020924314,0.0003281429421545269,0.105097977746888,0.0,0.111697,0,False
66332,2026-04-23 01:00:00+00:00,0.0,plan_b,footfall_plan_b,-0.8719978313105465,False,0.7966219220800934,False,0.20419042746865695,False,0.3923231282807857,False,,,False,False,0.8719978313105465,0.3664239114314203,0.08808687211594453,0.0024601515875889023,0.10130047722421041,0.0,0.111654,0,False
66342,2026-04-25 05:00:00+00:00,82.48,plan_b,footfall_plan_b,-0.2793435926638701,False,1.3189252255111101,False,0.66774679374248,False,0.4160865981028499,False,89.0242978623123,41.0,False,False,0.2793435926638701,0.11738351654311356,0.14584082417256097,0.008045226973165153,0.14984535241410213,0.1363799587968371,0.111499,0,False
66333,2026-04-21 06:00:00+00:00,1.32,plan_b,footfall_plan_b,-1.14374124823058,False,0.5484207273120706,False,0.056480483756618224,False,0.34990948140382294,False,,,False,False,1.14374124823058,0.4806137432844729,0.06064189941739343,0.0006804949355569684,0.014656346152132686,0.0,0.111318,0,False
66333,2026-04-20 05:00:00+00:00,0.44,plan_b,footfall_plan_b,-1.1244148923164863,False,0.6827394393390416,False,0.6826073147518166,False,0.34273497249581664,False,,,False,False,1.1244148923164863,0.47249257752754115,0.07549425896356796,0.008224271283942793,0.0,0.0,0.111242,0,False
66333,2026-04-20 09:00:00+00:00,2.19,plan_b,footfall_plan_b,-0.902153674070694,False,1.4061943135325734,False,0.33895562658708794,False,0.3513040022325968,False,,,False,False,0.902153674070694,0.37909575700250053,0.15549064773773377,0.004083845815927956,0.0175051237123724,0.0,0.111235,0,False
66342,2026-04-22 04:00:00+00:00,3.09,plan_b,footfall_plan_b,-0.8417575595320369,False,0.9625090726692422,False,0.5819537860541952,False,0.38601112172802415,False,,,False,False,0.8417575595320369,0.3537165877776709,0.10642992772941487,0.007011565372643949,0.08840608206239432,0.0,0.111113,0,False
66330,2026-04-26 22:00:00+00:00,74.95,plan_b,footfall_plan_b,-0.40196910132369523,False,0.0,False,0.04976447564502439,False,0.4689844632766811,False,83.01943152241927,16.0,False,False,0.40196910132369523,0.16891222098595587,0.0,0.0005995783214785063,0.2579070236221954,0.12718085873449536,0.11092,0,False
66330,2026-04-22 03:00:00+00:00,12.72,plan_b,footfall_plan_b,-0.23892510133498393,False,1.1881695549418052,False,0.7978543117545482,False,0.4300241170965357,False,86.94769014874738,7.0,False,False,0.23892510133498393,0.10039918337725161,0.1313824497384277,0.009612803969612619,0.17831742004864456,0.13319871860496055,0.110582,0,False
66333,2026-04-21 21:00:00+00:00,0.0,plan_b,footfall_plan_b,-0.9088784036533757,False,1.2938829555056583,False,0.0914914979745745,False,0.35387309713817094,False,,,False,False,0.9088784036533757,0.3819215687517126,0.1430717624955947,0.001102318834351754,0.022753363656956845,0.0,0.10977,0,False
66342,2026-04-20 22:00:00+00:00,0.44,plan_b,footfall_plan_b,-0.7324573109593845,False,0.6895084390642728,False,0.40061308897263076,False,0.37704898956962435,False,57.66600077549006,1.0,False,False,0.7324573109593845,0.3077873168960847,0.07624274453322488,0.0048267146460438054,0.07009791451268416,0.08834090241186925,0.109459,0,False
66336,2026-04-22 05:00:00+00:00,87.77,plan_b,footfall_plan_b,0.15762478818298406,False,0.9702524244706862,False,0.1443219926972951,False,0.4371444326746674,False,116.79916626640515,5.0,False,False,0.15762478818298406,0.06623582003381019,0.10728615277291045,0.0017388375344517312,0.19286305810744803,0.17892941438924503,0.109411,0,False
66333,2026-04-20 23:00:00+00:00,0.44,plan_b,footfall_plan_b,-0.9918989734436057,False,1.0541508284819274,False,0.6767278389611289,False,0.3450726671672688,False,,,False,False,0.9918989734436057,0.41680780449622273,0.1165632612481239,0.008153433478860715,0.004775527181318962,0.0,0.10926,0,False
66342,2026-04-22 02:00:00+00:00,1.32,plan_b,footfall_plan_b,-0.7658066933294795,False,1.4506277190543244,False,0.6504683640358905,False,0.3686268085563804,False,,,False,False,0.7658066933294795,0.3218011259826354,0.1604038940361163,0.007837050924950384,0.05289277868125838,0.0,0.108587,0,False
66333,2026-04-21 03:00:00+00:00,0.0,plan_b,footfall_plan_b,-0.743236819079035,False,1.869082261616422,False,0.04706223199509771,False,0.35393509301601184,False,,,False,False,0.743236819079035,0.3123169950520186,0.20667471681332023,0.0005670208255770904,0.022880011077329756,0.0,0.108488,0,False
66338,2026-04-22 20:00:00+00:00,0.54,plan_b,footfall_plan_b,-0.7482314330457411,False,1.191361894981312,False,0.6491301851884917,False,0.38580450364177576,False,,,False,False,0.7482314330457411,0.3144157915398721,0.13173544435358514,0.007820928118133638,0.08798399516666712,0.0,0.108391,0,False
66342,2026-04-20 23:00:00+00:00,0.44,plan_b,footfall_plan_b,-0.7540140798948318,False,1.5013998659412173,False,0.5387824083567603,False,0.3675723564133277,False,,,False,False,0.7540140798948318,0.3168457288640118,0.16601804986828284,0.006491422804270867,0.050738705725520236,0.0,0.108019,0,False
66333,2026-04-20 08:00:00+00:00,0.44,plan_b,footfall_plan_b,-0.921105439766681,False,1.2441926411760948,False,0.10934950590521433,False,0.3495505240884268,False,,,False,False,0.921105439766681,0.3870595154724253,0.13757723084585025,0.001317477826408238,0.013923055172116585,0.0,0.107975,0,False
66333,2026-04-22 02:00:00+00:00,0.0,plan_b,footfall_plan_b,-0.8519398980833252,False,1.4171558208577388,False,0.7498118764918881,False,0.3485870182614305,False,,,False,False,0.8519398980833252,0.3579953281431997,0.1567027219566162,0.009033973341515653,0.011954770638481722,0.0,0.107137,0,False
66332,2026-04-23 21:00:00+00:00,0.44,plan_b,footfall_plan_b,-0.8006008882037904,False,0.9084833342940988,False,0.32675200172116764,False,0.38902116727307046,False,,,False,False,0.8006008882037904,0.3364220625528453,0.10045600437215348,0.003936812639787309,0.09455511191343438,0.0,0.107074,0,False
66338,2026-04-25 21:00:00+00:00,0.32,plan_b,footfall_plan_b,-0.762353213518055,False,0.8046110782884126,False,0.32081575628588965,False,0.4013583843663844,False,,,False,False,0.762353213518055,0.32034993248752114,0.08897027710610468,0.0038652908558674515,0.11975802497579532,0.0,0.106589,0,False
66331,2026-04-20 00:00:00+00:00,12.72,plan_b,footfall_plan_b,-0.37115605525036105,False,0.0,False,0.0696258175960163,False,0.41920450137052506,False,143.33814905146377,19.0,False,False,0.37115605525036105,0.1559642107273309,0.0,0.0008388741226486129,0.1562147179199303,0.21958556631233145,0.106521,0,False
66332,2026-04-23 04:00:00+00:00,0.0,plan_b,footfall_plan_b,-0.9144211948823768,False,0.3684221882711722,False,0.029220351133213942,False,0.3926806294215451,False,,,False,False,0.9144211948823768,0.38425071587737225,0.0407384698856634,0.00035205613760378644,0.10203079347803856,0.0,0.105474,0,False
66333,2026-04-24 03:00:00+00:00,6.62,plan_b,footfall_plan_b,-0.45006696722235745,False,1.2508558071712619,False,1.0384231359456622,False,0.43433090870042446,False,,,False,False,0.45006696722235745,0.18912351913517705,0.1383140137972546,0.012511254117815626,0.18711548962540014,0.0,0.105413,0,False
66333,2026-04-20 21:00:00+00:00,0.88,plan_b,footfall_plan_b,-0.9043418180972671,False,1.2838060840924739,False,0.1500793777216036,False,0.3438397257651775,False,,,False,False,0.9043418180972671,0.38001524127666114,0.14195750734029564,0.0018082043509254726,0.002256829914920655,0.0,0.105208,0,False
66330,2026-04-20 02:00:00+00:00,6.79,plan_b,footfall_plan_b,-0.6338147467362556,False,0.0,False,0.5002062243253089,False,0.44763924458455384,False,22.700713993374748,7.0,False,False,0.6338147467362556,0.26633653236610394,0.0,0.006026644599118893,0.2143022392590906,0.034776151156659274,0.104288,0,False
66330,2026-04-22 04:00:00+00:00,15.74,plan_b,footfall_plan_b,-0.12704281411138424,False,0.7038114390322932,False,0.9530073709042592,False,0.43549618446405197,False,120.80560184320824,10.0,False,False,0.12704281411138424,0.05338490899224468,0.07782430599184953,0.011482137657378304,0.18949595707946615,0.18506703672389868,0.103451,0,False
66333,2026-04-22 23:00:00+00:00,0.0,plan_b,footfall_plan_b,-1.0029300217852062,False,0.792339129164217,False,0.03505413253208469,False,0.3459209948426598,False,,,False,False,1.0029300217852062,0.4214431828600008,0.08761330012222535,0.0004223434020363049,0.006508521623222813,0.0,0.103197,0,False
66338,2026-04-24 05:00:00+00:00,5.39,plan_b,footfall_plan_b,0.1980387140208132,False,0.823611978799276,False,7.158563149384983,False,0.4670852324561142,False,,,False,False,0.1980387140208132,0.0832182347257601,0.09107131129434023,0.08624865874046997,0.25402720624571073,0.0,0.102913,0,False
66333,2026-04-22 20:00:00+00:00,0.86,plan_b,footfall_plan_b,-0.898457141146699,False,0.8899490050895551,False,2.5903214885933736,False,0.34613914767018417,False,,,False,False,0.898457141146699,0.37754242968434704,0.09840656154219415,0.031209021899456197,0.006954172105403609,0.0,0.102822,0,False
66336,2026-04-22 23:00:00+00:00,44.98,plan_b,footfall_plan_b,-0.7166619562861007,False,0.6291196549008935,False,0.5875607291587436,False,0.40839552852330047,False,,,False,False,0.7166619562861007,0.30114992006548413,0.06956522416829805,0.007079119616744313,0.13413375744873485,0.0,0.102386,0,False
66338,2026-04-26 05:00:00+00:00,1.19,plan_b,footfall_plan_b,-0.8252193162449006,False,0.49467839540662095,False,0.26053848827263293,False,0.3946924684483828,False,,,False,False,0.8252193162449006,0.3467670202720165,0.054699313873918985,0.0031390510490523263,0.10614065096902287,0.0,0.102149,0,False
66335,2026-04-20 23:00:00+00:00,499.21,plan_b,footfall_plan_b,0.36262879132604847,False,1.3504039552582676,False,0.281705787893143,False,0.43985273682030646,False,,,False,False,0.36262879132604847,0.15238095250264172,0.14932160064224423,0.003394081445981003,0.19839567971998043,0.0,0.100698,0,False
66330,2026-04-20 00:00:00+00:00,14.02,plan_b,footfall_plan_b,-0.701859574208335,False,0.0,False,0.41234827037735655,False,0.4251505391981144,False,22.700713993374748,10.0,False,False,0.701859574208335,0.2949297821882081,0.0,0.004968103865515964,0.16836149894038088,0.034776151156659274,0.100607,0,False
66333,2026-04-20 07:00:00+00:00,0.88,plan_b,footfall_plan_b,-1.0245318455999985,False,0.4886987660081864,False,0.7237447712627808,False,0.3462107190444899,False,,,False,False,1.0245318455999985,0.4305205274267555,0.054038113327560325,0.00871990851924048,0.00710038069610426,0.0,0.100076,0,False
66331,2026-04-25 01:00:00+00:00,14.23,plan_b,footfall_plan_b,0.012746586263396012,False,0.9406484606951021,False,0.6543104059598265,False,0.42114800504618044,False,143.33814905146377,16.0,False,False,0.012746586263396012,0.005356267903799647,0.1040126794991449,0.007883341075061388,0.16018497748523106,0.21958556631233145,0.099405,0,False
66333,2026-04-21 01:00:00+00:00,0.0,plan_b,footfall_plan_b,-0.8655315782693656,False,0.7454207455990058,False,0.08587476271390404,False,0.3670431530741899,False,,,False,False,0.8655315782693656,0.36370671461443527,0.08242527611931565,0.0010346466112220677,0.04965763001389728,0.0,0.099365,0,False
66332,2026-04-21 02:00:00+00:00,2.21,plan_b,footfall_plan_b,-0.7692312715590003,False,0.6686538558876635,False,0.08427409078350159,False,0.3903550303930723,False,,,False,False,0.7692312715590003,0.32324017468758226,0.07393673844628139,0.001015361203773704,0.09727997571344923,0.0,0.099094,0,False
66333,2026-04-26 23:00:00+00:00,39.25,plan_b,footfall_plan_b,-0.018910368585600978,False,0.0,False,3.6562627164909474,False,0.4673514098991577,False,122.74774402678091,3.0,False,False,0.018910368585600978,0.007946362909333945,0.0,0.04405182279173217,0.2545709631485395,0.18804228367707204,0.098922,0,False
66333,2026-04-22 03:00:00+00:00,0.0,plan_b,footfall_plan_b,-0.743236819079035,False,1.4841629031176788,False,0.7673134941196031,False,0.3464868109698791,False,,,False,False,0.743236819079035,0.3123169950520186,0.1641120639823563,0.009244838429198602,0.007664391261872335,0.0,0.098668,0,False
66333,2026-04-21 09:00:00+00:00,2.19,plan_b,footfall_plan_b,-0.902153674070694,False,0.7385209750961537,False,0.3530848328904749,False,0.3562819147239743,False,,,False,False,0.902153674070694,0.37909575700250053,0.08166233050475472,0.004254079013191742,0.02767418329876968,0.0,0.098537,0,False
66338,2026-04-26 18:00:00+00:00,0.98,plan_b,footfall_plan_b,0.5185540858621498,False,1.3516848392795076,False,0.48396494190594697,False,0.39764633107963726,False,,,False,False,0.5185540858621498,0.21790262499252086,0.14946323504100606,0.005830964433188458,0.11217490833278512,0.0,0.097074,0,False
66333,2026-04-21 19:00:00+00:00,0.0,plan_b,footfall_plan_b,-0.7798905141567758,False,1.3155185793189192,False,0.10343646907169686,False,0.34783664296643696,False,,,False,False,0.7798905141567758,0.32771931583372843,0.1454641325461339,0.0012462356671464742,0.010421876860182639,0.0,0.09697,0,False
66340,2026-04-20 23:00:00+00:00,132.3,plan_b,footfall_plan_b,-0.31562265664168143,False,0.6074084103242084,False,0.2029282743650461,False,0.4208597031654816,False,77.08635069374797,2.0,False,False,0.31562265664168143,0.13262841285878585,0.06716449231357995,0.002444944763252805,0.15959602398137274,0.11809172982944119,0.095985,0,False
66342,2026-04-20 03:00:00+00:00,1.32,plan_b,footfall_plan_b,-0.8452970626655826,False,0.4524368330957862,False,0.8335085705032217,False,0.37247812415766585,False,,,False,False,0.8452970626655826,0.35520392930095007,0.050028431747632114,0.010042377884277734,0.06076038541466948,0.0,0.095207,0,False
66332,2026-04-23 03:00:00+00:00,0.0,plan_b,footfall_plan_b,-0.7247383826447281,False,0.6124240057353937,False,0.1435049124651565,False,0.3926806294215451,False,,,False,False,0.7247383826447281,0.30454373095635334,0.06771909431400791,0.0017289930904432489,0.10203079347803856,0.0,0.095205,0,False
66342,2026-04-20 00:00:00+00:00,1.76,plan_b,footfall_plan_b,-0.8782195325125162,False,0.0,False,0.7795401210456687,False,0.39025536855923504,False,,,False,False,0.8782195325125162,0.3690383446425178,0.0,0.009392148741517893,0.09707638291656177,0.0,0.095101,0,False
66336,2026-04-22 22:00:00+00:00,118.08,plan_b,footfall_plan_b,-0.0573003269707912,False,0.8155740807969896,False,0.24404503705130504,False,0.42967122219918097,False,116.79916626640515,8.0,False,False,0.0573003269707912,0.024078282285841135,0.09018251665564936,0.0029403326727308,0.1775965135953568,0.17892941438924503,0.094745,0,False
66333,2026-04-21 08:00:00+00:00,0.44,plan_b,footfall_plan_b,-0.921105439766681,False,0.47886304289601617,False,0.06439796593129686,False,0.3579212519329408,False,,,False,False,0.921105439766681,0.3870595154724253,0.05295052326766429,0.0007758872934809576,0.031023080610454865,0.0,0.094362,0,False
66336,2026-04-20 23:00:00+00:00,64.83,plan_b,footfall_plan_b,-0.2422899153850255,False,0.42570719787095535,False,0.2637696020178421,False,0.41091314242819105,False,117.55963771286356,3.0,False,False,0.2422899153850255,0.10181311845963892,0.04707278880774476,0.0031779805410392945,0.1392768301441108,0.18009441166554566,0.094287,0,False
66333,2026-04-21 02:00:00+00:00,0.0,plan_b,footfall_plan_b,-0.8519398980833252,False,0.8431675976688388,False,0.009218335833418578,False,0.3509534507978426,False,,,False,False,0.8519398980833252,0.3579953281431997,0.09323368374577039,0.00011106545892800735,0.016789004569200086,0.0,0.093626,0,False
66331,2026-04-24 02:00:00+00:00,8.41,plan_b,footfall_plan_b,-0.07996605284121558,False,2.3289955867302066,False,0.39377938865316103,False,0.4263144793826915,False,0.0,18.0,False,False,0.07996605284121558,0.03360269121285768,0.2575298654488653,0.004744380038596887,0.17073923802528218,0.0,0.093323,0,False
66338,2026-04-26 21:00:00+00:00,0.54,plan_b,footfall_plan_b,-0.7191110791232923,False,0.6539286512617477,False,0.21973255481434348,False,0.3860781920187891,False,,,False,False,0.7191110791232923,0.3021790707552639,0.07230849149397903,0.0026474081095425026,0.08854309567692599,0.0,0.093136,0,False
66342,2026-04-25 04:00:00+00:00,73.66,plan_b,footfall_plan_b,-0.046706189896215645,False,1.0949606263572607,False,0.31346146172725625,False,0.42175256870108563,False,103.9758172652506,20.0,False,False,0.046706189896215645,0.019626499258729325,0.12107582529749812,0.003776683962496823,0.1614200019741408,0.15928480218326346,0.093037,0,False
66338,2026-04-22 21:00:00+00:00,3.02,plan_b,footfall_plan_b,-0.2316542914005139,False,0.6308004914022247,False,1.7797366745597096,False,0.47739696377331003,False,,,False,False,0.2316542914005139,0.09734390213709204,0.06975108351491756,0.02144283676608859,0.27509238374433437,0.0,0.092726,0,False
66332,2026-04-21 03:00:00+00:00,0.44,plan_b,footfall_plan_b,-0.7049827032169401,False,0.4232410821986108,False,0.1018691084269008,False,0.39909684489519176,False,,,False,False,0.7049827032169401,0.2962421583273988,0.04680009681944783,0.0012273516047228757,0.11513807039053844,0.0,0.091882,0,False
66342,2026-04-20 04:00:00+00:00,0.88,plan_b,footfall_plan_b,-0.8666557248557605,False,0.25682047857803836,False,0.7105059386327721,False,0.36976628163208036,False,,,False,False,0.8666557248557605,0.3641790944466076,0.02839805436710646,0.008560402828810702,0.05522053547167187,0.0,0.091272,0,False
66338,2026-04-24 01:00:00+00:00,1.51,plan_b,footfall_plan_b,-0.4062421660520448,False,1.5898454773674013,False,0.7251094522212378,False,0.391239387331187,False,,,False,False,0.4062421660520448,0.17070781385940176,0.17579796810424056,0.008736350631968884,0.09908657203568469,0.0,0.090866,0,False
66338,2026-04-22 06:00:00+00:00,1.73,plan_b,footfall_plan_b,-0.4994476989553867,False,1.245723923950618,False,0.4803233432361678,False,0.3920210428888305,False,,,False,False,0.4994476989553867,0.2098738928416895,0.13774655321345539,0.005787089287522318,0.10068336626529066,0.0,0.090818,0,False
66335,2026-04-20 02:00:00+00:00,338.74,plan_b,footfall_plan_b,-0.22065695338935448,False,0.0,False,0.35367420968638535,False,0.4227194485678011,False,123.51419694732883,1.0,False,False,0.22065695338935448,0.09272268925709422,0.0,0.004261180013361643,0.16339517911808382,0.189216444217891,0.089919,0,False
66333,2026-04-22 19:00:00+00:00,0.83,plan_b,footfall_plan_b,-0.7775611663160095,False,0.7674347886129637,False,1.61183136391253,False,0.35059265101639575,False,,,False,False,0.7775611663160095,0.32674049602907923,0.08485949006444787,0.019419859873027957,0.016051949732931343,0.0,0.089414,0,False
66338,2026-04-20 05:00:00+00:00,3.77,plan_b,footfall_plan_b,-0.19664652622453352,False,1.1824488927732102,False,0.42852101040418156,False,0.45392182920249063,False,,,False,False,0.19664652622453352,0.08263322077338227,0.1307498846245431,0.005162958210775432,0.22713653022885866,0.0,0.089137,0,False
66332,2026-04-20 02:00:00+00:00,9.7,plan_b,footfall_plan_b,-0.41616469038209075,False,0.0,False,0.4702390558784561,False,0.4202986971508366,False,67.50634299923652,1.0,False,False,0.41616469038209075,0.17487737718368718,0.0,0.0056655905676247596,0.15844998061457313,0.10341572467103421,0.088482,0,False
66336,2026-04-20 00:00:00+00:00,67.48,plan_b,footfall_plan_b,0.2249930097022219,False,0.0,False,0.3293994769517257,False,0.4226490278212585,False,117.62249913004193,4.0,False,False,0.2249930097022219,0.09454475194727303,0.0,0.003968710268252578,0.16325132107137239,0.180190711638593,0.088391,0,False
66342,2026-04-20 01:00:00+00:00,0.44,plan_b,footfall_plan_b,-0.9114757256116771,False,0.0,False,0.8323216341588164,False,0.3659389351201663,False,,,False,False,0.9114757256116771,0.3830129944835601,0.0,0.010028077295517256,0.047401893660498996,0.0,0.088089,0,False
66333,2026-04-24 00:00:00+00:00,20.29,plan_b,footfall_plan_b,-0.27287600376958837,False,0.7663768879001243,False,1.0121713905057717,False,0.4545646134296162,False,,,False,False,0.27287600376958837,0.11466575838468858,0.08474251215783953,0.012194964691217312,0.22844963308435445,0.0,0.088011,0,False
66336,2026-04-20 04:00:00+00:00,41.46,plan_b,footfall_plan_b,0.22670712505449042,False,0.0,False,0.4434944320868636,False,0.41750662116069903,False,116.79916626640515,3.0,False,False,0.22670712505449042,0.09526504370657579,0.0,0.005343362784980768,0.15274622684978945,0.17892941438924503,0.086457,0,False
66338,2026-04-26 14:00:00+00:00,0.5,plan_b,footfall_plan_b,0.43682115430466084,False,1.2028755922364407,False,0.5247685926644009,False,0.39510291389033236,False,,,False,False,0.43682115430466084,0.18355747022414176,0.13300857725337525,0.006322579870000462,0.10697912375523196,0.0,0.085974,0,False
66338,2026-04-20 00:00:00+00:00,3.45,plan_b,footfall_plan_b,0.3031106854173757,False,0.0,False,0.5467693742764993,False,0.48275481063766074,False,,,False,False,0.3031106854173757,0.1273707329986914,0.0,0.006587652324582149,0.2860375870022761,0.0,0.083999,0,False
66342,2026-04-25 03:00:00+00:00,60.43,plan_b,footfall_plan_b,-0.03748459154948188,False,0.8205752877189201,False,0.2415102292653817,False,0.4389654015642589,False,73.64398028435545,30.0,False,False,0.03748459154948188,0.015751473410578642,0.09073552764159758,0.0029097924976791106,0.1965829991822071,0.11281822196844687,0.08376,0,False
66333,2026-04-21 00:00:00+00:00,0.0,plan_b,footfall_plan_b,-0.8075970139157618,False,0.5800766424905244,False,0.13266802982125753,False,0.3459209948426598,False,,,False,False,0.8075970139157618,0.3393619181994971,0.06414226825579616,0.0015984268617937937,0.006508521623222813,0.0,0.082322,0,False
66331,2026-04-20 05:00:00+00:00,14.13,plan_b,footfall_plan_b,-0.4755609737719132,False,0.3212053628730391,False,0.6260471575145609,False,0.42503038868336396,False,0.0,60.0,False,False,0.4755609737719132,0.1998364054091105,0.03551744552607007,0.0075428164168047564,0.16811605112546849,0.0,0.082203,0,False
66338,2026-04-22 01:00:00+00:00,2.05,plan_b,footfall_plan_b,0.10223312788064677,False,1.5907396927757267,False,5.09349009963964,False,0.4053711655917411,False,,,False,False,0.10223312788064677,0.042959582295743384,0.17589684642547931,0.06136799805133018,0.1279554795229596,0.0,0.081636,0,False
66333,2026-04-23 01:00:00+00:00,20.73,plan_b,footfall_plan_b,-0.03732658438431671,False,0.9135211146765831,False,0.5707430181984522,False,0.4443260263880019,False,48.79137271918094,1.0,False,False,0.03732658438431671,0.01568507691116649,0.10101305948700819,0.00687649445536194,0.20753387735601725,0.07474549713803476,0.081171,0,False
66331,2026-04-21 01:00:00+00:00,8.95,plan_b,footfall_plan_b,-0.2780644188570466,False,1.1497959907630493,False,0.40987546019020543,False,0.41328212527695596,False,7.566904664458249,58.0,False,False,0.2780644188570466,0.11684599241992573,0.12713927346275997,0.004938310657366382,0.14411627394509596,0.01159205038555309,0.080926,0,False
66330,2026-04-23 03:00:00+00:00,14.45,plan_b,footfall_plan_b,-0.0516511222303462,False,1.4913318867177545,False,0.2859126627069405,False,0.4288000944528099,False,22.700713993374748,2.0,False,False,0.0516511222303462,0.021704418930745723,0.1649047779713616,0.003444767219453613,0.17581694234424391,0.034776151156659274,0.080129,0,False
66342,2026-04-20 02:00:00+00:00,0.44,plan_b,footfall_plan_b,-0.775723174443834,False,0.0,False,0.8531623025516926,False,0.37380117215373004,False,,,False,False,0.775723174443834,0.32596814987545464,0.0,0.010279172334930984,0.0634631556885433,0.0,0.079942,0,False
66332,2026-04-20 00:00:00+00:00,23.82,plan_b,footfall_plan_b,-0.24224405565674867,False,0.0,False,0.283457633445467,False,0.40981085265300743,False,96.22789962785254,2.0,False,False,0.24224405565674867,0.10179384765367014,0.0,0.003415188241584445,0.13702503274414954,0.14741545062955733,0.07793,0,False
66338,2026-04-24 19:00:00+00:00,0.86,plan_b,footfall_plan_b,-0.2050036993100233,False,0.6712739239021901,False,0.7131905437839773,False,0.4498199194795703,False,,,False,False,0.2050036993100233,0.08614500479455603,0.0742264537927133,0.00859274781043723,0.21875700076492136,0.0,0.077544,0,False
66333,2026-04-20 02:00:00+00:00,0.0,plan_b,footfall_plan_b,-0.8519398980833252,False,0.0,False,0.9227169438247985,False,0.3509534507978426,False,,,False,False,0.8519398980833252,0.3579953281431997,0.0,0.011117188902472937,0.016789004569200086,0.0,0.07718,0,False
66338,2026-04-20 04:00:00+00:00,1.4,plan_b,footfall_plan_b,-0.29345997760659326,False,1.3394047482313824,False,0.26706657074606427,False,0.39455182428314245,False,,,False,False,0.29345997760659326,0.12331539022473754,0.14810535775976852,0.0032177034749276217,0.10585333798405466,0.0,0.076098,0,False
66336,2026-04-21 23:00:00+00:00,63.94,plan_b,footfall_plan_b,-0.26355898925917953,False,0.6291196549008935,False,0.11024326228601525,False,0.4104133425661336,False,38.48262612558195,1.0,False,False,0.26355898925917953,0.11075063752408236,0.06956522416829805,0.0013282460891833505,0.1382558209183884,0.05895310708901148,0.075771,0,False
66338,2026-04-25 22:00:00+00:00,2.59,plan_b,footfall_plan_b,-0.33225422633762985,False,0.7743069178956317,False,0.0116815891905187,False,0.4175466474367174,False,,,False,False,0.33225422633762985,0.13961719723692423,0.08561937923710079,0.00014074352333204882,0.1528279939733693,0.0,0.075641,0,False
66333,2026-04-20 01:00:00+00:00,0.44,plan_b,footfall_plan_b,-0.8479526975501459,False,0.0,False,0.8329439165296044,False,0.3464605368990554,False,,,False,False,0.8479526975501459,0.3563198588214088,0.0,0.01003557475257928,0.007610717640199404,0.0,0.074793,0,False
66333,2026-04-20 00:00:00+00:00,0.0,plan_b,footfall_plan_b,-0.8075970139157618,False,0.0,False,0.73097398794672,False,0.35393509301601184,False,,,False,False,0.8075970139157618,0.3393619181994971,0.0,0.008807008434366263,0.022880011077329756,0.0,0.07421,0,False
66338,2026-04-26 00:00:00+00:00,2.59,plan_b,footfall_plan_b,-0.18090160270267824,False,1.2544883876614923,False,0.016435162896491693,False,0.4175466474367174,False,,,False,False,0.18090160270267824,0.07601701571539957,0.13871568822300764,0.0001980160999383416,0.1528279939733693,0.0,0.073552,0,False
66336,2026-04-21 03:00:00+00:00,19.85,plan_b,footfall_plan_b,-0.21318754796944467,False,0.6651616018603409,False,0.36375932155768315,False,0.4389037963100864,False,,,False,False,0.21318754796944467,0.08958395582020373,0.07355058069016804,0.004382688667262637,0.19645714974198486,0.0,0.072795,0,False
66338,2026-04-21 01:00:00+00:00,1.94,plan_b,footfall_plan_b,-0.001345172735271792,False,2.126066313959748,False,0.7310066068920245,False,0.39979051579090097,False,,,False,False,0.001345172735271792,0.0005652576617861492,0.2350908584322899,0.008807401437853602,0.11655512637214419,0.0,0.072204,0,False
66338,2026-04-25 23:00:00+00:00,1.83,plan_b,footfall_plan_b,-0.28477518080383035,False,1.1169766059039907,False,0.014049162126137764,False,0.3978392587500145,False,,,False,False,0.28477518080383035,0.11966593480158277,0.1235102533757215,0.00016926879941135878,0.1125690279520692,0.0,0.071183,0,False
66336,2026-04-20 03:00:00+00:00,19.85,plan_b,footfall_plan_b,-0.21318754796944467,False,0.3883591463552861,False,0.18682205964192017,False,0.4508086876367211,False,,,False,False,0.21318754796944467,0.08958395582020373,0.042943009113696,0.002250891936132747,0.22077689209981635,0.0,0.071111,0,False
66338,2026-04-26 22:00:00+00:00,0.65,plan_b,footfall_plan_b,-0.6156720902613115,False,0.0,False,0.381482468824818,False,0.38782612670645805,False,,,False,False,0.6156720902613115,0.25871277126188846,0.0,0.004596222814905315,0.09211383984384831,0.0,0.071085,0,False
66333,2026-04-23 02:00:00+00:00,15.44,plan_b,footfall_plan_b,0.006753230563935737,False,0.7790839491354808,False,0.5210403271116992,False,0.43273843185752536,False,48.79137271918094,2.0,False,False,0.006753230563935737,0.0028377882021982737,0.08614760188357243,0.006277660534005439,0.18386232036349587,0.07474549713803476,0.070774,0,False
66338,2026-04-21 00:00:00+00:00,2.48,plan_b,footfall_plan_b,-0.24281015118315016,False,0.926677886542343,False,0.015490022695604944,False,0.4153046751222216,False,,,False,False,0.24281015118315016,0.10203172776022512,0.10246787619324656,0.0001866287484619236,0.14824801188315545,0.0,0.070587,0,False
66331,2026-04-21 03:00:00+00:00,9.6,plan_b,footfall_plan_b,0.1880715958438482,False,1.0977368485572194,False,0.36954088493243326,False,0.41478693249616566,False,0.0,62.0,False,False,0.1880715958438482,0.07902993253398315,0.12138280747199648,0.0044523467922367894,0.14719034853051513,0.0,0.070411,0,False
66333,2026-04-24 02:00:00+00:00,14.11,plan_b,footfall_plan_b,-0.06721450655399543,False,1.0744550974028855,False,0.7129704296984003,False,0.43634484527607165,False,,,False,False,0.06721450655399543,0.028244339047761528,0.11880841605779577,0.008590095805523015,0.19122963206491778,0.0,0.069374,0,False
66333,2026-04-23 03:00:00+00:00,16.76,plan_b,footfall_plan_b,-0.0010122394539720616,False,0.5918198724265714,False,0.5211750524036596,False,0.433911426723867,False,48.79137271918094,1.0,False,False,0.0010122394539720616,0.0004253551175376208,0.06544078184791986,0.006279283747419572,0.18625855667962796,0.07474549713803476,0.06663,0,False
66331,2026-04-20 04:00:00+00:00,8.52,plan_b,footfall_plan_b,-0.15688855082041142,False,0.19757729840777874,False,0.15299560072379784,False,0.41586443300861914,False,53.29925884397171,36.0,False,False,0.15688855082041142,0.06592644429404446,0.02184720974338188,0.0018433399385117844,0.149391505528452,0.08165131205286447,0.064132,0,False
66335,2026-04-20 04:00:00+00:00,342.27,plan_b,footfall_plan_b,-0.18531434216316706,False,0.6494827115382348,False,0.38103949017367067,False,0.4229612779960844,False,,,False,False,0.18531434216316706,0.07787130158077833,0.07181687945945495,0.004590885666414084,0.16388919701619215,0.0,0.063634,0,False
66338,2026-04-24 03:00:00+00:00,1.4,plan_b,footfall_plan_b,-0.3469876562580081,False,0.6327693932786104,False,0.5013292265575131,False,0.3897682433475191,False,,,False,False,0.3469876562580081,0.14580836059350266,0.06996879583614161,0.0060401748892440115,0.09608126592473913,0.0,0.06358,0,False
66335,2026-04-20 03:00:00+00:00,359.47,plan_b,footfall_plan_b,-0.11088016048628055,False,0.9128691666429812,False,0.3834793971942081,False,0.4230186334788492,False,,,False,False,0.11088016048628055,0.04659316875188097,0.10094097000331412,0.004620282446687076,0.1640063648697557,0.0,0.063232,0,False
66338,2026-04-22 13:00:00+00:00,2.69,plan_b,footfall_plan_b,0.0,False,1.3099772763990538,False,2.717956010715446,False,0.41044230908720464,False,,,False,False,0.0,0.0,0.1448514001719314,0.032746803450346806,0.13831499477475734,0.0,0.063183,0,False
66331,2026-04-24 03:00:00+00:00,8.41,plan_b,footfall_plan_b,-0.0350959815606043,False,0.198098193147794,False,0.4399264898120679,False,0.44374729879573416,False,9.728877425732032,2.0,False,False,0.0350959815606043,0.014747750942951332,0.021904807942826083,0.00530037507512296,0.20635163170982385,0.014904064781425396,0.052642,0,False
66338,2026-04-26 01:00:00+00:00,1.73,plan_b,footfall_plan_b,-0.19908556482020742,False,0.6666770483268558,False,0.01881529511726851,False,0.39208189165516044,False,,,False,False,0.19908556482020742,0.0836581339443426,0.07371815195000218,0.0002266926943027586,0.10080767032480151,0.0,0.051682,0,False
66338,2026-04-20 03:00:00+00:00,1.62,plan_b,footfall_plan_b,-0.22357865149188036,False,0.4300305267244676,False,0.19288202516140418,False,0.39067421438417854,False,,,False,False,0.22357865149188036,0.09395042172191043,0.04755084308327877,0.0023239043392033125,0.09793201630882045,0.0,0.048351,0,False
66335,2026-04-20 01:00:00+00:00,351.09,plan_b,footfall_plan_b,-0.14986552864097658,False,0.0,False,0.3788863496059181,False,0.4268440551102524,False,,,False,False,0.14986552864097658,0.06297528643027947,0.0,0.004564943940096519,0.1718210744654375,0.0,0.047872,0,False
66336,2026-04-20 02:00:00+00:00,36.17,plan_b,footfall_plan_b,-0.07586210655079537,False,0.0,False,0.062646826183985,False,0.41404789168963296,False,38.48262612558195,1.0,False,False,0.07586210655079537,0.03187816392844899,0.0,0.0007547890016420779,0.14568060925497991,0.05895310708901148,0.047453,0,False
66335,2026-04-20 00:00:00+00:00,361.23,plan_b,footfall_plan_b,-0.12691534722822018,False,0.0,False,0.38655543194058395,False,0.42577231913000246,False,,,False,False,0.12691534722822018,0.053331345884367734,0.0,0.004657343497288661,0.1696316934622709,0.0,0.045524,0,False
66331,2026-04-20 02:00:00+00:00,9.6,plan_b,footfall_plan_b,0.046192511584414224,False,0.0,False,0.002338367922279811,False,0.4142208877418802,False,0.0,48.0,False,False,0.046192511584414224,0.01941064549227571,0.0,2.8173404736354162e-05,0.1460340118442301,0.0,0.033095,0,False
66338,2026-04-20 02:00:00+00:00,2.16,plan_b,footfall_plan_b,-0.012974089342355203,False,0.0,False,0.0116815891905187,False,0.4017746172622753,False,,,False,False,0.012974089342355203,0.005451867416850763,0.0,0.00014074352333204882,0.12060832058212936,0.0,0.02524,0,False
