facility_num,hour_start,window_size,matrix_profile_distance,matrix_profile_robust_z
66330,2026-04-20 03:00:00+00:00,6,0.7779455584953305,2.257924552833128
66330,2026-04-20 04:00:00+00:00,6,0.24614622954899534,0.30638646387162294
66330,2026-04-20 05:00:00+00:00,6,0.16269766887141507,0.7087714459994734
66330,2026-04-20 06:00:00+00:00,6,0.22791774061077727,0.39428336869616865
66330,2026-04-20 07:00:00+00:00,6,0.1877975305410496,0.5877411093784503
66330,2026-04-20 08:00:00+00:00,6,0.11682226603299053,0.9299804518991622
66330,2026-04-20 09:00:00+00:00,6,0.06443218630066402,1.1826029192682441
66330,2026-04-20 10:00:00+00:00,6,0.17172793095651084,0.6652279526400091
66330,2026-04-20 11:00:00+00:00,6,0.2703528799471398,0.18966314942805354
66330,2026-04-20 12:00:00+00:00,6,0.37987339553493243,0.3384395565934157
66330,2026-04-20 13:00:00+00:00,6,0.5653077939868912,1.2325953874563784
66330,2026-04-20 14:00:00+00:00,6,1.1789268457834594,4.191437207921798
66330,2026-04-20 15:00:00+00:00,6,1.3441216696977498,4.98799877505526
66330,2026-04-20 16:00:00+00:00,6,0.6269361356241798,1.529764313402298
66330,2026-04-20 17:00:00+00:00,6,0.507061190141245,0.9517330399559353
66330,2026-04-20 18:00:00+00:00,6,0.40329190599812637,0.4513624978362461
66330,2026-04-20 19:00:00+00:00,6,0.249678510660691,0.28935397271228697
66330,2026-04-20 20:00:00+00:00,6,0.4051417111353745,0.46028217003967065
66330,2026-04-20 21:00:00+00:00,6,0.37392163262922445,0.3097404395445828
66330,2026-04-20 22:00:00+00:00,6,0.29908048481603333,0.05114000801153148
66330,2026-04-20 23:00:00+00:00,6,0.1706791168763706,0.6702852841441828
66330,2026-04-21 00:00:00+00:00,6,0.3302647624766398,0.09922909251274256
66330,2026-04-21 01:00:00+00:00,6,0.3825443906386538,0.3513189676742979
66330,2026-04-21 02:00:00+00:00,6,0.570907363212039,1.2595962433643715
66330,2026-04-21 03:00:00+00:00,6,0.9013996947774693,2.853214513716107
66330,2026-04-21 04:00:00+00:00,6,0.3508614263236981,0.19854522387195664
66330,2026-04-21 05:00:00+00:00,6,0.24170796359751295,0.32778757074590475
66330,2026-04-21 06:00:00+00:00,6,0.13706906642014596,0.8323513454678454
66330,2026-04-21 07:00:00+00:00,6,0.12670339096654504,0.8823341384396228
66330,2026-04-21 08:00:00+00:00,6,0.16795376109590898,0.6834268198172805
66330,2026-04-21 09:00:00+00:00,6,0.13023023769384792,0.8653278516228065
66330,2026-04-21 10:00:00+00:00,6,0.20608976470701595,0.49953682810402994
66330,2026-04-21 11:00:00+00:00,6,0.17172793095651084,0.6652279526400091
66330,2026-04-21 12:00:00+00:00,6,0.4301589479260275,0.5809140934324445
66330,2026-04-21 13:00:00+00:00,6,0.5709120227991553,1.2596187116713533
66330,2026-04-21 14:00:00+00:00,6,2.1851908259637693,9.043594158179872
66330,2026-04-21 15:00:00+00:00,6,1.510077567355336,5.788230203503374
66330,2026-04-21 16:00:00+00:00,6,0.707293888797727,1.9172455690647368
66330,2026-04-21 17:00:00+00:00,6,0.3502588056888957,0.19563941589401299
66330,2026-04-21 18:00:00+00:00,6,0.30968614917019227,0.0
66330,2026-04-21 19:00:00+00:00,6,0.23418191893661408,0.3640777993823205
66330,2026-04-21 20:00:00+00:00,6,0.2406140051036593,0.33306258646125886
66330,2026-04-21 21:00:00+00:00,6,0.11619320336145517,0.9330137621179095
66330,2026-04-21 22:00:00+00:00,6,0.14827725394879573,0.7783059994273471
66330,2026-04-21 23:00:00+00:00,6,0.2179341208079166,0.44242390753022715
66330,2026-04-22 00:00:00+00:00,6,0.24362364310181914,0.3185502554843363
66330,2026-04-22 01:00:00+00:00,6,0.47145290248709887,0.7800315741070889
66330,2026-04-22 02:00:00+00:00,6,1.1995955486271852,4.291100707889304
66330,2026-04-22 03:00:00+00:00,6,0.5560945481032105,1.1881695549418052
66330,2026-04-22 04:00:00+00:00,6,0.16372629931426408,0.7038114390322932
66330,2026-04-22 05:00:00+00:00,6,0.11682226603299053,0.9299804518991622
66330,2026-04-22 06:00:00+00:00,6,0.2031049275290562,0.5139295707080442
66330,2026-04-22 07:00:00+00:00,6,0.19359943047665254,0.5597646244284542
66330,2026-04-22 08:00:00+00:00,6,0.1485054465554318,0.7772056655546309
66330,2026-04-22 09:00:00+00:00,6,0.12670339096654504,0.8823341384396228
66330,2026-04-22 10:00:00+00:00,6,0.23668502827603444,0.3520079254548566
66330,2026-04-22 11:00:00+00:00,6,0.2445258776694313,0.3141997234030648
66330,2026-04-22 12:00:00+00:00,6,0.33914919546982747,0.1420694049417667
66330,2026-04-22 13:00:00+00:00,6,0.446567087062811,0.6600333582789112
66330,2026-04-22 14:00:00+00:00,6,0.7197606870458573,1.9773598760046425
66330,2026-04-22 15:00:00+00:00,6,0.8367969190512257,2.5417030083655043
66330,2026-04-22 16:00:00+00:00,6,1.5663671451730632,6.059655864776112
66330,2026-04-22 17:00:00+00:00,6,0.6269361356241798,1.529764313402298
66330,2026-04-22 18:00:00+00:00,6,0.5346616541902287,1.08482116206245
66330,2026-04-22 19:00:00+00:00,6,0.29908048481603333,0.05114000801153148
66330,2026-04-22 20:00:00+00:00,6,0.11619320336145517,0.9330137621179095
66330,2026-04-22 21:00:00+00:00,6,0.14827725394879573,0.7783059994273471
66330,2026-04-22 22:00:00+00:00,6,0.16046156047776622,0.7195538540926554
66330,2026-04-22 23:00:00+00:00,6,0.21597996370103836,0.45184675995741674
66330,2026-04-23 00:00:00+00:00,6,0.19438548700929068,0.5559742972943631
66330,2026-04-23 01:00:00+00:00,6,0.519811909331693,1.0132164001470008
66330,2026-04-23 02:00:00+00:00,6,0.9689587419211759,3.178981018935155
66330,2026-04-23 03:00:00+00:00,6,0.5560945481032105,1.1881695549418052
66330,2026-04-23 04:00:00+00:00,6,0.2884213212433681,0.10253798670473449
66330,2026-04-23 05:00:00+00:00,6,0.1533096757719273,0.7540399012595852
66330,2026-04-23 06:00:00+00:00,6,0.13706906642014596,0.8323513454678454
66330,2026-04-23 07:00:00+00:00,6,0.13023023769384792,0.8653278516228065
66330,2026-04-23 08:00:00+00:00,6,0.16372629931426408,0.7038114390322932
66330,2026-04-23 09:00:00+00:00,6,0.299134595741755,0.05087908770682355
66330,2026-04-23 10:00:00+00:00,6,0.4169077790736585,0.5170175888248322
66330,2026-04-23 11:00:00+00:00,6,0.6360965072132478,1.573935188588428
66330,2026-04-23 12:00:00+00:00,6,0.5765880703926686,1.2869883426263697
66330,2026-04-23 13:00:00+00:00,6,0.3379224748129488,0.1361542164042296
66330,2026-04-23 14:00:00+00:00,6,0.32067768415101905,0.0530006577813377
66330,2026-04-23 15:00:00+00:00,6,0.1239431451580489,0.8956439121649185
66330,2026-04-23 16:00:00+00:00,6,0.5464332555489392,1.1415832627371651
66330,2026-04-23 17:00:00+00:00,6,0.3502588056888957,0.19563941589401299
66330,2026-04-23 18:00:00+00:00,6,0.30968614917019227,0.0
66330,2026-04-23 19:00:00+00:00,6,0.24949687073437057,0.2902298317793899
66330,2026-04-23 20:00:00+00:00,6,0.3858061623259041,0.3670470752824133
66330,2026-04-23 21:00:00+00:00,6,0.45376759558900315,0.6947538671899977
66330,2026-04-23 22:00:00+00:00,6,0.48633669736673285,0.8518005236013269
66330,2026-04-23 23:00:00+00:00,6,0.41568541336387876,0.5111233996346337
66330,2026-04-24 00:00:00+00:00,6,0.6980090073411221,1.8724743132319333
66330,2026-04-24 01:00:00+00:00,6,0.3556034097950208,0.22141084215063586
66330,2026-04-24 02:00:00+00:00,6,0.4987391057358475,0.9116043456136733
66330,2026-04-24 03:00:00+00:00,6,0.9349130148101613,3.014814145548016
66330,2026-04-24 04:00:00+00:00,6,0.3508614263236981,0.19854522387195664
66330,2026-04-24 05:00:00+00:00,6,0.2757028248900923,0.16386596991081248
66330,2026-04-24 06:00:00+00:00,6,0.2618030514102343,0.2308900151173404
66330,2026-04-24 07:00:00+00:00,6,0.19359943047665254,0.5597646244284542
66330,2026-04-24 08:00:00+00:00,6,0.1485054465554318,0.7772056655546309
66330,2026-04-24 09:00:00+00:00,6,0.2529873615114566,0.2733988516216633
66330,2026-04-24 10:00:00+00:00,6,0.643967304473754,1.6118877978279977
66330,2026-04-24 11:00:00+00:00,6,0.7734291057114998,2.236146432779929
66330,2026-04-24 12:00:00+00:00,6,1.9711258490935668,8.011383042820789
66330,2026-04-24 13:00:00+00:00,6,0.9708855934428076,3.1882722051317676
66330,2026-04-24 14:00:00+00:00,6,1.239525837522409,4.4836426577204564
66330,2026-04-24 15:00:00+00:00,6,1.3610987772944805,5.069861578696503
66330,2026-04-24 16:00:00+00:00,6,0.6799777111006494,1.7855282621970003
66330,2026-04-24 17:00:00+00:00,6,0.4247841784130523,0.5549972110217827
66330,2026-04-24 18:00:00+00:00,6,0.28359404817343953,0.12581486736268127
66330,2026-04-24 19:00:00+00:00,6,0.15907674948981743,0.7262313466714571
66330,2026-04-24 20:00:00+00:00,6,0.1573324669375563,0.7346421939996614
66330,2026-04-24 21:00:00+00:00,6,0.1864091475722137,0.5944358258788363
66330,2026-04-24 22:00:00+00:00,6,0.10608299048014277,0.9817647267423795
66330,2026-04-24 23:00:00+00:00,6,0.16980696488501376,0.6744907594765952
66330,2026-04-25 00:00:00+00:00,6,0.21597996370103836,0.45184675995741674
66330,2026-04-25 01:00:00+00:00,6,0.26800008081305704,0.2010082347097062
66330,2026-04-25 02:00:00+00:00,6,0.6863533524975701,1.816271301126883
66330,2026-04-25 03:00:00+00:00,6,0.9349130148101613,3.014814145548016
66330,2026-04-25 04:00:00+00:00,6,0.8200935561941446,2.4611601888111907
66330,2026-04-25 05:00:00+00:00,6,0.34675447545302257,0.17874170252565352
66330,2026-04-25 06:00:00+00:00,6,0.22246880855404938,0.42055785935795176
66330,2026-04-25 07:00:00+00:00,6,0.24614622954899534,0.30638646387162294
66330,2026-04-25 08:00:00+00:00,6,0.16269766887141507,0.7087714459994734
66330,2026-04-25 09:00:00+00:00,6,0.2744624215356379,0.16984713576389304
66330,2026-04-25 10:00:00+00:00,6,0.2703528799471398,0.18966314942805354
66330,2026-04-25 11:00:00+00:00,6,0.37987339553493243,0.3384395565934157
66330,2026-04-25 12:00:00+00:00,6,0.5653077939868912,1.2325953874563784
66330,2026-04-25 13:00:00+00:00,6,1.1789268457834594,4.191437207921798
66330,2026-04-25 14:00:00+00:00,6,0.7734291057114998,2.236146432779929
66330,2026-04-25 15:00:00+00:00,6,0.6799777111006494,1.7855282621970003
66330,2026-04-25 16:00:00+00:00,6,0.478747512484053,0.8152058358249741
66330,2026-04-25 17:00:00+00:00,6,0.28359404817343953,0.12581486736268127
66330,2026-04-25 18:00:00+00:00,6,0.4106812500818751,0.4869935628052866
66330,2026-04-25 19:00:00+00:00,6,0.15907674948981743,0.7262313466714571
66330,2026-04-25 20:00:00+00:00,6,0.1573324669375563,0.7346421939996614
66330,2026-04-25 21:00:00+00:00,6,0.1864091475722137,0.5944358258788363
66330,2026-04-25 22:00:00+00:00,6,0.1894838230866223,0.5796098870984848
66330,2026-04-25 23:00:00+00:00,6,0.10608299048014277,0.9817647267423795
66330,2026-04-26 00:00:00+00:00,6,0.16980696488501376,0.6744907594765952
66330,2026-04-26 01:00:00+00:00,6,0.19438548700929068,0.5559742972943631
66330,2026-04-26 02:00:00+00:00,6,0.33683154747977406,0.13089381680119327
66330,2026-04-26 03:00:00+00:00,6,0.7061453448322816,1.9117073448071078
66330,2026-04-26 04:00:00+00:00,6,0.9689587419211759,3.178981018935155
66330,2026-04-26 05:00:00+00:00,6,0.5807309251858258,1.3069649909755692
66330,2026-04-26 06:00:00+00:00,6,0.22246880855404938,0.42055785935795176
66330,2026-04-26 07:00:00+00:00,6,0.3041313666966766,0.026784896326320973
66330,2026-04-26 08:00:00+00:00,6,0.2094079113350908,0.4835368832182916
66330,2026-04-26 09:00:00+00:00,6,0.06443218630066402,1.1826029192682441
66330,2026-04-26 10:00:00+00:00,6,0.23668502827603444,0.3520079254548566
66330,2026-04-26 11:00:00+00:00,6,0.2445258776694313,0.3141997234030648
66330,2026-04-26 12:00:00+00:00,6,0.3930514336911902,0.4019834284700526
66330,2026-04-26 13:00:00+00:00,6,0.1239431451580489,0.8956439121649185
66330,2026-04-26 14:00:00+00:00,6,0.5464332555489392,1.1415832627371651
66330,2026-04-26 15:00:00+00:00,6,0.35938060299470337,0.2396242877248511
66330,2026-04-26 16:00:00+00:00,6,0.42523347991445837,0.5571637214462323
66330,2026-04-26 17:00:00+00:00,6,0.3406452359762769,0.1492832409571783
66330,2026-04-26 18:00:00+00:00,6,0.30017422299748503,0.04586605463207877
66330,2026-04-26 19:00:00+00:00,6,0.4058770368140348,0.46382787541389614
66330,2026-04-26 20:00:00+00:00,6,0.37392163262922445,0.3097404395445828
66330,2026-04-26 21:00:00+00:00,6,0.36671602373853496,0.2749953369189919
66330,2026-04-20 06:00:00+00:00,12,0.2476599239685603,1.0649549414783945
66330,2026-04-20 07:00:00+00:00,12,0.4069551644201184,0.3954272860125349
66330,2026-04-20 08:00:00+00:00,12,0.5085961518816174,0.03177601172206882
66330,2026-04-20 09:00:00+00:00,12,0.4737717122480348,0.11459324171381981
66330,2026-04-20 10:00:00+00:00,12,0.4374780211717144,0.2671378489829902
66330,2026-04-20 11:00:00+00:00,12,0.4204336439862578,0.3387764105841125
66330,2026-04-20 12:00:00+00:00,12,0.4319313661191274,0.2904507800065995
66330,2026-04-20 13:00:00+00:00,12,0.984641000755855,2.032621678296096
66330,2026-04-20 14:00:00+00:00,12,1.1577885937136374,2.7603716200643476
66330,2026-04-20 15:00:00+00:00,12,1.2101147041846594,2.980301468338532
66330,2026-04-20 16:00:00+00:00,12,0.8268438354125623,1.3693905242957258
66330,2026-04-20 17:00:00+00:00,12,0.6019725698809227,0.4242428176457951
66330,2026-04-20 18:00:00+00:00,12,0.620240539729666,0.5010242141789168
66330,2026-04-20 19:00:00+00:00,12,0.5044791267815196,0.014471902980660253
66330,2026-04-20 20:00:00+00:00,12,0.45778042980658473,0.18180558158390112
66330,2026-04-20 21:00:00+00:00,12,0.46772638026915303,0.1400021424120448
66330,2026-04-20 22:00:00+00:00,12,0.4480359051306036,0.2227624158335904
66330,2026-04-20 23:00:00+00:00,12,0.5143256010862337,0.055857237766258144
66330,2026-04-21 00:00:00+00:00,12,0.6197643032446216,0.4990225630537785
66330,2026-04-21 01:00:00+00:00,12,0.7932128424742206,1.2280374004411294
66330,2026-04-21 02:00:00+00:00,12,0.46171214582210296,0.16528033827866875
66330,2026-04-21 03:00:00+00:00,12,0.6235431727494464,0.514905383109825
66330,2026-04-21 04:00:00+00:00,12,0.35014422001710316,0.634207166083836
66330,2026-04-21 05:00:00+00:00,12,0.2495113828136377,1.057173146515643
66330,2026-04-21 06:00:00+00:00,12,0.21050529124216213,1.2211181392518102
66330,2026-04-21 07:00:00+00:00,12,0.3013919570253832,0.839115914436725
66330,2026-04-21 08:00:00+00:00,12,0.276036883784152,0.945684840747672
66330,2026-04-21 09:00:00+00:00,12,0.3080422803615746,0.8111641979965581
66330,2026-04-21 10:00:00+00:00,12,0.4277314447299672,0.30810330692990373
66330,2026-04-21 11:00:00+00:00,12,0.6615120164459908,0.6744907594765952
66330,2026-04-21 12:00:00+00:00,12,0.8120806793297842,1.307340074757123
66330,2026-04-21 13:00:00+00:00,12,0.9973646277390166,2.0860998620692572
66330,2026-04-21 14:00:00+00:00,12,1.096948841274395,2.504658412976051
66330,2026-04-21 15:00:00+00:00,12,1.3371594587758404,3.5142783557806636
66330,2026-04-21 16:00:00+00:00,12,1.2053763026555517,2.96038567639493
66330,2026-04-21 17:00:00+00:00,12,0.7178276223211612,0.9111887013665055
66330,2026-04-21 18:00:00+00:00,12,0.5799275966662784,0.331586444552859
66330,2026-04-21 19:00:00+00:00,12,0.3983793673498731,0.4314718865286338
66330,2026-04-21 20:00:00+00:00,12,0.3611863437366691,0.5877964435514628
66330,2026-04-21 21:00:00+00:00,12,0.3668045497356903,0.5641827795161408
66330,2026-04-21 22:00:00+00:00,12,0.21529245597259708,1.2009973925853608
66330,2026-04-21 23:00:00+00:00,12,0.25604290089238746,1.029720775851574
66330,2026-04-22 00:00:00+00:00,12,0.3078311228125016,0.8120517061127079
66330,2026-04-22 01:00:00+00:00,12,0.45158003546104725,0.20786621890968432
66330,2026-04-22 02:00:00+00:00,12,0.6042967885346546,0.434011651049806
66330,2026-04-22 03:00:00+00:00,12,0.6235431727494464,0.514905383109825
66330,2026-04-22 04:00:00+00:00,12,0.3806474173836253,0.5060003586542661
66330,2026-04-22 05:00:00+00:00,12,0.3075121810344068,0.8133922379472598
66330,2026-04-22 06:00:00+00:00,12,0.21050529124216213,1.2211181392518102
66330,2026-04-22 07:00:00+00:00,12,0.3013919570253832,0.839115914436725
66330,2026-04-22 08:00:00+00:00,12,0.276036883784152,0.945684840747672
66330,2026-04-22 09:00:00+00:00,12,0.3080422803615746,0.8111641979965581
66330,2026-04-22 10:00:00+00:00,12,0.5033354546098352,0.009664978771507373
66330,2026-04-22 11:00:00+00:00,12,0.49244281203563384,0.03611746534834962
66330,2026-04-22 12:00:00+00:00,12,0.4871987248331023,0.05815868516016935
66330,2026-04-22 13:00:00+00:00,12,0.6712961578535759,0.7156141052764905
66330,2026-04-22 14:00:00+00:00,12,0.984641000755855,2.032621678296096
66330,2026-04-22 15:00:00+00:00,12,1.1577885937136374,2.7603716200643476
66330,2026-04-22 16:00:00+00:00,12,1.2053763026555517,2.96038567639493
66330,2026-04-22 17:00:00+00:00,12,0.8268438354125623,1.3693905242957258
66330,2026-04-22 18:00:00+00:00,12,0.6019725698809227,0.4242428176457951
66330,2026-04-22 19:00:00+00:00,12,0.620240539729666,0.5010242141789168
66330,2026-04-22 20:00:00+00:00,12,0.5224409625744199,0.08996659932056976
66330,2026-04-22 21:00:00+00:00,12,0.4506773921128452,0.21166008420616417
66330,2026-04-22 22:00:00+00:00,12,0.4105858479367381,0.3801673007441105
66330,2026-04-22 23:00:00+00:00,12,0.21935207359590222,1.183934570986206
66330,2026-04-23 00:00:00+00:00,12,0.2726658966010124,0.9598533064151646
66330,2026-04-23 01:00:00+00:00,12,0.45158003546104725,0.20786621890968432
66330,2026-04-23 02:00:00+00:00,12,0.6042967885346546,0.434011651049806
66330,2026-04-23 03:00:00+00:00,12,0.8558563466799153,1.4913318867177545
66330,2026-04-23 04:00:00+00:00,12,0.35014422001710316,0.634207166083836
66330,2026-04-23 05:00:00+00:00,12,0.46139013681974583,0.1666337618447208
66330,2026-04-23 06:00:00+00:00,12,0.42263402771033276,0.32952806297668263
66330,2026-04-23 07:00:00+00:00,12,0.4442524763589775,0.2386643987673442
66330,2026-04-23 08:00:00+00:00,12,0.8066128620687251,1.284358503801612
66330,2026-04-23 09:00:00+00:00,12,0.7152189892010618,0.9002244565345837
66330,2026-04-23 10:00:00+00:00,12,0.6402470908171015,0.5851129741792641
66330,2026-04-23 11:00:00+00:00,12,0.5813497491111539,0.33756383841242077
66330,2026-04-23 12:00:00+00:00,12,0.5805082274706694,0.3340268713983393
66330,2026-04-23 13:00:00+00:00,12,0.8422471612274035,1.4341316464407
66330,2026-04-23 14:00:00+00:00,12,0.8770704538368858,1.5804960788640179
66330,2026-04-23 15:00:00+00:00,12,1.2045916177148177,2.957087597512223
66330,2026-04-23 16:00:00+00:00,12,1.421808511226795,3.8700635095883764
66330,2026-04-23 17:00:00+00:00,12,0.9162175641981736,1.745033782213835
66330,2026-04-23 18:00:00+00:00,12,0.5010359452396133,0.0
66330,2026-04-23 19:00:00+00:00,12,0.3872964214422505,0.4780541872185407
66330,2026-04-23 20:00:00+00:00,12,0.3611863437366691,0.5877964435514628
66330,2026-04-23 21:00:00+00:00,12,0.3668045497356903,0.5641827795161408
66330,2026-04-23 22:00:00+00:00,12,0.39489754172829694,0.4461062129438274
66330,2026-04-23 23:00:00+00:00,12,0.4776583102520555,0.0982576321752436
66330,2026-04-24 00:00:00+00:00,12,0.6033375843083985,0.42998005691744057
66330,2026-04-24 01:00:00+00:00,12,0.8286965380128528,1.3771775468378413
66330,2026-04-24 02:00:00+00:00,12,1.3774904772645389,3.683792097526765
66330,2026-04-24 03:00:00+00:00,12,1.325635365840106,3.4658418871029992
66330,2026-04-24 04:00:00+00:00,12,0.8237914460211196,1.3565611446668788
66330,2026-04-24 05:00:00+00:00,12,0.3084557834357542,0.809426219240893
66330,2026-04-24 06:00:00+00:00,12,0.42146704544182434,0.3344329609509713
66330,2026-04-24 07:00:00+00:00,12,0.6054661429853264,0.4389265194510683
66330,2026-04-24 08:00:00+00:00,12,0.7110140062780987,0.8825506556745917
66330,2026-04-24 09:00:00+00:00,12,0.7275831546927571,0.9521918016352937
66330,2026-04-24 10:00:00+00:00,12,0.8120806793297842,1.307340074757123
66330,2026-04-24 11:00:00+00:00,12,0.9973646277390166,2.0860998620692572
66330,2026-04-24 12:00:00+00:00,12,1.2576374327413475,3.1800424081287306
66330,2026-04-24 13:00:00+00:00,12,1.5259156322241296,4.307632117671444
66330,2026-04-24 14:00:00+00:00,12,1.7240258752991373,5.140301607317104
66330,2026-04-24 15:00:00+00:00,12,1.5367501547090439,4.353170279495073
66330,2026-04-24 16:00:00+00:00,12,1.1817258294388242,2.860981288425981
66330,2026-04-24 17:00:00+00:00,12,0.7763306868225857,1.1570806658857982
66330,2026-04-24 18:00:00+00:00,12,0.4359128228733864,0.2737164733288782
66330,2026-04-24 19:00:00+00:00,12,0.4075899997957918,0.39275903403289936
66330,2026-04-24 20:00:00+00:00,12,0.3597800123843015,0.5937073403898722
66330,2026-04-24 21:00:00+00:00,12,0.3364746009591701,0.691661412507178
66330,2026-04-24 22:00:00+00:00,12,0.22007618174965712,1.1808911000506466
66330,2026-04-24 23:00:00+00:00,12,0.2849102454121086,0.9083895581640523
66330,2026-04-25 00:00:00+00:00,12,0.37041250543996934,0.5490183206354927
66330,2026-04-25 01:00:00+00:00,12,0.3274468142429538,0.7296057531982122
66330,2026-04-25 02:00:00+00:00,12,0.46171214582210296,0.16528033827866875
66330,2026-04-25 03:00:00+00:00,12,0.8866150464950014,1.620612586592999
66330,2026-04-25 04:00:00+00:00,12,0.5800483741023574,0.3320940795166029
66330,2026-04-25 05:00:00+00:00,12,0.3557539393528633,0.6106291720141691
66330,2026-04-25 06:00:00+00:00,12,0.5178513458488909,0.07067615902229388
66330,2026-04-25 07:00:00+00:00,12,0.5085961518816174,0.03177601172206882
66330,2026-04-25 08:00:00+00:00,12,0.4737717122480348,0.11459324171381981
66330,2026-04-25 09:00:00+00:00,12,0.4374780211717144,0.2671378489829902
66330,2026-04-25 10:00:00+00:00,12,0.4204336439862578,0.3387764105841125
66330,2026-04-25 11:00:00+00:00,12,0.4319313661191274,0.2904507800065995
66330,2026-04-25 12:00:00+00:00,12,0.8607856279832571,1.512049958047461
66330,2026-04-25 13:00:00+00:00,12,1.3954221013829626,3.759159812347813
66330,2026-04-25 14:00:00+00:00,12,1.7602215291009036,5.292434157914686
66330,2026-04-25 15:00:00+00:00,12,1.3128312237560469,3.412025293427692
66330,2026-04-25 16:00:00+00:00,12,1.1345783761094033,2.6628176534086956
66330,2026-04-25 17:00:00+00:00,12,0.7178276223211612,0.9111887013665055
66330,2026-04-25 18:00:00+00:00,12,0.4359128228733864,0.2737164733288782
66330,2026-04-25 19:00:00+00:00,12,0.40236167377703663,0.4147340086236362
66330,2026-04-25 20:00:00+00:00,12,0.38830953497506937,0.4737960089677271
66330,2026-04-25 21:00:00+00:00,12,0.3597800123843015,0.5937073403898722
66330,2026-04-25 22:00:00+00:00,12,0.22007618174965712,1.1808911000506466
66330,2026-04-25 23:00:00+00:00,12,0.21529245597259708,1.2009973925853608
66330,2026-04-26 00:00:00+00:00,12,0.25604290089238746,1.029720775851574
66330,2026-04-26 01:00:00+00:00,12,0.21935207359590222,1.183934570986206
66330,2026-04-26 02:00:00+00:00,12,0.2726658966010124,0.9598533064151646
66330,2026-04-26 03:00:00+00:00,12,0.50688977978982,0.02460402527266226
66330,2026-04-26 04:00:00+00:00,12,0.8392625500745727,1.4215871429014388
66330,2026-04-26 05:00:00+00:00,12,0.5800483741023574,0.3320940795166029
66330,2026-04-26 06:00:00+00:00,12,0.3557539393528633,0.6106291720141691
66330,2026-04-26 07:00:00+00:00,12,0.42146704544182434,0.3344329609509713
66330,2026-04-26 08:00:00+00:00,12,0.37998130597371893,0.5088000657220317
66330,2026-04-26 09:00:00+00:00,12,0.33883507373114624,0.6817402008229357
66330,2026-04-26 10:00:00+00:00,12,0.4277314447299672,0.30810330692990373
66330,2026-04-26 11:00:00+00:00,12,0.8421121820183559,1.4335643205550421
66330,2026-04-26 12:00:00+00:00,12,0.8770704538368858,1.5804960788640179
66330,2026-04-26 13:00:00+00:00,12,1.096948841274395,2.504658412976051
66330,2026-04-26 14:00:00+00:00,12,1.421808511226795,3.8700635095883764
66330,2026-04-26 15:00:00+00:00,12,0.9162175641981736,1.745033782213835
66330,2026-04-26 16:00:00+00:00,12,0.5010359452396133,0.0
66330,2026-04-26 17:00:00+00:00,12,0.3872964214422505,0.4780541872185407
66330,2026-04-26 18:00:00+00:00,12,0.369316290080067,0.5536257809570977
66330,2026-04-20 12:00:00+00:00,24,0.9809514741581514,0.4855974611846152
66330,2026-04-20 13:00:00+00:00,24,0.9813303010778265,0.4843012898988889
66330,2026-04-20 14:00:00+00:00,24,0.9822445805815818,0.48117304642318165
66330,2026-04-20 15:00:00+00:00,24,0.9827515353793158,0.47943848053608046
66330,2026-04-20 16:00:00+00:00,24,0.9837301208587133,0.47609021162184467
66330,2026-04-20 17:00:00+00:00,24,0.9830140865809298,0.47854015121762306
66330,2026-04-20 18:00:00+00:00,24,0.9832129843900318,0.4778596144987093
66330,2026-04-20 19:00:00+00:00,24,0.985469612798272,0.4701384711654313
66330,2026-04-20 20:00:00+00:00,24,0.9897444627731412,0.45551190293483657
66330,2026-04-20 21:00:00+00:00,24,0.9946151295736839,0.43884672387464957
66330,2026-04-20 22:00:00+00:00,24,0.9523274559690212,0.5835356713062259
66330,2026-04-20 23:00:00+00:00,24,1.0659962666089748,0.19461334086427348
66330,2026-04-21 00:00:00+00:00,24,1.0761427885054662,0.15989661496869476
66330,2026-04-21 01:00:00+00:00,24,0.8444758056186289,0.9525543577878592
66330,2026-04-21 02:00:00+00:00,24,0.8600363918733784,0.8993131966006495
66330,2026-04-21 03:00:00+00:00,24,0.9354068211282507,0.6414302925112856
66330,2026-04-21 04:00:00+00:00,24,1.0189470633492224,0.35559405029722924
66330,2026-04-21 05:00:00+00:00,24,0.9202185927361308,0.6933974165472576
66330,2026-04-21 06:00:00+00:00,24,0.9459535464606392,0.605344254734429
66330,2026-04-21 07:00:00+00:00,24,0.9543918293518797,0.5764723361446855
66330,2026-04-21 08:00:00+00:00,24,0.9447736787066949,0.6093812189103877
66330,2026-04-21 09:00:00+00:00,24,0.8703682658382418,0.8639622812737076
66330,2026-04-21 10:00:00+00:00,24,0.8572286134777288,0.9089201214101256
66330,2026-04-21 11:00:00+00:00,24,0.857369910427172,0.908436668310261
66330,2026-04-21 12:00:00+00:00,24,0.8602474148521091,0.8985911731343822
66330,2026-04-21 13:00:00+00:00,24,0.860742369750175,0.8968976653785106
66330,2026-04-21 14:00:00+00:00,24,0.8610251509480552,0.8959301183278682
66330,2026-04-21 15:00:00+00:00,24,0.8610244680049015,0.8959324550448743
66330,2026-04-21 16:00:00+00:00,24,0.860423733245316,0.8979878927798177
66330,2026-04-21 17:00:00+00:00,24,0.8592195068636944,0.9021082009635941
66330,2026-04-21 18:00:00+00:00,24,0.8602851298712966,0.8984621297048568
66330,2026-04-21 19:00:00+00:00,24,0.861598339256655,0.8939689318642495
66330,2026-04-21 20:00:00+00:00,24,0.8628888272622225,0.8895534761230747
66330,2026-04-21 21:00:00+00:00,24,0.8629181352408134,0.8894531977153923
66330,2026-04-21 22:00:00+00:00,24,0.8694624300027459,0.8670616344045747
66330,2026-04-21 23:00:00+00:00,24,0.8344914733681301,0.9867161453961641
66330,2026-04-22 00:00:00+00:00,24,0.8289146502396151,1.0057974662562443
66330,2026-04-22 01:00:00+00:00,24,0.8444758056186289,0.9525543577878592
66330,2026-04-22 02:00:00+00:00,24,0.8600363918733784,0.8993131966006495
66330,2026-04-22 03:00:00+00:00,24,0.9354068211282507,0.6414302925112856
66330,2026-04-22 04:00:00+00:00,24,1.0189470633492224,0.35559405029722924
66330,2026-04-22 05:00:00+00:00,24,0.9202185927361308,0.6933974165472576
66330,2026-04-22 06:00:00+00:00,24,0.9459535464606392,0.605344254734429
66330,2026-04-22 07:00:00+00:00,24,0.9013299016701537,0.7580258199502555
66330,2026-04-22 08:00:00+00:00,24,0.9447736787066949,0.6093812189103877
66330,2026-04-22 09:00:00+00:00,24,0.8703682658382418,0.8639622812737076
66330,2026-04-22 10:00:00+00:00,24,0.8572286134777288,0.9089201214101256
66330,2026-04-22 11:00:00+00:00,24,0.857369910427172,0.908436668310261
66330,2026-04-22 12:00:00+00:00,24,0.8602474148521091,0.8985911731343822
66330,2026-04-22 13:00:00+00:00,24,0.860742369750175,0.8968976653785106
66330,2026-04-22 14:00:00+00:00,24,0.8610251509480552,0.8959301183278682
66330,2026-04-22 15:00:00+00:00,24,0.8610244680049015,0.8959324550448743
66330,2026-04-22 16:00:00+00:00,24,0.860423733245316,0.8979878927798177
66330,2026-04-22 17:00:00+00:00,24,0.8592195068636944,0.9021082009635941
66330,2026-04-22 18:00:00+00:00,24,0.8602851298712966,0.8984621297048568
66330,2026-04-22 19:00:00+00:00,24,0.861598339256655,0.8939689318642495
66330,2026-04-22 20:00:00+00:00,24,0.8628888272622225,0.8895534761230747
66330,2026-04-22 21:00:00+00:00,24,0.8629181352408134,0.8894531977153923
66330,2026-04-22 22:00:00+00:00,24,0.8694624300027459,0.8670616344045747
66330,2026-04-22 23:00:00+00:00,24,1.0430140731723103,0.27324782449907964
66330,2026-04-23 00:00:00+00:00,24,1.0214201604597133,0.3471322507393185
66330,2026-04-23 01:00:00+00:00,24,0.8877652273580697,0.8044378895007348
66330,2026-04-23 02:00:00+00:00,24,1.3856252126327882,0.8990097371323945
66330,2026-04-23 03:00:00+00:00,24,1.514317353436957,1.3393349858029266
66330,2026-04-23 04:00:00+00:00,24,1.449488951387722,1.1175220446639609
66330,2026-04-23 05:00:00+00:00,24,1.372995602810377,0.8557970277088454
66330,2026-04-23 06:00:00+00:00,24,1.2895696419268956,0.570351803610071
66330,2026-04-23 07:00:00+00:00,24,1.2416772966287732,0.4064862503522329
66330,2026-04-23 08:00:00+00:00,24,1.221285429951332,0.33671467215411993
66330,2026-04-23 09:00:00+00:00,24,1.3131989613189912,0.6512004542908658
66330,2026-04-23 10:00:00+00:00,24,1.2917082834329208,0.5776692500918311
66330,2026-04-23 11:00:00+00:00,24,1.249763210947929,0.43415252593878045
66330,2026-04-23 12:00:00+00:00,24,1.2398928265377045,0.4003806153718447
66330,2026-04-23 13:00:00+00:00,24,1.2535664512367855,0.4471654629796896
66330,2026-04-23 14:00:00+00:00,24,1.2586721916285097,0.4646349556276847
66330,2026-04-23 15:00:00+00:00,24,1.2622415204471482,0.4768475553236171
66330,2026-04-23 16:00:00+00:00,24,1.2663107905076756,0.4907707237479878
66330,2026-04-23 17:00:00+00:00,24,1.2702865976557967,0.5043741051217304
66330,2026-04-23 18:00:00+00:00,24,1.2841857275240258,0.5519305275830294
66330,2026-04-23 19:00:00+00:00,24,1.2987474386350146,0.6017539979670646
66330,2026-04-23 20:00:00+00:00,24,1.3652919918661666,0.8294388182372024
66330,2026-04-23 21:00:00+00:00,24,1.4004307358851655,0.9496674203993221
66330,2026-04-23 22:00:00+00:00,24,1.46604580420636,1.1741719712951604
66330,2026-04-23 23:00:00+00:00,24,1.4479967327919885,1.112416359731444
66330,2026-04-24 00:00:00+00:00,24,1.2601542065733267,0.46970572836510444
66330,2026-04-24 01:00:00+00:00,24,1.1492544791276225,0.09025792557090227
66330,2026-04-24 02:00:00+00:00,24,1.334901646586032,0.7254570501273574
66330,2026-04-24 03:00:00+00:00,24,1.4832328503283074,1.232978129233542
66330,2026-04-24 04:00:00+00:00,24,1.5785197727206177,1.5590061021560702
66330,2026-04-24 05:00:00+00:00,24,1.6216996477925152,1.7067477521883607
66330,2026-04-24 06:00:00+00:00,24,1.7087518592954407,2.004600336175399
66330,2026-04-24 07:00:00+00:00,24,1.810649338985776,2.353246592296223
66330,2026-04-24 08:00:00+00:00,24,1.476449295590561,1.2097679284543537
66330,2026-04-24 09:00:00+00:00,24,1.4528975640162969,1.1291847475603456
66330,2026-04-24 10:00:00+00:00,24,1.3711794095157932,0.8495828505331913
66330,2026-04-24 11:00:00+00:00,24,1.1318071010095603,0.030561031413433505
66330,2026-04-24 12:00:00+00:00,24,1.1228751477099188,0.0
66330,2026-04-24 13:00:00+00:00,24,1.1149638247822868,0.02706890423653271
66330,2026-04-24 14:00:00+00:00,24,1.1188300745210458,0.013840377871181744
66330,2026-04-24 15:00:00+00:00,24,1.1371192985581338,0.04873692538758082
66330,2026-04-24 16:00:00+00:00,24,1.1542874571487252,0.10747845889055296
66330,2026-04-24 17:00:00+00:00,24,1.1680107836202702,0.15443336307825475
66330,2026-04-24 18:00:00+00:00,24,1.1860618228617417,0.2161957076402078
66330,2026-04-24 19:00:00+00:00,24,1.24633228975883,0.4224134934204085
66330,2026-04-24 20:00:00+00:00,24,1.2423687690567164,0.4088521506075269
66330,2026-04-24 21:00:00+00:00,24,1.2201325892598835,0.3327701821412292
66330,2026-04-24 22:00:00+00:00,24,1.5312561433254996,1.3972917252218489
66330,2026-04-24 23:00:00+00:00,24,2.012138378343147,3.0426493079945147
66330,2026-04-25 00:00:00+00:00,24,2.0339619583390705,3.117319549926453
66330,2026-04-25 01:00:00+00:00,24,1.8640274667737495,2.5358819672689075
66330,2026-04-25 02:00:00+00:00,24,1.6781575329927427,1.8999206389307752
66330,2026-04-25 03:00:00+00:00,24,1.4868231332862158,1.2452624243455819
66330,2026-04-25 04:00:00+00:00,24,1.3200059278588014,0.6744907594765952
66330,2026-04-25 05:00:00+00:00,24,1.0231939619402772,0.34106311883164436
66330,2026-04-25 06:00:00+00:00,24,0.9013299016701537,0.7580258199502555
66330,2026-04-25 07:00:00+00:00,24,1.0694643971097657,0.18274699521456986
66330,2026-04-25 08:00:00+00:00,24,1.3285737141441538,0.7038057790502812
66330,2026-04-25 09:00:00+00:00,24,1.2451005382948679,0.41819900707897173
66330,2026-04-25 10:00:00+00:00,24,1.19325448325436,0.24080567959491878
66330,2026-04-25 11:00:00+00:00,24,1.2138781657229076,0.311370424689059
66330,2026-04-25 12:00:00+00:00,24,1.2214865082668003,0.33740266956179016
66330,2026-04-25 13:00:00+00:00,24,1.223760576114544,0.34518348262694193
66330,2026-04-25 14:00:00+00:00,24,1.2234002322089734,0.34395055170485295
66330,2026-04-25 15:00:00+00:00,24,1.2192788913749992,0.3298492210700849
66330,2026-04-25 16:00:00+00:00,24,1.221834772099549,0.3385942680370335
66330,2026-04-25 17:00:00+00:00,24,1.2261256305496526,0.3532756098986704
66330,2026-04-25 18:00:00+00:00,24,1.2297223445436543,0.3655819090550075
66330,2026-04-25 19:00:00+00:00,24,1.243141013954215,0.41149441706141243
66330,2026-04-25 20:00:00+00:00,24,1.2784448601014289,0.5322879226838989
66330,2026-04-25 21:00:00+00:00,24,1.2580735323356904,0.4625866191843527
66330,2026-04-25 22:00:00+00:00,24,1.2201325892598835,0.3327701821412292
66330,2026-04-25 23:00:00+00:00,24,0.9523274559690212,0.5835356713062259
66330,2026-04-26 00:00:00+00:00,24,0.8344914733681301,0.9867161453961641
66330,2026-04-26 01:00:00+00:00,24,0.8289146502396151,1.0057974662562443
66330,2026-04-26 02:00:00+00:00,24,1.022663308270011,0.34287877134824596
66330,2026-04-26 03:00:00+00:00,24,0.9464923565264355,0.603500694787991
66330,2026-04-26 04:00:00+00:00,24,1.1368142160975396,0.04769307368469753
66330,2026-04-26 05:00:00+00:00,24,1.3745824063921415,0.8612263389112675
66330,2026-04-26 06:00:00+00:00,24,1.6216996477925152,1.7067477521883607
66330,2026-04-26 07:00:00+00:00,24,1.7087518592954407,2.004600336175399
66330,2026-04-26 08:00:00+00:00,24,1.6696049015470007,1.870657472240088
66330,2026-04-26 09:00:00+00:00,24,1.5969741471063654,1.622148473863358
66330,2026-04-26 10:00:00+00:00,24,1.5605855994329494,1.4976436190763174
66330,2026-04-26 11:00:00+00:00,24,1.3835111755917358,0.8917764758004799
66330,2026-04-26 12:00:00+00:00,24,1.3106988743165575,0.6426463077504043
66331,2026-04-20 03:00:00+00:00,6,1.3723775778455305,2.705619526626863
66331,2026-04-20 04:00:00+00:00,6,0.5328880756011758,0.19757729840777874
66331,2026-04-20 05:00:00+00:00,6,0.3592416380765233,0.3212053628730391
66331,2026-04-20 06:00:00+00:00,6,0.22203074361946035,0.7311339165357124
66331,2026-04-20 07:00:00+00:00,6,0.12326856192718957,1.0261938566219693
66331,2026-04-20 08:00:00+00:00,6,0.22160720459658192,0.7323992733410539
66331,2026-04-20 09:00:00+00:00,6,0.3138536629395817,0.4568055794242555
66331,2026-04-20 10:00:00+00:00,6,0.3291014371190289,0.4112516309518054
66331,2026-04-20 11:00:00+00:00,6,0.40818525084836976,0.17498239366947238
66331,2026-04-20 12:00:00+00:00,6,0.5061785790204905,0.11778053485118892
66331,2026-04-20 13:00:00+00:00,6,1.2400644924102664,2.3103235702981446
66331,2026-04-20 14:00:00+00:00,6,0.6231897736657591,0.4673608649924406
66331,2026-04-20 15:00:00+00:00,6,0.5405036318732769,0.22032938365809396
66331,2026-04-20 16:00:00+00:00,6,0.2375186966874057,0.6848624143677489
66331,2026-04-20 17:00:00+00:00,6,0.39717528484235426,0.20787555028491497
66331,2026-04-20 18:00:00+00:00,6,0.09981095859152943,1.0962753282560525
66331,2026-04-20 19:00:00+00:00,6,0.4306367600034151,0.1079067091045559
66331,2026-04-20 20:00:00+00:00,6,0.39924017752387053,0.20170651776200926
66331,2026-04-20 21:00:00+00:00,6,0.519339957381084,0.15710120845304792
66331,2026-04-20 22:00:00+00:00,6,0.17748263365424188,0.8642249685160073
66331,2026-04-20 23:00:00+00:00,6,0.12592354887587842,1.0182618701410424
66331,2026-04-21 00:00:00+00:00,6,0.19614795205284544,0.8084608325480197
66331,2026-04-21 01:00:00+00:00,6,0.5773387044277901,0.330377117666973
66331,2026-04-21 02:00:00+00:00,6,1.1884299197995862,2.1560611427187517
66331,2026-04-21 03:00:00+00:00,6,0.834188621578046,1.0977368485572194
66331,2026-04-21 04:00:00+00:00,6,0.518917120383085,0.15583794900334721
66331,2026-04-21 05:00:00+00:00,6,0.2908032545572513,0.5256705234718254
66331,2026-04-21 06:00:00+00:00,6,0.2540654002127701,0.6354278102798041
66331,2026-04-21 07:00:00+00:00,6,0.14435080739399714,0.9632089571621506
66331,2026-04-21 08:00:00+00:00,6,0.09996517267894456,1.095814601299504
66331,2026-04-21 09:00:00+00:00,6,0.10318247594661169,1.0862026497090151
66331,2026-04-21 10:00:00+00:00,6,0.2278946316785969,0.7136150805829748
66331,2026-04-21 11:00:00+00:00,6,0.3561942406207686,0.3303097072213208
66331,2026-04-21 12:00:00+00:00,6,0.5061785790204905,0.11778053485118892
66331,2026-04-21 13:00:00+00:00,6,0.994792110792158,1.5775526555106645
66331,2026-04-21 14:00:00+00:00,6,0.5971155972754935,0.3894621714674031
66331,2026-04-21 15:00:00+00:00,6,0.4306367600034151,0.1079067091045559
66331,2026-04-21 16:00:00+00:00,6,0.6038426257957015,0.4095597087850346
66331,2026-04-21 17:00:00+00:00,6,0.2375186966874057,0.6848624143677489
66331,2026-04-21 18:00:00+00:00,6,0.4495115472154643,0.051516768253705505
66331,2026-04-21 19:00:00+00:00,6,0.28755904071356836,0.5353628725668131
66331,2026-04-21 20:00:00+00:00,6,0.47138442383068735,0.01383020518305966
66331,2026-04-21 21:00:00+00:00,6,0.5358209506502988,0.20633949787974962
66331,2026-04-21 22:00:00+00:00,6,0.415868371195111,0.1520284553264681
66331,2026-04-21 23:00:00+00:00,6,0.2986291326658123,0.5022900848639664
66331,2026-04-22 00:00:00+00:00,6,0.245101888821992,0.662207019574372
66331,2026-04-22 01:00:00+00:00,6,0.5291165234083164,0.18630948369379519
66331,2026-04-22 02:00:00+00:00,6,1.1217037611356235,1.9567113912225702
66331,2026-04-22 03:00:00+00:00,6,1.1776065157447735,2.1237253548977306
66331,2026-04-22 04:00:00+00:00,6,0.24099028711920134,0.6744907594765952
66331,2026-04-22 05:00:00+00:00,6,0.1668399864999956,0.8960207305970391
66331,2026-04-22 06:00:00+00:00,6,0.10220116072532581,1.0891344076495244
66331,2026-04-22 07:00:00+00:00,6,0.178143240691042,0.8622513520024906
66331,2026-04-22 08:00:00+00:00,6,0.09996517267894456,1.095814601299504
66331,2026-04-22 09:00:00+00:00,6,0.10318247594661169,1.0862026497090151
66331,2026-04-22 10:00:00+00:00,6,0.09330661751902633,1.1157075689606293
66331,2026-04-22 11:00:00+00:00,6,0.4046655448989708,0.18549779752908743
66331,2026-04-22 12:00:00+00:00,6,0.7107998014854291,0.7291028508061277
66331,2026-04-22 13:00:00+00:00,6,1.0348115637816364,1.6971139815064062
66331,2026-04-22 14:00:00+00:00,6,0.9610468533575353,1.4767359920242369
66331,2026-04-22 15:00:00+00:00,6,1.424413037294231,2.8610796357922723
66331,2026-04-22 16:00:00+00:00,6,1.1185198266443066,1.9471991315281283
66331,2026-04-22 17:00:00+00:00,6,0.5303436988771721,0.18997576884577902
66331,2026-04-22 18:00:00+00:00,6,0.5834664543251984,0.34868426202741754
66331,2026-04-22 19:00:00+00:00,6,0.44946210951906845,0.051664467337369124
66331,2026-04-22 20:00:00+00:00,6,0.39924017752387053,0.20170651776200926
66331,2026-04-22 21:00:00+00:00,6,0.519339957381084,0.15710120845304792
66331,2026-04-22 22:00:00+00:00,6,0.17748263365424188,0.8642249685160073
66331,2026-04-22 23:00:00+00:00,6,0.12518028823745603,1.0204824209195247
66331,2026-04-23 00:00:00+00:00,6,0.15190223525131696,0.9406484606951021
66331,2026-04-23 01:00:00+00:00,6,0.245101888821992,0.662207019574372
66331,2026-04-23 02:00:00+00:00,6,0.6694358789902989,0.6055248143146469
66331,2026-04-23 03:00:00+00:00,6,0.46675519074424593,0.0
66331,2026-04-23 04:00:00+00:00,6,0.28004354617054633,0.5578160153749799
66331,2026-04-23 05:00:00+00:00,6,0.1999279343919669,0.7971678320958479
66331,2026-04-23 06:00:00+00:00,6,0.9777709401440969,1.5267005428339366
66331,2026-04-23 07:00:00+00:00,6,0.8613133699624893,1.1787742101872631
66331,2026-04-23 08:00:00+00:00,6,0.6500475347878568,0.5476005807596485
66331,2026-04-23 09:00:00+00:00,6,0.7947864966718527,0.9800198397297155
66331,2026-04-23 10:00:00+00:00,6,0.7185410981997605,0.7522305957139676
66331,2026-04-23 11:00:00+00:00,6,1.033078066814504,1.691935020263372
66331,2026-04-23 12:00:00+00:00,6,1.4180274521035947,2.842002187810863
66331,2026-04-23 13:00:00+00:00,6,1.7284645932109068,3.7694580488111558
66331,2026-04-23 14:00:00+00:00,6,1.8544035748670435,4.1457108587963365
66331,2026-04-23 15:00:00+00:00,6,1.3390869150197793,2.6061610010000775
66331,2026-04-23 16:00:00+00:00,6,1.772369038377353,3.9006261005730756
66331,2026-04-23 17:00:00+00:00,6,1.1305866613435096,1.9832497681419634
66331,2026-04-23 18:00:00+00:00,6,0.8006906357489614,0.9976589288274094
66331,2026-04-23 19:00:00+00:00,6,0.44946210951906845,0.051664467337369124
66331,2026-04-23 20:00:00+00:00,6,0.542123174591288,0.22516789744095517
66331,2026-04-23 21:00:00+00:00,6,0.7254486994610412,0.772867608580328
66331,2026-04-23 22:00:00+00:00,6,0.6778641356888336,0.6307049072802915
66331,2026-04-23 23:00:00+00:00,6,0.6640653883103081,0.5894800426103389
66331,2026-04-24 00:00:00+00:00,6,0.8976412453798983,1.2873066520638543
66331,2026-04-24 01:00:00+00:00,6,0.5291165234083164,0.18630948369379519
66331,2026-04-24 02:00:00+00:00,6,1.2463143719394403,2.3289955867302066
66331,2026-04-24 03:00:00+00:00,6,0.46675519074424593,0.0
66331,2026-04-24 04:00:00+00:00,6,0.3833073084211586,0.24930724227310283
66331,2026-04-24 05:00:00+00:00,6,0.2540654002127701,0.6354278102798041
66331,2026-04-24 06:00:00+00:00,6,0.14435080739399714,0.9632089571621506
66331,2026-04-24 07:00:00+00:00,6,0.12326856192718957,1.0261938566219693
66331,2026-04-24 08:00:00+00:00,6,0.22160720459658192,0.7323992733410539
66331,2026-04-24 09:00:00+00:00,6,0.22805780168749254,0.7131275970925975
66331,2026-04-24 10:00:00+00:00,6,0.30401231310520066,0.48620740148553976
66331,2026-04-24 11:00:00+00:00,6,0.25833634424538354,0.6226680223854738
66331,2026-04-24 12:00:00+00:00,6,0.6106240836511726,0.4298198581078536
66331,2026-04-24 13:00:00+00:00,6,1.0348115637816364,1.6971139815064062
66331,2026-04-24 14:00:00+00:00,6,0.8976412453798983,1.2873066520638543
66331,2026-04-24 15:00:00+00:00,6,0.8380613221659355,1.109306852215048
66331,2026-04-24 16:00:00+00:00,6,0.6367006015471595,0.5077255470690588
66331,2026-04-24 17:00:00+00:00,6,0.39717528484235426,0.20787555028491497
66331,2026-04-24 18:00:00+00:00,6,0.9244097041526758,1.3672795698990146
66331,2026-04-24 19:00:00+00:00,6,0.6231897736657591,0.4673608649924406
66331,2026-04-24 20:00:00+00:00,6,0.5405036318732769,0.22032938365809396
66331,2026-04-24 21:00:00+00:00,6,0.5350117754042948,0.20392202192372882
66331,2026-04-24 22:00:00+00:00,6,0.29249800516584784,0.5206073200829844
66331,2026-04-24 23:00:00+00:00,6,0.2986291326658123,0.5022900848639664
66331,2026-04-25 00:00:00+00:00,6,0.12518028823745603,1.0204824209195247
66331,2026-04-25 01:00:00+00:00,6,0.15190223525131696,0.9406484606951021
66331,2026-04-25 02:00:00+00:00,6,0.19614795205284544,0.8084608325480197
66331,2026-04-25 03:00:00+00:00,6,0.6694358789902989,0.6055248143146469
66331,2026-04-25 04:00:00+00:00,6,1.3723775778455305,2.705619526626863
66331,2026-04-25 05:00:00+00:00,6,0.5867268015759504,0.35842481097017703
66331,2026-04-25 06:00:00+00:00,6,0.34145560750323006,0.3743425559301964
66331,2026-04-25 07:00:00+00:00,6,0.1902716924310632,0.8260166295365553
66331,2026-04-25 08:00:00+00:00,6,0.27889284234936373,0.5612538353453111
66331,2026-04-25 09:00:00+00:00,6,0.2987399553688951,0.5019589931487825
66331,2026-04-25 10:00:00+00:00,6,0.3554285787374026,0.3325971835160044
66331,2026-04-25 11:00:00+00:00,6,0.3710401324956075,0.2859564143711707
66331,2026-04-25 12:00:00+00:00,6,0.25833634424538354,0.6226680223854738
66331,2026-04-25 13:00:00+00:00,6,1.1185198266443066,1.9471991315281283
66331,2026-04-25 14:00:00+00:00,6,1.7284645932109068,3.7694580488111558
66331,2026-04-25 15:00:00+00:00,6,1.5674611268633254,3.288447278087012
66331,2026-04-25 16:00:00+00:00,6,1.5373873396654114,3.1985994264424207
66331,2026-04-25 17:00:00+00:00,6,1.794881773076715,3.96788470136289
66331,2026-04-25 18:00:00+00:00,6,1.2944294966986476,2.4727433815382422
66331,2026-04-25 19:00:00+00:00,6,0.6708693323599284,0.609807371241925
66331,2026-04-25 20:00:00+00:00,6,0.38832346217503144,0.23432108055896766
66331,2026-04-25 21:00:00+00:00,6,0.42486172217620494,0.12516009786222704
66331,2026-04-25 22:00:00+00:00,6,0.09981095859152943,1.0962753282560525
66331,2026-04-25 23:00:00+00:00,6,0.6274007294928904,0.4799414333108951
66331,2026-04-26 00:00:00+00:00,6,0.9082527818247608,1.3190094684050335
66331,2026-04-26 01:00:00+00:00,6,0.7911173558892561,0.9690579873188981
66331,2026-04-26 02:00:00+00:00,6,1.190137031393183,2.161161275541826
66331,2026-04-26 03:00:00+00:00,6,0.5728220392842891,0.3168832182431676
66331,2026-04-26 04:00:00+00:00,6,0.9929720685591507,1.5721151333435373
66331,2026-04-26 05:00:00+00:00,6,0.6961364442808897,0.6852948949256494
66331,2026-04-26 06:00:00+00:00,6,0.2803634901268904,0.5568601571408638
66331,2026-04-26 07:00:00+00:00,6,0.1668399864999956,0.8960207305970391
66331,2026-04-26 08:00:00+00:00,6,0.10220116072532581,1.0891344076495244
66331,2026-04-26 09:00:00+00:00,6,0.09330661751902633,1.1157075689606293
66331,2026-04-26 10:00:00+00:00,6,0.3460656697966499,0.36056962502908796
66331,2026-04-26 11:00:00+00:00,6,0.3291014371190289,0.4112516309518054
66331,2026-04-26 12:00:00+00:00,6,0.40818525084836976,0.17498239366947238
66331,2026-04-26 13:00:00+00:00,6,0.994792110792158,1.5775526555106645
66331,2026-04-26 14:00:00+00:00,6,0.3635334226071514,0.3083833123191544
66331,2026-04-26 15:00:00+00:00,6,0.5834664543251984,0.34868426202741754
66331,2026-04-26 16:00:00+00:00,6,0.6367934899998527,0.5080030587725952
66331,2026-04-26 17:00:00+00:00,6,0.766528162822116,0.8955958005907209
66331,2026-04-26 18:00:00+00:00,6,0.7911173558892561,0.9690579873188981
66331,2026-04-26 19:00:00+00:00,6,0.3635334226071514,0.3083833123191544
66331,2026-04-26 20:00:00+00:00,6,0.42486172217620494,0.12516009786222704
66331,2026-04-26 21:00:00+00:00,6,0.28755904071356836,0.5353628725668131
66331,2026-04-20 06:00:00+00:00,12,0.38053981210603266,0.8273738065252567
66331,2026-04-20 07:00:00+00:00,12,0.4660974848923339,0.6444866397493919
66331,2026-04-20 08:00:00+00:00,12,0.43553712488771895,0.7098121386190779
66331,2026-04-20 09:00:00+00:00,12,0.4372254975072035,0.7062030913555937
66331,2026-04-20 10:00:00+00:00,12,0.5241390980240225,0.5204175079572173
66331,2026-04-20 11:00:00+00:00,12,0.5991050013571617,0.3601711943432925
66331,2026-04-20 12:00:00+00:00,12,0.7167484303379545,0.10869785810804442
66331,2026-04-20 13:00:00+00:00,12,0.9595079373573735,0.410222269109298
66331,2026-04-20 14:00:00+00:00,12,1.1135046796291572,0.7394040592351856
66331,2026-04-20 15:00:00+00:00,12,1.2764963265812614,1.0878132614543363
66331,2026-04-20 16:00:00+00:00,12,1.0243109547986868,0.5487445064774272
66331,2026-04-20 17:00:00+00:00,12,0.650736835546387,0.24980353750094164
66331,2026-04-20 18:00:00+00:00,12,0.5850505944461298,0.3902137443211748
66331,2026-04-20 19:00:00+00:00,12,0.5646875986115016,0.4337414665462253
66331,2026-04-20 20:00:00+00:00,12,0.5630233151760924,0.4372990210273324
66331,2026-04-20 21:00:00+00:00,12,0.5982180555150193,0.36206712029441346
66331,2026-04-20 22:00:00+00:00,12,0.5836741796583083,0.39315595385838176
66331,2026-04-20 23:00:00+00:00,12,0.4520610562947652,0.6744907594765952
66331,2026-04-21 00:00:00+00:00,12,0.5582209901390984,0.44756441969176697
66331,2026-04-21 01:00:00+00:00,12,0.43299320707009503,0.7152499901527204
66331,2026-04-21 02:00:00+00:00,12,0.5932612366237325,0.37266276337031606
66331,2026-04-21 03:00:00+00:00,12,0.7768149751834514,0.019699746069979006
66331,2026-04-21 04:00:00+00:00,12,0.49533300700391864,0.5819931001979401
66331,2026-04-21 05:00:00+00:00,12,0.21635271274936724,1.1783383950255615
66331,2026-04-21 06:00:00+00:00,12,0.18151223977946182,1.2528130176174153
66331,2026-04-21 07:00:00+00:00,12,0.25003275367692507,1.106344299562946
66331,2026-04-21 08:00:00+00:00,12,0.311914442539636,0.9740666629367795
66331,2026-04-21 09:00:00+00:00,12,0.32511092624990734,0.9458580004220389
66331,2026-04-21 10:00:00+00:00,12,0.3869371491280598,0.813698927291559
66331,2026-04-21 11:00:00+00:00,12,0.499645081624219,0.5727756555836786
66331,2026-04-21 12:00:00+00:00,12,0.5638433485193762,0.43554612651850777
66331,2026-04-21 13:00:00+00:00,12,0.777887025304539,0.021991348949093565
66331,2026-04-21 14:00:00+00:00,12,1.1135046796291572,0.7394040592351856
66331,2026-04-21 15:00:00+00:00,12,1.2764963265812614,1.0878132614543363
66331,2026-04-21 16:00:00+00:00,12,1.0243109547986868,0.5487445064774272
66331,2026-04-21 17:00:00+00:00,12,0.7011771552453621,0.14198284929620814
66331,2026-04-21 18:00:00+00:00,12,0.650736835546387,0.24980353750094164
66331,2026-04-21 19:00:00+00:00,12,0.5850505944461298,0.3902137443211748
66331,2026-04-21 20:00:00+00:00,12,0.5646875986115016,0.4337414665462253
66331,2026-04-21 21:00:00+00:00,12,0.48407186295698185,0.6060648013362269
66331,2026-04-21 22:00:00+00:00,12,0.48010162359888103,0.6145515425480722
66331,2026-04-21 23:00:00+00:00,12,0.4999343365513205,0.5721573473435084
66331,2026-04-22 00:00:00+00:00,12,0.5966590105939503,0.365399718052218
66331,2026-04-22 01:00:00+00:00,12,0.8381817045982826,0.15087661088503682
66331,2026-04-22 02:00:00+00:00,12,0.7039745821778055,0.13600309938862304
66331,2026-04-22 03:00:00+00:00,12,0.7768149751834514,0.019699746069979006
66331,2026-04-22 04:00:00+00:00,12,0.49533300700391864,0.5819931001979401
66331,2026-04-22 05:00:00+00:00,12,0.21635271274936724,1.1783383950255615
66331,2026-04-22 06:00:00+00:00,12,0.18151223977946182,1.2528130176174153
66331,2026-04-22 07:00:00+00:00,12,0.25003275367692507,1.106344299562946
66331,2026-04-22 08:00:00+00:00,12,0.37235462569427236,0.8448703735031611
66331,2026-04-22 09:00:00+00:00,12,0.41544479770437415,0.7527612824284683
66331,2026-04-22 10:00:00+00:00,12,0.4410984049634065,0.6979244057768118
66331,2026-04-22 11:00:00+00:00,12,0.4699770829226023,0.636193652471007
66331,2026-04-22 12:00:00+00:00,12,0.6795976042188994,0.1881110668949092
66331,2026-04-22 13:00:00+00:00,12,0.8276480941806669,0.12836007785578737
66331,2026-04-22 14:00:00+00:00,12,1.206117190921989,0.9373715733896344
66331,2026-04-22 15:00:00+00:00,12,1.4223756588283205,1.3996433626827485
66331,2026-04-22 16:00:00+00:00,12,1.2622671082263524,1.057397036402676
66331,2026-04-22 17:00:00+00:00,12,1.0253517647462642,0.5509693306955894
66331,2026-04-22 18:00:00+00:00,12,0.9114683267089867,0.30753331090862757
66331,2026-04-22 19:00:00+00:00,12,0.8995587298866206,0.28207548404924476
66331,2026-04-22 20:00:00+00:00,12,0.642755798890067,0.26686371614388377
66331,2026-04-22 21:00:00+00:00,12,0.48407186295698185,0.6060648013362269
66331,2026-04-22 22:00:00+00:00,12,0.48010162359888103,0.6145515425480722
66331,2026-04-22 23:00:00+00:00,12,0.4520610562947652,0.6744907594765952
66331,2026-04-23 00:00:00+00:00,12,0.5582209901390984,0.44756441969176697
66331,2026-04-23 01:00:00+00:00,12,0.43299320707009503,0.7152499901527204
66331,2026-04-23 02:00:00+00:00,12,0.5932612366237325,0.37266276337031606
66331,2026-04-23 03:00:00+00:00,12,1.1652356387037925,0.8499836043729896
66331,2026-04-23 04:00:00+00:00,12,1.2440863860505655,1.018534119023264
66331,2026-04-23 05:00:00+00:00,12,0.8024684864364029,0.07453641750006319
66331,2026-04-23 06:00:00+00:00,12,0.7776870010155627,0.02156377916714525
66331,2026-04-23 07:00:00+00:00,12,0.8263095974840825,0.12549892162508208
66331,2026-04-23 08:00:00+00:00,12,0.8382759877300238,0.15107814949960352
66331,2026-04-23 09:00:00+00:00,12,1.1613773549228548,0.8417361782061343
66331,2026-04-23 10:00:00+00:00,12,1.1884332552953718,0.899570581627308
66331,2026-04-23 11:00:00+00:00,12,1.3252337383862483,1.1919938319481818
66331,2026-04-23 12:00:00+00:00,12,1.48607448904217,1.5358053012367041
66331,2026-04-23 13:00:00+00:00,12,1.7337820088693856,2.065302247740014
66331,2026-04-23 14:00:00+00:00,12,1.9991564955816457,2.632563913805052
66331,2026-04-23 15:00:00+00:00,12,2.34263663112882,3.3667833799061753
66331,2026-04-23 16:00:00+00:00,12,2.0253127976277696,2.688475345460019
66331,2026-04-23 17:00:00+00:00,12,1.78713925314119,2.1793581227310463
66331,2026-04-23 18:00:00+00:00,12,1.4432602229806568,1.4442859837684068
66331,2026-04-23 19:00:00+00:00,12,1.436974050792222,1.430848729294695
66331,2026-04-23 20:00:00+00:00,12,1.202417582349482,0.929463329652156
66331,2026-04-23 21:00:00+00:00,12,0.6347411883120518,0.28399566204295157
66331,2026-04-23 22:00:00+00:00,12,0.5701050010127074,0.42216128508294537
66331,2026-04-23 23:00:00+00:00,12,0.7093756039318089,0.12445793302170145
66331,2026-04-24 00:00:00+00:00,12,1.0488619267937656,0.6012244017755197
66331,2026-04-24 01:00:00+00:00,12,1.670632924919109,1.9303154409225372
66331,2026-04-24 02:00:00+00:00,12,1.2225059661629065,0.9724040441561574
66331,2026-04-24 03:00:00+00:00,12,0.8602727498854555,0.198098193147794
66331,2026-04-24 04:00:00+00:00,12,0.5843775976705732,0.39165233503457897
66331,2026-04-24 05:00:00+00:00,12,0.49826088410032476,0.5757345014143207
66331,2026-04-24 06:00:00+00:00,12,0.32074669405263745,0.9551869365152901
66331,2026-04-24 07:00:00+00:00,12,0.2869672099247328,1.0273936006999653
66331,2026-04-24 08:00:00+00:00,12,0.311914442539636,0.9740666629367795
66331,2026-04-24 09:00:00+00:00,12,0.32511092624990734,0.9458580004220389
66331,2026-04-24 10:00:00+00:00,12,0.4410984049634065,0.6979244057768118
66331,2026-04-24 11:00:00+00:00,12,0.4699770829226023,0.636193652471007
66331,2026-04-24 12:00:00+00:00,12,0.5638433485193762,0.43554612651850777
66331,2026-04-24 13:00:00+00:00,12,0.777887025304539,0.021991348949093565
66331,2026-04-24 14:00:00+00:00,12,1.2152160889374555,0.9568212805244647
66331,2026-04-24 15:00:00+00:00,12,1.862398081887155,2.3402305905761898
66331,2026-04-24 16:00:00+00:00,12,1.7085766703415273,2.0114235855363285
66331,2026-04-24 17:00:00+00:00,12,1.2020317669169713,0.9286386147078104
66331,2026-04-24 18:00:00+00:00,12,1.2331733594930414,0.9952065501091302
66331,2026-04-24 19:00:00+00:00,12,1.2022763605314184,0.9291614554034593
66331,2026-04-24 20:00:00+00:00,12,0.7358066721049075,0.06795916423083624
66331,2026-04-24 21:00:00+00:00,12,0.7011771552453621,0.14198284929620814
66331,2026-04-24 22:00:00+00:00,12,0.8463478709324036,0.1683325207482954
66331,2026-04-24 23:00:00+00:00,12,0.9116846481184591,0.30799571724113944
66331,2026-04-25 00:00:00+00:00,12,0.7786455026463315,0.02361266200713554
66331,2026-04-25 01:00:00+00:00,12,0.7060378092125468,0.13159276733410724
66331,2026-04-25 02:00:00+00:00,12,0.9494807892326083,0.38878834446339694
66331,2026-04-25 03:00:00+00:00,12,0.7282548610776731,0.08410183475726922
66331,2026-04-25 04:00:00+00:00,12,1.067017806119936,0.6400342153451504
66331,2026-04-25 05:00:00+00:00,12,0.7460471899353804,0.046069142782838246
66331,2026-04-25 06:00:00+00:00,12,0.4104256545905928,0.7634901490961581
66331,2026-04-25 07:00:00+00:00,12,0.3498042233050351,0.893073872596975
66331,2026-04-25 08:00:00+00:00,12,0.4066896235868368,0.7714762490333356
66331,2026-04-25 09:00:00+00:00,12,0.3947271709908232,0.7970470598294632
66331,2026-04-25 10:00:00+00:00,12,0.7071298526061107,0.12925842704946605
66331,2026-04-25 11:00:00+00:00,12,1.015298338882486,0.5294792350356714
66331,2026-04-25 12:00:00+00:00,12,1.1593319486810556,0.8373639396881155
66331,2026-04-25 13:00:00+00:00,12,1.407544443827887,1.3679403160366823
66331,2026-04-25 14:00:00+00:00,12,1.6740576629311212,1.937636124288142
66331,2026-04-25 15:00:00+00:00,12,2.031011897376356,2.7006576801618447
66331,2026-04-25 16:00:00+00:00,12,2.4197843679810673,3.53169355752775
66331,2026-04-25 17:00:00+00:00,12,2.086122328483784,2.818461148591947
66331,2026-04-25 18:00:00+00:00,12,1.7963915585897707,2.1991357519550467
66331,2026-04-25 19:00:00+00:00,12,1.6993378004388093,1.9916746759915445
66331,2026-04-25 20:00:00+00:00,12,1.5836840340428693,1.7444544212291007
66331,2026-04-25 21:00:00+00:00,12,1.3864456067139044,1.3228396673586882
66331,2026-04-25 22:00:00+00:00,12,0.9466096172434207,0.38265095791081644
66331,2026-04-25 23:00:00+00:00,12,0.9626331068447009,0.4169025979987861
66331,2026-04-26 00:00:00+00:00,12,0.8592211775821055,0.1958503634329767
66331,2026-04-26 01:00:00+00:00,12,0.9469535511170081,0.383386147282502
66331,2026-04-26 02:00:00+00:00,12,1.1848155962853595,0.8918375123986149
66331,2026-04-26 03:00:00+00:00,12,1.645958808375077,1.8775723131529605
66331,2026-04-26 04:00:00+00:00,12,1.1776055112238821,0.8764253116436908
66331,2026-04-26 05:00:00+00:00,12,0.7675991047758023,0.0
66331,2026-04-26 06:00:00+00:00,12,0.4104256545905928,0.7634901490961581
66331,2026-04-26 07:00:00+00:00,12,0.3498042233050351,0.893073872596975
66331,2026-04-26 08:00:00+00:00,12,0.38368909317597066,0.8206419369745219
66331,2026-04-26 09:00:00+00:00,12,0.35926223806839935,0.8728565213406311
66331,2026-04-26 10:00:00+00:00,12,0.3869371491280598,0.813698927291559
66331,2026-04-26 11:00:00+00:00,12,0.8448113664120168,0.16504810511004256
66331,2026-04-26 12:00:00+00:00,12,0.9483591289034103,0.386390695333736
66331,2026-04-26 13:00:00+00:00,12,1.1348819413310376,0.7850998653360393
66331,2026-04-26 14:00:00+00:00,12,1.537423461390207,1.6455683156309937
66331,2026-04-26 15:00:00+00:00,12,1.6806420986028179,1.9517109435953746
66331,2026-04-26 16:00:00+00:00,12,1.217984660626229,0.9627393497716302
66331,2026-04-26 17:00:00+00:00,12,1.1107611665262611,0.7335395549533269
66331,2026-04-26 18:00:00+00:00,12,0.9469097367884354,0.38329249024209994
66331,2026-04-20 12:00:00+00:00,24,0.7759102024679704,1.0653440452160416
66331,2026-04-20 13:00:00+00:00,24,0.7737878808560158,1.0692356258204705
66331,2026-04-20 14:00:00+00:00,24,0.7745635255221616,1.067813370248224
66331,2026-04-20 15:00:00+00:00,24,0.7711794401171732,1.0740185754591602
66331,2026-04-20 16:00:00+00:00,24,0.7717667026037482,1.0729417455905903
66331,2026-04-20 17:00:00+00:00,24,0.7712477376363057,1.0738933421772252
66331,2026-04-20 18:00:00+00:00,24,0.7674646745023279,1.080830130190216
66331,2026-04-20 19:00:00+00:00,24,0.7653185190059154,1.0847654136349505
66331,2026-04-20 20:00:00+00:00,24,0.7625489401295154,1.089843833124779
66331,2026-04-20 21:00:00+00:00,24,0.7690549323415861,1.0779141647076809
66331,2026-04-20 22:00:00+00:00,24,0.7320567475700341,1.145755634843512
66331,2026-04-20 23:00:00+00:00,24,0.749331922881891,1.1140791270027348
66331,2026-04-21 00:00:00+00:00,24,0.7909130366765891,1.0378342002006333
66331,2026-04-21 01:00:00+00:00,24,0.7298532894999985,1.1497959907630493
66331,2026-04-21 02:00:00+00:00,24,0.8876162150623584,0.860515074167658
66331,2026-04-21 03:00:00+00:00,24,0.9002316673914832,0.837382835715398
66331,2026-04-21 04:00:00+00:00,24,0.9567472430664065,0.7337534343533164
66331,2026-04-21 05:00:00+00:00,24,0.9698176825423743,0.7097869118104898
66331,2026-04-21 06:00:00+00:00,24,0.9808798505352619,0.6895028426281532
66331,2026-04-21 07:00:00+00:00,24,0.8951721907191171,0.8466601107409332
66331,2026-04-21 08:00:00+00:00,24,0.8555732185024066,0.9192704971054879
66331,2026-04-21 09:00:00+00:00,24,0.8791025961972525,0.8761260135570152
66331,2026-04-21 10:00:00+00:00,24,0.8757813370998341,0.8822160177359262
66331,2026-04-21 11:00:00+00:00,24,0.8683978418401331,0.8957547136544406
66331,2026-04-21 12:00:00+00:00,24,0.7759102024679704,1.0653440452160416
66331,2026-04-21 13:00:00+00:00,24,0.7737878808560158,1.0692356258204705
66331,2026-04-21 14:00:00+00:00,24,0.7745635255221616,1.067813370248224
66331,2026-04-21 15:00:00+00:00,24,0.7711794401171732,1.0740185754591602
66331,2026-04-21 16:00:00+00:00,24,0.7717667026037482,1.0729417455905903
66331,2026-04-21 17:00:00+00:00,24,0.7712477376363057,1.0738933421772252
66331,2026-04-21 18:00:00+00:00,24,0.7674646745023279,1.080830130190216
66331,2026-04-21 19:00:00+00:00,24,0.7653185190059154,1.0847654136349505
66331,2026-04-21 20:00:00+00:00,24,0.7625489401295154,1.089843833124779
66331,2026-04-21 21:00:00+00:00,24,0.7690549323415861,1.0779141647076809
66331,2026-04-21 22:00:00+00:00,24,0.7320567475700341,1.145755634843512
66331,2026-04-21 23:00:00+00:00,24,0.749331922881891,1.1140791270027348
66331,2026-04-22 00:00:00+00:00,24,0.7909130366765891,1.0378342002006333
66331,2026-04-22 01:00:00+00:00,24,0.7298532894999985,1.1497959907630493
66331,2026-04-22 02:00:00+00:00,24,0.8876162150623584,0.860515074167658
66331,2026-04-22 03:00:00+00:00,24,0.9002316673914832,0.837382835715398
66331,2026-04-22 04:00:00+00:00,24,0.9567472430664065,0.7337534343533164
66331,2026-04-22 05:00:00+00:00,24,0.9698176825423743,0.7097869118104898
66331,2026-04-22 06:00:00+00:00,24,0.9808798505352619,0.6895028426281532
66331,2026-04-22 07:00:00+00:00,24,0.8951721907191171,0.8466601107409332
66331,2026-04-22 08:00:00+00:00,24,0.8555732185024066,0.9192704971054879
66331,2026-04-22 09:00:00+00:00,24,0.8791025961972525,0.8761260135570152
66331,2026-04-22 10:00:00+00:00,24,0.8757813370998341,0.8822160177359262
66331,2026-04-22 11:00:00+00:00,24,0.8683978418401331,0.8957547136544406
66331,2026-04-22 12:00:00+00:00,24,0.8717182315208736,0.8896663036755142
66331,2026-04-22 13:00:00+00:00,24,0.8649521043156085,0.9020729668554919
66331,2026-04-22 14:00:00+00:00,24,0.8634181291996956,0.9048857299047572
66331,2026-04-22 15:00:00+00:00,24,0.8626033547621017,0.9063797355165669
66331,2026-04-22 16:00:00+00:00,24,0.860562092264377,0.9101226826269144
66331,2026-04-22 17:00:00+00:00,24,0.8574509041573327,0.9158274915615756
66331,2026-04-22 18:00:00+00:00,24,0.8533656747411437,0.9233183447249856
66331,2026-04-22 19:00:00+00:00,24,0.8519999667204947,0.925822565958249
66331,2026-04-22 20:00:00+00:00,24,0.8509217984990447,0.9277995417922943
66331,2026-04-22 21:00:00+00:00,24,0.9264338200114691,0.789337436584626
66331,2026-04-22 22:00:00+00:00,24,1.004641326021418,0.6459327745415474
66331,2026-04-22 23:00:00+00:00,24,1.1919198960984678,0.30253069691495915
66331,2026-04-23 00:00:00+00:00,24,1.442601112201442,0.15712921183116352
66331,2026-04-23 01:00:00+00:00,24,1.6037209710300708,0.4525655463028035
66331,2026-04-23 02:00:00+00:00,24,2.231264135068405,1.6032558054310437
66331,2026-04-23 03:00:00+00:00,24,2.7880599249472,2.6242206225985942
66331,2026-04-23 04:00:00+00:00,24,2.9761728705714505,2.9691526472784506
66331,2026-04-23 05:00:00+00:00,24,3.015044141191997,3.040428688555299
66331,2026-04-23 06:00:00+00:00,24,2.5629060011855764,2.2113686600184135
66331,2026-04-23 07:00:00+00:00,24,2.1658321891822645,1.483276962410154
66331,2026-04-23 08:00:00+00:00,24,2.2526207399870803,1.6424161989405954
66331,2026-04-23 09:00:00+00:00,24,1.6612897721455995,0.5581261873382992
66331,2026-04-23 10:00:00+00:00,24,1.4725150036506625,0.21198061564812062
66331,2026-04-23 11:00:00+00:00,24,1.6008821890879883,0.4473602330817611
66331,2026-04-23 12:00:00+00:00,24,1.590096569511851,0.4275832550248924
66331,2026-04-23 13:00:00+00:00,24,1.6078049335264084,0.4600540763872355
66331,2026-04-23 14:00:00+00:00,24,1.615800926934123,0.47471587537346216
66331,2026-04-23 15:00:00+00:00,24,1.6124187682771902,0.4685142031310075
66331,2026-04-23 16:00:00+00:00,24,1.5984754818876798,0.44294719077540023
66331,2026-04-23 17:00:00+00:00,24,1.6272871395515498,0.49577749110057034
66331,2026-04-23 18:00:00+00:00,24,1.6740572274997965,0.5815371451047545
66331,2026-04-23 19:00:00+00:00,24,1.878112279522783,0.9557013048698885
66331,2026-04-23 20:00:00+00:00,24,2.1500630278783635,1.4543619469230082
66331,2026-04-23 21:00:00+00:00,24,1.8804879163792119,0.9600573752512906
66331,2026-04-23 22:00:00+00:00,24,1.6503371162942462,0.5380429243502471
66331,2026-04-23 23:00:00+00:00,24,1.3723963302471551,0.02839869038119177
66331,2026-04-24 00:00:00+00:00,24,1.4340779627265066,0.14150079670384486
66331,2026-04-24 01:00:00+00:00,24,1.5824873405392121,0.4136306440173139
66331,2026-04-24 02:00:00+00:00,24,1.442549403186786,0.15703439594775756
66331,2026-04-24 03:00:00+00:00,24,1.3569087532254642,0.0
66331,2026-04-24 04:00:00+00:00,24,1.3180043904860872,0.07133672041571022
66331,2026-04-24 05:00:00+00:00,24,1.5580058873393823,0.36874039368765327
66331,2026-04-24 06:00:00+00:00,24,1.4916475215882161,0.247062827175477
66331,2026-04-24 07:00:00+00:00,24,1.2749869680526817,0.15021532479470806
66331,2026-04-24 08:00:00+00:00,24,1.312691192286535,0.081079230195753
66331,2026-04-24 09:00:00+00:00,24,1.3699855904135085,0.023978253664108648
66331,2026-04-24 10:00:00+00:00,24,1.3940599139057335,0.06812197337151221
66331,2026-04-24 11:00:00+00:00,24,1.4474595101170453,0.16603778016051635
66331,2026-04-24 12:00:00+00:00,24,1.448816468935974,0.1685259584794884
66331,2026-04-24 13:00:00+00:00,24,1.4322662070146621,0.13817868315212747
66331,2026-04-24 14:00:00+00:00,24,1.425650721564848,0.12604824320355248
66331,2026-04-24 15:00:00+00:00,24,1.4219169683132606,0.11920187192138923
66331,2026-04-24 16:00:00+00:00,24,1.4106286047799306,0.09850304082312251
66331,2026-04-24 17:00:00+00:00,24,1.4111582080530918,0.09947414426676039
66331,2026-04-24 18:00:00+00:00,24,1.404586045614353,0.08742314326310167
66331,2026-04-24 19:00:00+00:00,24,1.4068370216539388,0.09155063018466121
66331,2026-04-24 20:00:00+00:00,24,1.408381123635662,0.0943819622926165
66331,2026-04-24 21:00:00+00:00,24,1.458104702075293,0.1855572640699255
66331,2026-04-24 22:00:00+00:00,24,1.4783729571731352,0.22272201232489744
66331,2026-04-24 23:00:00+00:00,24,1.461193202526934,0.19122047193939942
66331,2026-04-25 00:00:00+00:00,24,1.496461005044994,0.2558890384125592
66331,2026-04-25 01:00:00+00:00,24,1.5216584905963633,0.30209223659880224
66331,2026-04-25 02:00:00+00:00,24,1.4635106951148196,0.19546992647782674
66331,2026-04-25 03:00:00+00:00,24,1.4860017036733124,0.23671041151424202
66331,2026-04-25 04:00:00+00:00,24,1.689897630813849,0.6105827930197869
66331,2026-04-25 05:00:00+00:00,24,1.678083563276464,0.5889200083461869
66331,2026-04-25 06:00:00+00:00,24,1.6357483940089554,0.5112924128495184
66331,2026-04-25 07:00:00+00:00,24,1.5608009336472204,0.37386551136010904
66331,2026-04-25 08:00:00+00:00,24,1.5668126909944045,0.3848889293751044
66331,2026-04-25 09:00:00+00:00,24,1.6538144055350572,0.5444190321415007
66331,2026-04-25 10:00:00+00:00,24,1.6403832188806966,0.519791027985978
66331,2026-04-25 11:00:00+00:00,24,1.5572444175750144,0.3673441298277457
66331,2026-04-25 12:00:00+00:00,24,1.5635512493276622,0.37890860902154533
66331,2026-04-25 13:00:00+00:00,24,1.670021215184276,0.5741365385435979
66331,2026-04-25 14:00:00+00:00,24,1.7320238767361378,0.687827297643946
66331,2026-04-25 15:00:00+00:00,24,1.7285630408899517,0.6814813595079601
66331,2026-04-25 16:00:00+00:00,24,1.7247506307062306,0.6744907594765952
66331,2026-04-25 17:00:00+00:00,24,1.7158636771714901,0.6581952575067476
66331,2026-04-25 18:00:00+00:00,24,1.7065653406745303,0.641145425963216
66331,2026-04-25 19:00:00+00:00,24,1.681424247763452,0.5950456317587036
66331,2026-04-25 20:00:00+00:00,24,1.6624289569602368,0.5602150458338878
66331,2026-04-25 21:00:00+00:00,24,2.0115471601772854,1.2003732672079181
66331,2026-04-25 22:00:00+00:00,24,1.8804879163792119,0.9600573752512906
66331,2026-04-25 23:00:00+00:00,24,1.6503371162942462,0.5380429243502471
66331,2026-04-26 00:00:00+00:00,24,1.3723963302471551,0.02839869038119177
66331,2026-04-26 01:00:00+00:00,24,1.4340779627265066,0.14150079670384486
66331,2026-04-26 02:00:00+00:00,24,1.5824873405392121,0.4136306440173139
66331,2026-04-26 03:00:00+00:00,24,1.3569087532254642,0.0
66331,2026-04-26 04:00:00+00:00,24,1.3180043904860872,0.07133672041571022
66331,2026-04-26 05:00:00+00:00,24,1.4896575545860686,0.24341393770208636
66331,2026-04-26 06:00:00+00:00,24,1.0857565874552209,0.4971963265211911
66331,2026-04-26 07:00:00+00:00,24,1.0489622921295694,0.5646639361597986
66331,2026-04-26 08:00:00+00:00,24,1.147727488866262,0.38356380418727615
66331,2026-04-26 09:00:00+00:00,24,1.0990519932304974,0.4728172960520878
66331,2026-04-26 10:00:00+00:00,24,1.1225238738378767,0.4297782416474054
66331,2026-04-26 11:00:00+00:00,24,1.125205510876676,0.424861076110605
66331,2026-04-26 12:00:00+00:00,24,1.130905219825968,0.41440984352030696
66332,2026-04-20 03:00:00+00:00,6,0.35694176493159463,0.30070280074595995
66332,2026-04-20 04:00:00+00:00,6,0.24909485397943582,0.6085499680463367
66332,2026-04-20 05:00:00+00:00,6,0.0950439733761,1.048285578414472
66332,2026-04-20 06:00:00+00:00,6,0.18464599750435176,0.7925181292707636
66332,2026-04-20 07:00:00+00:00,6,0.27779396240222476,0.5266288526986642
66332,2026-04-20 08:00:00+00:00,6,0.25378899747495354,0.5951506155267484
66332,2026-04-20 09:00:00+00:00,6,0.21503851732368626,0.7057631999835156
66332,2026-04-20 10:00:00+00:00,6,0.22802038631395824,0.6687066764388341
66332,2026-04-20 11:00:00+00:00,6,0.5185826159774519,0.16069825075530444
66332,2026-04-20 12:00:00+00:00,6,0.6459912971904044,0.5243841575151494
66332,2026-04-20 13:00:00+00:00,6,0.18627753783658169,0.7878609252286738
66332,2026-04-20 14:00:00+00:00,6,0.2778528710391353,0.5264606989996632
66332,2026-04-20 15:00:00+00:00,6,0.32874541712466776,0.3811887944934227
66332,2026-04-20 16:00:00+00:00,6,0.5858756022698286,0.35278493201853406
66332,2026-04-20 17:00:00+00:00,6,0.5002004729851344,0.10822673720768203
66332,2026-04-20 18:00:00+00:00,6,0.5143057717021672,0.14849007174018833
66332,2026-04-20 19:00:00+00:00,6,0.6474331952174219,0.528500030832562
66332,2026-04-20 20:00:00+00:00,6,0.5651400731785435,0.29359571800332374
66332,2026-04-20 21:00:00+00:00,6,0.2582101658617517,0.5825304657976796
66332,2026-04-20 22:00:00+00:00,6,0.07425425338190003,1.1076294794374837
66332,2026-04-20 23:00:00+00:00,6,0.1085082626261113,1.0098519944690996
66332,2026-04-21 00:00:00+00:00,6,0.16305772447060005,0.8541414863207928
66332,2026-04-21 01:00:00+00:00,6,0.24939539216902887,0.6076920869117268
66332,2026-04-21 02:00:00+00:00,6,0.22803889073395503,0.6686538558876635
66332,2026-04-21 03:00:00+00:00,6,0.350690703993939,0.3185463475410368
66332,2026-04-21 04:00:00+00:00,6,0.1680712911653948,0.8398303457286552
66332,2026-04-21 05:00:00+00:00,6,0.18596329547875315,0.7887579246777003
66332,2026-04-21 06:00:00+00:00,6,0.14798569069852194,0.8971643495741327
66332,2026-04-21 07:00:00+00:00,6,0.24279939964897795,0.6265202350237568
66332,2026-04-21 08:00:00+00:00,6,0.16878260602165318,0.8377999096074487
66332,2026-04-21 09:00:00+00:00,6,0.3565473844362307,0.30182855314131757
66332,2026-04-21 10:00:00+00:00,6,0.5171763318567422,0.15668403672582662
66332,2026-04-21 11:00:00+00:00,6,1.394264631227386,2.660317622979719
66332,2026-04-21 12:00:00+00:00,6,0.707980156125942,0.7013302977337897
66332,2026-04-21 13:00:00+00:00,6,0.49577365243919636,0.09559045348678194
66332,2026-04-21 14:00:00+00:00,6,0.5057188647275243,0.12397889228518923
66332,2026-04-21 15:00:00+00:00,6,0.46986832262890227,0.021644131522875903
66332,2026-04-21 16:00:00+00:00,6,0.6714525475824181,0.5970628623561631
66332,2026-04-21 17:00:00+00:00,6,1.2037976695235928,2.1166329304173828
66332,2026-04-21 18:00:00+00:00,6,0.764045965997169,0.8613691954534952
66332,2026-04-21 19:00:00+00:00,6,0.5260373679012966,0.1819777129338796
66332,2026-04-21 20:00:00+00:00,6,0.2582101658617517,0.5825304657976796
66332,2026-04-21 21:00:00+00:00,6,0.2680198599049899,0.5545288615177584
66332,2026-04-21 22:00:00+00:00,6,0.814066177118757,1.0041510346883575
66332,2026-04-21 23:00:00+00:00,6,0.5265611558733656,0.18347285676362704
66332,2026-04-22 00:00:00+00:00,6,0.4043845712439587,0.1652781195650535
66332,2026-04-22 01:00:00+00:00,6,0.8106280454839001,0.9943369465957833
66332,2026-04-22 02:00:00+00:00,6,1.5734460921449798,3.1717880460935874
66332,2026-04-22 03:00:00+00:00,6,0.2532400994612352,0.5967174355419731
66332,2026-04-22 04:00:00+00:00,6,0.3179010887894704,0.4121437447074965
66332,2026-04-22 05:00:00+00:00,6,0.12567873282209574,0.9608391802458514
66332,2026-04-22 06:00:00+00:00,6,0.07332162543276634,1.1102916500064053
66332,2026-04-22 07:00:00+00:00,6,0.10486757360946347,1.0202442791520963
66332,2026-04-22 08:00:00+00:00,6,0.30061406432116256,0.46148926111252003
66332,2026-04-22 09:00:00+00:00,6,0.25378899747495354,0.5951506155267484
66332,2026-04-22 10:00:00+00:00,6,0.37488046816832266,0.24949707841499247
66332,2026-04-22 11:00:00+00:00,6,0.5185826159774519,0.16069825075530444
66332,2026-04-22 12:00:00+00:00,6,0.6459912971904044,0.5243841575151494
66332,2026-04-22 13:00:00+00:00,6,0.5320544254624892,0.19915330108325305
66332,2026-04-22 14:00:00+00:00,6,0.6034256704301676,0.40288130215458334
66332,2026-04-22 15:00:00+00:00,6,0.5412678533109131,0.22545287368317588
66332,2026-04-22 16:00:00+00:00,6,1.2037976695235928,2.1166329304173828
66332,2026-04-22 17:00:00+00:00,6,0.59681400179891,0.3840084068505693
66332,2026-04-22 18:00:00+00:00,6,0.45102526614312816,0.03214305172801753
66332,2026-04-22 19:00:00+00:00,6,0.6474331952174219,0.528500030832562
66332,2026-04-22 20:00:00+00:00,6,0.5002004729851344,0.10822673720768203
66332,2026-04-22 21:00:00+00:00,6,0.3590690575195481,0.2946304803481039
66332,2026-04-22 22:00:00+00:00,6,0.4027845110013262,0.16984546422848007
66332,2026-04-22 23:00:00+00:00,6,0.3284214456069758,0.382113565663287
66332,2026-04-23 00:00:00+00:00,6,0.27624961598841324,0.5310371631882737
66332,2026-04-23 01:00:00+00:00,6,0.18320833159514413,0.7966219220800934
66332,2026-04-23 02:00:00+00:00,6,0.176378351988545,0.8161179823385424
66332,2026-04-23 03:00:00+00:00,6,0.350690703993939,0.3185463475410368
66332,2026-04-23 04:00:00+00:00,6,0.4470667570669358,0.04344254834854865
66332,2026-04-23 05:00:00+00:00,6,0.9589155787562563,1.417621180338052
66332,2026-04-23 06:00:00+00:00,6,0.9973927447309536,1.5274535941409058
66332,2026-04-23 07:00:00+00:00,6,1.0895357163231123,1.7904741344683737
66332,2026-04-23 08:00:00+00:00,6,1.1507377497093594,1.9651742945808603
66332,2026-04-23 09:00:00+00:00,6,1.5527960235966913,3.1128427777402896
66332,2026-04-23 10:00:00+00:00,6,1.4506653007426125,2.821312371840067
66332,2026-04-23 11:00:00+00:00,6,1.3434406151395613,2.5152413361827213
66332,2026-04-23 12:00:00+00:00,6,1.5629420619422123,3.1418044710925934
66332,2026-04-23 13:00:00+00:00,6,1.438118895155483,2.785498871150068
66332,2026-04-23 14:00:00+00:00,6,1.3212454304040917,2.451885560034864
66332,2026-04-23 15:00:00+00:00,6,1.3434406151395613,2.5152413361827213
66332,2026-04-23 16:00:00+00:00,6,1.52006449075389,3.0194111756842466
66332,2026-04-23 17:00:00+00:00,6,1.4698261103247598,2.8760065758832654
66332,2026-04-23 18:00:00+00:00,6,1.786685167878172,3.780475349630117
66332,2026-04-23 19:00:00+00:00,6,1.1159166027784861,1.8657779247620274
66332,2026-04-23 20:00:00+00:00,6,0.588629205200749,0.3606450446046971
66332,2026-04-23 21:00:00+00:00,6,0.33979305000213317,0.3496535149320923
66332,2026-04-23 22:00:00+00:00,6,0.9005074947694867,1.2508963011178595
66332,2026-04-23 23:00:00+00:00,6,0.9405220945197574,1.3651172934024107
66332,2026-04-24 00:00:00+00:00,6,1.051674367581509,1.6823995604507211
66332,2026-04-24 01:00:00+00:00,6,0.7223194672142926,0.7422616165876587
66332,2026-04-24 02:00:00+00:00,6,0.9995166752680353,1.5335163176219093
66332,2026-04-24 03:00:00+00:00,6,0.35694176493159463,0.30070280074595995
66332,2026-04-24 04:00:00+00:00,6,0.12567873282209574,0.9608391802458514
66332,2026-04-24 05:00:00+00:00,6,0.09024561896887745,1.061982399203544
66332,2026-04-24 06:00:00+00:00,6,0.2650041896317114,0.5631370408614631
66332,2026-04-24 07:00:00+00:00,6,0.277654489350825,0.5270269761442881
66332,2026-04-24 08:00:00+00:00,6,0.20637513178436576,0.73049268619656
66332,2026-04-24 09:00:00+00:00,6,0.13889701004761998,0.9231078334270831
66332,2026-04-24 10:00:00+00:00,6,0.3150830642871694,0.42018774757004707
66332,2026-04-24 11:00:00+00:00,6,0.4622858174999634,0.0
66332,2026-04-24 12:00:00+00:00,6,0.18897248164777378,0.7801682540989723
66332,2026-04-24 13:00:00+00:00,6,0.5295292814847002,0.19194532068098857
66332,2026-04-24 14:00:00+00:00,6,0.27624961598841324,0.5310371631882737
66332,2026-04-24 15:00:00+00:00,6,0.22599407080882106,0.6744907594765952
66332,2026-04-24 16:00:00+00:00,6,1.1478894454258406,1.957043858599437
66332,2026-04-24 17:00:00+00:00,6,0.4700357216342697,0.022121969127646312
66332,2026-04-24 18:00:00+00:00,6,1.4407931608129503,2.793132516842759
66332,2026-04-24 19:00:00+00:00,6,0.59681400179891,0.3840084068505693
66332,2026-04-24 20:00:00+00:00,6,0.4915598921479793,0.08356234662788987
66332,2026-04-24 21:00:00+00:00,6,0.43102168096269333,0.08924294433764807
66332,2026-04-24 22:00:00+00:00,6,0.22599407080882106,0.6744907594765952
66332,2026-04-24 23:00:00+00:00,6,0.7969124839370424,0.9551861101661043
66332,2026-04-25 00:00:00+00:00,6,1.7025625133951767,3.5403486676534177
66332,2026-04-25 01:00:00+00:00,6,0.7223194672142926,0.7422616165876587
66332,2026-04-25 02:00:00+00:00,6,0.9995166752680353,1.5335163176219093
66332,2026-04-25 03:00:00+00:00,6,0.7969124839370424,0.9551861101661043
66332,2026-04-25 04:00:00+00:00,6,0.647001428116635,0.5272675590098899
66332,2026-04-25 05:00:00+00:00,6,0.19175148043995702,0.7722356494601219
66332,2026-04-25 06:00:00+00:00,6,0.09024561896887745,1.061982399203544
66332,2026-04-25 07:00:00+00:00,6,0.17224482629410565,0.8279170609098421
66332,2026-04-25 08:00:00+00:00,6,0.13219258503878195,0.9422455002283525
66332,2026-04-25 09:00:00+00:00,6,0.22802038631395824,0.6687066764388341
66332,2026-04-25 10:00:00+00:00,6,0.5171763318567422,0.15668403672582662
66332,2026-04-25 11:00:00+00:00,6,0.8106280454839001,0.9943369465957833
66332,2026-04-25 12:00:00+00:00,6,1.2582751281759537,2.2721379066822314
66332,2026-04-25 13:00:00+00:00,6,0.5797167513898376,0.33520459725983404
66332,2026-04-25 14:00:00+00:00,6,0.644265611138261,0.5194582161218185
66332,2026-04-25 15:00:00+00:00,6,0.672691997469786,0.6006008509129819
66332,2026-04-25 16:00:00+00:00,6,0.6714525475824181,0.5970628623561631
66332,2026-04-25 17:00:00+00:00,6,0.5114711480811767,0.14039868697654156
66332,2026-04-25 18:00:00+00:00,6,0.4470667570669358,0.04344254834854865
66332,2026-04-25 19:00:00+00:00,6,1.051674367581509,1.6823995604507211
66332,2026-04-25 20:00:00+00:00,6,1.034068692963873,1.632144462631038
66332,2026-04-25 21:00:00+00:00,6,0.18627753783658169,0.7878609252286738
66332,2026-04-25 22:00:00+00:00,6,0.07425425338190003,1.1076294794374837
66332,2026-04-25 23:00:00+00:00,6,0.1085082626261113,1.0098519944690996
66332,2026-04-26 00:00:00+00:00,6,0.16305772447060005,0.8541414863207928
66332,2026-04-26 01:00:00+00:00,6,0.18320833159514413,0.7966219220800934
66332,2026-04-26 02:00:00+00:00,6,0.176378351988545,0.8161179823385424
66332,2026-04-26 03:00:00+00:00,6,1.452119985635217,2.8254647450471366
66332,2026-04-26 04:00:00+00:00,6,1.6706715567950914,3.449316476140852
66332,2026-04-26 05:00:00+00:00,6,0.39285430123500975,0.1981910785837687
66332,2026-04-26 06:00:00+00:00,6,0.17513632911135432,0.8196633154509116
66332,2026-04-26 07:00:00+00:00,6,0.07332162543276634,1.1102916500064053
66332,2026-04-26 08:00:00+00:00,6,0.10486757360946347,1.0202442791520963
66332,2026-04-26 09:00:00+00:00,6,0.13889701004761998,0.9231078334270831
66332,2026-04-26 10:00:00+00:00,6,0.23341678396396395,0.6533027514166552
66332,2026-04-26 11:00:00+00:00,6,0.3150830642871694,0.42018774757004707
66332,2026-04-26 12:00:00+00:00,6,0.4622858174999634,0.0
66332,2026-04-26 13:00:00+00:00,6,0.18897248164777378,0.7801682540989723
66332,2026-04-26 14:00:00+00:00,6,0.5295292814847002,0.19194532068098857
66332,2026-04-26 15:00:00+00:00,6,1.1273824913528248,1.8985071080740807
66332,2026-04-26 16:00:00+00:00,6,0.5265611558733656,0.18347285676362704
66332,2026-04-26 17:00:00+00:00,6,0.4043845712439587,0.1652781195650535
66332,2026-04-26 18:00:00+00:00,6,1.3286501375089144,2.4730221701313724
66332,2026-04-26 19:00:00+00:00,6,1.0395307588060352,1.6477358363873407
66332,2026-04-26 20:00:00+00:00,6,0.45102526614312816,0.03214305172801753
66332,2026-04-26 21:00:00+00:00,6,0.33924701848298516,0.3512121525874722
66332,2026-04-20 06:00:00+00:00,12,0.33620769953334917,0.938896966859099
66332,2026-04-20 07:00:00+00:00,12,0.29236809534843955,0.9900013937601172
66332,2026-04-20 08:00:00+00:00,12,0.3292131366552542,0.9470506245837557
66332,2026-04-20 09:00:00+00:00,12,0.3455380653299416,0.9280204316878291
66332,2026-04-20 10:00:00+00:00,12,0.4694225131751205,0.7836066344652665
66332,2026-04-20 11:00:00+00:00,12,0.9105865150531823,0.26933571654720256
66332,2026-04-20 12:00:00+00:00,12,1.2097522567370635,0.07940588505775546
66332,2026-04-20 13:00:00+00:00,12,1.5415819759417788,0.46622433253178636
66332,2026-04-20 14:00:00+00:00,12,1.4940262501912607,0.41078797183629495
66332,2026-04-20 15:00:00+00:00,12,1.245632432661363,0.12123189744566398
66332,2026-04-20 16:00:00+00:00,12,1.141634428556995,0.0
66332,2026-04-20 17:00:00+00:00,12,1.0535558671730836,0.102674385078968
66332,2026-04-20 18:00:00+00:00,12,0.9617092676110548,0.20974122385851313
66332,2026-04-20 19:00:00+00:00,12,0.9404495777535312,0.23452393543774114
66332,2026-04-20 20:00:00+00:00,12,0.9204028077817774,0.2578927296974225
66332,2026-04-20 21:00:00+00:00,12,0.822738828704744,0.37174096743591095
66332,2026-04-20 22:00:00+00:00,12,0.517134236557581,0.7279884251941195
66332,2026-04-20 23:00:00+00:00,12,0.5498985921912741,0.6897945671843934
66332,2026-04-21 00:00:00+00:00,12,0.48108079821441135,0.7700164119562147
66332,2026-04-21 01:00:00+00:00,12,0.35949489498437587,0.9117507642465679
66332,2026-04-21 02:00:00+00:00,12,0.646876937991934,0.5767455815446589
66332,2026-04-21 03:00:00+00:00,12,1.3311160786632306,0.22088135413119456
66332,2026-04-21 04:00:00+00:00,12,0.8847056547467688,0.29950538979712316
66332,2026-04-21 05:00:00+00:00,12,0.27122692717486596,1.0146459429894283
66332,2026-04-21 06:00:00+00:00,12,0.29236809534843955,0.9900013937601172
66332,2026-04-21 07:00:00+00:00,12,0.6346182801844986,0.5910356668105364
66332,2026-04-21 08:00:00+00:00,12,0.6635399327688961,0.5573213003641179
66332,2026-04-21 09:00:00+00:00,12,0.7581029165496174,0.44708793530496205
66332,2026-04-21 10:00:00+00:00,12,0.8829761151961728,0.3015215377341129
66332,2026-04-21 11:00:00+00:00,12,1.2260796641251368,0.0984389674238173
66332,2026-04-21 12:00:00+00:00,12,1.375119936530277,0.2721772537986315
66332,2026-04-21 13:00:00+00:00,12,1.7344779007558568,0.6910857534421192
66332,2026-04-21 14:00:00+00:00,12,1.147583236562613,0.006934606950122614
66332,2026-04-21 15:00:00+00:00,12,1.0826689472096167,0.06873686903034845
66332,2026-04-21 16:00:00+00:00,12,1.288439691730702,0.17113290550939564
66332,2026-04-21 17:00:00+00:00,12,1.0535558671730836,0.102674385078968
66332,2026-04-21 18:00:00+00:00,12,0.9617092676110548,0.20974122385851313
66332,2026-04-21 19:00:00+00:00,12,1.3538246254391488,0.24735301805962334
66332,2026-04-21 20:00:00+00:00,12,1.44256767918655,0.3508020109857109
66332,2026-04-21 21:00:00+00:00,12,1.6128268392020708,0.5492754452015468
66332,2026-04-21 22:00:00+00:00,12,1.4734619352441103,0.3868158683119682
66332,2026-04-21 23:00:00+00:00,12,1.7357016812379176,0.6925123311074781
66332,2026-04-22 00:00:00+00:00,12,1.7720050641650256,0.7348316816936012
66332,2026-04-22 01:00:00+00:00,12,1.3297012209417247,0.2192320351113635
66332,2026-04-22 02:00:00+00:00,12,0.45267885109283396,0.8031249506282145
66332,2026-04-22 03:00:00+00:00,12,0.4106970339783565,0.8520637297022563
66332,2026-04-22 04:00:00+00:00,12,0.2778937397486984,1.0068743482823874
66332,2026-04-22 05:00:00+00:00,12,0.32531699696756006,0.9515924079681609
66332,2026-04-22 06:00:00+00:00,12,0.24080384214023243,1.0501105498024403
66332,2026-04-22 07:00:00+00:00,12,0.30194161932878316,0.9788414057644449
66332,2026-04-22 08:00:00+00:00,12,0.3292131366552542,0.9470506245837557
66332,2026-04-22 09:00:00+00:00,12,0.3455380653299416,0.9280204316878291
66332,2026-04-22 10:00:00+00:00,12,0.4694225131751205,0.7836066344652665
66332,2026-04-22 11:00:00+00:00,12,0.9105865150531823,0.26933571654720256
66332,2026-04-22 12:00:00+00:00,12,1.1954284797644765,0.06270846210305571
66332,2026-04-22 13:00:00+00:00,12,1.4690396855080656,0.38166079124009233
66332,2026-04-22 14:00:00+00:00,12,1.4940262501912607,0.41078797183629495
66332,2026-04-22 15:00:00+00:00,12,1.266200759106365,0.14520867722796654
66332,2026-04-22 16:00:00+00:00,12,1.148100690961068,0.0075378106279869
66332,2026-04-22 17:00:00+00:00,12,1.0811842728690682,0.07046757423900765
66332,2026-04-22 18:00:00+00:00,12,1.1750175603901,0.03891517389838148
66332,2026-04-22 19:00:00+00:00,12,1.383158274475843,0.28154765441201707
66332,2026-04-22 20:00:00+00:00,12,1.3191987985807625,0.20698921755385094
66332,2026-04-22 21:00:00+00:00,12,0.9204028077817774,0.2578927296974225
66332,2026-04-22 22:00:00+00:00,12,0.517134236557581,0.7279884251941195
66332,2026-04-22 23:00:00+00:00,12,0.5498985921912741,0.6897945671843934
66332,2026-04-23 00:00:00+00:00,12,0.48108079821441135,0.7700164119562147
66332,2026-04-23 01:00:00+00:00,12,0.5630268652806348,0.6744907594765952
66332,2026-04-23 02:00:00+00:00,12,0.47518614239192947,0.7768878929649412
66332,2026-04-23 03:00:00+00:00,12,0.6162704310939582,0.6124240057353937
66332,2026-04-23 04:00:00+00:00,12,0.825585822082462,0.3684221882711722
66332,2026-04-23 05:00:00+00:00,12,1.5964966397049516,0.5302391080357373
66332,2026-04-23 06:00:00+00:00,12,1.4738192798575567,0.3872324298210392
66332,2026-04-23 07:00:00+00:00,12,1.5803632275576658,0.511432168578269
66332,2026-04-23 08:00:00+00:00,12,1.6924973205251594,0.6421484162204367
66332,2026-04-23 09:00:00+00:00,12,2.1666347545845532,1.1948569155427278
66332,2026-04-23 10:00:00+00:00,12,2.5116090359603502,1.596998159130168
66332,2026-04-23 11:00:00+00:00,12,2.8298876546328158,1.9680199031563816
66332,2026-04-23 12:00:00+00:00,12,2.9653362394394045,2.1259141731844253
66332,2026-04-23 13:00:00+00:00,12,3.508896548125898,2.759549868077985
66332,2026-04-23 14:00:00+00:00,12,3.757163647436417,3.0489582253051135
66332,2026-04-23 15:00:00+00:00,12,3.255478089769314,2.46413650107248
66332,2026-04-23 16:00:00+00:00,12,3.062120989327847,2.2387374814183483
66332,2026-04-23 17:00:00+00:00,12,2.5220153758620536,1.60912897204925
66332,2026-04-23 18:00:00+00:00,12,2.051847378312245,1.0610476992203077
66332,2026-04-23 19:00:00+00:00,12,2.905233188142079,2.055851223286498
66332,2026-04-23 20:00:00+00:00,12,3.059887640486866,2.236134036092816
66332,2026-04-23 21:00:00+00:00,12,1.9209710183436364,0.9084833342940988
66332,2026-04-23 22:00:00+00:00,12,2.490834961291406,1.572781535825873
66332,2026-04-23 23:00:00+00:00,12,3.508896548125898,2.759549868077985
66332,2026-04-24 00:00:00+00:00,12,1.43082661786403,0.3371152950298303
66332,2026-04-24 01:00:00+00:00,12,0.5405019585157101,0.7007483517295969
66332,2026-04-24 02:00:00+00:00,12,0.3417244660980339,0.9324659965326845
66332,2026-04-24 03:00:00+00:00,12,0.606311347765834,0.6240334455422992
66332,2026-04-24 04:00:00+00:00,12,0.45734889277446256,0.7976810190923168
66332,2026-04-24 05:00:00+00:00,12,0.32531699696756006,0.9515924079681609
66332,2026-04-24 06:00:00+00:00,12,0.24080384214023243,1.0501105498024403
66332,2026-04-24 07:00:00+00:00,12,0.35599246702710446,0.9158335924756621
66332,2026-04-24 08:00:00+00:00,12,0.40873104473343347,0.8543555102856663
66332,2026-04-24 09:00:00+00:00,12,0.46584403054161955,0.78777812067187
66332,2026-04-24 10:00:00+00:00,12,0.5430388373977415,0.6977910772789272
66332,2026-04-24 11:00:00+00:00,12,1.0410458495358894,0.1172574839403054
66332,2026-04-24 12:00:00+00:00,12,1.2097522567370635,0.07940588505775546
66332,2026-04-24 13:00:00+00:00,12,1.7064579017126256,0.6584224568751235
66332,2026-04-24 14:00:00+00:00,12,2.1636575096089294,1.1913863003067544
66332,2026-04-24 15:00:00+00:00,12,1.7393836629237167,0.6968044675765747
66332,2026-04-24 16:00:00+00:00,12,1.7041954739483216,0.6557851138504913
66332,2026-04-24 17:00:00+00:00,12,1.657842990907293,0.6017513896576455
66332,2026-04-24 18:00:00+00:00,12,1.4664979808143193,0.3786978912746258
66332,2026-04-24 19:00:00+00:00,12,1.522975744629122,0.4445347939125393
66332,2026-04-24 20:00:00+00:00,12,1.2728190900561984,0.15292375624204502
66332,2026-04-24 21:00:00+00:00,12,1.147583236562613,0.006934606950122614
66332,2026-04-24 22:00:00+00:00,12,1.0826689472096167,0.06873686903034845
66332,2026-04-24 23:00:00+00:00,12,1.1626451080099045,0.024492436740830268
66332,2026-04-25 00:00:00+00:00,12,0.8107700914847065,0.3856930883031301
66332,2026-04-25 01:00:00+00:00,12,0.8177355724218757,0.3775733317952342
66332,2026-04-25 02:00:00+00:00,12,1.4790395179132887,0.39331773280415555
66332,2026-04-25 03:00:00+00:00,12,0.3417244660980339,0.9324659965326845
66332,2026-04-25 04:00:00+00:00,12,0.4106970339783565,0.8520637297022563
66332,2026-04-25 05:00:00+00:00,12,0.2778937397486984,1.0068743482823874
66332,2026-04-25 06:00:00+00:00,12,0.5256106044831893,0.7181074070349844
66332,2026-04-25 07:00:00+00:00,12,0.49965541663120205,0.7483637249225592
66332,2026-04-25 08:00:00+00:00,12,0.6346182801844986,0.5910356668105364
66332,2026-04-25 09:00:00+00:00,12,0.6635399327688961,0.5573213003641179
66332,2026-04-25 10:00:00+00:00,12,0.7581029165496174,0.44708793530496205
66332,2026-04-25 11:00:00+00:00,12,0.9849897671122207,0.18260282680642353
66332,2026-04-25 12:00:00+00:00,12,1.1954284797644765,0.06270846210305571
66332,2026-04-25 13:00:00+00:00,12,1.4690396855080656,0.38166079124009233
66332,2026-04-25 14:00:00+00:00,12,2.8675813734943487,2.0119599873793548
66332,2026-04-25 15:00:00+00:00,12,2.969551520587718,2.130827984139529
66332,2026-04-25 16:00:00+00:00,12,1.9209710183436364,0.9084833342940988
66332,2026-04-25 17:00:00+00:00,12,2.490834961291406,1.572781535825873
66332,2026-04-25 18:00:00+00:00,12,2.306472403306299,1.3578675774768199
66332,2026-04-25 19:00:00+00:00,12,2.0162491185302316,1.0195503203397844
66332,2026-04-25 20:00:00+00:00,12,1.522975744629122,0.4445347939125393
66332,2026-04-25 21:00:00+00:00,12,1.2728190900561984,0.15292375624204502
66332,2026-04-25 22:00:00+00:00,12,1.2037955986657676,0.07246212717857987
66332,2026-04-25 23:00:00+00:00,12,1.1831857037515252,0.048436890462480245
66332,2026-04-26 00:00:00+00:00,12,1.168983969925706,0.03188173487512403
66332,2026-04-26 01:00:00+00:00,12,0.35949489498437587,0.9117507642465679
66332,2026-04-26 02:00:00+00:00,12,0.47518614239192947,0.7768878929649412
66332,2026-04-26 03:00:00+00:00,12,0.646876937991934,0.5767455815446589
66332,2026-04-26 04:00:00+00:00,12,1.1078574593222024,0.0393742755504069
66332,2026-04-26 05:00:00+00:00,12,1.297616336750001,0.18183024626565167
66332,2026-04-26 06:00:00+00:00,12,0.2607132515429489,1.0269018786389859
66332,2026-04-26 07:00:00+00:00,12,0.37607709414607604,0.892420667621085
66332,2026-04-26 08:00:00+00:00,12,0.35599246702710446,0.9158335924756621
66332,2026-04-26 09:00:00+00:00,12,0.40873104473343347,0.8543555102856663
66332,2026-04-26 10:00:00+00:00,12,0.46584403054161955,0.78777812067187
66332,2026-04-26 11:00:00+00:00,12,0.5430388373977415,0.6977910772789272
66332,2026-04-26 12:00:00+00:00,12,1.847858893258971,0.8232555289469533
66332,2026-04-26 13:00:00+00:00,12,2.30556960666991,1.3568151750756436
66332,2026-04-26 14:00:00+00:00,12,2.8298876546328158,1.9680199031563816
66332,2026-04-26 15:00:00+00:00,12,2.9653362394394045,2.1259141731844253
66332,2026-04-26 16:00:00+00:00,12,3.0612492482336147,2.2377212808879126
66332,2026-04-26 17:00:00+00:00,12,2.465837272847001,1.5436413881089084
66332,2026-04-26 18:00:00+00:00,12,1.5623180592819244,0.4903966688238795
66332,2026-04-20 12:00:00+00:00,24,1.4474759933316097,0.39584635533952367
66332,2026-04-20 13:00:00+00:00,24,1.4510041672913638,0.3892095303145449
66332,2026-04-20 14:00:00+00:00,24,1.4557570667993949,0.38026888204835
66332,2026-04-20 15:00:00+00:00,24,1.460522535686795,0.3713045896046013
66332,2026-04-20 16:00:00+00:00,24,1.4652791354278605,0.3623569808541782
66332,2026-04-20 17:00:00+00:00,24,1.4692242321489872,0.3549358851419474
66332,2026-04-20 18:00:00+00:00,24,1.4656330823186299,0.3616911736663899
66332,2026-04-20 19:00:00+00:00,24,1.4690464550537878,0.3552703004762666
66332,2026-04-20 20:00:00+00:00,24,1.4758054451073945,0.3425560083684915
66332,2026-04-20 21:00:00+00:00,24,1.494080030881041,0.30817980425634806
66332,2026-04-20 22:00:00+00:00,24,1.5000920262738342,0.29687067893313746
66332,2026-04-20 23:00:00+00:00,24,1.509939890720526,0.2783459253501375
66332,2026-04-21 00:00:00+00:00,24,1.7104860076260695,0.09890006720114355
66332,2026-04-21 01:00:00+00:00,24,1.4811081617939048,0.3325811025937614
66332,2026-04-21 02:00:00+00:00,24,1.6542612714728062,0.006863917279602054
66332,2026-04-21 03:00:00+00:00,24,1.882907537331525,0.4232410821986108
66332,2026-04-21 04:00:00+00:00,24,2.1521126454367323,0.9296410553023364
66332,2026-04-21 05:00:00+00:00,24,2.0461245505862116,0.7302675413322997
66332,2026-04-21 06:00:00+00:00,24,2.351630768738208,1.3049532957895689
66332,2026-04-21 07:00:00+00:00,24,2.6096948602503756,1.7903959752417247
66332,2026-04-21 08:00:00+00:00,24,2.6442299245467877,1.8553596594523671
66332,2026-04-21 09:00:00+00:00,24,2.3735656589878276,1.3462148747789973
66332,2026-04-21 10:00:00+00:00,24,1.7212264400170325,0.11910382452279314
66332,2026-04-21 11:00:00+00:00,24,1.5340830683890865,0.23293035129936773
66332,2026-04-21 12:00:00+00:00,24,1.5024758645538112,0.29238645629204174
66332,2026-04-21 13:00:00+00:00,24,1.5835308007838438,0.13991454438919806
66332,2026-04-21 14:00:00+00:00,24,1.6424876006604139,0.029011292657031854
66332,2026-04-21 15:00:00+00:00,24,1.6791613406526624,0.03997544045662725
66332,2026-04-21 16:00:00+00:00,24,1.711477861741638,0.10076583750907692
66332,2026-04-21 17:00:00+00:00,24,1.756826931079264,0.18607167607391562
66332,2026-04-21 18:00:00+00:00,24,1.8097375386465955,0.28560147488637805
66332,2026-04-21 19:00:00+00:00,24,2.537394102153447,1.654391490730402
66332,2026-04-21 20:00:00+00:00,24,2.103388186254365,0.8379857929148131
66332,2026-04-21 21:00:00+00:00,24,1.7261274104265378,0.12832300799603438
66332,2026-04-21 22:00:00+00:00,24,1.1290679698920294,0.9948016115778243
66332,2026-04-21 23:00:00+00:00,24,0.9783709486611115,1.2782767953708625
66332,2026-04-22 00:00:00+00:00,24,0.6510612351224846,1.8939769627977472
66332,2026-04-22 01:00:00+00:00,24,0.6847258540526922,1.8306506676884364
66332,2026-04-22 02:00:00+00:00,24,0.8288491162646828,1.5595413391119128
66332,2026-04-22 03:00:00+00:00,24,0.923537612811042,1.381423425815969
66332,2026-04-22 04:00:00+00:00,24,1.082158559931404,1.0830425967120614
66332,2026-04-22 05:00:00+00:00,24,1.062694583815092,1.1196561552406015
66332,2026-04-22 06:00:00+00:00,24,1.0504348327727684,1.1427178929683448
66332,2026-04-22 07:00:00+00:00,24,1.0234402162259213,1.193497290096004
66332,2026-04-22 08:00:00+00:00,24,1.5601949161423994,0.18381152479181662
66332,2026-04-22 09:00:00+00:00,24,1.6192935947280704,0.07264138594529206
66332,2026-04-22 10:00:00+00:00,24,1.6444171736512898,0.02538158548855059
66332,2026-04-22 11:00:00+00:00,24,1.6579101689677158,0.0
66332,2026-04-22 12:00:00+00:00,24,1.4474759933316097,0.39584635533952367
66332,2026-04-22 13:00:00+00:00,24,1.4510041672913638,0.3892095303145449
66332,2026-04-22 14:00:00+00:00,24,1.4557570667993949,0.38026888204835
66332,2026-04-22 15:00:00+00:00,24,1.460522535686795,0.3713045896046013
66332,2026-04-22 16:00:00+00:00,24,1.4652791354278605,0.3623569808541782
66332,2026-04-22 17:00:00+00:00,24,1.4692242321489872,0.3549358851419474
66332,2026-04-22 18:00:00+00:00,24,1.4656330823186299,0.3616911736663899
66332,2026-04-22 19:00:00+00:00,24,1.4690464550537878,0.3552703004762666
66332,2026-04-22 20:00:00+00:00,24,1.4758054451073945,0.3425560083684915
66332,2026-04-22 21:00:00+00:00,24,1.494080030881041,0.30817980425634806
66332,2026-04-22 22:00:00+00:00,24,1.5071418574815427,0.28360928742724445
66332,2026-04-22 23:00:00+00:00,24,1.6530918382452129,0.00906373049699624
66332,2026-04-23 00:00:00+00:00,24,1.7614227478678337,0.19471683706102386
66332,2026-04-23 01:00:00+00:00,24,1.8538145145236402,0.36851438673909803
66332,2026-04-23 02:00:00+00:00,24,1.576894823212477,0.15239743851891766
66332,2026-04-23 03:00:00+00:00,24,1.5000920262738342,0.29687067893313746
66332,2026-04-23 04:00:00+00:00,24,1.4811081617939048,0.3325811025937614
66332,2026-04-23 05:00:00+00:00,24,1.715503861247228,0.10833911892151443
66332,2026-04-23 06:00:00+00:00,24,1.9970247684502151,0.637906261384557
66332,2026-04-23 07:00:00+00:00,24,1.4617772374804057,0.3689443782437926
66332,2026-04-23 08:00:00+00:00,24,2.0164732958730722,0.6744907594765952
66332,2026-04-23 09:00:00+00:00,24,1.3567642223000087,0.5664836762058193
66332,2026-04-23 10:00:00+00:00,24,1.860588263205242,0.381256441205739
66332,2026-04-23 11:00:00+00:00,24,2.7574033649190457,2.0682494800205933
66332,2026-04-23 12:00:00+00:00,24,2.9938695904816486,2.513064554696085
66332,2026-04-23 13:00:00+00:00,24,4.698434109711654,5.719509754667172
66332,2026-04-23 14:00:00+00:00,24,4.851043436774014,6.006582164487697
66332,2026-04-23 15:00:00+00:00,24,4.947718077627506,6.1884362008861755
66332,2026-04-23 16:00:00+00:00,24,5.084105134258527,6.444993003599792
66332,2026-04-23 17:00:00+00:00,24,5.528683170453359,7.2812858479524545
66332,2026-04-23 18:00:00+00:00,24,3.6134139179190368,3.678485348376747
66332,2026-04-23 19:00:00+00:00,24,2.436896810683621,1.4653466911888264
66332,2026-04-23 20:00:00+00:00,24,2.119716664623496,0.8687011870808157
66332,2026-04-23 21:00:00+00:00,24,1.5399950874989397,0.2218092907099515
66332,2026-04-23 22:00:00+00:00,24,1.1231484325698768,1.0059368146273633
66332,2026-04-23 23:00:00+00:00,24,0.894095835912858,1.436806160320173
66332,2026-04-24 00:00:00+00:00,24,0.6510612351224846,1.8939769627977472
66332,2026-04-24 01:00:00+00:00,24,0.6847258540526922,1.8306506676884364
66332,2026-04-24 02:00:00+00:00,24,0.8288491162646828,1.5595413391119128
66332,2026-04-24 03:00:00+00:00,24,0.923537612811042,1.381423425815969
66332,2026-04-24 04:00:00+00:00,24,1.1301577644416076,0.9927516061582417
66332,2026-04-24 05:00:00+00:00,24,1.321644234534729,0.6325476561388835
66332,2026-04-24 06:00:00+00:00,24,1.3639107197496436,0.5530404464626948
66332,2026-04-24 07:00:00+00:00,24,1.3790172793091433,0.524623595800148
66332,2026-04-24 08:00:00+00:00,24,1.5601949161423994,0.18381152479181662
66332,2026-04-24 09:00:00+00:00,24,1.6192935947280704,0.07264138594529206
66332,2026-04-24 10:00:00+00:00,24,1.6444171736512898,0.02538158548855059
66332,2026-04-24 11:00:00+00:00,24,1.6579101689677158,0.0
66332,2026-04-24 12:00:00+00:00,24,1.6653334671741058,0.013963917841364715
66332,2026-04-24 13:00:00+00:00,24,1.714598170184036,0.10663542936945199
66332,2026-04-24 14:00:00+00:00,24,1.761341056127146,0.19456316726040906
66332,2026-04-24 15:00:00+00:00,24,1.8132766071788715,0.2922587936206735
66332,2026-04-24 16:00:00+00:00,24,1.8402337263851938,0.3429676547456287
66332,2026-04-24 17:00:00+00:00,24,1.8404778470090064,0.3434268684589304
66332,2026-04-24 18:00:00+00:00,24,1.8294684378426382,0.32271714067933
66332,2026-04-24 19:00:00+00:00,24,1.8532428572413842,0.3674390459537891
66332,2026-04-24 20:00:00+00:00,24,2.2340665438437006,1.0838039990931918
66332,2026-04-24 21:00:00+00:00,24,2.103388186254365,0.8379857929148131
66332,2026-04-24 22:00:00+00:00,24,1.7261274104265378,0.12832300799603438
66332,2026-04-24 23:00:00+00:00,24,1.1290679698920294,0.9948016115778243
66332,2026-04-25 00:00:00+00:00,24,1.304265624448942,0.6652384462281392
66332,2026-04-25 01:00:00+00:00,24,1.0813642905536809,1.0845366916582797
66332,2026-04-25 02:00:00+00:00,24,1.0550407218908484,1.1340537849878864
66332,2026-04-25 03:00:00+00:00,24,1.1053553734992274,1.0394072219990114
66332,2026-04-25 04:00:00+00:00,24,1.082158559931404,1.0830425967120614
66332,2026-04-25 05:00:00+00:00,24,1.062694583815092,1.1196561552406015
66332,2026-04-25 06:00:00+00:00,24,1.0504348327727684,1.1427178929683448
66332,2026-04-25 07:00:00+00:00,24,1.0234402162259213,1.193497290096004
66332,2026-04-25 08:00:00+00:00,24,2.2119074800556664,1.0421207287227094
66332,2026-04-25 09:00:00+00:00,24,2.369536656046155,1.3386359436225328
66332,2026-04-25 10:00:00+00:00,24,2.4236211415948006,1.4403739166496252
66332,2026-04-25 11:00:00+00:00,24,2.4604553815142163,1.5096625651294995
66332,2026-04-25 12:00:00+00:00,24,2.2053819081507258,1.0298455179720394
66332,2026-04-25 13:00:00+00:00,24,2.4939273045749215,1.57262638129545
66332,2026-04-25 14:00:00+00:00,24,2.5875257910472516,1.7486938837501722
66332,2026-04-25 15:00:00+00:00,24,2.6198650015522715,1.809526961715163
66332,2026-04-25 16:00:00+00:00,24,2.6112714636101035,1.7933617135391178
66332,2026-04-25 17:00:00+00:00,24,2.6015673944478146,1.7751074523277766
66332,2026-04-25 18:00:00+00:00,24,2.589611207487923,1.7526167470156544
66332,2026-04-25 19:00:00+00:00,24,2.572381584192778,1.7202062150065855
66332,2026-04-25 20:00:00+00:00,24,2.5352810531762366,1.6504166480806557
66332,2026-04-25 21:00:00+00:00,24,2.4660742734422136,1.5202322260888992
66332,2026-04-25 22:00:00+00:00,24,2.4116375342662506,1.417831631060855
66332,2026-04-25 23:00:00+00:00,24,2.373103127547229,1.345344809902713
66332,2026-04-26 00:00:00+00:00,24,2.4034763489131987,1.402479678520397
66332,2026-04-26 01:00:00+00:00,24,2.5254660040192345,1.6319536231250698
66332,2026-04-26 02:00:00+00:00,24,2.5342703583032766,1.6485154365468722
66332,2026-04-26 03:00:00+00:00,24,2.4826684188987764,1.5514473648803915
66332,2026-04-26 04:00:00+00:00,24,2.364528085038047,1.32921435336503
66332,2026-04-26 05:00:00+00:00,24,2.43318979603843,1.4583734501168693
66332,2026-04-26 06:00:00+00:00,24,2.289803653708059,1.1886507129421717
66332,2026-04-26 07:00:00+00:00,24,1.3567642223000087,0.5664836762058193
66332,2026-04-26 08:00:00+00:00,24,2.0164732958730722,0.6744907594765952
66332,2026-04-26 09:00:00+00:00,24,2.6096948602503756,1.7903959752417247
66332,2026-04-26 10:00:00+00:00,24,2.965821381212858,2.460303251170699
66332,2026-04-26 11:00:00+00:00,24,2.6055444624343598,1.7825886889788698
66332,2026-04-26 12:00:00+00:00,24,2.2053819081507258,1.0298455179720394
66333,2026-04-20 03:00:00+00:00,6,1.798817320793798,2.7516444014089454
66333,2026-04-20 04:00:00+00:00,6,1.4247161800673396,1.8779021934932547
66333,2026-04-20 05:00:00+00:00,6,0.9129957370897126,0.6827394393390416
66333,2026-04-20 06:00:00+00:00,6,0.9434822747298343,0.7539431107784235
66333,2026-04-20 07:00:00+00:00,6,0.6716412388132098,0.11903730305314554
66333,2026-04-20 08:00:00+00:00,6,0.3672808933573899,0.5918198724265714
66333,2026-04-20 09:00:00+00:00,6,0.5777047264543717,0.1003587018692899
66333,2026-04-20 10:00:00+00:00,6,1.57893793304276,2.2380990501286124
66333,2026-04-20 11:00:00+00:00,6,1.4059215731021821,1.8340059322983397
66333,2026-04-20 12:00:00+00:00,6,1.4023894201716993,1.825756315378747
66333,2026-04-20 13:00:00+00:00,6,0.8199916708405536,0.465521234572605
66333,2026-04-20 14:00:00+00:00,6,0.286754428824169,0.7798956713409284
66333,2026-04-20 15:00:00+00:00,6,1.1608429302503631,1.2616057677265227
66333,2026-04-20 16:00:00+00:00,6,1.2293502691812703,1.4216099672851847
66333,2026-04-20 17:00:00+00:00,6,1.012255728274086,0.9145688416410821
66333,2026-04-20 18:00:00+00:00,6,1.4260337993038283,1.8809795953387725
66333,2026-04-20 19:00:00+00:00,6,1.6672757580407052,2.444418886807784
66333,2026-04-20 20:00:00+00:00,6,0.855485887004678,0.5484207273120706
66333,2026-04-20 21:00:00+00:00,6,0.581825789043187,0.09073364080072939
66333,2026-04-20 22:00:00+00:00,6,0.8298857188756359,0.48862955057134666
66333,2026-04-20 23:00:00+00:00,6,0.16932944213237136,1.0541508284819274
66333,2026-04-21 00:00:00+00:00,6,0.48280753589488795,0.32199844518423204
66333,2026-04-21 01:00:00+00:00,6,0.30151520028475715,0.7454207455990058
66333,2026-04-21 02:00:00+00:00,6,0.9816845980513352,0.8431675976688388
66333,2026-04-21 03:00:00+00:00,6,0.3490807259299435,0.6343277740106511
66333,2026-04-21 04:00:00+00:00,6,0.6693087433108332,0.11358957903326583
66333,2026-04-21 05:00:00+00:00,6,0.9640083851168808,0.8018834324108904
66333,2026-04-21 06:00:00+00:00,6,0.855485887004678,0.5484207273120706
66333,2026-04-21 07:00:00+00:00,6,1.3316386774310975,1.660512472353287
66333,2026-04-21 08:00:00+00:00,6,0.8257040945599574,0.47886304289601617
66333,2026-04-21 09:00:00+00:00,6,0.93687913881754,0.7385209750961537
66333,2026-04-21 10:00:00+00:00,6,0.27320738015955087,0.8115358534263919
66333,2026-04-21 11:00:00+00:00,6,0.8259562898376922,0.47945206451291367
66333,2026-04-21 12:00:00+00:00,6,0.9129957370897126,0.6827394393390416
66333,2026-04-21 13:00:00+00:00,6,1.1945942605658921,1.340434615488698
66333,2026-04-21 14:00:00+00:00,6,1.4748391416609874,1.9949682549467525
66333,2026-04-21 15:00:00+00:00,6,0.7091483232036865,0.20663800553744416
66333,2026-04-21 16:00:00+00:00,6,0.3185074934053882,0.7057339280716923
66333,2026-04-21 17:00:00+00:00,6,0.21557296602143444,0.9461454944533527
66333,2026-04-21 18:00:00+00:00,6,0.9669752622745974,0.8088128039529393
66333,2026-04-21 19:00:00+00:00,6,1.0536784864096687,1.0113149036313225
66333,2026-04-21 20:00:00+00:00,6,1.3676284378489172,1.7445693471031438
66333,2026-04-21 21:00:00+00:00,6,0.581825789043187,0.09073364080072939
66333,2026-04-21 22:00:00+00:00,6,0.286754428824169,0.7798956713409284
66333,2026-04-21 23:00:00+00:00,6,0.9816845980513352,0.8431675976688388
66333,2026-04-22 00:00:00+00:00,6,0.5777047264543717,0.1003587018692899
66333,2026-04-22 01:00:00+00:00,6,1.4164704789180742,1.8586437193972345
66333,2026-04-22 02:00:00+00:00,6,0.7469008212873326,0.29481189072229863
66333,2026-04-22 03:00:00+00:00,6,0.40547013721164127,0.502625933645608
66333,2026-04-22 04:00:00+00:00,6,0.6894776663081664,0.16069566183416517
66333,2026-04-22 05:00:00+00:00,6,0.3490807259299435,0.6343277740106511
66333,2026-04-22 06:00:00+00:00,6,0.8606393908296947,0.5604571349044882
66333,2026-04-22 07:00:00+00:00,6,1.484531270116464,2.017604972118066
66333,2026-04-22 08:00:00+00:00,6,1.2829354839562188,1.5467623893766598
66333,2026-04-22 09:00:00+00:00,6,1.07184673490728,1.0537482560809777
66333,2026-04-22 10:00:00+00:00,6,0.3951651068470727,0.5266941307269958
66333,2026-04-22 11:00:00+00:00,6,0.9400543267998231,0.7459368727135736
66333,2026-04-22 12:00:00+00:00,6,1.176775213939335,1.298816851072885
66333,2026-04-22 13:00:00+00:00,6,1.4023894201716993,1.825756315378747
66333,2026-04-22 14:00:00+00:00,6,1.6137087042394476,2.3193088810778835
66333,2026-04-22 15:00:00+00:00,6,1.3819018351656227,1.777905972759346
66333,2026-04-22 16:00:00+00:00,6,1.3676284378489172,1.7445693471031438
66333,2026-04-22 17:00:00+00:00,6,0.7469008212873326,0.29481189072229863
66333,2026-04-22 18:00:00+00:00,6,0.40547013721164127,0.502625933645608
66333,2026-04-22 19:00:00+00:00,6,0.7304533748422233,0.2563976048326098
66333,2026-04-22 20:00:00+00:00,6,1.0017145081579188,0.8899490050895551
66333,2026-04-22 21:00:00+00:00,6,1.0760435510450186,1.0635502454341328
66333,2026-04-22 22:00:00+00:00,6,0.5662104413097148,0.12720449565971426
66333,2026-04-22 23:00:00+00:00,6,0.5837676477947856,0.08619827918759077
66333,2026-04-23 00:00:00+00:00,6,0.5831627421378309,0.08761108323106935
66333,2026-04-23 01:00:00+00:00,6,0.9185378075784407,0.6956833744894195
66333,2026-04-23 02:00:00+00:00,6,0.8259562898376922,0.47945206451291367
66333,2026-04-23 03:00:00+00:00,6,0.3672808933573899,0.5918198724265714
66333,2026-04-23 04:00:00+00:00,6,0.5042505056177073,0.2719167275142372
66333,2026-04-23 05:00:00+00:00,6,0.49563435746575935,0.292040409295567
66333,2026-04-23 06:00:00+00:00,6,0.2551603612005559,0.8536860648930242
66333,2026-04-23 07:00:00+00:00,6,0.3318845569207434,0.6744907594765952
66333,2026-04-23 08:00:00+00:00,6,0.2594340380308105,0.8437045614356072
66333,2026-04-23 09:00:00+00:00,6,0.33027454508328574,0.6782510669028141
66333,2026-04-23 10:00:00+00:00,6,0.372427103151442,0.5798005006087767
66333,2026-04-23 11:00:00+00:00,6,0.6206742711450073,0.0
66333,2026-04-23 12:00:00+00:00,6,0.9384058706257592,0.7420867755596811
66333,2026-04-23 13:00:00+00:00,6,1.0980919237124616,1.1150459286014978
66333,2026-04-23 14:00:00+00:00,6,1.4667511395274877,1.9760780991241107
66333,2026-04-23 15:00:00+00:00,6,1.2119459246127822,1.3809607716664107
66333,2026-04-23 16:00:00+00:00,6,1.3524597085637948,1.709141604244297
66333,2026-04-23 17:00:00+00:00,6,1.1868817253956638,1.3224213918583803
66333,2026-04-23 18:00:00+00:00,6,1.8188409402925745,2.7984111166275905
66333,2026-04-23 19:00:00+00:00,6,1.0804692776117302,1.0738868728352697
66333,2026-04-23 20:00:00+00:00,6,1.0881094975666135,1.091731198675544
66333,2026-04-23 21:00:00+00:00,6,0.8236314575509515,0.4740222385270693
66333,2026-04-23 22:00:00+00:00,6,0.5775200605819208,0.10079000332645338
66333,2026-04-23 23:00:00+00:00,6,0.48118702933484925,0.3257832638484055
66333,2026-04-24 00:00:00+00:00,6,0.4492197703639833,0.40044527471524816
66333,2026-04-24 01:00:00+00:00,6,0.21979299418891887,0.9362892916057375
66333,2026-04-24 02:00:00+00:00,6,1.004438955803199,0.8963121637164312
66333,2026-04-24 03:00:00+00:00,6,0.4494806423533103,0.3998359879659607
66333,2026-04-24 04:00:00+00:00,6,0.5042505056177073,0.2719167275142372
66333,2026-04-24 05:00:00+00:00,6,0.49563435746575935,0.292040409295567
66333,2026-04-24 06:00:00+00:00,6,0.2551603612005559,0.8536860648930242
66333,2026-04-24 07:00:00+00:00,6,0.3318845569207434,0.6744907594765952
66333,2026-04-24 08:00:00+00:00,6,0.2594340380308105,0.8437045614356072
66333,2026-04-24 09:00:00+00:00,6,0.24080883032334313,0.8872051775353323
66333,2026-04-24 10:00:00+00:00,6,0.2314643911425346,0.9090298394588934
66333,2026-04-24 11:00:00+00:00,6,0.1986046904279122,0.9857762171846868
66333,2026-04-24 12:00:00+00:00,6,0.4961693101562796,0.2907909858267213
66333,2026-04-24 13:00:00+00:00,6,0.48166254504473005,0.32467266005435386
66333,2026-04-24 14:00:00+00:00,6,0.488394952514447,0.308948600630863
66333,2026-04-24 15:00:00+00:00,6,0.5231565702746832,0.2277601482418378
66333,2026-04-24 16:00:00+00:00,6,1.004438955803199,0.8963121637164312
66333,2026-04-24 17:00:00+00:00,6,1.0760435510450186,1.0635502454341328
66333,2026-04-24 18:00:00+00:00,6,0.9075828634712424,0.6700972534922229
66333,2026-04-24 19:00:00+00:00,6,0.8959979385764726,0.6430397635406085
66333,2026-04-24 20:00:00+00:00,6,0.6800393329167309,0.13865170270465482
66333,2026-04-24 21:00:00+00:00,6,0.7191336422145849,0.22995949197392704
66333,2026-04-24 22:00:00+00:00,6,0.8298857188756359,0.48862955057134666
66333,2026-04-24 23:00:00+00:00,6,0.3732207552826478,0.5779468645463735
66333,2026-04-25 00:00:00+00:00,6,0.5664106461279312,0.12673690179040895
66333,2026-04-25 01:00:00+00:00,6,0.16932944213237136,1.0541508284819274
66333,2026-04-25 02:00:00+00:00,6,0.48280753589488795,0.32199844518423204
66333,2026-04-25 03:00:00+00:00,6,1.0476238520686558,0.9971738358789873
66333,2026-04-25 04:00:00+00:00,6,1.07184673490728,1.0537482560809777
66333,2026-04-25 05:00:00+00:00,6,0.25963411226431954,0.8432372725570068
66333,2026-04-25 06:00:00+00:00,6,0.5509833610795253,0.16276852167310554
66333,2026-04-25 07:00:00+00:00,6,0.3158241586943777,0.7120010642542293
66333,2026-04-25 08:00:00+00:00,6,0.23286631280991957,0.905755542752374
66333,2026-04-25 09:00:00+00:00,6,0.3561016402516391,0.6179298844743808
66333,2026-04-25 10:00:00+00:00,6,0.37697520345002605,0.5691780598725895
66333,2026-04-25 11:00:00+00:00,6,0.28062183179333255,0.7942188269976448
66333,2026-04-25 12:00:00+00:00,6,0.4961693101562796,0.2907909858267213
66333,2026-04-25 13:00:00+00:00,6,0.48166254504473005,0.32467266005435386
66333,2026-04-25 14:00:00+00:00,6,0.48118702933484925,0.3257832638484055
66333,2026-04-25 15:00:00+00:00,6,0.3477896070012031,0.6373432823335842
66333,2026-04-25 16:00:00+00:00,6,0.5664106461279312,0.12673690179040895
66333,2026-04-25 17:00:00+00:00,6,1.3206286875215625,1.6347977876185493
66333,2026-04-25 18:00:00+00:00,6,0.8959979385764726,0.6430397635406085
66333,2026-04-25 19:00:00+00:00,6,0.6800393329167309,0.13865170270465482
66333,2026-04-25 20:00:00+00:00,6,0.7191336422145849,0.22995949197392704
66333,2026-04-25 21:00:00+00:00,6,0.36685729529826416,0.5928092185235403
66333,2026-04-25 22:00:00+00:00,6,0.3344770401601062,0.6684358139473017
66333,2026-04-25 23:00:00+00:00,6,0.3477896070012031,0.6373432823335842
66333,2026-04-26 00:00:00+00:00,6,0.30151520028475715,0.7454207455990058
66333,2026-04-26 01:00:00+00:00,6,0.21979299418891887,0.9362892916057375
66333,2026-04-26 02:00:00+00:00,6,0.744927890533199,0.29020395803908355
66333,2026-04-26 03:00:00+00:00,6,0.8731598655929835,0.589699674081421
66333,2026-04-26 04:00:00+00:00,6,0.6221596906186487,0.0034693123043146286
66333,2026-04-26 05:00:00+00:00,6,0.5263113984493469,0.22039180253304763
66333,2026-04-26 06:00:00+00:00,6,0.38865938536635736,0.5418887474544575
66333,2026-04-26 07:00:00+00:00,6,0.3732244264114311,0.5779382903405786
66333,2026-04-26 08:00:00+00:00,6,0.28860946260340453,0.7755630961798904
66333,2026-04-26 09:00:00+00:00,6,0.23286631280991957,0.905755542752374
66333,2026-04-26 10:00:00+00:00,6,0.2314643911425346,0.9090298394588934
66333,2026-04-26 11:00:00+00:00,6,0.1986046904279122,0.9857762171846868
66333,2026-04-26 12:00:00+00:00,6,0.6896579701777175,0.16111677549549042
66333,2026-04-26 13:00:00+00:00,6,0.8536621537482619,0.5441612569479443
66333,2026-04-26 14:00:00+00:00,6,0.5776727245407295,0.10043344481882738
66333,2026-04-26 15:00:00+00:00,6,0.5090017447435514,0.2608198403032306
66333,2026-04-26 16:00:00+00:00,6,0.3686319899336182,0.5886642816595168
66333,2026-04-26 17:00:00+00:00,6,0.5791892165653708,0.0968915601634542
66333,2026-04-26 18:00:00+00:00,6,0.8199916708405536,0.465521234572605
66333,2026-04-26 19:00:00+00:00,6,0.36685729529826416,0.5928092185235403
66333,2026-04-26 20:00:00+00:00,6,0.3185074934053882,0.7057339280716923
66333,2026-04-26 21:00:00+00:00,6,0.21557296602143444,0.9461454944533527
66333,2026-04-20 06:00:00+00:00,12,1.926225807272436,0.6744907594765952
66333,2026-04-20 07:00:00+00:00,12,1.784214132558874,0.4886987660081864
66333,2026-04-20 08:00:00+00:00,12,2.361682237860604,1.2441926411760948
66333,2026-04-20 09:00:00+00:00,12,2.485509580300165,1.4061943135325734
66333,2026-04-20 10:00:00+00:00,12,2.690992011707549,1.675024257485538
66333,2026-04-20 11:00:00+00:00,12,2.798378856983869,1.815517045113129
66333,2026-04-20 12:00:00+00:00,12,2.913566339842801,1.9662153035917709
66333,2026-04-20 13:00:00+00:00,12,2.662835902299578,1.638187992398369
66333,2026-04-20 14:00:00+00:00,12,2.6011762858157517,1.5575195326669127
66333,2026-04-20 15:00:00+00:00,12,2.0606058280315462,0.8502983611369461
66333,2026-04-20 16:00:00+00:00,12,2.0163125458977844,0.7923500466656968
66333,2026-04-20 17:00:00+00:00,12,2.8800010526432,1.9223022828296972
66333,2026-04-20 18:00:00+00:00,12,2.3343193251761813,1.2083941048586055
66333,2026-04-20 19:00:00+00:00,12,2.781824962864828,1.793859804648604
66333,2026-04-20 20:00:00+00:00,12,2.4341810913532957,1.339041931149963
66333,2026-04-20 21:00:00+00:00,12,2.2998319866503327,1.1632747765564702
66333,2026-04-20 22:00:00+00:00,12,2.1658614360616206,0.9880028792977296
66333,2026-04-20 23:00:00+00:00,12,2.1368863713363355,0.9500951858137601
66333,2026-04-21 00:00:00+00:00,12,1.4238471854857233,0.017235461234897487
66333,2026-04-21 01:00:00+00:00,12,1.7728334097253258,0.4738095170318524
66333,2026-04-21 02:00:00+00:00,12,1.6907319688972684,0.366397289207342
66333,2026-04-21 03:00:00+00:00,12,2.8393218812768968,1.869082261616422
66333,2026-04-21 04:00:00+00:00,12,2.1800332744074766,1.0065437077380632
66333,2026-04-21 05:00:00+00:00,12,1.443139669038278,0.042475561990102016
66333,2026-04-21 06:00:00+00:00,12,1.1931074563730242,0.2846382708415471
66333,2026-04-21 07:00:00+00:00,12,1.2126880798368023,0.2590212004561204
66333,2026-04-21 08:00:00+00:00,12,1.1045468064967696,0.4005009963291143
66333,2026-04-21 09:00:00+00:00,12,1.2673783955007727,0.1874705846978004
66333,2026-04-21 10:00:00+00:00,12,1.352046975194995,0.07669980308947578
66333,2026-04-21 11:00:00+00:00,12,1.4353608904479669,0.03229868896921599
66333,2026-04-21 12:00:00+00:00,12,1.6920454928513076,0.36811575520235035
66333,2026-04-21 13:00:00+00:00,12,1.9784847980088904,0.7428605050285483
66333,2026-04-21 14:00:00+00:00,12,2.215151659754452,1.052488626239776
66333,2026-04-21 15:00:00+00:00,12,1.9654003745537074,0.7257423270898221
66333,2026-04-21 16:00:00+00:00,12,1.5637237866465024,0.20023416624745696
66333,2026-04-21 17:00:00+00:00,12,1.4526637059198515,0.054935733322235406
66333,2026-04-21 18:00:00+00:00,12,0.9782298699608966,0.5657597716738789
66333,2026-04-21 19:00:00+00:00,12,1.1550175902893423,0.3344707382418922
66333,2026-04-21 20:00:00+00:00,12,1.105250222646334,0.3995807262954776
66333,2026-04-21 21:00:00+00:00,12,1.419350426230433,0.011352410648577579
66333,2026-04-21 22:00:00+00:00,12,2.1057941628242256,0.9094176611493132
66333,2026-04-21 23:00:00+00:00,12,2.9279121358650273,1.9849837185565025
66333,2026-04-22 00:00:00+00:00,12,2.881903295704778,1.9247909622371109
66333,2026-04-22 01:00:00+00:00,12,1.8926962620440253,0.6306244994621241
66333,2026-04-22 02:00:00+00:00,12,2.493888100728153,1.4171558208577388
66333,2026-04-22 03:00:00+00:00,12,2.5451055283027246,1.4841629031176788
66333,2026-04-22 04:00:00+00:00,12,2.550947787252655,1.4918062531370033
66333,2026-04-22 05:00:00+00:00,12,1.838297092526962,0.5594547863523617
66333,2026-04-22 06:00:00+00:00,12,1.4448560264522183,0.044721049666262724
66333,2026-04-22 07:00:00+00:00,12,1.4199798288460646,0.012175849755878227
66333,2026-04-22 08:00:00+00:00,12,1.5431261159791045,0.17328650647356553
66333,2026-04-22 09:00:00+00:00,12,2.1653114091697434,0.9872832863987006
66333,2026-04-22 10:00:00+00:00,12,2.325691477280747,1.1971064057094463
66333,2026-04-22 11:00:00+00:00,12,2.6130610346583274,1.5730681921964003
66333,2026-04-22 12:00:00+00:00,12,2.9720777529761597,2.0427650105692226
66333,2026-04-22 13:00:00+00:00,12,2.262146502418661,1.1139713565781693
66333,2026-04-22 14:00:00+00:00,12,2.421623055720773,1.322612419429045
66333,2026-04-22 15:00:00+00:00,12,2.1502079610923213,0.9675236452832023
66333,2026-04-22 16:00:00+00:00,12,2.027385531098389,0.8068366865720005
66333,2026-04-22 17:00:00+00:00,12,2.2124667064999954,1.0489759374518917
66333,2026-04-22 18:00:00+00:00,12,2.236987375324695,1.0810560037655137
66333,2026-04-22 19:00:00+00:00,12,1.7113831100804084,0.3934149037489071
66333,2026-04-22 20:00:00+00:00,12,0.9949755640151597,0.543851601893972
66333,2026-04-22 21:00:00+00:00,12,1.4866219736180395,0.09936288526665016
66333,2026-04-22 22:00:00+00:00,12,1.3656275371077122,0.05893253377676546
66333,2026-04-22 23:00:00+00:00,12,1.1045468064967696,0.4005009963291143
66333,2026-04-23 00:00:00+00:00,12,0.9716153337731442,0.5744134817767292
66333,2026-04-23 01:00:00+00:00,12,0.7124155590290916,0.9135211146765831
66333,2026-04-23 02:00:00+00:00,12,0.8151737385707873,0.7790839491354808
66333,2026-04-23 03:00:00+00:00,12,1.365517353105605,0.05907668604763409
66333,2026-04-23 04:00:00+00:00,12,0.9897223822555317,0.5507242700259533
66333,2026-04-23 05:00:00+00:00,12,0.5979435076872899,1.0632833835753128
66333,2026-04-23 06:00:00+00:00,12,0.37558095922368895,1.3541973611415719
66333,2026-04-23 07:00:00+00:00,12,0.37451448049164227,1.3555926211440912
66333,2026-04-23 08:00:00+00:00,12,0.5401952697951313,1.1388346384908876
66333,2026-04-23 09:00:00+00:00,12,0.6551435166700805,0.9884493692820592
66333,2026-04-23 10:00:00+00:00,12,0.8049266400753108,0.7924900924020943
66333,2026-04-23 11:00:00+00:00,12,1.2386608039501605,0.22504142943687894
66333,2026-04-23 12:00:00+00:00,12,1.388676098933772,0.02877840555540044
66333,2026-04-23 13:00:00+00:00,12,1.564910885774852,0.20178723231716944
66333,2026-04-23 14:00:00+00:00,12,1.94886203335098,0.7041054342997535
66333,2026-04-23 15:00:00+00:00,12,2.421623055720773,1.322612419429045
66333,2026-04-23 16:00:00+00:00,12,2.4018957234090115,1.296803411800562
66333,2026-04-23 17:00:00+00:00,12,1.9995056127558635,0.7703617585983527
66333,2026-04-23 18:00:00+00:00,12,2.02557648603635,0.8044699368732284
66333,2026-04-23 19:00:00+00:00,12,1.8565124726064575,0.583285726897076
66333,2026-04-23 20:00:00+00:00,12,1.8749227361557304,0.6073716309045973
66333,2026-04-23 21:00:00+00:00,12,1.8911456983685944,0.6285959175385668
66333,2026-04-23 22:00:00+00:00,12,1.266230516358501,0.18897233977908945
66333,2026-04-23 23:00:00+00:00,12,1.2589663266601805,0.1984759829669179
66333,2026-04-24 00:00:00+00:00,12,1.4079155614693695,0.0036076714945617117
66333,2026-04-24 01:00:00+00:00,12,1.5205749784997442,0.14378315193795158
66333,2026-04-24 02:00:00+00:00,12,1.567508979457861,0.2051862838779481
66333,2026-04-24 03:00:00+00:00,12,1.785344075504968,0.4901770554015325
66333,2026-04-24 04:00:00+00:00,12,0.8391744283330914,0.7476841645434789
66333,2026-04-24 05:00:00+00:00,12,0.46459229783605327,1.2377450055487018
66333,2026-04-24 06:00:00+00:00,12,0.37558095922368895,1.3541973611415719
66333,2026-04-24 07:00:00+00:00,12,0.3202687832664961,1.4265615484866625
66333,2026-04-24 08:00:00+00:00,12,0.3024885444993279,1.449823199414725
66333,2026-04-24 09:00:00+00:00,12,0.4433797406083922,1.2654971132668815
66333,2026-04-24 10:00:00+00:00,12,0.4893924653826394,1.205299274758438
66333,2026-04-24 11:00:00+00:00,12,0.5766839967894598,1.0910969201584004
66333,2026-04-24 12:00:00+00:00,12,0.6638527529564434,0.9770551907788165
66333,2026-04-24 13:00:00+00:00,12,1.239469493425539,0.22398343170513935
66333,2026-04-24 14:00:00+00:00,12,1.739559947852835,0.43027828748080205
66333,2026-04-24 15:00:00+00:00,12,2.6649281839531795,1.6409252967791819
66333,2026-04-24 16:00:00+00:00,12,2.4318723071418242,1.3360213793396778
66333,2026-04-24 17:00:00+00:00,12,2.047942465193461,0.8337310512277635
66333,2026-04-24 18:00:00+00:00,12,1.862272039099635,0.5908208914702682
66333,2026-04-24 19:00:00+00:00,12,1.827032799996311,0.5447178615995047
66333,2026-04-24 20:00:00+00:00,12,1.7525313712288406,0.44724862891232
66333,2026-04-24 21:00:00+00:00,12,1.2498156193866543,0.21044773211658085
66333,2026-04-24 22:00:00+00:00,12,0.9290178297874756,0.6301432321528091
66333,2026-04-24 23:00:00+00:00,12,0.9277070007980854,0.6318581723612546
66333,2026-04-25 00:00:00+00:00,12,1.0042473082246206,0.5317215017238315
66333,2026-04-25 01:00:00+00:00,12,1.155774679294607,0.3334802487218941
66333,2026-04-25 02:00:00+00:00,12,0.9215705750272323,0.639886376936951
66333,2026-04-25 03:00:00+00:00,12,1.4471406044170387,0.047709932764600324
66333,2026-04-25 04:00:00+00:00,12,0.7733161017852187,0.8338457410512037
66333,2026-04-25 05:00:00+00:00,12,0.413166529100905,1.305024657790111
66333,2026-04-25 06:00:00+00:00,12,0.4955018328962143,1.1973064701424254
66333,2026-04-25 07:00:00+00:00,12,0.44777086746948774,1.259752260143072
66333,2026-04-25 08:00:00+00:00,12,0.44558897461947894,1.2626068016654872
66333,2026-04-25 09:00:00+00:00,12,0.4607099779915682,1.2428241931904485
66333,2026-04-25 10:00:00+00:00,12,0.4893924653826394,1.205299274758438
66333,2026-04-25 11:00:00+00:00,12,0.5766839967894598,1.0910969201584004
66333,2026-04-25 12:00:00+00:00,12,0.6638527529564434,0.9770551907788165
66333,2026-04-25 13:00:00+00:00,12,1.239469493425539,0.22398343170513935
66333,2026-04-25 14:00:00+00:00,12,1.4106731155554997,0.0
66333,2026-04-25 15:00:00+00:00,12,1.3490574415038692,0.08061097042931281
66333,2026-04-25 16:00:00+00:00,12,1.2534900833433265,0.2056404795803727
66333,2026-04-25 17:00:00+00:00,12,1.276983951655256,0.17490376278042075
66333,2026-04-25 18:00:00+00:00,12,1.5402529536749712,0.16952758627830747
66333,2026-04-25 19:00:00+00:00,12,1.7525313712288406,0.44724862891232
66333,2026-04-25 20:00:00+00:00,12,1.2498156193866543,0.21044773211658085
66333,2026-04-25 21:00:00+00:00,12,0.9290178297874756,0.6301432321528091
66333,2026-04-25 22:00:00+00:00,12,0.9277070007980854,0.6318581723612546
66333,2026-04-25 23:00:00+00:00,12,1.0042473082246206,0.5317215017238315
66333,2026-04-26 00:00:00+00:00,12,1.1117779791817115,0.39104054886266837
66333,2026-04-26 01:00:00+00:00,12,1.105250222646334,0.3995807262954776
66333,2026-04-26 02:00:00+00:00,12,0.9215705750272323,0.639886376936951
66333,2026-04-26 03:00:00+00:00,12,1.3426681240132596,0.08897002989310179
66333,2026-04-26 04:00:00+00:00,12,0.8391744283330914,0.7476841645434789
66333,2026-04-26 05:00:00+00:00,12,0.46459229783605327,1.2377450055487018
66333,2026-04-26 06:00:00+00:00,12,0.38544574934599724,1.3412913868569374
66333,2026-04-26 07:00:00+00:00,12,0.3202687832664961,1.4265615484866625
66333,2026-04-26 08:00:00+00:00,12,0.3024885444993279,1.449823199414725
66333,2026-04-26 09:00:00+00:00,12,0.4433797406083922,1.2654971132668815
66333,2026-04-26 10:00:00+00:00,12,0.49481771903516103,1.1982014872476094
66333,2026-04-26 11:00:00+00:00,12,1.0622045925861516,0.45589675408062985
66333,2026-04-26 12:00:00+00:00,12,1.1975875428744533,0.27877703299831824
66333,2026-04-26 13:00:00+00:00,12,1.2501875396956876,0.209961153701348
66333,2026-04-26 14:00:00+00:00,12,1.4106731155554997,0.0
66333,2026-04-26 15:00:00+00:00,12,1.3490574415038692,0.08061097042931281
66333,2026-04-26 16:00:00+00:00,12,0.9782298699608966,0.5657597716738789
66333,2026-04-26 17:00:00+00:00,12,1.1117779791817115,0.39104054886266837
66333,2026-04-26 18:00:00+00:00,12,1.248900919087497,0.21164442240524467
66333,2026-04-20 12:00:00+00:00,24,3.8503662138222583,1.5547021076939642
66333,2026-04-20 13:00:00+00:00,24,3.8492320337971444,1.5535517180477523
66333,2026-04-20 14:00:00+00:00,24,3.797097053939615,1.5006716287272321
66333,2026-04-20 15:00:00+00:00,24,3.8008611288274,1.5044894995084073
66333,2026-04-20 16:00:00+00:00,24,3.748193238794031,1.4510688836973191
66333,2026-04-20 17:00:00+00:00,24,3.747121893711189,1.449982227025952
66333,2026-04-20 18:00:00+00:00,24,3.702218198701773,1.4044367715676742
66333,2026-04-20 19:00:00+00:00,24,3.7773042568049964,1.4805959543289346
66333,2026-04-20 20:00:00+00:00,24,3.7340860923880475,1.436760118947728
66333,2026-04-20 21:00:00+00:00,24,3.583287263778427,1.2838060840924739
66333,2026-04-20 22:00:00+00:00,24,3.6016866112508867,1.3024683937441086
66333,2026-04-20 23:00:00+00:00,24,3.204593977244959,0.8997005397593829
66333,2026-04-21 00:00:00+00:00,24,2.889473756000728,0.5800766424905244
66333,2026-04-21 01:00:00+00:00,24,2.4967900629324986,0.18178074171708772
66333,2026-04-21 02:00:00+00:00,24,2.3175707115720323,0.0
66333,2026-04-21 03:00:00+00:00,24,2.36111085923342,0.04416242038751448
66333,2026-04-21 04:00:00+00:00,24,2.4037186238738055,0.08737913220150947
66333,2026-04-21 05:00:00+00:00,24,2.2724947095685253,0.04572022505180169
66333,2026-04-21 06:00:00+00:00,24,2.226582383286882,0.09228872706946445
66333,2026-04-21 07:00:00+00:00,24,2.4226284654745722,0.10655923192760564
66333,2026-04-21 08:00:00+00:00,24,2.5759908514089744,0.26211346228851035
66333,2026-04-21 09:00:00+00:00,24,2.658427416571928,0.3457282050390879
66333,2026-04-21 10:00:00+00:00,24,2.494271087526854,0.17922576529222514
66333,2026-04-21 11:00:00+00:00,24,2.383159476797298,0.06652615524188742
66333,2026-04-21 12:00:00+00:00,24,2.342155192424745,0.02493584052286366
66333,2026-04-21 13:00:00+00:00,24,2.363709611671845,0.046798314012895345
66333,2026-04-21 14:00:00+00:00,24,3.0601072467528163,0.7531488150836712
66333,2026-04-21 15:00:00+00:00,24,3.1058540281813203,0.799549406292804
66333,2026-04-21 16:00:00+00:00,24,3.1069937877310654,0.8007054552058206
66333,2026-04-21 17:00:00+00:00,24,3.0550308910688666,0.7479999084815481
66333,2026-04-21 18:00:00+00:00,24,3.055667008974811,0.7486451177398356
66333,2026-04-21 19:00:00+00:00,24,3.6145529125529867,1.3155185793189192
66333,2026-04-21 20:00:00+00:00,24,3.646064914201819,1.3474809482775787
66333,2026-04-21 21:00:00+00:00,24,3.593222146546286,1.2938829555056583
66333,2026-04-21 22:00:00+00:00,24,3.671417806757863,1.3731961825897587
66333,2026-04-21 23:00:00+00:00,24,3.746453809375767,1.4493045944762264
66333,2026-04-22 00:00:00+00:00,24,3.7215066422768515,1.424000884220854
66333,2026-04-22 01:00:00+00:00,24,3.6285358936059158,1.3297014041529687
66333,2026-04-22 02:00:00+00:00,24,3.702296932654613,1.4045166307806272
66333,2026-04-22 03:00:00+00:00,24,3.468252294619438,1.167127043250146
66333,2026-04-22 04:00:00+00:00,24,3.1801440202817597,0.8749011457319938
66333,2026-04-22 05:00:00+00:00,24,3.0804417491771954,0.7737739367856066
66333,2026-04-22 06:00:00+00:00,24,3.1497783191692084,0.8441014601562061
66333,2026-04-22 07:00:00+00:00,24,3.1944438667375534,0.8894053645869453
66333,2026-04-22 08:00:00+00:00,24,3.215232879632731,0.9104914925913405
66333,2026-04-22 09:00:00+00:00,24,3.133039150361035,0.8271230563254883
66333,2026-04-22 10:00:00+00:00,24,3.1220150460854774,0.8159413963274742
66333,2026-04-22 11:00:00+00:00,24,3.279316819872081,0.9754913159945194
66333,2026-04-22 12:00:00+00:00,24,3.2253691074909874,0.9207725867047841
66333,2026-04-22 13:00:00+00:00,24,5.235177486471401,2.959305005592157
66333,2026-04-22 14:00:00+00:00,24,3.9795720480648136,1.6857545426263216
66333,2026-04-22 15:00:00+00:00,24,3.277103809588494,0.9732466775237056
66333,2026-04-22 16:00:00+00:00,24,2.8268008871904295,0.5165080574499533
66333,2026-04-22 17:00:00+00:00,24,2.745977690348521,0.4345297411669203
66333,2026-04-22 18:00:00+00:00,24,3.5021763873930105,1.2015359767701435
66333,2026-04-22 19:00:00+00:00,24,3.074191923079296,0.7674347886129637
66333,2026-04-22 20:00:00+00:00,24,2.652700669661803,0.33991961186515796
66333,2026-04-22 21:00:00+00:00,24,3.086088890635032,0.7795017867917267
66333,2026-04-22 22:00:00+00:00,24,3.076880422729826,0.7701617121112888
66333,2026-04-22 23:00:00+00:00,24,3.098745347812276,0.792339129164217
66333,2026-04-23 00:00:00+00:00,24,2.968926221825103,0.6606646373647899
66333,2026-04-23 01:00:00+00:00,24,2.5779468754567607,0.26409744169432736
66333,2026-04-23 02:00:00+00:00,24,2.415870356717335,0.09970453675562943
66333,2026-04-23 03:00:00+00:00,24,2.3520727747226364,0.0349951642089812
66333,2026-04-23 04:00:00+00:00,24,2.335029431765907,0.017708238994183296
66333,2026-04-23 05:00:00+00:00,24,2.2928152961639965,0.02510921806282151
66333,2026-04-23 06:00:00+00:00,24,2.123749801972761,0.19659098439861938
66333,2026-04-23 07:00:00+00:00,24,1.80492394831769,0.5199734747159402
66333,2026-04-23 08:00:00+00:00,24,1.8399609437683797,0.4844357329920878
66333,2026-04-23 09:00:00+00:00,24,1.9471464556961182,0.37571833327133386
66333,2026-04-23 10:00:00+00:00,24,1.877006389389436,0.4468608364693838
66333,2026-04-23 11:00:00+00:00,24,1.838313908214261,0.48610630786243164
66333,2026-04-23 12:00:00+00:00,24,1.8443157001457986,0.480018738743
66333,2026-04-23 13:00:00+00:00,24,1.8786320403370118,0.4452119518328746
66333,2026-04-23 14:00:00+00:00,24,1.8926377673228025,0.431006055982692
66333,2026-04-23 15:00:00+00:00,24,1.893599728864275,0.4300303461545693
66333,2026-04-23 16:00:00+00:00,24,1.893057571812601,0.4305802516766701
66333,2026-04-23 17:00:00+00:00,24,1.8907154350698192,0.4329558620729459
66333,2026-04-23 18:00:00+00:00,24,1.9263231168659407,0.3968392777945763
66333,2026-04-23 19:00:00+00:00,24,1.9280232819572338,0.3951148140634519
66333,2026-04-23 20:00:00+00:00,24,1.9352292853073876,0.38780582302055877
66333,2026-04-23 21:00:00+00:00,24,2.0045190357650773,0.317525788325772
66333,2026-04-23 22:00:00+00:00,24,2.1226396956326985,0.19771695630036767
66333,2026-04-23 23:00:00+00:00,24,1.8462174396161057,0.47808981974602305
66333,2026-04-24 00:00:00+00:00,24,1.5619924943763108,0.7663768879001243
66333,2026-04-24 01:00:00+00:00,24,1.3720459483036158,0.959038136641314
66333,2026-04-24 02:00:00+00:00,24,1.2582552758248007,1.0744550974028855
66333,2026-04-24 03:00:00+00:00,24,1.0843401488119677,1.2508558071712619
66333,2026-04-24 04:00:00+00:00,24,1.0426506772578301,1.2931411017188474
66333,2026-04-24 05:00:00+00:00,24,0.9967811707333366,1.3396661720024046
66333,2026-04-24 06:00:00+00:00,24,0.9412874748711308,1.3959529798603616
66333,2026-04-24 07:00:00+00:00,24,1.200960842461741,1.132568378775327
66333,2026-04-24 08:00:00+00:00,24,1.271104631984839,1.0614220991489143
66333,2026-04-24 09:00:00+00:00,24,1.6420815823403203,0.6851431723274085
66333,2026-04-24 10:00:00+00:00,24,1.6518764608577141,0.6752083060955839
66333,2026-04-24 11:00:00+00:00,24,1.6397478458519588,0.6875102624134191
66333,2026-04-24 12:00:00+00:00,24,1.646862886918006,0.6802935336811952
66333,2026-04-24 13:00:00+00:00,24,1.6525838968512705,0.6744907594765952
66333,2026-04-24 14:00:00+00:00,24,1.6505711429006826,0.6765322795649922
66333,2026-04-24 15:00:00+00:00,24,1.6554857102095546,0.6715474736060171
66333,2026-04-24 16:00:00+00:00,24,1.6616699482278914,0.6652748508931539
66333,2026-04-24 17:00:00+00:00,24,1.6650559155023748,0.6618404916126798
66333,2026-04-24 18:00:00+00:00,24,1.657799447722549,0.6692006683193221
66333,2026-04-24 19:00:00+00:00,24,1.6648170679601422,0.6620827527471764
66333,2026-04-24 20:00:00+00:00,24,1.6735674146460338,0.6532073467222782
66333,2026-04-24 21:00:00+00:00,24,2.0045190357650773,0.317525788325772
66333,2026-04-24 22:00:00+00:00,24,2.1226396956326985,0.19771695630036767
66333,2026-04-24 23:00:00+00:00,24,1.8462174396161057,0.47808981974602305
66333,2026-04-25 00:00:00+00:00,24,1.5619924943763108,0.7663768879001243
66333,2026-04-25 01:00:00+00:00,24,1.3720459483036158,0.959038136641314
66333,2026-04-25 02:00:00+00:00,24,1.2582552758248007,1.0744550974028855
66333,2026-04-25 03:00:00+00:00,24,1.0843401488119677,1.2508558071712619
66333,2026-04-25 04:00:00+00:00,24,1.0426506772578301,1.2931411017188474
66333,2026-04-25 05:00:00+00:00,24,0.9967811707333366,1.3396661720024046
66333,2026-04-25 06:00:00+00:00,24,0.9412874748711308,1.3959529798603616
66333,2026-04-25 07:00:00+00:00,24,1.200960842461741,1.132568378775327
66333,2026-04-25 08:00:00+00:00,24,1.271104631984839,1.0614220991489143
66333,2026-04-25 09:00:00+00:00,24,1.6420815823403203,0.6851431723274085
66333,2026-04-25 10:00:00+00:00,24,1.6518764608577141,0.6752083060955839
66333,2026-04-25 11:00:00+00:00,24,1.6397478458519588,0.6875102624134191
66333,2026-04-25 12:00:00+00:00,24,1.646862886918006,0.6802935336811952
66333,2026-04-25 13:00:00+00:00,24,1.6525838968512705,0.6744907594765952
66333,2026-04-25 14:00:00+00:00,24,1.6505711429006826,0.6765322795649922
66333,2026-04-25 15:00:00+00:00,24,1.6554857102095546,0.6715474736060171
66333,2026-04-25 16:00:00+00:00,24,1.6616699482278914,0.6652748508931539
66333,2026-04-25 17:00:00+00:00,24,1.6650559155023748,0.6618404916126798
66333,2026-04-25 18:00:00+00:00,24,1.657799447722549,0.6692006683193221
66333,2026-04-25 19:00:00+00:00,24,1.6648170679601422,0.6620827527471764
66333,2026-04-25 20:00:00+00:00,24,1.6735674146460338,0.6532073467222782
66333,2026-04-25 21:00:00+00:00,24,2.1593448651780185,0.16048719905512657
66333,2026-04-25 22:00:00+00:00,24,2.4726815221102103,0.1573276433260678
66333,2026-04-25 23:00:00+00:00,24,2.450462037636444,0.13479059954395584
66333,2026-04-26 00:00:00+00:00,24,2.4705589003345083,0.15517468518933242
66333,2026-04-26 01:00:00+00:00,24,2.615179000237396,0.30186168538202085
66333,2026-04-26 02:00:00+00:00,24,2.679395521875467,0.36699598502794045
66333,2026-04-26 03:00:00+00:00,24,2.707739979137213,0.3957455392780577
66333,2026-04-26 04:00:00+00:00,24,2.522230408336212,0.20758467874688125
66333,2026-04-26 05:00:00+00:00,24,2.7042704489011173,0.3922264227600047
66333,2026-04-26 06:00:00+00:00,24,2.5679694552671197,0.2539774249175226
66333,2026-04-26 07:00:00+00:00,24,2.545485388391644,0.23117201734063653
66333,2026-04-26 08:00:00+00:00,24,2.0973421844994626,0.2233760176823424
66333,2026-04-26 09:00:00+00:00,24,2.1399027448202927,0.18020718482871576
66333,2026-04-26 10:00:00+00:00,24,1.9877575240423786,0.334526854394377
66333,2026-04-26 11:00:00+00:00,24,1.9305438076251273,0.39255826522010134
66333,2026-04-26 12:00:00+00:00,24,1.9067627071372966,0.4166792435224481
66335,2026-04-20 03:00:00+00:00,6,0.7624622840952323,0.9128691666429812
66335,2026-04-20 04:00:00+00:00,6,0.696367575001604,0.6494827115382348
66335,2026-04-20 05:00:00+00:00,6,0.45154803584227804,0.32611959375686
66335,2026-04-20 06:00:00+00:00,6,0.3786286792537121,0.6167021699381781
66335,2026-04-20 07:00:00+00:00,6,0.5333851207087712,0.0
66335,2026-04-20 08:00:00+00:00,6,0.6127385822380187,0.3162223908554008
66335,2026-04-20 09:00:00+00:00,6,0.46233095074964664,0.2831498345719795
66335,2026-04-20 10:00:00+00:00,6,0.42538970717520386,0.4303601533049119
66335,2026-04-20 11:00:00+00:00,6,0.39518051237519597,0.550743355516628
66335,2026-04-20 12:00:00+00:00,6,0.8362242740292362,1.2068096244588722
66335,2026-04-20 13:00:00+00:00,6,0.825101524767404,1.162485630310673
66335,2026-04-20 14:00:00+00:00,6,0.3264355130715268,0.8246911785885535
66335,2026-04-20 15:00:00+00:00,6,0.4241526243443192,0.4352899104059846
66335,2026-04-20 16:00:00+00:00,6,0.5672901341019709,0.13511098558983908
66335,2026-04-20 17:00:00+00:00,6,0.44104485882149286,0.3679746015294704
66335,2026-04-20 18:00:00+00:00,6,0.615858260124114,0.32865426188948543
66335,2026-04-20 19:00:00+00:00,6,0.4583051354673148,0.2991926499600894
66335,2026-04-20 20:00:00+00:00,6,0.8438518572988822,1.2372054329276325
66335,2026-04-20 21:00:00+00:00,6,0.7882836880187837,1.0157670859850245
66335,2026-04-20 22:00:00+00:00,6,1.1308749759939956,2.380988389277803
66335,2026-04-20 23:00:00+00:00,6,0.869080086886178,1.3377395611610083
66335,2026-04-21 00:00:00+00:00,6,0.35719423795774896,0.7021181069702506
66335,2026-04-21 01:00:00+00:00,6,0.7311121018034208,0.7879391458597618
66335,2026-04-21 02:00:00+00:00,6,0.12464042009044066,1.6288416911890353
66335,2026-04-21 03:00:00+00:00,6,1.0139007851727635,1.9148479389808435
66335,2026-04-21 04:00:00+00:00,6,0.4789719752960443,0.21683559361847363
66335,2026-04-21 05:00:00+00:00,6,0.955014893150012,1.6801885151291913
66335,2026-04-21 06:00:00+00:00,6,1.0890606015897741,2.214358715015235
66335,2026-04-21 07:00:00+00:00,6,0.8548379036218114,1.2809846678511705
66335,2026-04-21 08:00:00+00:00,6,0.6179155806690647,0.3368526543596167
66335,2026-04-21 09:00:00+00:00,6,0.4162446142950251,0.46680321551586496
66335,2026-04-21 10:00:00+00:00,6,0.3800403257901459,0.6110767790076347
66335,2026-04-21 11:00:00+00:00,6,0.5078861544604176,0.10161300989275196
66335,2026-04-21 12:00:00+00:00,6,0.6184159108852457,0.33884646299920135
66335,2026-04-21 13:00:00+00:00,6,0.7585633949727837,0.8973321501572366
66335,2026-04-21 14:00:00+00:00,6,1.2258908748308832,2.7596253651632385
66335,2026-04-21 15:00:00+00:00,6,1.6130143986910468,4.302306981217368
66335,2026-04-21 16:00:00+00:00,6,1.3166537123059028,3.1213139533364513
66335,2026-04-21 17:00:00+00:00,6,1.0605798827728852,2.100863464474241
66335,2026-04-21 18:00:00+00:00,6,0.8276895098101064,1.1727987130915638
66335,2026-04-21 19:00:00+00:00,6,0.3956503022862826,0.5488712495489657
66335,2026-04-21 20:00:00+00:00,6,0.43671731496913807,0.38521980088373986
66335,2026-04-21 21:00:00+00:00,6,0.4011474072821982,0.5269653660362357
66335,2026-04-21 22:00:00+00:00,6,0.45233876673797435,0.3229685426301469
66335,2026-04-21 23:00:00+00:00,6,0.27317831577315926,1.0369203357720798
66335,2026-04-22 00:00:00+00:00,6,0.28113783597424524,1.0052017634559676
66335,2026-04-22 01:00:00+00:00,6,0.2883478583767173,0.976469928973985
66335,2026-04-22 02:00:00+00:00,6,0.5451800603452077,0.0470026630212518
66335,2026-04-22 03:00:00+00:00,6,0.7624622840952323,0.9128691666429812
66335,2026-04-22 04:00:00+00:00,6,0.696367575001604,0.6494827115382348
66335,2026-04-22 05:00:00+00:00,6,1.9412170483525069,5.610189769957115
66335,2026-04-22 06:00:00+00:00,6,0.5999228450780612,0.2651518645393876
66335,2026-04-22 07:00:00+00:00,6,0.5966852053004554,0.25224991708211536
66335,2026-04-22 08:00:00+00:00,6,0.36517608589450945,0.6703105589519911
66335,2026-04-22 09:00:00+00:00,6,0.4162446142950251,0.46680321551586496
66335,2026-04-22 10:00:00+00:00,6,0.49800576665299484,0.14098621170185285
66335,2026-04-22 11:00:00+00:00,6,0.3377879849826224,0.7794517430218731
66335,2026-04-22 12:00:00+00:00,6,0.3966082060101724,0.545054017131624
66335,2026-04-22 13:00:00+00:00,6,0.5653769549037618,0.12748699429149452
66335,2026-04-22 14:00:00+00:00,6,1.0156438102872125,1.9217938687284568
66335,2026-04-22 15:00:00+00:00,6,0.35719423795774896,0.7021181069702506
66335,2026-04-22 16:00:00+00:00,6,1.0723410647407015,2.147731603676682
66335,2026-04-22 17:00:00+00:00,6,0.44104485882149286,0.3679746015294704
66335,2026-04-22 18:00:00+00:00,6,0.5175330397238489,0.06317031232768584
66335,2026-04-22 19:00:00+00:00,6,0.3956503022862826,0.5488712495489657
66335,2026-04-22 20:00:00+00:00,6,0.43671731496913807,0.38521980088373986
66335,2026-04-22 21:00:00+00:00,6,0.6745246808834652,0.5624390959463251
66335,2026-04-22 22:00:00+00:00,6,0.40040278647826555,0.5299326691174437
66335,2026-04-22 23:00:00+00:00,6,0.2657976965036254,1.0663319962898157
66335,2026-04-23 00:00:00+00:00,6,0.2445244437477676,1.151105599332314
66335,2026-04-23 01:00:00+00:00,6,0.3641270982481369,0.6744907594765952
66335,2026-04-23 02:00:00+00:00,6,0.5073818077213575,0.10362282431763274
66335,2026-04-23 03:00:00+00:00,6,0.5999228450780612,0.2651518645393876
66335,2026-04-23 04:00:00+00:00,6,1.268826772161346,2.9307242919864467
66335,2026-04-23 05:00:00+00:00,6,0.45154803584227804,0.32611959375686
66335,2026-04-23 06:00:00+00:00,6,0.3786286792537121,0.6167021699381781
66335,2026-04-23 07:00:00+00:00,6,0.5333851207087712,0.0
66335,2026-04-23 08:00:00+00:00,6,0.466616677456705,0.26607127593393787
66335,2026-04-23 09:00:00+00:00,6,0.2877006078140893,0.9790492130587919
66335,2026-04-23 10:00:00+00:00,6,0.3800403257901459,0.6110767790076347
66335,2026-04-23 11:00:00+00:00,6,0.7313166393362274,0.7887542249552078
66335,2026-04-23 12:00:00+00:00,6,0.6589682450470272,0.5004469252383853
66335,2026-04-23 13:00:00+00:00,6,0.6636552037256718,0.5191243874516144
66335,2026-04-23 14:00:00+00:00,6,0.2883478583767173,0.976469928973985
66335,2026-04-23 15:00:00+00:00,6,0.8680984605044222,1.3338277942968604
66335,2026-04-23 16:00:00+00:00,6,1.31424643451998,3.1117209863473927
66335,2026-04-23 17:00:00+00:00,6,0.6018733401998274,0.27292455925075054
66335,2026-04-23 18:00:00+00:00,6,0.4998515242757426,0.1336308944018035
66335,2026-04-23 19:00:00+00:00,6,0.39348808970014665,0.557487635278699
66335,2026-04-23 20:00:00+00:00,6,0.6617564400767089,0.5115578419074975
66335,2026-04-23 21:00:00+00:00,6,0.8567685608119069,1.2886783086931535
66335,2026-04-23 22:00:00+00:00,6,0.39518051237519597,0.550743355516628
66335,2026-04-23 23:00:00+00:00,6,1.1651950136864682,2.517753240668201
66335,2026-04-24 00:00:00+00:00,6,1.7526182268757626,4.858626207504258
66335,2026-04-24 01:00:00+00:00,6,0.7042922070724377,0.6810622551623627
66335,2026-04-24 02:00:00+00:00,6,1.4789820646664853,3.7681900781815134
66335,2026-04-24 03:00:00+00:00,6,1.5755888569068675,4.153166741157521
66335,2026-04-24 04:00:00+00:00,6,0.8343525934937447,1.1993510047283078
66335,2026-04-24 05:00:00+00:00,6,0.7897011391360251,1.0214156080857213
66335,2026-04-24 06:00:00+00:00,6,0.7883848195484636,1.0161700936609337
66335,2026-04-24 07:00:00+00:00,6,0.8405026685229805,1.2238589643334254
66335,2026-04-24 08:00:00+00:00,6,0.44248164933412515,0.3622490122192236
66335,2026-04-24 09:00:00+00:00,6,0.39161856754748253,0.5649376538850669
66335,2026-04-24 10:00:00+00:00,6,0.3377879849826224,0.7794517430218731
66335,2026-04-24 11:00:00+00:00,6,0.6261400706871997,0.36962712754554633
66335,2026-04-24 12:00:00+00:00,6,0.6589682450470272,0.5004469252383853
66335,2026-04-24 13:00:00+00:00,6,0.5254324946275325,0.031691099348721344
66335,2026-04-24 14:00:00+00:00,6,0.35352831328790074,0.7167267634983333
66335,2026-04-24 15:00:00+00:00,6,0.3272084280943304,0.8216111234563785
66335,2026-04-24 16:00:00+00:00,6,0.8116065684583,1.1087084255572146
66335,2026-04-24 17:00:00+00:00,6,0.5090065325645423,0.09714831943160845
66335,2026-04-24 18:00:00+00:00,6,0.4998515242757426,0.1336308944018035
66335,2026-04-24 19:00:00+00:00,6,0.39348808970014665,0.557487635278699
66335,2026-04-24 20:00:00+00:00,6,0.6617564400767089,0.5115578419074975
66335,2026-04-24 21:00:00+00:00,6,0.4011474072821982,0.5269653660362357
66335,2026-04-24 22:00:00+00:00,6,0.688749313002052,0.6191240481953225
66335,2026-04-24 23:00:00+00:00,6,0.27317831577315926,1.0369203357720798
66335,2026-04-25 00:00:00+00:00,6,0.28113783597424524,1.0052017634559676
66335,2026-04-25 01:00:00+00:00,6,0.3508449028825813,0.7274201149623223
66335,2026-04-25 02:00:00+00:00,6,0.12464042009044066,1.6288416911890353
66335,2026-04-25 03:00:00+00:00,6,0.40040278647826555,0.5299326691174437
66335,2026-04-25 04:00:00+00:00,6,0.955014893150012,1.6801885151291913
66335,2026-04-25 05:00:00+00:00,6,1.7659427254436706,4.911724140636517
66335,2026-04-25 06:00:00+00:00,6,1.4572422662461988,3.6815572974471324
66335,2026-04-25 07:00:00+00:00,6,0.5966852053004554,0.25224991708211536
66335,2026-04-25 08:00:00+00:00,6,0.36517608589450945,0.6703105589519911
66335,2026-04-25 09:00:00+00:00,6,0.3647662248918566,0.671943849090563
66335,2026-04-25 10:00:00+00:00,6,0.38006314903209276,0.6109858287201939
66335,2026-04-25 11:00:00+00:00,6,0.5653769549037618,0.12748699429149452
66335,2026-04-25 12:00:00+00:00,6,0.9078857197083219,1.4923794439486335
66335,2026-04-25 13:00:00+00:00,6,0.48823397043371686,0.17992667761048797
66335,2026-04-25 14:00:00+00:00,6,0.425540417771958,0.4297595737673038
66335,2026-04-25 15:00:00+00:00,6,0.5469495775401249,0.05405416332448937
66335,2026-04-25 16:00:00+00:00,6,0.7229959617598546,0.7555964457477091
66335,2026-04-25 17:00:00+00:00,6,0.5632649890857637,0.11907084120249421
66335,2026-04-25 18:00:00+00:00,6,0.7104599371218627,0.7056405697663329
66335,2026-04-25 19:00:00+00:00,6,0.7133263910601092,0.7170633470486458
66335,2026-04-25 20:00:00+00:00,6,0.4642156836703423,0.2756392012760822
66335,2026-04-25 21:00:00+00:00,6,0.3036729212242694,0.915399776263935
66335,2026-04-25 22:00:00+00:00,6,0.8274028868966424,1.1716565249472433
66335,2026-04-25 23:00:00+00:00,6,0.2657976965036254,1.0663319962898157
66335,2026-04-26 00:00:00+00:00,6,0.2445244437477676,1.151105599332314
66335,2026-04-26 01:00:00+00:00,6,0.3641270982481369,0.6744907594765952
66335,2026-04-26 02:00:00+00:00,6,0.5073818077213575,0.10362282431763274
66335,2026-04-26 03:00:00+00:00,6,0.8274028868966424,1.1716565249472433
66335,2026-04-26 04:00:00+00:00,6,1.208007703193308,2.688361186104998
66335,2026-04-26 05:00:00+00:00,6,0.7897011391360251,1.0214156080857213
66335,2026-04-26 06:00:00+00:00,6,0.8481126992985875,1.254184826368551
66335,2026-04-26 07:00:00+00:00,6,0.854567697046196,1.2799078985745778
66335,2026-04-26 08:00:00+00:00,6,0.466616677456705,0.26607127593393787
66335,2026-04-26 09:00:00+00:00,6,0.2877006078140893,0.9790492130587919
66335,2026-04-26 10:00:00+00:00,6,0.3647662248918566,0.671943849090563
66335,2026-04-26 11:00:00+00:00,6,0.5078861544604176,0.10161300989275196
66335,2026-04-26 12:00:00+00:00,6,0.6184159108852457,0.33884646299920135
66335,2026-04-26 13:00:00+00:00,6,0.7585633949727837,0.8973321501572366
66335,2026-04-26 14:00:00+00:00,6,0.7133263910601092,0.7170633470486458
66335,2026-04-26 15:00:00+00:00,6,0.3264355130715268,0.8246911785885535
66335,2026-04-26 16:00:00+00:00,6,0.35352831328790074,0.7167267634983333
66335,2026-04-26 17:00:00+00:00,6,0.3036729212242694,0.915399776263935
66335,2026-04-26 18:00:00+00:00,6,0.5138381728008099,0.07789430331408145
66335,2026-04-26 19:00:00+00:00,6,1.269877592995808,2.934911797738943
66335,2026-04-26 20:00:00+00:00,6,0.7669170895676822,0.9306215017036846
66335,2026-04-26 21:00:00+00:00,6,0.8270807420775844,1.1703727825254127
66335,2026-04-20 06:00:00+00:00,12,0.7037696989227149,1.0657371387034025
66335,2026-04-20 07:00:00+00:00,12,0.8118310602657042,0.8098651267551303
66335,2026-04-20 08:00:00+00:00,12,0.8429345424758552,0.7362170579838316
66335,2026-04-20 09:00:00+00:00,12,0.9292786919521332,0.5317679286013715
66335,2026-04-20 10:00:00+00:00,12,0.965609228813,0.44574303083754213
66335,2026-04-20 11:00:00+00:00,12,1.1146503429950445,0.09283752164513924
66335,2026-04-20 12:00:00+00:00,12,1.1468589080469882,0.016572793537100193
66335,2026-04-20 13:00:00+00:00,12,1.1582678303958733,0.010441708957507116
66335,2026-04-20 14:00:00+00:00,12,1.223527594723064,0.1649663881781217
66335,2026-04-20 15:00:00+00:00,12,1.136390479626956,0.041360356903697604
66335,2026-04-20 16:00:00+00:00,12,1.0276404574033449,0.2988630076194704
66335,2026-04-20 17:00:00+00:00,12,1.205363470684653,0.12195664903339352
66335,2026-04-20 18:00:00+00:00,12,1.5024106742167158,0.8253168942380767
66335,2026-04-20 19:00:00+00:00,12,2.197391250859143,2.470919690653384
66335,2026-04-20 20:00:00+00:00,12,2.247431004776639,2.5894058206922854
66335,2026-04-20 21:00:00+00:00,12,1.9215876036389241,1.8178607874537784
66335,2026-04-20 22:00:00+00:00,12,1.951861904739244,1.8895454880405087
66335,2026-04-20 23:00:00+00:00,12,1.7241685062100882,1.3504039552582676
66335,2026-04-21 00:00:00+00:00,12,1.6617616194484437,1.2026344336024501
66335,2026-04-21 01:00:00+00:00,12,1.4496048844899152,0.7002812340169549
66335,2026-04-21 02:00:00+00:00,12,1.4154225699100833,0.6193429828613971
66335,2026-04-21 03:00:00+00:00,12,1.4338956553543754,0.6630842931760114
66335,2026-04-21 04:00:00+00:00,12,1.8871044902412615,1.7362102928306808
66335,2026-04-21 05:00:00+00:00,12,2.376786393511698,2.8956986820873523
66335,2026-04-21 06:00:00+00:00,12,0.6520984009432582,1.188086504005379
66335,2026-04-21 07:00:00+00:00,12,0.7162209753993841,1.0362545084291335
66335,2026-04-21 08:00:00+00:00,12,0.8711810423499518,0.6693338662170587
66335,2026-04-21 09:00:00+00:00,12,0.8998719859134413,0.6013983029125836
66335,2026-04-21 10:00:00+00:00,12,0.9143014512812525,0.5672316378889868
66335,2026-04-21 11:00:00+00:00,12,1.2195375341006498,0.15551856310388285
66335,2026-04-21 12:00:00+00:00,12,1.616429025311674,1.0952941046962361
66335,2026-04-21 13:00:00+00:00,12,1.780344418471152,1.4834195263618475
66335,2026-04-21 14:00:00+00:00,12,1.9187972536856914,1.8112536852694257
66335,2026-04-21 15:00:00+00:00,12,1.8988212232195316,1.7639536416405759
66335,2026-04-21 16:00:00+00:00,12,1.7365242046643767,1.3796602720696982
66335,2026-04-21 17:00:00+00:00,12,1.3688018962031554,0.5089526876483573
66335,2026-04-21 18:00:00+00:00,12,1.4476684486567395,0.6956960638276702
66335,2026-04-21 19:00:00+00:00,12,1.3866888763641407,0.5513061944392199
66335,2026-04-21 20:00:00+00:00,12,1.2529011973853805,0.23451837899119765
66335,2026-04-21 21:00:00+00:00,12,1.1236489128022533,0.07153034827056585
66335,2026-04-21 22:00:00+00:00,12,0.6942399640228385,1.0883020260216876
66335,2026-04-21 23:00:00+00:00,12,0.7606141195045656,0.9311386468692485
66335,2026-04-22 00:00:00+00:00,12,1.101682001905497,0.12354447818330307
66335,2026-04-22 01:00:00+00:00,12,1.2871148543498712,0.31553084389829633
66335,2026-04-22 02:00:00+00:00,12,1.1303339186141999,0.0557013242259819
66335,2026-04-22 03:00:00+00:00,12,1.2636890554191091,0.26006230056869084
66335,2026-04-22 04:00:00+00:00,12,1.5396968876632462,0.9136046812317523
66335,2026-04-22 05:00:00+00:00,12,0.8503115318931589,0.718749527491268
66335,2026-04-22 06:00:00+00:00,12,0.6520984009432582,1.188086504005379
66335,2026-04-22 07:00:00+00:00,12,0.7162209753993841,1.0362545084291335
66335,2026-04-22 08:00:00+00:00,12,0.7694205213372775,0.9102864965080396
66335,2026-04-22 09:00:00+00:00,12,0.8711810423499518,0.6693338662170587
66335,2026-04-22 10:00:00+00:00,12,0.9055340878216139,0.587991351629582
66335,2026-04-22 11:00:00+00:00,12,1.1018771979776727,0.1230822851191838
66335,2026-04-22 12:00:00+00:00,12,1.2195375341006498,0.15551856310388285
66335,2026-04-22 13:00:00+00:00,12,1.5613610387152146,0.9649019242789135
66335,2026-04-22 14:00:00+00:00,12,1.8723454310683982,1.7012632024175067
66335,2026-04-22 15:00:00+00:00,12,1.7348812302140266,1.3757699714759792
66335,2026-04-22 16:00:00+00:00,12,1.7397343870182616,1.3872614701982522
66335,2026-04-22 17:00:00+00:00,12,1.6640199402405245,1.2079817758671865
66335,2026-04-22 18:00:00+00:00,12,1.4062043440489234,0.5975156990998863
66335,2026-04-22 19:00:00+00:00,12,1.9933096252493199,1.9876870578465864
66335,2026-04-22 20:00:00+00:00,12,1.9856011712723396,1.969434672316848
66335,2026-04-22 21:00:00+00:00,12,1.8243921994719108,1.5877176233546095
66335,2026-04-22 22:00:00+00:00,12,1.6069018338719354,1.072735239884559
66335,2026-04-22 23:00:00+00:00,12,1.5694806656105196,0.9841279014843707
66335,2026-04-23 00:00:00+00:00,12,1.2346212556666138,0.191234402112246
66335,2026-04-23 01:00:00+00:00,12,1.302848314431891,0.3527851597431283
66335,2026-04-23 02:00:00+00:00,12,1.1171363705617594,0.0869510061751444
66335,2026-04-23 03:00:00+00:00,12,1.2605938924171862,0.25273344986047
66335,2026-04-23 04:00:00+00:00,12,1.362181642739001,0.4932769868018345
66335,2026-04-23 05:00:00+00:00,12,1.310128594690121,0.37002369842216637
66335,2026-04-23 06:00:00+00:00,12,0.4082844342588941,1.7653989626056854
66335,2026-04-23 07:00:00+00:00,12,0.5113256191499116,1.5214139251794558
66335,2026-04-23 08:00:00+00:00,12,0.8038045231322573,0.8288706823005013
66335,2026-04-23 09:00:00+00:00,12,0.8405554379750079,0.7418503967434168
66335,2026-04-23 10:00:00+00:00,12,0.8784791274753839,0.652053168461577
66335,2026-04-23 11:00:00+00:00,12,0.9067269781096012,0.5851667783109833
66335,2026-04-23 12:00:00+00:00,12,0.9166705004193485,0.5616221086193626
66335,2026-04-23 13:00:00+00:00,12,0.8802645141226463,0.6478256585740177
66335,2026-04-23 14:00:00+00:00,12,0.9012923470600078,0.5980351150001938
66335,2026-04-23 15:00:00+00:00,12,0.8563338600749549,0.7044896180348441
66335,2026-04-23 16:00:00+00:00,12,0.8222136816199662,0.7852807407896423
66335,2026-04-23 17:00:00+00:00,12,0.9035676091646218,0.5926476584182858
66335,2026-04-23 18:00:00+00:00,12,0.9456480819201569,0.4930078325464106
66335,2026-04-23 19:00:00+00:00,12,1.4958034345029216,0.8096720078699787
66335,2026-04-23 20:00:00+00:00,12,1.740227839796752,1.388429887416624
66335,2026-04-23 21:00:00+00:00,12,1.7397627037049141,1.3873285195810794
66335,2026-04-23 22:00:00+00:00,12,1.7840194636257498,1.4921214452162936
66335,2026-04-23 23:00:00+00:00,12,1.8871044902412615,1.7362102928306808
66335,2026-04-24 00:00:00+00:00,12,2.376786393511698,2.8956986820873523
66335,2026-04-24 01:00:00+00:00,12,2.284207209977321,2.6764859897700517
66335,2026-04-24 02:00:00+00:00,12,2.3586481472688536,2.852750217421625
66335,2026-04-24 03:00:00+00:00,12,2.3834782871213314,2.9115440153346905
66335,2026-04-24 04:00:00+00:00,12,1.873951363485077,1.7050657934028666
66335,2026-04-24 05:00:00+00:00,12,1.058367043508071,0.22610736851583468
66335,2026-04-24 06:00:00+00:00,12,0.7175830819250866,1.0330292581371894
66335,2026-04-24 07:00:00+00:00,12,0.6709707430236705,1.143399817864492
66335,2026-04-24 08:00:00+00:00,12,0.6810347479561015,1.1195698646016876
66335,2026-04-24 09:00:00+00:00,12,0.8288460610686974,0.7695763275520117
66335,2026-04-24 10:00:00+00:00,12,0.8784791274753839,0.652053168461577
66335,2026-04-24 11:00:00+00:00,12,0.9067269781096012,0.5851667783109833
66335,2026-04-24 12:00:00+00:00,12,0.9166705004193485,0.5616221086193626
66335,2026-04-24 13:00:00+00:00,12,0.8802645141226463,0.6478256585740177
66335,2026-04-24 14:00:00+00:00,12,0.9012923470600078,0.5980351150001938
66335,2026-04-24 15:00:00+00:00,12,0.8563338600749549,0.7044896180348441
66335,2026-04-24 16:00:00+00:00,12,0.8222136816199662,0.7852807407896423
66335,2026-04-24 17:00:00+00:00,12,0.6942399640228385,1.0883020260216876
66335,2026-04-24 18:00:00+00:00,12,0.7885775963516403,0.8649256083418181
66335,2026-04-24 19:00:00+00:00,12,1.3866888763641407,0.5513061944392199
66335,2026-04-24 20:00:00+00:00,12,1.2529011973853805,0.23451837899119765
66335,2026-04-24 21:00:00+00:00,12,1.1694257932609498,0.03686197955237165
66335,2026-04-24 22:00:00+00:00,12,0.7837018244493047,0.8764706559975813
66335,2026-04-24 23:00:00+00:00,12,0.7606141195045656,0.9311386468692485
66335,2026-04-25 00:00:00+00:00,12,1.101682001905497,0.12354447818330307
66335,2026-04-25 01:00:00+00:00,12,1.2871148543498712,0.31553084389829633
66335,2026-04-25 02:00:00+00:00,12,1.1303339186141999,0.0557013242259819
66335,2026-04-25 03:00:00+00:00,12,1.2636890554191091,0.26006230056869084
66335,2026-04-25 04:00:00+00:00,12,1.5396968876632462,0.9136046812317523
66335,2026-04-25 05:00:00+00:00,12,0.8503115318931589,0.718749527491268
66335,2026-04-25 06:00:00+00:00,12,0.7803637299995538,0.8843747295009688
66335,2026-04-25 07:00:00+00:00,12,0.7460300739308701,0.9656713330848369
66335,2026-04-25 08:00:00+00:00,12,0.8415907517102401,0.7393989394867315
66335,2026-04-25 09:00:00+00:00,12,0.8288460610686974,0.7695763275520117
66335,2026-04-25 10:00:00+00:00,12,0.8912482476614898,0.6218179351439266
66335,2026-04-25 11:00:00+00:00,12,0.9931220047148054,0.3805971800284584
66335,2026-04-25 12:00:00+00:00,12,1.0992565825187857,0.12928748318142042
66335,2026-04-25 13:00:00+00:00,12,1.1582678303958733,0.010441708957507116
66335,2026-04-25 14:00:00+00:00,12,1.1538580269316179,0.0
66335,2026-04-25 15:00:00+00:00,12,1.136390479626956,0.041360356903697604
66335,2026-04-25 16:00:00+00:00,12,1.0276404574033449,0.2988630076194704
66335,2026-04-25 17:00:00+00:00,12,1.0570274422219974,0.22927933000157047
66335,2026-04-25 18:00:00+00:00,12,1.1199813413592448,0.08021457057189363
66335,2026-04-25 19:00:00+00:00,12,1.5024106742167158,0.8253168942380767
66335,2026-04-25 20:00:00+00:00,12,1.9856011712723396,1.969434672316848
66335,2026-04-25 21:00:00+00:00,12,2.0902159691630393,2.2171457735206626
66335,2026-04-25 22:00:00+00:00,12,2.0142657810498736,2.037307881430048
66335,2026-04-25 23:00:00+00:00,12,1.8322266573138317,1.6062683658737003
66335,2026-04-26 00:00:00+00:00,12,1.2346212556666138,0.191234402112246
66335,2026-04-26 01:00:00+00:00,12,1.302848314431891,0.3527851597431283
66335,2026-04-26 02:00:00+00:00,12,1.1171363705617594,0.0869510061751444
66335,2026-04-26 03:00:00+00:00,12,1.2605938924171862,0.25273344986047
66335,2026-04-26 04:00:00+00:00,12,1.362181642739001,0.4932769868018345
66335,2026-04-26 05:00:00+00:00,12,1.2546801210858258,0.23873058565487887
66335,2026-04-26 06:00:00+00:00,12,0.4082844342588941,1.7653989626056854
66335,2026-04-26 07:00:00+00:00,12,0.5113256191499116,1.5214139251794558
66335,2026-04-26 08:00:00+00:00,12,0.6810347479561015,1.1195698646016876
66335,2026-04-26 09:00:00+00:00,12,0.8690031530931984,0.6744907594765952
66335,2026-04-26 10:00:00+00:00,12,0.9027047280690096,0.5946908227765955
66335,2026-04-26 11:00:00+00:00,12,1.1557271226431134,0.004425719556745826
66335,2026-04-26 12:00:00+00:00,12,1.1492425601724725,0.010928686730074359
66335,2026-04-26 13:00:00+00:00,12,1.3006356266534678,0.34754586915265095
66335,2026-04-26 14:00:00+00:00,12,1.333310032615312,0.42491363399262355
66335,2026-04-26 15:00:00+00:00,12,1.1538580269316179,0.0
66335,2026-04-26 16:00:00+00:00,12,1.2156061694635916,0.14620972073058028
66335,2026-04-26 17:00:00+00:00,12,1.217893424702211,0.15162557513470182
66335,2026-04-26 18:00:00+00:00,12,1.3170030881690231,0.3863013989407528
66335,2026-04-20 12:00:00+00:00,24,2.157078796056977,0.0
66335,2026-04-20 13:00:00+00:00,24,2.1563348497610604,0.0015681842950405146
66335,2026-04-20 14:00:00+00:00,24,2.1037725954954785,0.11236556591201144
66335,2026-04-20 15:00:00+00:00,24,2.046546595658622,0.2329937815570294
66335,2026-04-20 16:00:00+00:00,24,1.9612975297085242,0.41269256777800417
66335,2026-04-20 17:00:00+00:00,24,1.9029694769693688,0.5356438302117152
66335,2026-04-20 18:00:00+00:00,24,1.9060584585345988,0.5291324833512614
66335,2026-04-20 19:00:00+00:00,24,1.7987022424487524,0.755431522629839
66335,2026-04-20 20:00:00+00:00,24,1.7660675301056081,0.8242231056386962
66335,2026-04-20 21:00:00+00:00,24,1.739358411262156,0.8805239716213173
66335,2026-04-20 22:00:00+00:00,24,2.0563614532443664,0.21230478074003065
66335,2026-04-20 23:00:00+00:00,24,2.3181845079499537,0.3395990390954037
66335,2026-04-21 00:00:00+00:00,24,2.3330306640804594,0.37089364868397834
66335,2026-04-21 01:00:00+00:00,24,2.869114942009006,1.5009200364487212
66335,2026-04-21 02:00:00+00:00,24,3.597876126402329,3.0370952287622464
66335,2026-04-21 03:00:00+00:00,24,3.8399855147774864,3.54744408407036
66335,2026-04-21 04:00:00+00:00,24,3.870909611504594,3.6126298146693805
66335,2026-04-21 05:00:00+00:00,24,4.01357883441031,3.9133660855190127
66335,2026-04-21 06:00:00+00:00,24,4.161338026043831,4.224831637588275
66335,2026-04-21 07:00:00+00:00,24,4.174390274878171,4.252344822006717
66335,2026-04-21 08:00:00+00:00,24,4.106981852600148,4.110252805754923
66335,2026-04-21 09:00:00+00:00,24,4.019276386700919,3.9253761083813434
66335,2026-04-21 10:00:00+00:00,24,3.9192734847762383,3.7145773166976954
66335,2026-04-21 11:00:00+00:00,24,3.625196763893694,3.0946851312587196
66335,2026-04-21 12:00:00+00:00,24,2.0449706925579823,0.2363156698525872
66335,2026-04-21 13:00:00+00:00,24,2.750292234774602,1.2504504737908546
66335,2026-04-21 14:00:00+00:00,24,2.624096602704874,0.9844393256734865
66335,2026-04-21 15:00:00+00:00,24,2.4629703404609224,0.6447969679436146
66335,2026-04-21 16:00:00+00:00,24,2.328318597475934,0.36096095745752804
66335,2026-04-21 17:00:00+00:00,24,2.1407805538514983,0.03435550066407058
66335,2026-04-21 18:00:00+00:00,24,2.02662752522418,0.27498172288901573
66335,2026-04-21 19:00:00+00:00,24,1.9758270053096194,0.382065497547435
66335,2026-04-21 20:00:00+00:00,24,1.922534358684162,0.49440249275514664
66335,2026-04-21 21:00:00+00:00,24,1.916679782349007,0.5067435108008016
66335,2026-04-21 22:00:00+00:00,24,1.837100523267506,0.6744907594765952
66335,2026-04-21 23:00:00+00:00,24,1.5662140237299285,1.2454996570878116
66335,2026-04-22 00:00:00+00:00,24,1.5890764461307108,1.1973073454219372
66335,2026-04-22 01:00:00+00:00,24,1.6836300975349496,0.9979951746581076
66335,2026-04-22 02:00:00+00:00,24,2.329360738693604,0.36315771480377
66335,2026-04-22 03:00:00+00:00,24,2.5141558953299636,0.7526923680808784
66335,2026-04-22 04:00:00+00:00,24,2.609704767525419,0.9541023913690766
66335,2026-04-22 05:00:00+00:00,24,2.5374276903558544,0.8017476072524587
66335,2026-04-22 06:00:00+00:00,24,2.5738039082689648,0.8784260099240144
66335,2026-04-22 07:00:00+00:00,24,2.5577531439953987,0.8445921746117637
66335,2026-04-22 08:00:00+00:00,24,2.6844697225211607,1.1117014396972436
66335,2026-04-22 09:00:00+00:00,24,2.6454972632178477,1.0295503503591952
66335,2026-04-22 10:00:00+00:00,24,2.6573368364328602,1.0545073034049626
66335,2026-04-22 11:00:00+00:00,24,2.6878955639928064,1.1189228625642176
66335,2026-04-22 12:00:00+00:00,24,2.0449706925579823,0.2363156698525872
66335,2026-04-22 13:00:00+00:00,24,3.2840338082511056,2.375538612182249
66335,2026-04-22 14:00:00+00:00,24,4.21361025850989,4.335017674496996
66335,2026-04-22 15:00:00+00:00,24,4.639835245655691,5.233468724881355
66335,2026-04-22 16:00:00+00:00,24,4.184836154754546,4.2743639715877055
66335,2026-04-22 17:00:00+00:00,24,3.9078149498137518,3.690423564375825
66335,2026-04-22 18:00:00+00:00,24,3.951912468155203,3.783377902737193
66335,2026-04-22 19:00:00+00:00,24,4.130094387181254,4.158972335575299
66335,2026-04-22 20:00:00+00:00,24,3.7640172073633553,3.3873084569941367
66335,2026-04-22 21:00:00+00:00,24,3.3022346085670913,2.413904565974019
66335,2026-04-22 22:00:00+00:00,24,3.0562774401874426,1.8954448722802135
66335,2026-04-22 23:00:00+00:00,24,3.887702795465368,3.648028616297343
66335,2026-04-23 00:00:00+00:00,24,2.6616544383625858,1.0636084919928959
66335,2026-04-23 01:00:00+00:00,24,1.9824955294428221,0.36800873716810995
66335,2026-04-23 02:00:00+00:00,24,1.8880300877152059,0.5671349683952963
66335,2026-04-23 03:00:00+00:00,24,1.931021410519745,0.47651240919292287
66335,2026-04-23 04:00:00+00:00,24,1.9069989335717141,0.5271500308662138
66335,2026-04-23 05:00:00+00:00,24,2.2664623141180082,0.23057244333507906
66335,2026-04-23 06:00:00+00:00,24,2.647210630793509,1.0331620036983287
66335,2026-04-23 07:00:00+00:00,24,2.418740019961297,0.5515626923610535
66335,2026-04-23 08:00:00+00:00,24,2.4819061914002014,0.6847123546041746
66335,2026-04-23 09:00:00+00:00,24,2.418285734653192,0.5506050922096067
66335,2026-04-23 10:00:00+00:00,24,2.3041625821671774,0.3100418467019943
66335,2026-04-23 11:00:00+00:00,24,1.9250633770070866,0.4890715073901432
66335,2026-04-23 12:00:00+00:00,24,1.2264985652021632,1.961594958280624
66335,2026-04-23 13:00:00+00:00,24,1.4903431197231822,1.4054299649164188
66335,2026-04-23 14:00:00+00:00,24,1.7079117141764404,0.9468113054939212
66335,2026-04-23 15:00:00+00:00,24,1.8674099119521324,0.6106007884015414
66335,2026-04-23 16:00:00+00:00,24,1.9540597982691932,0.4279491754621577
66335,2026-04-23 17:00:00+00:00,24,2.0130418959977656,0.3036192341019122
66335,2026-04-23 18:00:00+00:00,24,2.0121030731730998,0.30559820384414677
66335,2026-04-23 19:00:00+00:00,24,2.0020602062479935,0.32676783164601353
66335,2026-04-23 20:00:00+00:00,24,1.8849214351241488,0.5736877803372201
66335,2026-04-23 21:00:00+00:00,24,1.8693566380324882,0.6064972324288644
66335,2026-04-23 22:00:00+00:00,24,1.7923416856348737,0.7688391104597471
66335,2026-04-23 23:00:00+00:00,24,2.1291349927205356,0.05890349044874642
66335,2026-04-24 00:00:00+00:00,24,1.9868169117560506,0.3588995798086791
66335,2026-04-24 01:00:00+00:00,24,1.8026891489325578,0.7470274158172701
66335,2026-04-24 02:00:00+00:00,24,1.7278610642990686,0.904759536797335
66335,2026-04-24 03:00:00+00:00,24,1.8659480922078198,0.6136821973389789
66335,2026-04-24 04:00:00+00:00,24,1.8597766415555017,0.626691163233026
66335,2026-04-24 05:00:00+00:00,24,2.04009995811645,0.24658282125645625
66335,2026-04-24 06:00:00+00:00,24,2.211609651360863,0.11494704839858345
66335,2026-04-24 07:00:00+00:00,24,2.225813935978551,0.1448886398575437
66335,2026-04-24 08:00:00+00:00,24,2.1927809529559887,0.07525753143123827
66335,2026-04-24 09:00:00+00:00,24,2.0578319340270097,0.2092051149682443
66335,2026-04-24 10:00:00+00:00,24,1.9506020277216378,0.4352379024822292
66335,2026-04-24 11:00:00+00:00,24,1.88940481099046,0.5642371524345033
66335,2026-04-24 12:00:00+00:00,24,1.2264985652021632,1.961594958280624
66335,2026-04-24 13:00:00+00:00,24,1.4903431197231822,1.4054299649164188
66335,2026-04-24 14:00:00+00:00,24,1.7079117141764404,0.9468113054939212
66335,2026-04-24 15:00:00+00:00,24,1.8674099119521324,0.6106007884015414
66335,2026-04-24 16:00:00+00:00,24,1.9540597982691932,0.4279491754621577
66335,2026-04-24 17:00:00+00:00,24,1.9029694769693688,0.5356438302117152
66335,2026-04-24 18:00:00+00:00,24,1.9060584585345988,0.5291324833512614
66335,2026-04-24 19:00:00+00:00,24,1.7987022424487524,0.755431522629839
66335,2026-04-24 20:00:00+00:00,24,1.7660675301056081,0.8242231056386962
66335,2026-04-24 21:00:00+00:00,24,1.739358411262156,0.8805239716213173
66335,2026-04-24 22:00:00+00:00,24,1.7923416856348737,0.7688391104597471
66335,2026-04-24 23:00:00+00:00,24,1.5662140237299285,1.2454996570878116
66335,2026-04-25 00:00:00+00:00,24,1.5890764461307108,1.1973073454219372
66335,2026-04-25 01:00:00+00:00,24,1.6836300975349496,0.9979951746581076
66335,2026-04-25 02:00:00+00:00,24,2.4135523530629595,0.5406274705546854
66335,2026-04-25 03:00:00+00:00,24,2.3468810355319683,0.40008921711404993
66335,2026-04-25 04:00:00+00:00,24,2.254674798430996,0.2057252237449346
66335,2026-04-25 05:00:00+00:00,24,2.238030239598933,0.17063971300096709
66335,2026-04-25 06:00:00+00:00,24,2.211609651360863,0.11494704839858345
66335,2026-04-25 07:00:00+00:00,24,2.225813935978551,0.1448886398575437
66335,2026-04-25 08:00:00+00:00,24,2.1927809529559887,0.07525753143123827
66335,2026-04-25 09:00:00+00:00,24,2.0578319340270097,0.2092051149682443
66335,2026-04-25 10:00:00+00:00,24,1.9506020277216378,0.4352379024822292
66335,2026-04-25 11:00:00+00:00,24,1.88940481099046,0.5642371524345033
66335,2026-04-25 12:00:00+00:00,24,1.7642527599591298,0.8280485081690079
66335,2026-04-25 13:00:00+00:00,24,2.347646774999232,0.40170333981786166
66335,2026-04-25 14:00:00+00:00,24,2.4121425174770077,0.5376556404150453
66335,2026-04-25 15:00:00+00:00,24,2.464078391464433,0.6471326582902789
66335,2026-04-25 16:00:00+00:00,24,2.5070637840167143,0.737742716955305
66335,2026-04-25 17:00:00+00:00,24,2.5396557712428067,0.8064442385471859
66335,2026-04-25 18:00:00+00:00,24,2.6193387485605424,0.974410117667227
66335,2026-04-25 19:00:00+00:00,24,2.6259511851313744,0.988348649573691
66335,2026-04-25 20:00:00+00:00,24,2.6645241660138335,1.0696576676638159
66335,2026-04-25 21:00:00+00:00,24,2.66225485471308,1.064874125677073
66335,2026-04-25 22:00:00+00:00,24,2.4876697636818124,0.6968615427713342
66335,2026-04-25 23:00:00+00:00,24,2.169205861840647,0.02556296632062889
66335,2026-04-26 00:00:00+00:00,24,1.9868169117560506,0.3588995798086791
66335,2026-04-26 01:00:00+00:00,24,1.8026891489325578,0.7470274158172701
66335,2026-04-26 02:00:00+00:00,24,1.7278610642990686,0.904759536797335
66335,2026-04-26 03:00:00+00:00,24,1.8659480922078198,0.6136821973389789
66335,2026-04-26 04:00:00+00:00,24,1.8597766415555017,0.626691163233026
66335,2026-04-26 05:00:00+00:00,24,2.04009995811645,0.24658282125645625
66335,2026-04-26 06:00:00+00:00,24,2.283519299938845,0.26652731995961537
66335,2026-04-26 07:00:00+00:00,24,2.547644238743241,0.8232833428540188
66335,2026-04-26 08:00:00+00:00,24,2.5369843130893965,0.800813000453751
66335,2026-04-26 09:00:00+00:00,24,2.549753161885139,0.8277287983509061
66335,2026-04-26 10:00:00+00:00,24,2.505934245561259,0.7353617326339753
66335,2026-04-26 11:00:00+00:00,24,2.408520905391414,0.5300215474347734
66335,2026-04-26 12:00:00+00:00,24,2.138316192156637,0.0395501945934479
66336,2026-04-20 03:00:00+00:00,6,0.4053592413873305,0.3883591463552861
66336,2026-04-20 04:00:00+00:00,6,0.3173676067619964,0.0
66336,2026-04-20 05:00:00+00:00,6,0.12246390905564647,0.8602253382952129
66336,2026-04-20 06:00:00+00:00,6,0.07282969653500296,1.0792904856425738
66336,2026-04-20 07:00:00+00:00,6,0.10874902536110465,0.9207572348403052
66336,2026-04-20 08:00:00+00:00,6,0.13621690431034855,0.7995252328853445
66336,2026-04-20 09:00:00+00:00,6,0.1747296382425235,0.6295457508880701
66336,2026-04-20 10:00:00+00:00,6,0.30433126449629,0.05753709174130305
66336,2026-04-20 11:00:00+00:00,6,0.2636512138194857,0.2370822248872315
66336,2026-04-20 12:00:00+00:00,6,0.4697274191687489,0.6724540001681242
66336,2026-04-20 13:00:00+00:00,6,0.5685216913430449,1.108491577714783
66336,2026-04-20 14:00:00+00:00,6,0.1835029094326581,0.5908241141705369
66336,2026-04-20 15:00:00+00:00,6,0.19021029488836283,0.5612204535391049
66336,2026-04-20 16:00:00+00:00,6,0.36655051957704504,0.2170732947222622
66336,2026-04-20 17:00:00+00:00,6,0.3109012723841648,0.028539759600050393
66336,2026-04-20 18:00:00+00:00,6,0.2590676430472785,0.25731223470501624
66336,2026-04-20 19:00:00+00:00,6,0.34754765783115127,0.13320242225391468
66336,2026-04-20 20:00:00+00:00,6,0.27673828181289967,0.17932125049623507
66336,2026-04-20 21:00:00+00:00,6,0.32918716408463844,0.05216669984213528
66336,2026-04-20 22:00:00+00:00,6,0.30621734706307413,0.04921269341968145
66336,2026-04-20 23:00:00+00:00,6,0.23183478760507606,0.3775069388650593
66336,2026-04-21 00:00:00+00:00,6,0.2716369347065949,0.20183651363348934
66336,2026-04-21 01:00:00+00:00,6,0.47404823275637054,0.69152430706257
66336,2026-04-21 02:00:00+00:00,6,1.4974302672889641,5.208314738547351
66336,2026-04-21 03:00:00+00:00,6,0.4422138066932233,0.5510201491021405
66336,2026-04-21 04:00:00+00:00,6,0.22924541013917762,0.38893539370090574
66336,2026-04-21 05:00:00+00:00,6,0.12246390905564647,0.8602253382952129
66336,2026-04-21 06:00:00+00:00,6,0.07282969653500296,1.0792904856425738
66336,2026-04-21 07:00:00+00:00,6,0.10874902536110465,0.9207572348403052
66336,2026-04-21 08:00:00+00:00,6,0.15313371905497036,0.7248613201026594
66336,2026-04-21 09:00:00+00:00,6,0.1396081485940258,0.7845576653353271
66336,2026-04-21 10:00:00+00:00,6,0.28070595871091636,0.16180954475638387
66336,2026-04-21 11:00:00+00:00,6,0.25415033309750334,0.2790152329796863
66336,2026-04-21 12:00:00+00:00,6,0.3456746796221355,0.1249358612166909
66336,2026-04-21 13:00:00+00:00,6,0.4213365115729532,0.45887629309084316
66336,2026-04-21 14:00:00+00:00,6,0.20790627259641364,0.48311763358487575
66336,2026-04-21 15:00:00+00:00,6,0.23266406804830514,0.373846833601725
66336,2026-04-21 16:00:00+00:00,6,0.3169289436971089,0.0019360796528292963
66336,2026-04-21 17:00:00+00:00,6,0.3918315897649725,0.32865361572592267
66336,2026-04-21 18:00:00+00:00,6,0.127229698236692,0.8391910908245195
66336,2026-04-21 19:00:00+00:00,6,0.11554138606389648,0.8907785281654557
66336,2026-04-21 20:00:00+00:00,6,0.09909514223081634,0.9633655330888415
66336,2026-04-21 21:00:00+00:00,6,0.24414722708924513,0.3231648584163537
66336,2026-04-21 22:00:00+00:00,6,0.24015174163294417,0.3407992997776379
66336,2026-04-21 23:00:00+00:00,6,0.24964707039251283,0.29889079578029126
66336,2026-04-22 00:00:00+00:00,6,0.23183478760507606,0.3775069388650593
66336,2026-04-22 01:00:00+00:00,6,0.34830082727606365,0.13652660464844021
66336,2026-04-22 02:00:00+00:00,6,0.6812391061830076,1.6059802218684531
66336,2026-04-22 03:00:00+00:00,6,0.15065813917502743,0.7357875188601052
66336,2026-04-22 04:00:00+00:00,6,0.1554759630769148,0.7145236113785141
66336,2026-04-22 05:00:00+00:00,6,0.0975347596935109,0.9702524244706862
66336,2026-04-22 06:00:00+00:00,6,0.10948288511430955,0.9175182775404133
66336,2026-04-22 07:00:00+00:00,6,0.16454632001487446,0.6744907594765952
66336,2026-04-22 08:00:00+00:00,6,0.09608798758527069,0.9766378858082236
66336,2026-04-22 09:00:00+00:00,6,0.15313371905497036,0.7248613201026594
66336,2026-04-22 10:00:00+00:00,6,0.28070595871091636,0.16180954475638387
66336,2026-04-22 11:00:00+00:00,6,0.40661305595830427,0.3938929719120511
66336,2026-04-22 12:00:00+00:00,6,0.3456746796221355,0.1249358612166909
66336,2026-04-22 13:00:00+00:00,6,0.4213365115729532,0.45887629309084316
66336,2026-04-22 14:00:00+00:00,6,0.24684559261284628,0.31125537479598053
66336,2026-04-22 15:00:00+00:00,6,0.19021029488836283,0.5612204535391049
66336,2026-04-22 16:00:00+00:00,6,0.3169289436971089,0.0019360796528292963
66336,2026-04-22 17:00:00+00:00,6,0.3109012723841648,0.028539759600050393
66336,2026-04-22 18:00:00+00:00,6,0.127229698236692,0.8391910908245195
66336,2026-04-22 19:00:00+00:00,6,0.11554138606389648,0.8907785281654557
66336,2026-04-22 20:00:00+00:00,6,0.09909514223081634,0.9633655330888415
66336,2026-04-22 21:00:00+00:00,6,0.24414722708924513,0.3231648584163537
66336,2026-04-22 22:00:00+00:00,6,0.21288221995334128,0.4611558337379517
66336,2026-04-22 23:00:00+00:00,6,0.1835029094326581,0.5908241141705369
66336,2026-04-23 00:00:00+00:00,6,0.23687030580189392,0.35528221765491774
66336,2026-04-23 01:00:00+00:00,6,0.2829947477290749,0.15170776459211943
66336,2026-04-23 02:00:00+00:00,6,0.5549802048613682,1.0487249856654581
66336,2026-04-23 03:00:00+00:00,6,1.2601089241289036,4.160875233258344
66336,2026-04-23 04:00:00+00:00,6,0.4385113926924594,0.534679205478205
66336,2026-04-23 05:00:00+00:00,6,0.2410544601876036,0.33681506867681377
66336,2026-04-23 06:00:00+00:00,6,0.34184556910043384,0.10803573088225626
66336,2026-04-23 07:00:00+00:00,6,0.1718854423911874,0.6420988700293994
66336,2026-04-23 08:00:00+00:00,6,0.2249095225884872,0.40807223091331307
66336,2026-04-23 09:00:00+00:00,6,0.3234166484386084,0.026698000006471337
66336,2026-04-23 10:00:00+00:00,6,0.7070762360550593,1.7200147632666838
66336,2026-04-23 11:00:00+00:00,6,0.9819715910208094,2.9332906143871362
66336,2026-04-23 12:00:00+00:00,6,0.8721355393084396,2.448519130555993
66336,2026-04-23 13:00:00+00:00,6,0.5013685152240248,0.8121048784146188
66336,2026-04-23 14:00:00+00:00,6,0.6323062779590153,1.3900106984161849
66336,2026-04-23 15:00:00+00:00,6,0.6569492685399485,1.498774796576229
66336,2026-04-23 16:00:00+00:00,6,0.879578828723969,2.4813707707806425
66336,2026-04-23 17:00:00+00:00,6,0.6410010897054907,1.4283860471860883
66336,2026-04-23 18:00:00+00:00,6,0.3916247493716301,0.32774070668710004
66336,2026-04-23 19:00:00+00:00,6,0.13707928298556493,0.7957190455407397
66336,2026-04-23 20:00:00+00:00,6,0.2204776078351247,0.4276328929883384
66336,2026-04-23 21:00:00+00:00,6,0.18570497051933268,0.581105115682959
66336,2026-04-23 22:00:00+00:00,6,0.6022776208913978,1.2574764674676222
66336,2026-04-23 23:00:00+00:00,6,0.5731724772310279,1.1290182476082218
66336,2026-04-24 00:00:00+00:00,6,0.8412770444681623,2.3123223345195583
66336,2026-04-24 01:00:00+00:00,6,0.9505329628315726,2.7945333466293443
66336,2026-04-24 02:00:00+00:00,6,1.7193064778490335,6.187585735120533
66336,2026-04-24 03:00:00+00:00,6,0.4422138066932233,0.5510201491021405
66336,2026-04-24 04:00:00+00:00,6,0.15065813917502743,0.7357875188601052
66336,2026-04-24 05:00:00+00:00,6,0.3563649563538971,0.17211837764028493
66336,2026-04-24 06:00:00+00:00,6,0.23814984184570717,0.3496348680196711
66336,2026-04-24 07:00:00+00:00,6,0.16454632001487446,0.6744907594765952
66336,2026-04-24 08:00:00+00:00,6,0.09608798758527069,0.9766378858082236
66336,2026-04-24 09:00:00+00:00,6,0.30433126449629,0.05753709174130305
66336,2026-04-24 10:00:00+00:00,6,0.2636512138194857,0.2370822248872315
66336,2026-04-24 11:00:00+00:00,6,0.4484673931151963,0.578620926094607
66336,2026-04-24 12:00:00+00:00,6,0.7235243250978274,1.7926099121921932
66336,2026-04-24 13:00:00+00:00,6,0.4223187200124559,0.4632113600859323
66336,2026-04-24 14:00:00+00:00,6,0.5549802048613682,1.0487249856654581
66336,2026-04-24 15:00:00+00:00,6,1.571778735094078,5.5364585173572545
66336,2026-04-24 16:00:00+00:00,6,1.780828967241277,6.459120882339456
66336,2026-04-24 17:00:00+00:00,6,0.9505329628315726,2.7945333466293443
66336,2026-04-24 18:00:00+00:00,6,1.340094270062614,4.513897890469038
66336,2026-04-24 19:00:00+00:00,6,0.7652450122845057,1.9767479899783893
66336,2026-04-24 20:00:00+00:00,6,0.5403365569504986,0.9840939031039425
66336,2026-04-24 21:00:00+00:00,6,0.633726190937941,1.3962776145240896
66336,2026-04-24 22:00:00+00:00,6,0.2402444115010313,0.34039029281900585
66336,2026-04-24 23:00:00+00:00,6,0.18924984350147345,0.5654594937878323
66336,2026-04-25 00:00:00+00:00,6,0.24144263220696374,0.33510183588236003
66336,2026-04-25 01:00:00+00:00,6,0.36655051957704504,0.2170732947222622
66336,2026-04-25 02:00:00+00:00,6,0.4852262781774879,0.7408596353145115
66336,2026-04-25 03:00:00+00:00,6,0.7933178949877703,2.1006502314675246
66336,2026-04-25 04:00:00+00:00,6,0.4053592413873305,0.3883591463552861
66336,2026-04-25 05:00:00+00:00,6,0.3340541371111259,0.07364753149106434
66336,2026-04-25 06:00:00+00:00,6,0.19825073283374642,0.5257332435322939
66336,2026-04-25 07:00:00+00:00,6,0.1988061675050084,0.5232817816892913
66336,2026-04-25 08:00:00+00:00,6,0.3415342799387385,0.10666182762860721
66336,2026-04-25 09:00:00+00:00,6,0.5063014878662238,0.8338770054182326
66336,2026-04-25 10:00:00+00:00,6,0.9484210132003019,2.78521206331147
66336,2026-04-25 11:00:00+00:00,6,1.3982179758084827,4.770432194469482
66336,2026-04-25 12:00:00+00:00,6,0.5881594752099659,1.1951647371729581
66336,2026-04-25 13:00:00+00:00,6,0.5522875038305222,1.0368405028031713
66336,2026-04-25 14:00:00+00:00,6,0.8410082062136167,2.3111357922364477
66336,2026-04-25 15:00:00+00:00,6,1.101541353130443,3.4610227214280513
66336,2026-04-25 16:00:00+00:00,6,1.6775770433385095,6.003409050218603
66336,2026-04-25 17:00:00+00:00,6,0.9484210132003019,2.78521206331147
66336,2026-04-25 18:00:00+00:00,6,1.2822677110582654,4.258675070854245
66336,2026-04-25 19:00:00+00:00,6,1.0649901874050862,3.2997008005450947
66336,2026-04-25 20:00:00+00:00,6,0.6941344656372089,1.6628950730460934
66336,2026-04-25 21:00:00+00:00,6,0.2402444115010313,0.34039029281900585
66336,2026-04-25 22:00:00+00:00,6,0.18924984350147345,0.5654594937878323
66336,2026-04-25 23:00:00+00:00,6,0.23687030580189392,0.35528221765491774
66336,2026-04-26 00:00:00+00:00,6,0.18570497051933268,0.581105115682959
66336,2026-04-26 01:00:00+00:00,6,0.6011968568374956,1.2527064162329553
66336,2026-04-26 02:00:00+00:00,6,0.23069101805216014,0.38255507064586963
66336,2026-04-26 03:00:00+00:00,6,0.49086163798237203,0.7657318124544004
66336,2026-04-26 04:00:00+00:00,6,0.6812391061830076,1.6059802218684531
66336,2026-04-26 05:00:00+00:00,6,0.3064973687710689,0.04797679193949124
66336,2026-04-26 06:00:00+00:00,6,0.1554759630769148,0.7145236113785141
66336,2026-04-26 07:00:00+00:00,6,0.0975347596935109,0.9702524244706862
66336,2026-04-26 08:00:00+00:00,6,0.18922815932707956,0.5655551988794912
66336,2026-04-26 09:00:00+00:00,6,0.3606157682969449,0.19087972585876212
66336,2026-04-26 10:00:00+00:00,6,0.25415033309750334,0.2790152329796863
66336,2026-04-26 11:00:00+00:00,6,0.7107054254612155,1.7360325234292013
66336,2026-04-26 12:00:00+00:00,6,1.161592961672553,3.72606600116684
66336,2026-04-26 13:00:00+00:00,6,0.6569492685399485,1.498774796576229
66336,2026-04-26 14:00:00+00:00,6,0.8412770444681623,2.3123223345195583
66336,2026-04-26 15:00:00+00:00,6,1.7534287553328258,6.3381875350726435
66336,2026-04-26 16:00:00+00:00,6,0.8721355393084396,2.448519130555993
66336,2026-04-26 17:00:00+00:00,6,0.27673828181289967,0.17932125049623507
66336,2026-04-26 18:00:00+00:00,6,0.32918716408463844,0.05216669984213528
66336,2026-04-26 19:00:00+00:00,6,0.5013685152240248,0.8121048784146188
66336,2026-04-26 20:00:00+00:00,6,0.6520390457266533,1.4771030780281507
66336,2026-04-26 21:00:00+00:00,6,0.5522875038305222,1.0368405028031713
66336,2026-04-20 06:00:00+00:00,12,0.2866758611247674,0.7098458985219217
66336,2026-04-20 07:00:00+00:00,12,0.2883102548119932,0.7056993695820803
66336,2026-04-20 08:00:00+00:00,12,0.3006114243162982,0.6744907594765952
66336,2026-04-20 09:00:00+00:00,12,0.3388740285762789,0.5774168432483614
66336,2026-04-20 10:00:00+00:00,12,0.41077910866300926,0.3949904805968187
66336,2026-04-20 11:00:00+00:00,12,0.511375025770978,0.13977419777691427
66336,2026-04-20 12:00:00+00:00,12,0.6246732902293531,0.14766850105526735
66336,2026-04-20 13:00:00+00:00,12,0.7094140352505875,0.36265951231565924
66336,2026-04-20 14:00:00+00:00,12,0.7190642525894128,0.38714253974286345
66336,2026-04-20 15:00:00+00:00,12,0.6939478940789171,0.3234212293626334
66336,2026-04-20 16:00:00+00:00,12,0.626407358787164,0.15206790954223773
66336,2026-04-20 17:00:00+00:00,12,0.4666177863219588,0.253325290205438
66336,2026-04-20 18:00:00+00:00,12,0.4548496156387534,0.2831816587709166
66336,2026-04-20 19:00:00+00:00,12,0.43310758846689945,0.33834214157474973
66336,2026-04-20 20:00:00+00:00,12,0.4403381868558465,0.31999779424492675
66336,2026-04-20 21:00:00+00:00,12,0.4705820412701126,0.2432678003877118
66336,2026-04-20 22:00:00+00:00,12,0.41401570176385044,0.38677910101060087
66336,2026-04-20 23:00:00+00:00,12,0.49739226461794517,0.1752490801342711
66336,2026-04-21 00:00:00+00:00,12,0.7207959309102008,0.3915358840929824
66336,2026-04-21 01:00:00+00:00,12,0.566468350765925,0.0
66336,2026-04-21 02:00:00+00:00,12,0.5495925619227303,0.04281462132892663
66336,2026-04-21 03:00:00+00:00,12,0.5333451943341911,0.08403491019119783
66336,2026-04-21 04:00:00+00:00,12,0.3437460161539131,0.5650563956749872
66336,2026-04-21 05:00:00+00:00,12,0.22539295214010946,0.8653233441390059
66336,2026-04-21 06:00:00+00:00,12,0.2643097316495292,0.7665897564223615
66336,2026-04-21 07:00:00+00:00,12,0.26051223940269197,0.7762241619045938
66336,2026-04-21 08:00:00+00:00,12,0.3006114243162982,0.6744907594765952
66336,2026-04-21 09:00:00+00:00,12,0.3388740285762789,0.5774168432483614
66336,2026-04-21 10:00:00+00:00,12,0.3600671840556422,0.5236488721600108
66336,2026-04-21 11:00:00+00:00,12,0.3923098212422431,0.4418478781669528
66336,2026-04-21 12:00:00+00:00,12,0.4404557186623194,0.31969961086310095
66336,2026-04-21 13:00:00+00:00,12,0.5012044275295978,0.1655774545277203
66336,2026-04-21 14:00:00+00:00,12,0.4952009084368769,0.18080864750981776
66336,2026-04-21 15:00:00+00:00,12,0.37049304285350265,0.4971980081081499
66336,2026-04-21 16:00:00+00:00,12,0.3317290608604746,0.595543941779991
66336,2026-04-21 17:00:00+00:00,12,0.3064984763598681,0.6595550485399909
66336,2026-04-21 18:00:00+00:00,12,0.23631551181404056,0.8376123280361619
66336,2026-04-21 19:00:00+00:00,12,0.29366883042161607,0.6921044266896215
66336,2026-04-21 20:00:00+00:00,12,0.28083193635591835,0.7246721936585727
66336,2026-04-21 21:00:00+00:00,12,0.23104939133290323,0.8509727081859361
66336,2026-04-21 22:00:00+00:00,12,0.2450020958673046,0.8155740807969896
66336,2026-04-21 23:00:00+00:00,12,0.3184948752645083,0.6291196549008935
66336,2026-04-22 00:00:00+00:00,12,0.4495684157384076,0.2965802960729502
66336,2026-04-22 01:00:00+00:00,12,1.1937628619010756,1.591473868600579
66336,2026-04-22 02:00:00+00:00,12,1.1749318915728593,1.5436988655266364
66336,2026-04-22 03:00:00+00:00,12,0.9013280244613276,0.8495537755782024
66336,2026-04-22 04:00:00+00:00,12,0.31122110141521114,0.6475735402797385
66336,2026-04-22 05:00:00+00:00,12,0.19893280320597032,0.9324539101497918
66336,2026-04-22 06:00:00+00:00,12,0.22539295214010946,0.8653233441390059
66336,2026-04-22 07:00:00+00:00,12,0.26051223940269197,0.7762241619045938
66336,2026-04-22 08:00:00+00:00,12,0.301588535959958,0.6720117840990235
66336,2026-04-22 09:00:00+00:00,12,0.3396826348072406,0.5753653735419959
66336,2026-04-22 10:00:00+00:00,12,0.3600671840556422,0.5236488721600108
66336,2026-04-22 11:00:00+00:00,12,0.3923098212422431,0.4418478781669528
66336,2026-04-22 12:00:00+00:00,12,0.4404557186623194,0.31969961086310095
66336,2026-04-22 13:00:00+00:00,12,0.5012044275295978,0.1655774545277203
66336,2026-04-22 14:00:00+00:00,12,0.4952009084368769,0.18080864750981776
66336,2026-04-22 15:00:00+00:00,12,0.37049304285350265,0.4971980081081499
66336,2026-04-22 16:00:00+00:00,12,0.3317290608604746,0.595543941779991
66336,2026-04-22 17:00:00+00:00,12,0.3064984763598681,0.6595550485399909
66336,2026-04-22 18:00:00+00:00,12,0.23631551181404056,0.8376123280361619
66336,2026-04-22 19:00:00+00:00,12,0.29366883042161607,0.6921044266896215
66336,2026-04-22 20:00:00+00:00,12,0.28083193635591835,0.7246721936585727
66336,2026-04-22 21:00:00+00:00,12,0.23104939133290323,0.8509727081859361
66336,2026-04-22 22:00:00+00:00,12,0.2450020958673046,0.8155740807969896
66336,2026-04-22 23:00:00+00:00,12,0.3184948752645083,0.6291196549008935
66336,2026-04-23 00:00:00+00:00,12,0.4495684157384076,0.2965802960729502
66336,2026-04-23 01:00:00+00:00,12,0.8289168739494168,0.6658434899159372
66336,2026-04-23 02:00:00+00:00,12,1.0839759420378088,1.3129396060253227
66336,2026-04-23 03:00:00+00:00,12,0.8572089779826444,0.7376218068904179
66336,2026-04-23 04:00:00+00:00,12,0.5005535348759781,0.167228797925617
66336,2026-04-23 05:00:00+00:00,12,0.3394510976137393,0.5759527936238321
66336,2026-04-23 06:00:00+00:00,12,0.3438999005751952,0.5646659841044922
66336,2026-04-23 07:00:00+00:00,12,0.6120570975855034,0.11566066333708938
66336,2026-04-23 08:00:00+00:00,12,0.6744921102155141,0.2740610467656019
66336,2026-04-23 09:00:00+00:00,12,0.7623924659956991,0.4970681300122122
66336,2026-04-23 10:00:00+00:00,12,0.8506215911609301,0.7209093157032226
66336,2026-04-23 11:00:00+00:00,12,1.0490699715045841,1.2243816177508164
66336,2026-04-23 12:00:00+00:00,12,1.2414064932495135,1.7123478647065995
66336,2026-04-23 13:00:00+00:00,12,1.4141161245469855,2.1505198241075774
66336,2026-04-23 14:00:00+00:00,12,1.4121415138635394,2.145510149628396
66336,2026-04-23 15:00:00+00:00,12,1.3402032740222982,1.9629996592157202
66336,2026-04-23 16:00:00+00:00,12,0.999326947009566,1.098181368547737
66336,2026-04-23 17:00:00+00:00,12,0.8694568497965851,0.7686951984024578
66336,2026-04-23 18:00:00+00:00,12,0.9461986807976648,0.9633926116569899
66336,2026-04-23 19:00:00+00:00,12,0.42614376990855724,0.3560096566965098
66336,2026-04-23 20:00:00+00:00,12,0.47887026378981856,0.22224021394607468
66336,2026-04-23 21:00:00+00:00,12,0.5116382869437959,0.13910629255899912
66336,2026-04-23 22:00:00+00:00,12,0.3999141932115011,0.4225552507624936
66336,2026-04-23 23:00:00+00:00,12,0.4237082262624962,0.36218873845115185
66336,2026-04-24 00:00:00+00:00,12,0.7484593446156128,0.46171918595032174
66336,2026-04-24 01:00:00+00:00,12,1.0585929624805095,1.2485418662785435
66336,2026-04-24 02:00:00+00:00,12,0.958334875734904,0.9941826740025179
66336,2026-04-24 03:00:00+00:00,12,0.5235507251572338,0.10888391090018555
66336,2026-04-24 04:00:00+00:00,12,0.31122110141521114,0.6475735402797385
66336,2026-04-24 05:00:00+00:00,12,0.19893280320597032,0.9324539101497918
66336,2026-04-24 06:00:00+00:00,12,0.35783101896242897,0.5293221217238968
66336,2026-04-24 07:00:00+00:00,12,0.38953293202451345,0.44889296870667117
66336,2026-04-24 08:00:00+00:00,12,0.3998171241304106,0.42280151930663423
66336,2026-04-24 09:00:00+00:00,12,0.5522938709195051,0.03596128114649279
66336,2026-04-24 10:00:00+00:00,12,0.7856890120286418,0.5561724957956565
66336,2026-04-24 11:00:00+00:00,12,0.87794522431368,0.7902305792977979
66336,2026-04-24 12:00:00+00:00,12,1.0298597416767594,1.175644416582787
66336,2026-04-24 13:00:00+00:00,12,1.4666432002578083,2.2837833341556797
66336,2026-04-24 14:00:00+00:00,12,1.4679585412569374,2.287120412340255
66336,2026-04-24 15:00:00+00:00,12,1.4307622639273554,2.1927518146107334
66336,2026-04-24 16:00:00+00:00,12,1.2249462111650025,1.6705874023682807
66336,2026-04-24 17:00:00+00:00,12,1.1510363825855532,1.4830749042849054
66336,2026-04-24 18:00:00+00:00,12,1.2112788013220437,1.635912580206738
66336,2026-04-24 19:00:00+00:00,12,1.1033583122263428,1.3621135348881388
66336,2026-04-24 20:00:00+00:00,12,1.03147052684128,1.1797310496582545
66336,2026-04-24 21:00:00+00:00,12,1.1443750076238286,1.4661747019200695
66336,2026-04-24 22:00:00+00:00,12,0.8582538766098343,0.740272760837871
66336,2026-04-24 23:00:00+00:00,12,0.7954873790943583,0.5810313856205104
66336,2026-04-25 00:00:00+00:00,12,0.8844822251689518,0.8068152390636846
66336,2026-04-25 01:00:00+00:00,12,0.8643184110911065,0.7556587525544356
66336,2026-04-25 02:00:00+00:00,12,0.566468350765925,0.0
66336,2026-04-25 03:00:00+00:00,12,0.5495925619227303,0.04281462132892663
66336,2026-04-25 04:00:00+00:00,12,0.42883011508167174,0.3491942803953263
66336,2026-04-25 05:00:00+00:00,12,0.4719957100332742,0.23968126032480375
66336,2026-04-25 06:00:00+00:00,12,0.589242662425268,0.05777943412197479
66336,2026-04-25 07:00:00+00:00,12,0.9025310843173515,0.8526059915457225
66336,2026-04-25 08:00:00+00:00,12,0.9461487065531432,0.9632658247923715
66336,2026-04-25 09:00:00+00:00,12,1.1464827488872484,1.4715221345581038
66336,2026-04-25 10:00:00+00:00,12,1.4952927077242988,2.3564683994190254
66336,2026-04-25 11:00:00+00:00,12,1.9691610683251388,3.5586933506434937
66336,2026-04-25 12:00:00+00:00,12,2.507532249079861,4.924564804274276
66336,2026-04-25 13:00:00+00:00,12,2.7540470975437716,5.549983857985428
66336,2026-04-25 14:00:00+00:00,12,3.502377783872853,7.448531846568225
66336,2026-04-25 15:00:00+00:00,12,3.1500350136882536,6.55462268335172
66336,2026-04-25 16:00:00+00:00,12,3.3500367263301514,7.0620358580166025
66336,2026-04-25 17:00:00+00:00,12,3.2699325835939654,6.858808111450486
66336,2026-04-25 18:00:00+00:00,12,3.108159515395535,6.448382695460081
66336,2026-04-25 19:00:00+00:00,12,2.6018754369078665,5.1639176368648965
66336,2026-04-25 20:00:00+00:00,12,1.978118533433101,3.5814188350773146
66336,2026-04-25 21:00:00+00:00,12,1.922769899478736,3.4409969071989557
66336,2026-04-25 22:00:00+00:00,12,0.9156912557902053,0.8859939275687067
66336,2026-04-25 23:00:00+00:00,12,0.8844822251689518,0.8068152390636846
66336,2026-04-26 00:00:00+00:00,12,0.8019639689242403,0.5974627799479522
66336,2026-04-26 01:00:00+00:00,12,0.723790657904497,0.3991336386889706
66336,2026-04-26 02:00:00+00:00,12,0.7207959309102008,0.3915358840929824
66336,2026-04-26 03:00:00+00:00,12,0.829687295302564,0.6677980829014982
66336,2026-04-26 04:00:00+00:00,12,0.5042761781320023,0.15778428763751678
66336,2026-04-26 05:00:00+00:00,12,0.3765514273010523,0.48182761929865164
66336,2026-04-26 06:00:00+00:00,12,0.4719957100332742,0.23968126032480375
66336,2026-04-26 07:00:00+00:00,12,0.7560813434611358,0.4810565335180579
66336,2026-04-26 08:00:00+00:00,12,1.2553592311372976,1.7477465767145506
66336,2026-04-26 09:00:00+00:00,12,1.2703908727578546,1.785882515124079
66336,2026-04-26 10:00:00+00:00,12,1.4427205411999344,2.223090491986295
66336,2026-04-26 11:00:00+00:00,12,1.4727361631210447,2.2992414499323464
66336,2026-04-26 12:00:00+00:00,12,1.5177985463134926,2.41356670550946
66336,2026-04-26 13:00:00+00:00,12,1.8683595056072684,3.302955335832409
66336,2026-04-26 14:00:00+00:00,12,1.9923771001758042,3.6175934483919536
66336,2026-04-26 15:00:00+00:00,12,1.9169184292254606,3.4261514688351964
66336,2026-04-26 16:00:00+00:00,12,1.6401110039241407,2.7238788103283134
66336,2026-04-26 17:00:00+00:00,12,2.0330336050290247,3.7207407961113605
66336,2026-04-26 18:00:00+00:00,12,1.9479377764214363,3.504848922116129
66336,2026-04-20 12:00:00+00:00,24,0.697296398352378,0.4830269737274935
66336,2026-04-20 13:00:00+00:00,24,0.6945268521268168,0.48553295149016706
66336,2026-04-20 14:00:00+00:00,24,0.7004398516852456,0.4801826723479157
66336,2026-04-20 15:00:00+00:00,24,0.7034036780802699,0.4775009034105328
66336,2026-04-20 16:00:00+00:00,24,0.7022153447051632,0.47857614706784235
66336,2026-04-20 17:00:00+00:00,24,0.70406050966267,0.47690658029574795
66336,2026-04-20 18:00:00+00:00,24,0.7059423232895348,0.475203852585737
66336,2026-04-20 19:00:00+00:00,24,0.7050388246875405,0.4760213682438284
66336,2026-04-20 20:00:00+00:00,24,0.7061483626683845,0.4750174212863179
66336,2026-04-20 21:00:00+00:00,24,0.7060856410188913,0.4750741739259445
66336,2026-04-20 22:00:00+00:00,24,0.8124079076387114,0.3788702422611719
66336,2026-04-20 23:00:00+00:00,24,0.7606448331382172,0.42570719787095535
66336,2026-04-21 00:00:00+00:00,24,0.750628887217282,0.43476995967588544
66336,2026-04-21 01:00:00+00:00,24,0.5995190234361172,0.5714992024887572
66336,2026-04-21 02:00:00+00:00,24,0.5292299706695442,0.63509908089726
66336,2026-04-21 03:00:00+00:00,24,0.49600559705206737,0.6651616018603409
66336,2026-04-21 04:00:00+00:00,24,0.48569523690098715,0.6744907594765952
66336,2026-04-21 05:00:00+00:00,24,0.4771911022366437,0.6821855840521655
66336,2026-04-21 06:00:00+00:00,24,0.47599055308559246,0.6832718809508285
66336,2026-04-21 07:00:00+00:00,24,0.47433279543212403,0.684771875345994
66336,2026-04-21 08:00:00+00:00,24,0.47362245782314333,0.6854146124975415
66336,2026-04-21 09:00:00+00:00,24,0.46252350959771577,0.695457310895309
66336,2026-04-21 10:00:00+00:00,24,0.4212136286198194,0.7328358684921671
66336,2026-04-21 11:00:00+00:00,24,0.42241167813601477,0.7317518333464604
66336,2026-04-21 12:00:00+00:00,24,0.4232799142601541,0.7309662243539974
66336,2026-04-21 13:00:00+00:00,24,0.4242632946086674,0.7300764290283659
66336,2026-04-21 14:00:00+00:00,24,0.4232619675106571,0.7309824631712941
66336,2026-04-21 15:00:00+00:00,24,0.42261047226019527,0.7315719577950257
66336,2026-04-21 16:00:00+00:00,24,0.4221732880001496,0.7319675366894143
66336,2026-04-21 17:00:00+00:00,24,0.42523578326401923,0.7291964888698405
66336,2026-04-21 18:00:00+00:00,24,0.42946188945629876,0.7253725670869847
66336,2026-04-21 19:00:00+00:00,24,0.4659426255965479,0.6923635807448623
66336,2026-04-21 20:00:00+00:00,24,0.467193117376214,0.6912320940907212
66336,2026-04-21 21:00:00+00:00,24,0.5397161384434515,0.625610846682375
66336,2026-04-21 22:00:00+00:00,24,0.8124079076387114,0.3788702422611719
66336,2026-04-21 23:00:00+00:00,24,0.7606448331382172,0.42570719787095535
66336,2026-04-22 00:00:00+00:00,24,0.750628887217282,0.43476995967588544
66336,2026-04-22 01:00:00+00:00,24,0.5995190234361172,0.5714992024887572
66336,2026-04-22 02:00:00+00:00,24,0.5292299706695442,0.63509908089726
66336,2026-04-22 03:00:00+00:00,24,0.49600559705206737,0.6651616018603409
66336,2026-04-22 04:00:00+00:00,24,0.48569523690098715,0.6744907594765952
66336,2026-04-22 05:00:00+00:00,24,0.4771911022366437,0.6821855840521655
66336,2026-04-22 06:00:00+00:00,24,0.47599055308559246,0.6832718809508285
66336,2026-04-22 07:00:00+00:00,24,0.47433279543212403,0.684771875345994
66336,2026-04-22 08:00:00+00:00,24,0.47362245782314333,0.6854146124975415
66336,2026-04-22 09:00:00+00:00,24,0.46252350959771577,0.695457310895309
66336,2026-04-22 10:00:00+00:00,24,0.4212136286198194,0.7328358684921671
66336,2026-04-22 11:00:00+00:00,24,0.42241167813601477,0.7317518333464604
66336,2026-04-22 12:00:00+00:00,24,0.4232799142601541,0.7309662243539974
66336,2026-04-22 13:00:00+00:00,24,0.4242632946086674,0.7300764290283659
66336,2026-04-22 14:00:00+00:00,24,0.4232619675106571,0.7309824631712941
66336,2026-04-22 15:00:00+00:00,24,0.42261047226019527,0.7315719577950257
66336,2026-04-22 16:00:00+00:00,24,0.4221732880001496,0.7319675366894143
66336,2026-04-22 17:00:00+00:00,24,0.42523578326401923,0.7291964888698405
66336,2026-04-22 18:00:00+00:00,24,0.42946188945629876,0.7253725670869847
66336,2026-04-22 19:00:00+00:00,24,0.4659426255965479,0.6923635807448623
66336,2026-04-22 20:00:00+00:00,24,0.467193117376214,0.6912320940907212
66336,2026-04-22 21:00:00+00:00,24,0.5397161384434515,0.625610846682375
66336,2026-04-22 22:00:00+00:00,24,1.011471116936855,0.19875121364069895
66336,2026-04-22 23:00:00+00:00,24,1.0411781307835637,0.17187131706839956
66336,2026-04-23 00:00:00+00:00,24,1.225874252618253,0.004752108189338426
66336,2026-04-23 01:00:00+00:00,24,2.294884413226387,0.9625239263578874
66336,2026-04-23 02:00:00+00:00,24,2.3780041092221444,1.0377333985389654
66336,2026-04-23 03:00:00+00:00,24,2.4630430581009723,1.114679474717309
66336,2026-04-23 04:00:00+00:00,24,2.444051599434466,1.097495369732979
66336,2026-04-23 05:00:00+00:00,24,2.2243578071005565,0.8987091017498037
66336,2026-04-23 06:00:00+00:00,24,1.9342575847846388,0.6362167485401963
66336,2026-04-23 07:00:00+00:00,24,1.531154146878597,0.27147531829195776
66336,2026-04-23 08:00:00+00:00,24,1.4460721712713365,0.19449031009519985
66336,2026-04-23 09:00:00+00:00,24,1.3969097443564726,0.1500065071275319
66336,2026-04-23 10:00:00+00:00,24,1.248413523827647,0.015642175869294617
66336,2026-04-23 11:00:00+00:00,24,1.2354934464597036,0.003951659106200172
66336,2026-04-23 12:00:00+00:00,24,1.231283448602836,0.00014231268228337464
66336,2026-04-23 13:00:00+00:00,24,1.227611113594878,0.003180538470044093
66336,2026-04-23 14:00:00+00:00,24,1.231126168056321,0.0
66336,2026-04-23 15:00:00+00:00,24,1.2315101130156334,0.00034740620006530354
66336,2026-04-23 16:00:00+00:00,24,1.2308448292237204,0.0002545647556869463
66336,2026-04-23 17:00:00+00:00,24,1.2292923264109137,0.001659321061783064
66336,2026-04-23 18:00:00+00:00,24,1.2337206638329035,0.0023475862801851572
66336,2026-04-23 19:00:00+00:00,24,1.2982127861239123,0.06070220872240251
66336,2026-04-23 20:00:00+00:00,24,1.3573169611344833,0.11418163682894891
66336,2026-04-23 21:00:00+00:00,24,1.3444412988372723,0.10253130830266946
66336,2026-04-23 22:00:00+00:00,24,1.333461489571897,0.09259641080809813
66336,2026-04-23 23:00:00+00:00,24,1.1688577711502972,0.05634252157398359
66336,2026-04-24 00:00:00+00:00,24,1.0477024180684833,0.16596792441064045
66336,2026-04-24 01:00:00+00:00,24,1.0645922877063616,0.150685407247237
66336,2026-04-24 02:00:00+00:00,24,1.0416919459315086,0.17140639999173518
66336,2026-04-24 03:00:00+00:00,24,1.0763184065587306,0.14007522395609176
66336,2026-04-24 04:00:00+00:00,24,1.0231767272901557,0.18815958712327235
66336,2026-04-24 05:00:00+00:00,24,1.0115465131697126,0.1986829926154688
66336,2026-04-24 06:00:00+00:00,24,1.009948387013017,0.20012903044421612
66336,2026-04-24 07:00:00+00:00,24,1.3999983695538485,0.1528011981821247
66336,2026-04-24 08:00:00+00:00,24,1.426374815974291,0.17666748630468018
66336,2026-04-24 09:00:00+00:00,24,1.4880812475132514,0.2325015228783933
66336,2026-04-24 10:00:00+00:00,24,1.387546103007365,0.14153397224728828
66336,2026-04-24 11:00:00+00:00,24,1.36084600379449,0.1173748322874256
66336,2026-04-24 12:00:00+00:00,24,1.350143642125048,0.10769097862786901
66336,2026-04-24 13:00:00+00:00,24,1.356554199030574,0.1134914642465363
66336,2026-04-24 14:00:00+00:00,24,1.37225927526479,0.12770194083681713
66336,2026-04-24 15:00:00+00:00,24,1.3824520505132887,0.1369247037128877
66336,2026-04-24 16:00:00+00:00,24,1.3830576948238187,0.1374727108774803
66336,2026-04-24 17:00:00+00:00,24,1.400639688270972,0.15338148473920216
66336,2026-04-24 18:00:00+00:00,24,1.4526523972419099,0.20044431794075676
66336,2026-04-24 19:00:00+00:00,24,1.5325723442150443,0.2727585505252453
66336,2026-04-24 20:00:00+00:00,24,1.604372851056786,0.337726042973448
66336,2026-04-24 21:00:00+00:00,24,1.5524448109585338,0.29073982099079365
66336,2026-04-24 22:00:00+00:00,24,1.697035050496983,0.42156989042196025
66336,2026-04-24 23:00:00+00:00,24,1.736460742682659,0.45724357118000447
66336,2026-04-25 00:00:00+00:00,24,1.9591932040976303,0.6587793282581744
66336,2026-04-25 01:00:00+00:00,24,1.8055421375975436,0.5197507205005008
66336,2026-04-25 02:00:00+00:00,24,2.0897397521158565,0.7769021973795158
66336,2026-04-25 03:00:00+00:00,24,2.5766935521611445,1.2175142308961642
66336,2026-04-25 04:00:00+00:00,24,2.613804209940918,1.251093191339569
66336,2026-04-25 05:00:00+00:00,24,2.547247602397697,1.1908705538103812
66336,2026-04-25 06:00:00+00:00,24,2.6919890517445837,1.3218374429176176
66336,2026-04-25 07:00:00+00:00,24,2.685131594309885,1.3156325868003116
66336,2026-04-25 08:00:00+00:00,24,3.0778433493514474,1.6709712759298803
66336,2026-04-25 09:00:00+00:00,24,3.036231673482351,1.6333196442535016
66336,2026-04-25 10:00:00+00:00,24,2.9966309671736715,1.5974876048819222
66336,2026-04-25 11:00:00+00:00,24,2.9957518877702576,1.5966921845288522
66336,2026-04-25 12:00:00+00:00,24,3.0003165800254687,1.6008224702700442
66336,2026-04-25 13:00:00+00:00,24,3.01234953355403,1.6117102878061995
66336,2026-04-25 14:00:00+00:00,24,3.017774932351511,1.61661936952314
66336,2026-04-25 15:00:00+00:00,24,3.0203916884357365,1.6189870976718481
66336,2026-04-25 16:00:00+00:00,24,3.0230035738378946,1.6213504186650314
66336,2026-04-25 17:00:00+00:00,24,3.0214282205023277,1.6199249864440963
66336,2026-04-25 18:00:00+00:00,24,3.0081823045289577,1.6079396400472217
66336,2026-04-25 19:00:00+00:00,24,2.9854233693459973,1.5873465967016205
66336,2026-04-25 20:00:00+00:00,24,2.9698822299575145,1.5732844556350793
66336,2026-04-25 21:00:00+00:00,24,2.964822612872435,1.5687063454068295
66336,2026-04-25 22:00:00+00:00,24,3.025300335166213,1.623428604889841
66336,2026-04-25 23:00:00+00:00,24,2.9797788383342105,1.5822392368512201
66336,2026-04-26 00:00:00+00:00,24,2.794641860695869,1.4147211269427047
66336,2026-04-26 01:00:00+00:00,24,2.8022790482146687,1.42163150883662
66336,2026-04-26 02:00:00+00:00,24,3.1233380540379048,1.712136401541951
66336,2026-04-26 03:00:00+00:00,24,2.9856711866131347,1.5875708300272537
66336,2026-04-26 04:00:00+00:00,24,2.7348203287372512,1.360592610352596
66336,2026-04-26 05:00:00+00:00,24,2.659616997764704,1.2925461291793146
66336,2026-04-26 06:00:00+00:00,24,2.7180186084018656,1.3453898536170212
66336,2026-04-26 07:00:00+00:00,24,2.626330228371122,1.2624271504377134
66336,2026-04-26 08:00:00+00:00,24,2.4772002152895105,1.1274893425468167
66336,2026-04-26 09:00:00+00:00,24,2.213018014718584,0.8884484795293532
66336,2026-04-26 10:00:00+00:00,24,2.1346054115231268,0.8174981418503552
66336,2026-04-26 11:00:00+00:00,24,2.0941037101461633,0.7808508521014544
66336,2026-04-26 12:00:00+00:00,24,2.049479742707855,0.7404735985822396
66338,2026-04-20 03:00:00+00:00,6,0.6520167125323483,0.4300305267244676
66338,2026-04-20 04:00:00+00:00,6,1.1491830338667048,1.3394047482313824
66338,2026-04-20 05:00:00+00:00,6,1.1050824293549215,1.1824488927732102
66338,2026-04-20 18:00:00+00:00,6,0.5569294870280731,0.7684498519783868
66338,2026-04-20 20:00:00+00:00,6,0.9063528232800839,0.4751620954231297
66338,2026-04-20 21:00:00+00:00,6,0.7898885231430617,0.06066088709027199
66338,2026-04-20 22:00:00+00:00,6,0.7493325809611872,0.08367937013607701
66338,2026-04-20 23:00:00+00:00,6,0.6171436849588211,0.5541450583916449
66338,2026-04-21 00:00:00+00:00,6,0.5124714325349013,0.926677886542343
66338,2026-04-21 01:00:00+00:00,6,0.46199063216984126,1.1063411200337159
66338,2026-04-21 02:00:00+00:00,6,1.3071245619999285,1.9015251076903434
66338,2026-04-21 03:00:00+00:00,6,0.33378521535393496,1.5626294429145402
66338,2026-04-21 04:00:00+00:00,6,0.7943303043736644,0.07646936818764609
66338,2026-04-21 05:00:00+00:00,6,0.8185377253173595,0.16262456956676885
66338,2026-04-21 06:00:00+00:00,6,0.45506418759949613,1.130992619596078
66338,2026-04-21 07:00:00+00:00,6,0.28770504427119603,1.7266306567758547
66338,2026-04-21 14:00:00+00:00,6,1.6203768998406545,3.0164029921176776
66338,2026-04-21 15:00:00+00:00,6,1.5613024563284432,2.8061546311298557
66338,2026-04-21 16:00:00+00:00,6,0.5891070325314007,0.6539286512617477
66338,2026-04-21 17:00:00+00:00,6,0.5833296029499148,0.6744907594765952
66338,2026-04-21 18:00:00+00:00,6,0.95063646654147,0.6327693932786104
66338,2026-04-21 19:00:00+00:00,6,0.5855250571059771,0.6666770483268558
66338,2026-04-21 20:00:00+00:00,6,0.7728443562778443,0.0
66338,2026-04-21 21:00:00+00:00,6,0.47246265086084505,1.0690707771389536
66338,2026-04-21 22:00:00+00:00,6,0.9103760892968951,0.4894810637546332
66338,2026-04-21 23:00:00+00:00,6,0.9496811329630483,0.6293693219936684
66338,2026-04-22 00:00:00+00:00,6,0.6203705720515839,0.5426604352278924
66338,2026-04-22 01:00:00+00:00,6,0.3258869498942818,1.5907396927757267
66338,2026-04-22 02:00:00+00:00,6,1.2082230489209251,1.5495305769288676
66338,2026-04-22 03:00:00+00:00,6,0.9601749389016115,0.6667172065937345
66338,2026-04-22 04:00:00+00:00,6,0.9030811333941908,0.46351801728590153
66338,2026-04-22 05:00:00+00:00,6,0.7952299441869132,0.0796712230841015
66338,2026-04-22 06:00:00+00:00,6,0.9717725806167472,0.707993687876664
66338,2026-04-22 13:00:00+00:00,6,0.41696650676917085,1.266583824113431
66338,2026-04-22 15:00:00+00:00,6,1.2574051805234294,1.7245717951703297
66338,2026-04-22 16:00:00+00:00,6,0.8811452942373783,0.38544746840872113
66338,2026-04-22 17:00:00+00:00,6,1.042114721543691,0.9583442448854192
66338,2026-04-22 18:00:00+00:00,6,0.9603312859250928,0.6672736520459113
66338,2026-04-22 19:00:00+00:00,6,0.3930552853468483,1.3516848392795076
66338,2026-04-22 20:00:00+00:00,6,0.584233451952758,0.6712739239021901
66338,2026-04-22 21:00:00+00:00,6,0.6805153972745877,0.3286025419458058
66338,2026-04-22 22:00:00+00:00,6,0.9054030454876262,0.47178179740770115
66338,2026-04-22 23:00:00+00:00,6,0.5833296029499148,0.6744907594765952
66338,2026-04-23 00:00:00+00:00,6,0.3258869498942818,1.5907396927757267
66338,2026-04-23 01:00:00+00:00,6,0.7953444933080351,0.08007890809197653
66338,2026-04-23 02:00:00+00:00,6,0.8595475081477307,0.30858006422614365
66338,2026-04-23 03:00:00+00:00,6,0.6103509074546666,0.5783208313975847
66338,2026-04-23 04:00:00+00:00,6,0.6520167125323483,0.4300305267244676
66338,2026-04-23 05:00:00+00:00,6,1.0719754118044706,1.0646196630194247
66338,2026-04-23 06:00:00+00:00,6,1.1012021210781204,1.168638716886301
66338,2026-04-23 20:00:00+00:00,6,1.2195505108686286,1.5898454773674013
66338,2026-04-23 21:00:00+00:00,6,1.6963305270933786,3.286725058506069
66338,2026-04-23 22:00:00+00:00,6,0.33378521535393496,1.5626294429145402
66338,2026-04-23 23:00:00+00:00,6,1.0374919541130008,0.9418916264984242
66338,2026-04-24 00:00:00+00:00,6,1.1012021210781204,1.168638716886301
66338,2026-04-24 01:00:00+00:00,6,1.2195505108686286,1.5898454773674013
66338,2026-04-24 02:00:00+00:00,6,1.2500434910625442,1.6983712412381966
66338,2026-04-24 03:00:00+00:00,6,0.95063646654147,0.6327693932786104
66338,2026-04-24 04:00:00+00:00,6,0.41696650676917085,1.266583824113431
66338,2026-04-24 05:00:00+00:00,6,0.8185377253173595,0.16262456956676885
66338,2026-04-24 06:00:00+00:00,6,0.45506418759949613,1.130992619596078
66338,2026-04-24 07:00:00+00:00,6,0.28770504427119603,1.7266306567758547
66338,2026-04-24 09:00:00+00:00,6,0.9118364073400277,0.49467839540662095
66338,2026-04-24 10:00:00+00:00,6,0.9825925935396989,0.7465025564781498
66338,2026-04-24 11:00:00+00:00,6,0.7609800434662999,0.042225574623625674
66338,2026-04-24 14:00:00+00:00,6,0.5270689300373576,0.8747247957987826
66338,2026-04-24 18:00:00+00:00,6,0.5527546840983292,0.7833081463818605
66338,2026-04-24 19:00:00+00:00,6,0.584233451952758,0.6712739239021901
66338,2026-04-24 20:00:00+00:00,6,0.47246265086084505,1.0690707771389536
66338,2026-04-24 21:00:00+00:00,6,0.9103760892968951,0.4894810637546332
66338,2026-04-24 22:00:00+00:00,6,1.3710601567773897,2.1290745048838033
66338,2026-04-24 23:00:00+00:00,6,1.0958930252216772,1.1497434275567675
66338,2026-04-25 00:00:00+00:00,6,1.0501077957395228,0.9867919229169578
66338,2026-04-25 01:00:00+00:00,6,0.7326569476287234,0.14302863130786747
66338,2026-04-25 02:00:00+00:00,6,0.5270689300373576,0.8747247957987826
66338,2026-04-25 03:00:00+00:00,6,0.5527546840983292,0.7833081463818605
66338,2026-04-25 04:00:00+00:00,6,0.674530520886159,0.34990296183248226
66338,2026-04-25 05:00:00+00:00,6,1.3406941930063176,2.021000797657704
66338,2026-04-25 06:00:00+00:00,6,1.4081338392644092,2.261021257409158
66338,2026-04-25 07:00:00+00:00,6,1.1450672471586114,1.324756494974909
66338,2026-04-25 19:00:00+00:00,6,1.0845520610063615,1.1093804719954714
66338,2026-04-25 20:00:00+00:00,6,0.8257455170966532,0.18827739535470467
66338,2026-04-25 21:00:00+00:00,6,0.6390561531856391,0.47615768761033744
66338,2026-04-25 22:00:00+00:00,6,0.7728443562778443,0.0
66338,2026-04-25 23:00:00+00:00,6,1.0866863814899157,1.1169766059039907
66338,2026-04-26 00:00:00+00:00,6,1.1253236956907506,1.2544883876614923
66338,2026-04-26 01:00:00+00:00,6,0.5855250571059771,0.6666770483268558
66338,2026-04-26 02:00:00+00:00,6,1.1039761783900517,1.1785117003363994
66338,2026-04-26 03:00:00+00:00,6,0.8811452942373783,0.38544746840872113
66338,2026-04-26 04:00:00+00:00,6,1.0286427256095434,0.9103968602637826
66338,2026-04-26 05:00:00+00:00,6,0.9118364073400277,0.49467839540662095
66338,2026-04-26 06:00:00+00:00,6,0.6039184864785997,0.6012140807791416
66338,2026-04-26 07:00:00+00:00,6,0.676544032071786,0.3427367931571695
66338,2026-04-26 08:00:00+00:00,6,0.6673820517508793,0.3753446559036911
66338,2026-04-26 09:00:00+00:00,6,0.5976500128248242,0.6235238349341546
66338,2026-04-26 14:00:00+00:00,6,0.6039184864785997,0.6012140807791416
66338,2026-04-26 15:00:00+00:00,6,0.676544032071786,0.3427367931571695
66338,2026-04-26 16:00:00+00:00,6,0.6673820517508793,0.3753446559036911
66338,2026-04-26 17:00:00+00:00,6,0.6103509074546666,0.5783208313975847
66338,2026-04-26 18:00:00+00:00,6,0.3930552853468483,1.3516848392795076
66338,2026-04-26 19:00:00+00:00,6,0.6250629647703864,0.52596001759238
66338,2026-04-26 20:00:00+00:00,6,0.6805153972745877,0.3286025419458058
66338,2026-04-26 21:00:00+00:00,6,0.5891070325314007,0.6539286512617477
66338,2026-04-20 18:00:00+00:00,12,1.4285918885541562,1.1804029730912327
66338,2026-04-20 20:00:00+00:00,12,1.4197362459848324,1.2028755922364407
66338,2026-04-20 21:00:00+00:00,12,1.528270564508484,0.9274522804582904
66338,2026-04-20 22:00:00+00:00,12,1.5146261265065555,0.9620772392083088
66338,2026-04-20 23:00:00+00:00,12,1.5356199775187014,0.9088019613847119
66338,2026-04-21 00:00:00+00:00,12,2.152723597435722,0.6571978534184968
66338,2026-04-21 01:00:00+00:00,12,2.7315512803086324,2.126066313959748
66338,2026-04-21 02:00:00+00:00,12,2.8419944567462534,2.4063336600998486
66338,2026-04-21 03:00:00+00:00,12,3.0112146656370093,2.835757191628504
66338,2026-04-21 04:00:00+00:00,12,2.6476410101229,1.9131304903315973
66338,2026-04-21 05:00:00+00:00,12,3.144036723813798,3.17281455410938
66338,2026-04-21 06:00:00+00:00,12,3.0731958512778457,2.993044431732337
66338,2026-04-21 07:00:00+00:00,12,3.0539647216765977,2.9442423433601115
66338,2026-04-21 14:00:00+00:00,12,3.0026131215205103,2.8139293882277228
66338,2026-04-21 15:00:00+00:00,12,2.7762167059843024,2.2394120245968225
66338,2026-04-21 16:00:00+00:00,12,3.087392297296644,3.0290701997213363
66338,2026-04-21 17:00:00+00:00,12,2.5720063334606698,1.7211953179829411
66338,2026-04-21 18:00:00+00:00,12,2.957606007459314,2.699716588286381
66338,2026-04-21 19:00:00+00:00,12,3.1404084019621514,3.163607103100603
66338,2026-04-21 20:00:00+00:00,12,3.1496552081120255,3.187072362825009
66338,2026-04-21 21:00:00+00:00,12,3.091219578535071,3.0387825422147774
66338,2026-04-21 22:00:00+00:00,12,2.1899721718018954,0.7517221094372095
66338,2026-04-21 23:00:00+00:00,12,2.227734903749635,0.847551123119831
66338,2026-04-22 00:00:00+00:00,12,2.239312616741281,0.8769314343278587
66338,2026-04-22 01:00:00+00:00,12,2.3439522136117428,1.1424712626994045
66338,2026-04-22 02:00:00+00:00,12,1.893745805412666,0.0
66338,2026-04-22 03:00:00+00:00,12,1.945601731780238,0.13159276411145723
66338,2026-04-22 04:00:00+00:00,12,1.8474845495154795,0.11739538681899028
66338,2026-04-22 05:00:00+00:00,12,1.8917803191790057,0.004987737842672252
66338,2026-04-22 06:00:00+00:00,12,1.7529241124019466,0.35735772414479444
66338,2026-04-22 13:00:00+00:00,12,1.7331924568715984,0.4074299776675349
66338,2026-04-22 15:00:00+00:00,12,1.7167621747337825,0.449124464548756
66338,2026-04-22 16:00:00+00:00,12,1.7067430011062354,0.474549731130938
66338,2026-04-22 17:00:00+00:00,12,1.7475418566971215,0.37101606476206866
66338,2026-04-22 18:00:00+00:00,12,2.1481871572557085,0.645685905906793
66338,2026-04-22 19:00:00+00:00,12,2.417638205985579,1.3294613348473114
66338,2026-04-22 20:00:00+00:00,12,2.3632182351501863,1.191361894981312
66338,2026-04-22 21:00:00+00:00,12,2.142321356322719,0.6308004914022247
66338,2026-04-22 22:00:00+00:00,12,2.2853423521634535,0.993739300657107
66338,2026-04-22 23:00:00+00:00,12,1.0859491094812075,2.0499142046799337
66338,2026-04-23 00:00:00+00:00,12,1.99555683477598,0.2583618828055369
66338,2026-04-23 01:00:00+00:00,12,1.687589559508908,0.5231546736822261
66338,2026-04-23 02:00:00+00:00,12,1.1521812448695916,1.881839495012573
66338,2026-04-23 03:00:00+00:00,12,0.962054523403866,2.364316669015382
66338,2026-04-23 04:00:00+00:00,12,2.142321356322719,0.6308004914022247
66338,2026-04-23 05:00:00+00:00,12,1.5979263625845124,0.7506894753694177
66338,2026-04-23 06:00:00+00:00,12,0.86775149166234,2.6036257987567835
66338,2026-04-23 20:00:00+00:00,12,1.40538336368295,1.2392983424864918
66338,2026-04-23 21:00:00+00:00,12,1.6670645292310255,0.5752402433930573
66338,2026-04-23 22:00:00+00:00,12,1.7637676716374213,0.3298404463222394
66338,2026-04-23 23:00:00+00:00,12,2.4240652240440808,1.345770928187088
66338,2026-04-24 00:00:00+00:00,12,2.33775416149311,1.1267427073050529
66338,2026-04-24 01:00:00+00:00,12,2.1595381033037695,0.6744907594765952
66338,2026-04-24 02:00:00+00:00,12,2.154010596698028,0.6604638213068291
66338,2026-04-24 03:00:00+00:00,12,2.071024431849373,0.44987306379077935
66338,2026-04-24 04:00:00+00:00,12,2.677228773028743,1.9882142035615118
66338,2026-04-24 05:00:00+00:00,12,1.5691902539243514,0.823611978799276
66338,2026-04-24 06:00:00+00:00,12,2.032942624301054,0.3532343443872894
66338,2026-04-24 07:00:00+00:00,12,2.515019077127834,1.5765809777277928
66338,2026-04-24 09:00:00+00:00,12,2.0490751280746675,0.3941731707146857
66338,2026-04-24 10:00:00+00:00,12,1.8435087356347633,0.12748465481215296
66338,2026-04-24 11:00:00+00:00,12,1.8536012017448802,0.1018733967523218
66338,2026-04-24 14:00:00+00:00,12,1.7984412530795093,0.24185064952899568
66338,2026-04-24 18:00:00+00:00,12,1.7237414815202292,0.4314133496204396
66338,2026-04-24 19:00:00+00:00,12,1.6960791195248166,0.5016110479707757
66338,2026-04-24 20:00:00+00:00,12,1.687589559508908,0.5231546736822261
66338,2026-04-24 21:00:00+00:00,12,1.1521812448695916,1.881839495012573
66338,2026-04-24 22:00:00+00:00,12,0.962054523403866,2.364316669015382
66338,2026-04-24 23:00:00+00:00,12,2.037921067035756,0.365867944562248
66338,2026-04-25 00:00:00+00:00,12,1.8435087356347633,0.12748465481215296
66338,2026-04-25 01:00:00+00:00,12,1.8536012017448802,0.1018733967523218
66338,2026-04-25 02:00:00+00:00,12,1.7984412530795093,0.24185064952899568
66338,2026-04-25 03:00:00+00:00,12,1.7237414815202292,0.4314133496204396
66338,2026-04-25 04:00:00+00:00,12,1.6960791195248166,0.5016110479707757
66338,2026-04-25 05:00:00+00:00,12,1.6956006605876395,0.5028252145755853
66338,2026-04-25 06:00:00+00:00,12,1.945601731780238,0.13159276411145723
66338,2026-04-25 07:00:00+00:00,12,1.8474845495154795,0.11739538681899028
66338,2026-04-25 19:00:00+00:00,12,1.6670645292310255,0.5752402433930573
66338,2026-04-25 20:00:00+00:00,12,1.7637676716374213,0.3298404463222394
66338,2026-04-25 21:00:00+00:00,12,2.2108137924861593,0.8046110782884126
66338,2026-04-25 22:00:00+00:00,12,1.9460079768229077,0.13262367632952343
66338,2026-04-25 23:00:00+00:00,12,2.1149634456952633,0.5613753874273705
66338,2026-04-26 00:00:00+00:00,12,2.0359388094527198,0.36083764671965185
66338,2026-04-26 01:00:00+00:00,12,2.143534636040222,0.6338793840737182
66338,2026-04-26 02:00:00+00:00,12,1.8453592155605547,0.12278876399648063
66338,2026-04-26 03:00:00+00:00,12,2.032054777002072,0.35098128888590285
66338,2026-04-26 04:00:00+00:00,12,2.154010596698028,0.6604638213068291
66338,2026-04-26 05:00:00+00:00,12,2.071024431849373,0.44987306379077935
66338,2026-04-26 06:00:00+00:00,12,0.86775149166234,2.6036257987567835
66338,2026-04-26 07:00:00+00:00,12,1.40538336368295,1.2392983424864918
66338,2026-04-26 08:00:00+00:00,12,1.8917803191790057,0.004987737842672252
66338,2026-04-26 09:00:00+00:00,12,1.4285918885541562,1.1804029730912327
66338,2026-04-26 14:00:00+00:00,12,1.4197362459848324,1.2028755922364407
66338,2026-04-26 15:00:00+00:00,12,1.528270564508484,0.9274522804582904
66338,2026-04-26 16:00:00+00:00,12,1.5146261265065555,0.9620772392083088
66338,2026-04-26 17:00:00+00:00,12,1.5356199775187014,0.9088019613847119
66338,2026-04-26 18:00:00+00:00,12,2.152723597435722,0.6571978534184968
66338,2026-04-21 01:00:00+00:00,24,4.82408340061033,1.1356824604344575
66338,2026-04-21 02:00:00+00:00,24,4.807694151879865,1.1197410239748042
66338,2026-04-21 03:00:00+00:00,24,4.971556259281514,1.2791258387547908
66338,2026-04-21 04:00:00+00:00,24,5.056574187213846,1.3618207760489787
66338,2026-04-21 05:00:00+00:00,24,5.125091298073419,1.4284657569831305
66338,2026-04-21 06:00:00+00:00,24,5.138933788723216,1.441930021804916
66338,2026-04-21 07:00:00+00:00,24,5.145224158389785,1.4480485163129
66338,2026-04-21 14:00:00+00:00,24,5.17159390104943,1.4736977442903085
66338,2026-04-21 15:00:00+00:00,24,5.154008711193312,1.4565930440485488
66338,2026-04-21 16:00:00+00:00,24,4.897084594642608,1.2066890035215223
66338,2026-04-21 17:00:00+00:00,24,4.679225064588653,0.9947821667530182
66338,2026-04-21 18:00:00+00:00,24,4.807519605459893,1.1195712467806813
66338,2026-04-21 19:00:00+00:00,24,4.832150438780751,1.1435290785757954
66338,2026-04-21 20:00:00+00:00,24,4.8712973444566465,1.1816063522621916
66338,2026-04-21 21:00:00+00:00,24,5.300920884700186,1.5994910571073175
66338,2026-04-21 22:00:00+00:00,24,4.915702062161285,1.2247977759472508
66338,2026-04-21 23:00:00+00:00,24,5.00698120387758,1.313582848508703
66338,2026-04-22 00:00:00+00:00,24,4.892769314975729,1.2024916325653237
66338,2026-04-22 01:00:00+00:00,24,4.658968593354712,0.9750791739933549
66338,2026-04-22 02:00:00+00:00,24,4.927061783487902,1.235847109489369
66338,2026-04-22 03:00:00+00:00,24,4.947483312060374,1.2557106496369972
66338,2026-04-22 04:00:00+00:00,24,4.477584761514448,0.7986513902893254
66338,2026-04-22 05:00:00+00:00,24,4.53744075924963,0.8568719103581237
66338,2026-04-22 06:00:00+00:00,24,4.937216048398706,1.245723923950618
66338,2026-04-22 13:00:00+00:00,24,5.003274347329851,1.3099772763990538
66338,2026-04-22 15:00:00+00:00,24,5.018096308599766,1.3243942492376304
66338,2026-04-22 16:00:00+00:00,24,4.771520228097706,1.0845554997965237
66338,2026-04-22 17:00:00+00:00,24,4.560764941569143,0.8795587934810047
66338,2026-04-22 18:00:00+00:00,24,3.549591516219956,0.10398579571852667
66338,2026-04-22 19:00:00+00:00,24,3.490155857448839,0.1617974619711822
66338,2026-04-22 20:00:00+00:00,24,3.4444675979172783,0.20623735657847247
66338,2026-04-22 21:00:00+00:00,24,3.406629739240372,0.24304135106212507
66338,2026-04-22 22:00:00+00:00,24,3.403467600772131,0.2461170887177741
66338,2026-04-22 23:00:00+00:00,24,3.3726558939004465,0.2760869107264789
66338,2026-04-23 00:00:00+00:00,24,3.3420734871437388,0.3058336979107563
66338,2026-04-23 01:00:00+00:00,24,3.414954269088661,0.23494427682672667
66338,2026-04-23 02:00:00+00:00,24,3.41464270055911,0.23524733220152438
66338,2026-04-23 03:00:00+00:00,24,3.401164289233402,0.24835746563469657
66338,2026-04-23 04:00:00+00:00,24,3.370264525028594,0.2784129389385815
66338,2026-04-23 05:00:00+00:00,24,2.7838990049738883,0.8487568780544837
66338,2026-04-23 06:00:00+00:00,24,2.9630604481659293,0.6744907594765953
66338,2026-04-23 20:00:00+00:00,24,2.860440345404835,0.7743069178956317
66338,2026-04-23 21:00:00+00:00,24,2.8075593871201767,0.8257429812737817
66338,2026-04-23 22:00:00+00:00,24,3.48176279586714,0.1699611954105257
66338,2026-04-23 23:00:00+00:00,24,2.383260081068823,1.23844892884535
66338,2026-04-24 00:00:00+00:00,24,3.4254043249835906,0.22477975343773296
66338,2026-04-24 01:00:00+00:00,24,3.4242576146027917,0.22589513163314415
66338,2026-04-24 02:00:00+00:00,24,3.4341666679079266,0.21625682872878368
66338,2026-04-24 03:00:00+00:00,24,3.6314916712364074,0.02432344275151068
66338,2026-04-24 04:00:00+00:00,24,3.65649838592267,0.0
66338,2026-04-24 05:00:00+00:00,24,3.658703114900967,0.002144487980888886
66338,2026-04-24 06:00:00+00:00,24,3.683418227710897,0.026184296451199674
66338,2026-04-24 07:00:00+00:00,24,3.968511109208267,0.3034874315876982
66338,2026-04-24 09:00:00+00:00,24,4.8712973444566465,1.1816063522621916
66338,2026-04-24 10:00:00+00:00,24,5.018096308599766,1.3243942492376304
66338,2026-04-24 11:00:00+00:00,24,4.771520228097706,1.0845554997965237
66338,2026-04-24 14:00:00+00:00,24,4.560764941569143,0.8795587934810047
66338,2026-04-24 18:00:00+00:00,24,3.549591516219956,0.10398579571852667
66338,2026-04-24 19:00:00+00:00,24,3.490155857448839,0.1617974619711822
66338,2026-04-24 20:00:00+00:00,24,3.4444675979172783,0.20623735657847247
66338,2026-04-24 21:00:00+00:00,24,3.406629739240372,0.24304135106212507
66338,2026-04-24 22:00:00+00:00,24,3.403467600772131,0.2461170887177741
66338,2026-04-24 23:00:00+00:00,24,3.3726558939004465,0.2760869107264789
66338,2026-04-25 00:00:00+00:00,24,3.3420734871437388,0.3058336979107563
66338,2026-04-25 01:00:00+00:00,24,3.414954269088661,0.23494427682672667
66338,2026-04-25 02:00:00+00:00,24,3.41464270055911,0.23524733220152438
66338,2026-04-25 03:00:00+00:00,24,3.401164289233402,0.24835746563469657
66338,2026-04-25 04:00:00+00:00,24,2.7838990049738883,0.8487568780544837
66338,2026-04-25 05:00:00+00:00,24,3.6890467253383377,0.03165900360628544
66338,2026-04-25 06:00:00+00:00,24,3.9569765372661574,0.2922680249676348
66338,2026-04-25 07:00:00+00:00,24,3.9631969438289576,0.298318468011419
66338,2026-04-25 19:00:00+00:00,24,4.173503418356428,0.5028786254578953
66338,2026-04-25 20:00:00+00:00,24,2.443845700358808,1.1795187230644875
66338,2026-04-25 21:00:00+00:00,24,2.9630604481659293,0.6744907594765953
66338,2026-04-25 22:00:00+00:00,24,2.860440345404835,0.7743069178956317
66338,2026-04-25 23:00:00+00:00,24,2.8075593871201767,0.8257429812737817
66338,2026-04-26 00:00:00+00:00,24,2.383260081068823,1.23844892884535
66338,2026-04-26 01:00:00+00:00,24,3.4134551726969486,0.2364024126002692
66338,2026-04-26 02:00:00+00:00,24,3.4254043249835906,0.22477975343773296
66338,2026-04-26 03:00:00+00:00,24,3.4242576146027917,0.22589513163314415
66338,2026-04-26 04:00:00+00:00,24,3.4341666679079266,0.21625682872878368
66338,2026-04-26 05:00:00+00:00,24,3.6314916712364074,0.02432344275151068
66338,2026-04-26 06:00:00+00:00,24,3.65649838592267,0.0
66338,2026-04-26 07:00:00+00:00,24,3.658703114900967,0.002144487980888886
66338,2026-04-26 08:00:00+00:00,24,3.683418227710897,0.026184296451199674
66340,2026-04-20 03:00:00+00:00,6,0.9214322000266352,1.276527577901098
66340,2026-04-20 04:00:00+00:00,6,0.9638196804582204,1.4066061342188576
66340,2026-04-20 05:00:00+00:00,6,0.6401631096270443,0.41336994636786906
66340,2026-04-20 06:00:00+00:00,6,0.35914986063240334,0.44900255992877214
66340,2026-04-20 07:00:00+00:00,6,0.2284778084583256,0.8500085108561389
66340,2026-04-20 08:00:00+00:00,6,0.1575357922940361,1.0677151296728975
66340,2026-04-20 09:00:00+00:00,6,0.25185125539433095,0.7782801561002431
66340,2026-04-20 10:00:00+00:00,6,0.32445925646529983,0.5554609684470847
66340,2026-04-20 11:00:00+00:00,6,0.5973953070332061,0.2821242586873157
66340,2026-04-20 12:00:00+00:00,6,0.9827388009305486,1.4646650670165808
66340,2026-04-20 13:00:00+00:00,6,0.19408281297714736,0.9555597564407591
66340,2026-04-20 14:00:00+00:00,6,0.17626817990671861,1.0102292420421075
66340,2026-04-20 15:00:00+00:00,6,0.4111332407645658,0.28947613912574843
66340,2026-04-20 16:00:00+00:00,6,0.6174690410334758,0.34372646556715863
66340,2026-04-20 17:00:00+00:00,6,0.739611945558055,0.7185581970889043
66340,2026-04-20 18:00:00+00:00,6,0.47077962213244384,0.10643352609676912
66340,2026-04-20 19:00:00+00:00,6,0.5054621180979643,0.0
66340,2026-04-20 20:00:00+00:00,6,0.4540711919568393,0.1577083000028681
66340,2026-04-20 21:00:00+00:00,6,0.7016232842421134,0.6019787219677596
66340,2026-04-20 22:00:00+00:00,6,0.4270673940396473,0.24057746354832435
66340,2026-04-20 23:00:00+00:00,6,0.30753163028025376,0.6074084103242084
66340,2026-04-21 00:00:00+00:00,6,0.5290910170013092,0.07251228488766433
66340,2026-04-21 01:00:00+00:00,6,0.7948719614845469,0.8881399467146308
66340,2026-04-21 02:00:00+00:00,6,1.0241435877242522,1.5917279364282833
66340,2026-04-21 03:00:00+00:00,6,1.0044395898981218,1.5312603746667817
66340,2026-04-21 04:00:00+00:00,6,0.35914986063240334,0.44900255992877214
66340,2026-04-21 05:00:00+00:00,6,0.8473286650136345,1.049118900754274
66340,2026-04-21 06:00:00+00:00,6,0.5279930878559363,0.0691429636466954
66340,2026-04-21 07:00:00+00:00,6,0.6861562030208884,0.5545133955265288
66340,2026-04-21 08:00:00+00:00,6,0.435934171421049,0.21336712716550274
66340,2026-04-21 09:00:00+00:00,6,0.37660243474482297,0.3954441596309192
66340,2026-04-21 10:00:00+00:00,6,0.27982365925586394,0.6924385379149309
66340,2026-04-21 11:00:00+00:00,6,0.5313500982504488,0.079444945770089
66340,2026-04-21 12:00:00+00:00,6,0.6017630156234136,0.2955278680088907
66340,2026-04-21 13:00:00+00:00,6,0.4135177844592698,0.2821584595155072
66340,2026-04-21 14:00:00+00:00,6,0.39204216402086356,0.34806277074638775
66340,2026-04-21 15:00:00+00:00,6,0.4251791536829005,0.24637208915677472
66340,2026-04-21 16:00:00+00:00,6,0.5772298455561956,0.2202405588376708
66340,2026-04-21 17:00:00+00:00,6,0.739611945558055,0.7185581970889043
66340,2026-04-21 18:00:00+00:00,6,0.25992506990514064,0.7535032614877264
66340,2026-04-21 19:00:00+00:00,6,0.2846379491543732,0.6776644613876879
66340,2026-04-21 20:00:00+00:00,6,0.44865349819337313,0.17433410026624682
66340,2026-04-21 21:00:00+00:00,6,0.6370210057189712,0.4037274685418465
66340,2026-04-21 22:00:00+00:00,6,0.5338266531856033,0.08704498916324324
66340,2026-04-21 23:00:00+00:00,6,0.9269637595703617,1.2935028090851035
66340,2026-04-22 00:00:00+00:00,6,0.8460618738245318,1.045231376245699
66340,2026-04-22 01:00:00+00:00,6,0.5315814847261063,0.08015502380252999
66340,2026-04-22 02:00:00+00:00,6,0.7773206504463314,0.8342785428734673
66340,2026-04-22 03:00:00+00:00,6,1.3902345455993406,2.7151866274499965
66340,2026-04-22 04:00:00+00:00,6,0.5203349678106501,0.04564175080138943
66340,2026-04-22 05:00:00+00:00,6,0.9238068057762279,1.2838147599790566
66340,2026-04-22 06:00:00+00:00,6,0.5279930878559363,0.0691429636466954
66340,2026-04-22 07:00:00+00:00,6,0.47498720111219994,0.09352132198114563
66340,2026-04-22 08:00:00+00:00,6,0.4604703345078705,0.13807063302586556
66340,2026-04-22 09:00:00+00:00,6,0.35674294553981745,0.45638889280902756
66340,2026-04-22 10:00:00+00:00,6,0.37656785121186315,0.39555028945967946
66340,2026-04-22 11:00:00+00:00,6,0.6627487554319202,0.4826806996820325
66340,2026-04-22 12:00:00+00:00,6,0.857618927970818,1.08069762484855
66340,2026-04-22 13:00:00+00:00,6,0.8463896891539977,1.0462373748179563
66340,2026-04-22 14:00:00+00:00,6,0.17626817990671861,1.0102292420421075
66340,2026-04-22 15:00:00+00:00,6,0.8795348506675578,1.147953134157833
66340,2026-04-22 16:00:00+00:00,6,0.8360400600198108,1.0144764680008556
66340,2026-04-22 17:00:00+00:00,6,0.7576473183064744,0.7739050878660904
66340,2026-04-22 18:00:00+00:00,6,0.25992506990514064,0.7535032614877264
66340,2026-04-22 19:00:00+00:00,6,0.3227434747822476,0.5607263534620804
66340,2026-04-22 20:00:00+00:00,6,0.2776485114431504,0.6991136241520614
66340,2026-04-22 21:00:00+00:00,6,0.10192323766953826,1.2383787488604814
66340,2026-04-22 22:00:00+00:00,6,0.6781855949671158,0.5300532205396508
66340,2026-04-22 23:00:00+00:00,6,0.5845303134934456,0.2426442101057455
66340,2026-04-23 00:00:00+00:00,6,0.2846379491543732,0.6776644613876879
66340,2026-04-23 01:00:00+00:00,6,0.4251791536829005,0.24637208915677472
66340,2026-04-23 02:00:00+00:00,6,0.4605947461981278,0.1376888388523751
66340,2026-04-23 03:00:00+00:00,6,0.7409872399601547,0.7227786958898598
66340,2026-04-23 04:00:00+00:00,6,0.8282876487491534,0.9906858945626379
66340,2026-04-23 05:00:00+00:00,6,1.4232086778839803,2.816377532871698
66340,2026-04-23 06:00:00+00:00,6,0.9241580267748685,1.2848925857895666
66340,2026-04-23 07:00:00+00:00,6,0.8449348790995688,1.041772858652573
66340,2026-04-23 08:00:00+00:00,6,0.45946031569676177,0.14117017533093035
66340,2026-04-23 09:00:00+00:00,6,0.9590443974407403,1.3919517618759414
66340,2026-04-23 10:00:00+00:00,6,1.1465687850478776,1.9674259671351881
66340,2026-04-23 11:00:00+00:00,6,1.4002126307257459,2.745807341275
66340,2026-04-23 12:00:00+00:00,6,1.512653875029123,3.0908666507841596
66340,2026-04-23 13:00:00+00:00,6,0.804485476002268,0.9176418674910582
66340,2026-04-23 14:00:00+00:00,6,2.0386533305948586,4.705051997666302
66340,2026-04-23 15:00:00+00:00,6,1.5887331587820421,3.324338498969187
66340,2026-04-23 16:00:00+00:00,6,0.8360400600198108,1.0144764680008556
66340,2026-04-23 17:00:00+00:00,6,1.7695891568465767,3.879348772996045
66340,2026-04-23 18:00:00+00:00,6,1.512653875029123,3.0908666507841596
66340,2026-04-23 19:00:00+00:00,6,0.8262913041286786,0.984559518955972
66340,2026-04-23 20:00:00+00:00,6,0.7454130598281532,0.7363606369038087
66340,2026-04-23 21:00:00+00:00,6,1.1824604111800534,2.0775700677902313
66340,2026-04-23 22:00:00+00:00,6,0.5654444124946245,0.18407346179345924
66340,2026-04-23 23:00:00+00:00,6,0.8449348790995688,1.041772858652573
66340,2026-04-24 00:00:00+00:00,6,1.177353397733445,2.06189768223048
66340,2026-04-24 01:00:00+00:00,6,0.7409872399601547,0.7227786958898598
66340,2026-04-24 02:00:00+00:00,6,0.8282876487491534,0.9906858945626379
66340,2026-04-24 03:00:00+00:00,6,1.2849227322154653,2.392006091388408
66340,2026-04-24 04:00:00+00:00,6,0.5338669181915443,0.08716855427703636
66340,2026-04-24 05:00:00+00:00,6,0.4033433622968823,0.31338169177124164
66340,2026-04-24 06:00:00+00:00,6,0.3214002782053239,0.5648483505658995
66340,2026-04-24 07:00:00+00:00,6,0.2105584347715323,0.9049994241060716
66340,2026-04-24 08:00:00+00:00,6,0.10795422715559899,1.2198708687617674
66340,2026-04-24 09:00:00+00:00,6,0.3622138268443296,0.43959987079991375
66340,2026-04-24 10:00:00+00:00,6,0.3533971285691105,0.4666565245913761
66340,2026-04-24 11:00:00+00:00,6,0.44654282638486953,0.1808113227601358
66340,2026-04-24 12:00:00+00:00,6,0.768812559235829,0.8081689413964875
66340,2026-04-24 13:00:00+00:00,6,0.4634898811862415,0.12880425841106521
66340,2026-04-24 14:00:00+00:00,6,0.5338266531856033,0.08704498916324324
66340,2026-04-24 15:00:00+00:00,6,0.9269637595703617,1.2935028090851035
66340,2026-04-24 16:00:00+00:00,6,0.8854811433207059,1.1662010969027017
66340,2026-04-24 17:00:00+00:00,6,1.290521020179369,2.4091860985221434
66340,2026-04-24 18:00:00+00:00,6,1.0913608609614904,1.7980040767718608
66340,2026-04-24 19:00:00+00:00,6,0.19408281297714736,0.9555597564407591
66340,2026-04-24 20:00:00+00:00,6,0.424471697943843,0.24854312693156874
66340,2026-04-24 21:00:00+00:00,6,0.23838577582570603,0.8196029741724358
66340,2026-04-24 22:00:00+00:00,6,0.30753163028025376,0.6074084103242084
66340,2026-04-24 23:00:00+00:00,6,0.4617366585390386,0.1341845421299771
66340,2026-04-25 00:00:00+00:00,6,0.5502342127977458,0.13739645250369478
66340,2026-04-25 01:00:00+00:00,6,0.7135902155795292,0.6387028003058733
66340,2026-04-25 02:00:00+00:00,6,1.8556209981892555,4.143362996188118
66340,2026-04-25 03:00:00+00:00,6,0.8460618738245318,1.045231376245699
66340,2026-04-25 04:00:00+00:00,6,0.435934171421049,0.21336712716550274
66340,2026-04-25 05:00:00+00:00,6,0.2429237342821979,0.8056769026381018
66340,2026-04-25 06:00:00+00:00,6,0.21409427918417887,0.89414863675381
66340,2026-04-25 07:00:00+00:00,6,0.1274831267212613,1.1599406479486671
66340,2026-04-25 08:00:00+00:00,6,0.1575357922940361,1.0677151296728975
66340,2026-04-25 09:00:00+00:00,6,0.25185125539433095,0.7782801561002431
66340,2026-04-25 10:00:00+00:00,6,0.32445925646529983,0.5554609684470847
66340,2026-04-25 11:00:00+00:00,6,0.4274579197555873,0.23937901955455063
66340,2026-04-25 12:00:00+00:00,6,0.43590422414692553,0.21345902925885604
66340,2026-04-25 13:00:00+00:00,6,0.4135177844592698,0.2821584595155072
66340,2026-04-25 14:00:00+00:00,6,0.39204216402086356,0.34806277074638775
66340,2026-04-25 15:00:00+00:00,6,0.4515780200754423,0.1653593374243445
66340,2026-04-25 16:00:00+00:00,6,0.48753626464051075,0.055010798348177896
66340,2026-04-25 17:00:00+00:00,6,0.7252521025344372,0.6744907594765952
66340,2026-04-25 18:00:00+00:00,6,1.027109388535374,1.6008293759077878
66340,2026-04-25 19:00:00+00:00,6,0.8262913041286786,0.984559518955972
66340,2026-04-25 20:00:00+00:00,6,0.7454130598281532,0.7363606369038087
66340,2026-04-25 21:00:00+00:00,6,0.4270673940396473,0.24057746354832435
66340,2026-04-25 22:00:00+00:00,6,0.23838577582570603,0.8196029741724358
66340,2026-04-25 23:00:00+00:00,6,0.3027039262721147,0.6222236520256297
66340,2026-04-26 00:00:00+00:00,6,0.31478030148033737,0.585163712707636
66340,2026-04-26 01:00:00+00:00,6,0.36534148947099077,0.43000171032935336
66340,2026-04-26 02:00:00+00:00,6,0.4605947461981278,0.1376888388523751
66340,2026-04-26 03:00:00+00:00,6,0.7252521025344372,0.6744907594765952
66340,2026-04-26 04:00:00+00:00,6,0.5203349678106501,0.04564175080138943
66340,2026-04-26 05:00:00+00:00,6,0.4942737390171522,0.034334859811185635
66340,2026-04-26 06:00:00+00:00,6,0.2991215702888373,0.6332171739282378
66340,2026-04-26 07:00:00+00:00,6,0.21409427918417887,0.89414863675381
66340,2026-04-26 08:00:00+00:00,6,0.10795422715559899,1.2198708687617674
66340,2026-04-26 09:00:00+00:00,6,0.22729496467387678,0.8536384178537695
66340,2026-04-26 10:00:00+00:00,6,0.34788605526599864,0.48356888766960127
66340,2026-04-26 11:00:00+00:00,6,0.4274579197555873,0.23937901955455063
66340,2026-04-26 12:00:00+00:00,6,0.43590422414692553,0.21345902925885604
66340,2026-04-26 13:00:00+00:00,6,0.610405911701683,0.3220511582072853
66340,2026-04-26 14:00:00+00:00,6,0.691647834483262,0.5713660955497752
66340,2026-04-26 15:00:00+00:00,6,0.3098287835396688,0.600358914185658
66340,2026-04-26 16:00:00+00:00,6,0.3027039262721147,0.6222236520256297
66340,2026-04-26 17:00:00+00:00,6,0.2776485114431504,0.6991136241520614
66340,2026-04-26 18:00:00+00:00,6,0.10192323766953826,1.2383787488604814
66340,2026-04-26 19:00:00+00:00,6,0.42377967705999436,0.250666798274999
66340,2026-04-26 20:00:00+00:00,6,0.5535723946800967,0.1476406537527679
66340,2026-04-26 21:00:00+00:00,6,0.3098287835396688,0.600358914185658
66340,2026-04-20 06:00:00+00:00,12,0.3186015182363142,1.3036157587129706
66340,2026-04-20 07:00:00+00:00,12,0.3754723231142247,1.1820469595244822
66340,2026-04-20 08:00:00+00:00,12,0.5328885421107267,0.8455491596906362
66340,2026-04-20 09:00:00+00:00,12,0.6015436680857756,0.6987898296470598
66340,2026-04-20 10:00:00+00:00,12,0.7599293973035318,0.3602195746465976
66340,2026-04-20 11:00:00+00:00,12,0.8134060976379756,0.2459061187674795
66340,2026-04-20 12:00:00+00:00,12,0.9624590750892134,0.07271415613659468
66340,2026-04-20 13:00:00+00:00,12,1.1208655378257324,0.4113287317508475
66340,2026-04-20 14:00:00+00:00,12,1.3260949353550946,0.8500334673244466
66340,2026-04-20 15:00:00+00:00,12,1.2439747272721267,0.6744907594765952
66340,2026-04-20 16:00:00+00:00,12,0.9443604984726186,0.03402607653188913
66340,2026-04-20 17:00:00+00:00,12,0.7365290153325574,0.41024095807646804
66340,2026-04-20 18:00:00+00:00,12,0.7538797534715108,0.3731514812330384
66340,2026-04-20 19:00:00+00:00,12,0.8892912840249225,0.08369158698688567
66340,2026-04-20 20:00:00+00:00,12,0.8124264304344841,0.24800028581485067
66340,2026-04-20 21:00:00+00:00,12,0.8257580193547803,0.21950226719538024
66340,2026-04-20 22:00:00+00:00,12,0.8423795275628453,0.18397161490561612
66340,2026-04-20 23:00:00+00:00,12,0.8391698303820112,0.1908327633080407
66340,2026-04-21 00:00:00+00:00,12,1.0343382570322595,0.22636532837208848
66340,2026-04-21 01:00:00+00:00,12,1.6019706436370524,1.4397539513779076
66340,2026-04-21 02:00:00+00:00,12,1.0962376135362752,0.35868331572760387
66340,2026-04-21 03:00:00+00:00,12,1.5339733686740382,1.294400864093682
66340,2026-04-21 04:00:00+00:00,12,1.1013668650771824,0.3696477631607364
66340,2026-04-21 05:00:00+00:00,12,0.877023303881024,0.10991600244511043
66340,2026-04-21 06:00:00+00:00,12,0.5604823018183963,0.7865638817442703
66340,2026-04-21 07:00:00+00:00,12,0.6108966510799019,0.6787966026500577
66340,2026-04-21 08:00:00+00:00,12,0.6444747471108022,0.6070190214768074
66340,2026-04-21 09:00:00+00:00,12,0.7082194435274329,0.4707563781989293
66340,2026-04-21 10:00:00+00:00,12,0.8460601366418266,0.17610383060091753
66340,2026-04-21 11:00:00+00:00,12,1.0113453727672572,0.17721502469734807
66340,2026-04-21 12:00:00+00:00,12,1.152266259187987,0.4784518891926429
66340,2026-04-21 13:00:00+00:00,12,1.0675704187532777,0.2974034296181469
66340,2026-04-21 14:00:00+00:00,12,1.3880872077395872,0.9825500745524844
66340,2026-04-21 15:00:00+00:00,12,1.2220754587532363,0.6276782027937228
66340,2026-04-21 16:00:00+00:00,12,1.0828996846916625,0.3301717446889658
66340,2026-04-21 17:00:00+00:00,12,0.772175122710339,0.33404273160571885
66340,2026-04-21 18:00:00+00:00,12,0.7553859674012708,0.36993175154651475
66340,2026-04-21 19:00:00+00:00,12,0.9684275133692992,0.08547247521258282
66340,2026-04-21 20:00:00+00:00,12,0.8124264304344841,0.24800028581485067
66340,2026-04-21 21:00:00+00:00,12,0.9090302286828756,0.04149700569923021
66340,2026-04-21 22:00:00+00:00,12,0.9677495582463075,0.08402325728112003
66340,2026-04-21 23:00:00+00:00,12,1.096973612314992,0.36025660958066036
66340,2026-04-22 00:00:00+00:00,12,1.782634987321928,1.8259476647444914
66340,2026-04-22 01:00:00+00:00,12,1.7483803326596934,1.752723850823727
66340,2026-04-22 02:00:00+00:00,12,2.238058826409834,2.799475810839586
66340,2026-04-22 03:00:00+00:00,12,1.3743212813032886,0.9531236025661894
66340,2026-04-22 04:00:00+00:00,12,0.6995653729909733,0.48925558821483167
66340,2026-04-22 05:00:00+00:00,12,0.599630102274699,0.7028803273693998
66340,2026-04-22 06:00:00+00:00,12,0.5604823018183963,0.7865638817442703
66340,2026-04-22 07:00:00+00:00,12,0.44978402796556416,1.023195950754328
66340,2026-04-22 08:00:00+00:00,12,0.5432088343984451,0.8234881822983596
66340,2026-04-22 09:00:00+00:00,12,0.5815204741032296,0.7415920311211199
66340,2026-04-22 10:00:00+00:00,12,0.614443260218513,0.6712152607805787
66340,2026-04-22 11:00:00+00:00,12,0.6802634912772718,0.530515890175572
66340,2026-04-22 12:00:00+00:00,12,0.9236509459778438,0.010243306219516645
66340,2026-04-22 13:00:00+00:00,12,1.1637510674698188,0.5030021721494188
66340,2026-04-22 14:00:00+00:00,12,1.415048645549617,1.0401836815674879
66340,2026-04-22 15:00:00+00:00,12,1.2543078010336886,0.6965790589444136
66340,2026-04-22 16:00:00+00:00,12,1.2435678790035987,0.6736210679791205
66340,2026-04-22 17:00:00+00:00,12,0.7365290153325574,0.41024095807646804
66340,2026-04-22 18:00:00+00:00,12,0.7538797534715108,0.3731514812330384
66340,2026-04-22 19:00:00+00:00,12,0.8892912840249225,0.08369158698688567
66340,2026-04-22 20:00:00+00:00,12,0.9190151639685369,0.02015289785235703
66340,2026-04-22 21:00:00+00:00,12,0.9022544399215185,0.05598114224418324
66340,2026-04-22 22:00:00+00:00,12,0.7218380474036497,0.44164482749361444
66340,2026-04-22 23:00:00+00:00,12,0.7553859674012708,0.36993175154651475
66340,2026-04-23 00:00:00+00:00,12,0.9901280204386159,0.13186015324635747
66340,2026-04-23 01:00:00+00:00,12,0.7336387589099571,0.41641925999072166
66340,2026-04-23 02:00:00+00:00,12,0.7721198715876796,0.33416083812188185
66340,2026-04-23 03:00:00+00:00,12,0.9024372894077286,0.055590277502273765
66340,2026-04-23 04:00:00+00:00,12,1.0669164149451134,0.29600541076130243
66340,2026-04-23 05:00:00+00:00,12,1.7967407335944126,1.8561005461690605
66340,2026-04-23 06:00:00+00:00,12,1.597420173052744,1.4300267240973283
66340,2026-04-23 07:00:00+00:00,12,1.7666112052575589,1.7916947304277482
66340,2026-04-23 08:00:00+00:00,12,1.5985952863369104,1.4325386827582482
66340,2026-04-23 09:00:00+00:00,12,2.1130380158765583,2.5322274424943503
66340,2026-04-23 10:00:00+00:00,12,2.295116839180353,2.9214447914348938
66340,2026-04-23 11:00:00+00:00,12,2.553372703015863,3.4735005486422854
66340,2026-04-23 12:00:00+00:00,12,2.7144706482818552,3.8178685209219676
66340,2026-04-23 13:00:00+00:00,12,2.820667959155483,4.044879191646062
66340,2026-04-23 14:00:00+00:00,12,3.6198932283810685,5.753327954933909
66340,2026-04-23 15:00:00+00:00,12,3.3195013632306325,5.111200972368325
66340,2026-04-23 16:00:00+00:00,12,2.511635842320359,3.384282538671401
66340,2026-04-23 17:00:00+00:00,12,2.6966501714291433,3.779774916011658
66340,2026-04-23 18:00:00+00:00,12,2.5644330273757694,3.497143441581036
66340,2026-04-23 19:00:00+00:00,12,1.3672619252868639,0.9380333038478373
66340,2026-04-23 20:00:00+00:00,12,1.5487258982498937,1.3259363295997453
66340,2026-04-23 21:00:00+00:00,12,1.7666112052575589,1.7916947304277482
66340,2026-04-23 22:00:00+00:00,12,1.5985952863369104,1.4325386827582482
66340,2026-04-23 23:00:00+00:00,12,1.9708657105768952,2.228315506128342
66340,2026-04-24 00:00:00+00:00,12,1.830296123900379,1.9278295908793428
66340,2026-04-24 01:00:00+00:00,12,1.2559635065145076,0.7001183464144095
66340,2026-04-24 02:00:00+00:00,12,1.0423967505716485,0.24359141449755903
66340,2026-04-24 03:00:00+00:00,12,1.0198531658365038,0.1954015474552522
66340,2026-04-24 04:00:00+00:00,12,0.6238699398505039,0.6510644975611042
66340,2026-04-24 05:00:00+00:00,12,0.3444306204197059,1.2484026675092745
66340,2026-04-24 06:00:00+00:00,12,0.44488631314677357,1.0336654580976168
66340,2026-04-24 07:00:00+00:00,12,0.39471565553986704,1.1409118143407206
66340,2026-04-24 08:00:00+00:00,12,0.40027197198747955,1.129034459696319
66340,2026-04-24 09:00:00+00:00,12,0.4790280015038641,0.9606831244600068
66340,2026-04-24 10:00:00+00:00,12,0.5438133775124665,0.822195892157803
66340,2026-04-24 11:00:00+00:00,12,0.6270883198404698,0.6441847885161496
66340,2026-04-24 12:00:00+00:00,12,1.1325635378869197,0.4363347400779385
66340,2026-04-24 13:00:00+00:00,12,1.7856834543634104,1.832464162592452
66340,2026-04-24 14:00:00+00:00,12,2.353287051365316,3.0457912440487953
66340,2026-04-24 15:00:00+00:00,12,2.4445797470730444,3.240941346385036
66340,2026-04-24 16:00:00+00:00,12,1.9170114512979033,2.113194968520556
66340,2026-04-24 17:00:00+00:00,12,1.6832171491768921,1.6134290055281537
66340,2026-04-24 18:00:00+00:00,12,1.5447150982035898,1.317362718825974
66340,2026-04-24 19:00:00+00:00,12,1.4511652992421429,1.1173877624580724
66340,2026-04-24 20:00:00+00:00,12,1.3767966787316395,0.9584150890068144
66340,2026-04-24 21:00:00+00:00,12,0.9778211640995634,0.10555263482568947
66340,2026-04-24 22:00:00+00:00,12,0.9003855266419156,0.059976189328122015
66340,2026-04-24 23:00:00+00:00,12,0.5271304537218554,0.8578578283046819
66340,2026-04-25 00:00:00+00:00,12,0.32200661959305754,1.2963369082739264
66340,2026-04-25 01:00:00+00:00,12,0.5542904489981025,0.7997997786817399
66340,2026-04-25 02:00:00+00:00,12,0.9886085832075712,0.12861215702022813
66340,2026-04-25 03:00:00+00:00,12,0.92010856858982,0.017815602167481525
66340,2026-04-25 04:00:00+00:00,12,0.202565224890411,1.5516585440160455
66340,2026-04-25 05:00:00+00:00,12,0.31239581348233425,1.3168812659741957
66340,2026-04-25 06:00:00+00:00,12,0.3186015182363142,1.3036157587129706
66340,2026-04-25 07:00:00+00:00,12,0.3754723231142247,1.1820469595244822
66340,2026-04-25 08:00:00+00:00,12,0.40027197198747955,1.129034459696319
66340,2026-04-25 09:00:00+00:00,12,0.4790280015038641,0.9606831244600068
66340,2026-04-25 10:00:00+00:00,12,0.5438133775124665,0.822195892157803
66340,2026-04-25 11:00:00+00:00,12,0.6270883198404698,0.6441847885161496
66340,2026-04-25 12:00:00+00:00,12,0.8134060976379756,0.2459061187674795
66340,2026-04-25 13:00:00+00:00,12,1.0303073122124935,0.21774865550477088
66340,2026-04-25 14:00:00+00:00,12,1.279585609519681,0.7506136876147081
66340,2026-04-25 15:00:00+00:00,12,1.2077949221197186,0.5971516840635775
66340,2026-04-25 16:00:00+00:00,12,1.2325984097891682,0.6501723898217384
66340,2026-04-25 17:00:00+00:00,12,1.0264303111762951,0.20946105765144368
66340,2026-04-25 18:00:00+00:00,12,0.9171931796911474,0.02404762804332313
66340,2026-04-25 19:00:00+00:00,12,0.9557417904616597,0.058355079845480516
66340,2026-04-25 20:00:00+00:00,12,1.015526769209615,0.18615330762687102
66340,2026-04-25 21:00:00+00:00,12,1.0716275668998085,0.30607611553075875
66340,2026-04-25 22:00:00+00:00,12,0.9395399243190442,0.023721467470927404
66340,2026-04-25 23:00:00+00:00,12,0.7152187443208586,0.45579445539086477
66340,2026-04-26 00:00:00+00:00,12,0.5271304537218554,0.8578578283046819
66340,2026-04-26 01:00:00+00:00,12,0.32200661959305754,1.2963369082739264
66340,2026-04-26 02:00:00+00:00,12,0.543158360843838,0.82359607613664
66340,2026-04-26 03:00:00+00:00,12,0.9886085832075712,0.12861215702022813
66340,2026-04-26 04:00:00+00:00,12,0.92010856858982,0.017815602167481525
66340,2026-04-26 05:00:00+00:00,12,0.202565224890411,1.5516585440160455
66340,2026-04-26 06:00:00+00:00,12,0.31239581348233425,1.3168812659741957
66340,2026-04-26 07:00:00+00:00,12,0.4167575902525981,1.093794289969994
66340,2026-04-26 08:00:00+00:00,12,0.5023613124135136,0.910805114214375
66340,2026-04-26 09:00:00+00:00,12,0.5328885421107267,0.8455491596906362
66340,2026-04-26 10:00:00+00:00,12,0.6015436680857756,0.6987898296470598
66340,2026-04-26 11:00:00+00:00,12,0.9284428421979554,0.0
66340,2026-04-26 12:00:00+00:00,12,1.2434627859333272,0.6733964177674104
66340,2026-04-26 13:00:00+00:00,12,1.357763256021453,0.917728653351619
66340,2026-04-26 14:00:00+00:00,12,1.322508723953938,0.842367470428313
66340,2026-04-26 15:00:00+00:00,12,1.2077949221197186,0.5971516840635775
66340,2026-04-26 16:00:00+00:00,12,0.9778211640995634,0.10555263482568947
66340,2026-04-26 17:00:00+00:00,12,0.7152187443208586,0.45579445539086477
66340,2026-04-26 18:00:00+00:00,12,0.6471724088062983,0.6012524160341328
66340,2026-04-20 12:00:00+00:00,24,1.1999551073031718,0.8415351404111653
66340,2026-04-20 13:00:00+00:00,24,1.1637763005468917,0.9322162585600845
66340,2026-04-20 14:00:00+00:00,24,1.1287065688706412,1.0201175125458295
66340,2026-04-20 15:00:00+00:00,24,1.1024749797392257,1.0858662214317822
66340,2026-04-20 16:00:00+00:00,24,1.0766174708583467,1.1506773091401048
66340,2026-04-20 17:00:00+00:00,24,1.0474739012424044,1.2237248117133006
66340,2026-04-20 18:00:00+00:00,24,1.0469143221966675,1.225127380181132
66340,2026-04-20 19:00:00+00:00,24,1.0809329380213755,1.13986071725208
66340,2026-04-20 20:00:00+00:00,24,1.0438665118184804,1.2327666275134643
66340,2026-04-20 21:00:00+00:00,24,0.9852514659151077,1.379683521115695
66340,2026-04-20 22:00:00+00:00,24,1.0980962474188978,1.0968413855812529
66340,2026-04-20 23:00:00+00:00,24,1.3663465509892192,0.42447986643520513
66340,2026-04-21 00:00:00+00:00,24,1.486020663469368,0.12452021308661441
66340,2026-04-21 01:00:00+00:00,24,1.5357001647643698,0.0
66340,2026-04-21 02:00:00+00:00,24,1.6550514978884947,0.2991506163585979
66340,2026-04-21 03:00:00+00:00,24,1.782540618363092,0.6186983580610513
66340,2026-04-21 04:00:00+00:00,24,1.8202518051321783,0.7132203417732385
66340,2026-04-21 05:00:00+00:00,24,1.9493824814935168,1.0368825951652678
66340,2026-04-21 06:00:00+00:00,24,1.6614989309680026,0.31531091829389096
66340,2026-04-21 07:00:00+00:00,24,1.4773067104311004,0.14636148083019787
66340,2026-04-21 08:00:00+00:00,24,1.7910889496128166,0.6401244996487037
66340,2026-04-21 09:00:00+00:00,24,1.476679560318117,0.14793341419648215
66340,2026-04-21 10:00:00+00:00,24,1.3709239977052785,0.4130066304803653
66340,2026-04-21 11:00:00+00:00,24,1.3475325360861903,0.4716366430467208
66340,2026-04-21 12:00:00+00:00,24,1.3409351382229104,0.48817282731464606
66340,2026-04-21 13:00:00+00:00,24,1.4852362634187488,0.12648628881004526
66340,2026-04-21 14:00:00+00:00,24,1.5449660447614368,0.02322465647991262
66340,2026-04-21 15:00:00+00:00,24,1.6331834943814305,0.24433910687284496
66340,2026-04-21 16:00:00+00:00,24,1.6661537893389198,0.32697818429144504
66340,2026-04-21 17:00:00+00:00,24,1.6360243753635262,0.2514596917423202
66340,2026-04-21 18:00:00+00:00,24,1.6749459072368942,0.3490153699636079
66340,2026-04-21 19:00:00+00:00,24,1.7958087447237598,0.6519545276807874
66340,2026-04-21 20:00:00+00:00,24,1.8047999657386606,0.6744907594765952
66340,2026-04-21 21:00:00+00:00,24,2.0722298633086007,1.3447959550420496
66340,2026-04-21 22:00:00+00:00,24,2.435595969178529,2.255562443270244
66340,2026-04-21 23:00:00+00:00,24,1.90486863979659,0.9253099563722366
66340,2026-04-22 00:00:00+00:00,24,1.9780486652921452,1.1087335441872619
66340,2026-04-22 01:00:00+00:00,24,1.5270921106732995,0.02157583513804335
66340,2026-04-22 02:00:00+00:00,24,1.373964004531964,0.40538694252102303
66340,2026-04-22 03:00:00+00:00,24,1.3193293882239017,0.542327006073348
66340,2026-04-22 04:00:00+00:00,24,1.3041891010815982,0.5802756917889558
66340,2026-04-22 05:00:00+00:00,24,1.1782284500275395,0.8959923697129772
66340,2026-04-22 06:00:00+00:00,24,1.1402441290243774,0.9911989563728955
66340,2026-04-22 07:00:00+00:00,24,1.2119684014508303,0.811424170933919
66340,2026-04-22 08:00:00+00:00,24,1.3162054806490349,0.5501569887975192
66340,2026-04-22 09:00:00+00:00,24,1.3172192767386177,0.5476159386297323
66340,2026-04-22 10:00:00+00:00,24,1.334902197233757,0.5032942169809298
66340,2026-04-22 11:00:00+00:00,24,1.322511451413889,0.5343512580053587
66340,2026-04-22 12:00:00+00:00,24,1.3299030354203545,0.5158244694599732
66340,2026-04-22 13:00:00+00:00,24,1.353623870231753,0.4563688926463451
66340,2026-04-22 14:00:00+00:00,24,1.3676257400520688,0.4212736165628835
66340,2026-04-22 15:00:00+00:00,24,1.3664841744096063,0.42413491736797204
66340,2026-04-22 16:00:00+00:00,24,1.3634496721491114,0.4317408082935853
66340,2026-04-22 17:00:00+00:00,24,1.35240137028648,0.4594330529079349
66340,2026-04-22 18:00:00+00:00,24,1.3414215782637129,0.4869535796177962
66340,2026-04-22 19:00:00+00:00,24,1.2531455930760502,0.708214747694467
66340,2026-04-22 20:00:00+00:00,24,1.2414306240558293,0.7375779739885233
66340,2026-04-22 21:00:00+00:00,24,1.2203229975441738,0.7904836208342263
66340,2026-04-22 22:00:00+00:00,24,1.3124303549437288,0.5596192306679052
66340,2026-04-22 23:00:00+00:00,24,1.4974648854160697,0.0958356063923605
66340,2026-04-23 00:00:00+00:00,24,1.8266286268490377,0.7292036583988135
66340,2026-04-23 01:00:00+00:00,24,1.9056435520713553,0.9272522512637298
66340,2026-04-23 02:00:00+00:00,24,1.7417509642823257,0.5164602863117816
66340,2026-04-23 03:00:00+00:00,24,1.5147532419416083,0.05250284776231327
66340,2026-04-23 04:00:00+00:00,24,1.796746810370162,0.6543057617136255
66340,2026-04-23 05:00:00+00:00,24,2.1194361948584426,1.4631172406910076
66340,2026-04-23 06:00:00+00:00,24,2.6116198220911895,2.6967610684910763
66340,2026-04-23 07:00:00+00:00,24,2.726415103114206,2.9844920738697867
66340,2026-04-23 08:00:00+00:00,24,3.0651425797284997,3.833502560425267
66340,2026-04-23 09:00:00+00:00,24,3.3503593195883044,4.548389954570376
66340,2026-04-23 10:00:00+00:00,24,3.9888728415201524,6.148805372138941
66340,2026-04-23 11:00:00+00:00,24,4.739670036208431,8.030656522621863
66340,2026-04-23 12:00:00+00:00,24,3.1536425389702445,4.055325112900195
66340,2026-04-23 13:00:00+00:00,24,4.641072241345124,7.783524041292294
66340,2026-04-23 14:00:00+00:00,24,3.540282719251163,5.024427386100164
66340,2026-04-23 15:00:00+00:00,24,3.2773517757008226,4.3653986868477626
66340,2026-04-23 16:00:00+00:00,24,3.309304802551833,4.445488011590046
66340,2026-04-23 17:00:00+00:00,24,3.2001677134143436,4.171939098239335
66340,2026-04-23 18:00:00+00:00,24,2.833572451383048,3.2530788247914435
66340,2026-04-23 19:00:00+00:00,24,2.996267483520807,3.660869151623198
66340,2026-04-23 20:00:00+00:00,24,2.6224887136394863,2.7240036264139635
66340,2026-04-23 21:00:00+00:00,24,2.9607305439157847,3.5717968546654038
66340,2026-04-23 22:00:00+00:00,24,2.9840633968397596,3.630279966256226
66340,2026-04-23 23:00:00+00:00,24,2.94080533268714,3.5218548970508605
66340,2026-04-24 00:00:00+00:00,24,2.2981801195626237,1.9111336460880097
66340,2026-04-24 01:00:00+00:00,24,2.0490760377860036,1.2867615703825934
66340,2026-04-24 02:00:00+00:00,24,1.6167665726356797,0.20319057396249474
66340,2026-04-24 03:00:00+00:00,24,1.4261170080659975,0.27466696861061335
66340,2026-04-24 04:00:00+00:00,24,1.346531139591981,0.4741466139923364
66340,2026-04-24 05:00:00+00:00,24,1.1782284500275395,0.8959923697129772
66340,2026-04-24 06:00:00+00:00,24,1.1402441290243774,0.9911989563728955
66340,2026-04-24 07:00:00+00:00,24,1.401533391240146,0.33628508324137946
66340,2026-04-24 08:00:00+00:00,24,1.5994775926969391,0.15985625276553914
66340,2026-04-24 09:00:00+00:00,24,1.6359132715923705,0.2511812133981662
66340,2026-04-24 10:00:00+00:00,24,1.6569625851889294,0.30394070063227374
66340,2026-04-24 11:00:00+00:00,24,1.683548341552057,0.3705771192981455
66340,2026-04-24 12:00:00+00:00,24,1.6970307588055935,0.404370402756527
66340,2026-04-24 13:00:00+00:00,24,1.7597267914708228,0.5615161699976555
66340,2026-04-24 14:00:00+00:00,24,1.7844518876099906,0.6234888983782031
66340,2026-04-24 15:00:00+00:00,24,1.8028722087083233,0.6696588930137776
66340,2026-04-24 16:00:00+00:00,24,1.811829326271591,0.6921096455081904
66340,2026-04-24 17:00:00+00:00,24,1.8260217982653497,0.7276826603497554
66340,2026-04-24 18:00:00+00:00,24,1.8248279599931119,0.7246903397310908
66340,2026-04-24 19:00:00+00:00,24,1.769713168055896,0.5865467300460028
66340,2026-04-24 20:00:00+00:00,24,1.8160757258844729,0.7027531216072583
66340,2026-04-24 21:00:00+00:00,24,2.2127979115377716,1.6971256456065338
66340,2026-04-24 22:00:00+00:00,24,2.4912185051642104,2.394978698522624
66340,2026-04-24 23:00:00+00:00,24,2.3140583408505258,1.950931942098781
66340,2026-04-25 00:00:00+00:00,24,1.9780486652921452,1.1087335441872619
66340,2026-04-25 01:00:00+00:00,24,1.5270921106732995,0.02157583513804335
66340,2026-04-25 02:00:00+00:00,24,1.373964004531964,0.40538694252102303
66340,2026-04-25 03:00:00+00:00,24,1.3193293882239017,0.542327006073348
66340,2026-04-25 04:00:00+00:00,24,1.3041891010815982,0.5802756917889558
66340,2026-04-25 05:00:00+00:00,24,1.3019616177473643,0.5858588134426669
66340,2026-04-25 06:00:00+00:00,24,1.3153505018645577,0.5522999680475613
66340,2026-04-25 07:00:00+00:00,24,1.2119684014508303,0.811424170933919
66340,2026-04-25 08:00:00+00:00,24,1.3162054806490349,0.5501569887975192
66340,2026-04-25 09:00:00+00:00,24,1.3172192767386177,0.5476159386297323
66340,2026-04-25 10:00:00+00:00,24,1.334902197233757,0.5032942169809298
66340,2026-04-25 11:00:00+00:00,24,1.322511451413889,0.5343512580053587
66340,2026-04-25 12:00:00+00:00,24,1.3299030354203545,0.5158244694599732
66340,2026-04-25 13:00:00+00:00,24,1.1999551073031718,0.8415351404111653
66340,2026-04-25 14:00:00+00:00,24,1.1637763005468917,0.9322162585600845
66340,2026-04-25 15:00:00+00:00,24,1.1287065688706412,1.0201175125458295
66340,2026-04-25 16:00:00+00:00,24,1.1024749797392257,1.0858662214317822
66340,2026-04-25 17:00:00+00:00,24,1.0766174708583467,1.1506773091401048
66340,2026-04-25 18:00:00+00:00,24,1.0474739012424044,1.2237248117133006
66340,2026-04-25 19:00:00+00:00,24,1.0469143221966675,1.225127380181132
66340,2026-04-25 20:00:00+00:00,24,1.0809329380213755,1.13986071725208
66340,2026-04-25 21:00:00+00:00,24,1.0438665118184804,1.2327666275134643
66340,2026-04-25 22:00:00+00:00,24,0.9852514659151077,1.379683521115695
66340,2026-04-25 23:00:00+00:00,24,1.0980962474188978,1.0968413855812529
66340,2026-04-26 00:00:00+00:00,24,1.486020663469368,0.12452021308661441
66340,2026-04-26 01:00:00+00:00,24,1.5357001647643698,0.0
66340,2026-04-26 02:00:00+00:00,24,1.6550514978884947,0.2991506163585979
66340,2026-04-26 03:00:00+00:00,24,1.782540618363092,0.6186983580610513
66340,2026-04-26 04:00:00+00:00,24,1.8202518051321783,0.7132203417732385
66340,2026-04-26 05:00:00+00:00,24,1.9493824814935168,1.0368825951652678
66340,2026-04-26 06:00:00+00:00,24,2.1578376290472323,1.559369309318371
66340,2026-04-26 07:00:00+00:00,24,2.2812160906749255,1.8686138051709231
66340,2026-04-26 08:00:00+00:00,24,1.7910889496128166,0.6401244996487037
66340,2026-04-26 09:00:00+00:00,24,1.7909100752804916,0.6396761563804294
66340,2026-04-26 10:00:00+00:00,24,1.7447265813779589,0.5239185832985451
66340,2026-04-26 11:00:00+00:00,24,1.6809842702534055,0.36415034978245653
66340,2026-04-26 12:00:00+00:00,24,1.6602562047565137,0.3121960614891893
66342,2026-04-20 03:00:00+00:00,6,0.3325676474800955,0.4524368330957862
66342,2026-04-20 04:00:00+00:00,6,0.3886025817890244,0.25682047857803836
66342,2026-04-20 05:00:00+00:00,6,0.2539238145423376,0.726980206695059
66342,2026-04-20 06:00:00+00:00,6,0.23857570759948782,0.7805600094723132
66342,2026-04-20 07:00:00+00:00,6,0.2929909817726731,0.5905978422079162
66342,2026-04-20 08:00:00+00:00,6,0.2802007074149606,0.6352483245185354
66342,2026-04-20 09:00:00+00:00,6,0.24642278697220604,0.7531660796063517
66342,2026-04-20 10:00:00+00:00,6,0.303224123119005,0.5548742381719369
66342,2026-04-20 11:00:00+00:00,6,0.6463902403973958,0.6431088715416766
66342,2026-04-20 12:00:00+00:00,6,0.6289062347166551,0.5820727073020925
66342,2026-04-20 13:00:00+00:00,6,0.6995253957672272,0.8286021806419657
66342,2026-04-20 14:00:00+00:00,6,0.8597726083372973,1.3880206207844525
66342,2026-04-20 15:00:00+00:00,6,0.7301587777169541,0.9355424417033676
66342,2026-04-20 16:00:00+00:00,6,0.9137646960968341,1.5765054563710257
66342,2026-04-20 17:00:00+00:00,6,0.6289062347166551,0.5820727073020925
66342,2026-04-20 18:00:00+00:00,6,0.3895815263235182,0.25340301118070013
66342,2026-04-20 19:00:00+00:00,6,0.1969621871525462,0.9258316202785627
66342,2026-04-20 20:00:00+00:00,6,0.2769333722604546,0.6466544981813517
66342,2026-04-20 21:00:00+00:00,6,0.23179948074339388,0.8042156238015181
66342,2026-04-20 22:00:00+00:00,6,0.4997546840595983,0.13120833436354945
66342,2026-04-20 23:00:00+00:00,6,0.5154309433764377,0.1859337077017023
66342,2026-04-21 00:00:00+00:00,6,0.28879681551352304,0.6052395567735659
66342,2026-04-21 02:00:00+00:00,6,1.0862532847018542,2.1786581904637115
66342,2026-04-21 03:00:00+00:00,6,1.046737760009461,2.040710622887991
66342,2026-04-21 04:00:00+00:00,6,0.6184113758998155,0.5454354550549445
66342,2026-04-21 05:00:00+00:00,6,0.6614791684362824,0.6957838881710313
66342,2026-04-21 06:00:00+00:00,6,0.31335511668732813,0.5195072291101929
66342,2026-04-21 07:00:00+00:00,6,0.6119961009603935,0.5230399135529205
66342,2026-04-21 08:00:00+00:00,6,0.45633610467547536,0.02036468561424289
66342,2026-04-21 09:00:00+00:00,6,1.0068257466626127,1.901378924748924
66342,2026-04-21 10:00:00+00:00,6,1.0859637797262753,2.1776475368663455
66342,2026-04-21 11:00:00+00:00,6,1.3472258815553204,3.089706068989916
66342,2026-04-21 12:00:00+00:00,6,1.866967736420269,4.904110033103656
66342,2026-04-21 13:00:00+00:00,6,0.9588312687638505,1.7338315738092713
66342,2026-04-21 14:00:00+00:00,6,0.45526731970780165,0.02409578339669153
66342,2026-04-21 15:00:00+00:00,6,0.4234709823967326,0.1350958883939926
66342,2026-04-21 16:00:00+00:00,6,0.40467638790260596,0.2007072807320496
66342,2026-04-21 17:00:00+00:00,6,0.6162342672884957,0.5378352311020146
66342,2026-04-21 18:00:00+00:00,6,1.3293844994169135,3.027422313748374
66342,2026-04-21 19:00:00+00:00,6,0.8385011406097023,1.3137625347630861
66342,2026-04-21 20:00:00+00:00,6,0.8628808703590457,1.3988714746862032
66342,2026-04-21 21:00:00+00:00,6,1.217483573243239,2.6367793779581232
66342,2026-04-21 22:00:00+00:00,6,2.3892013862306145,6.72721278217067
66342,2026-04-21 23:00:00+00:00,6,1.5347154300437291,3.7442267253947343
66342,2026-04-22 00:00:00+00:00,6,1.247685547134345,2.7422136058140296
66342,2026-04-22 01:00:00+00:00,6,1.544669287489917,3.7789753573156313
66342,2026-04-22 02:00:00+00:00,6,0.8777066131267928,1.4506277190543244
66342,2026-04-22 03:00:00+00:00,6,0.6065990848141289,0.5041990844018552
66342,2026-04-22 04:00:00+00:00,6,0.2539238145423376,0.726980206695059
66342,2026-04-22 05:00:00+00:00,6,0.19533769796922146,0.9315026655990328
66342,2026-04-22 06:00:00+00:00,6,0.2126561328390492,0.8710445043292886
66342,2026-04-22 07:00:00+00:00,6,0.33366608867339675,0.44860220627707537
66342,2026-04-22 08:00:00+00:00,6,0.3120486342414745,0.5240681219969467
66342,2026-04-22 09:00:00+00:00,6,0.19597594667254364,0.929274557613196
66342,2026-04-22 10:00:00+00:00,6,0.2884402498089979,0.6064843174594751
66342,2026-04-22 11:00:00+00:00,6,0.399062961580424,0.22030359162348995
66342,2026-04-22 12:00:00+00:00,6,0.49844116233787944,0.12662286756589192
66342,2026-04-22 13:00:00+00:00,6,0.38084120518667736,0.2839152225215241
66342,2026-04-22 14:00:00+00:00,6,0.3631373820934823,0.34571876306687455
66342,2026-04-22 15:00:00+00:00,6,0.5313651672626746,0.24155962798048455
66342,2026-04-22 16:00:00+00:00,6,1.0507931214148,2.054867773675228
66342,2026-04-22 17:00:00+00:00,6,0.8036010175755319,1.1919272024947047
66342,2026-04-22 18:00:00+00:00,6,0.5559331464016501,0.3273257411437274
66342,2026-04-22 19:00:00+00:00,6,0.4473538695679093,0.05172141171436476
66342,2026-04-22 20:00:00+00:00,6,0.2723787437807284,0.6625545760591048
66342,2026-04-22 21:00:00+00:00,6,0.3102723260686273,0.53026916307173
66342,2026-04-22 22:00:00+00:00,6,0.3325676474800955,0.4524368330957862
66342,2026-04-22 23:00:00+00:00,6,0.3886025817890244,0.25682047857803836
66342,2026-04-23 00:00:00+00:00,6,0.6907267576408193,0.7978863863569259
66342,2026-04-23 01:00:00+00:00,6,0.6184113758998155,0.5454354550549445
66342,2026-04-23 02:00:00+00:00,6,1.1255644377082143,2.3158923023232525
66342,2026-04-23 03:00:00+00:00,6,0.6139200540119014,0.5297563786802707
66342,2026-04-23 04:00:00+00:00,6,0.5673995819251628,0.3673547399118216
66342,2026-04-23 05:00:00+00:00,6,0.6534597965687757,0.6677884901288876
66342,2026-04-23 06:00:00+00:00,6,0.45633610467547536,0.02036468561424289
66342,2026-04-23 07:00:00+00:00,6,0.46800316414429455,0.02036468561424289
66342,2026-04-23 08:00:00+00:00,6,0.1465443435565635,1.1018388716214194
66342,2026-04-23 09:00:00+00:00,6,0.26703969900150887,0.6811930288243028
66342,2026-04-23 10:00:00+00:00,6,0.3117339941510205,0.5251665215621255
66342,2026-04-23 11:00:00+00:00,6,0.399062961580424,0.22030359162348995
66342,2026-04-23 12:00:00+00:00,6,0.49844116233787944,0.12662286756589192
66342,2026-04-23 13:00:00+00:00,6,0.38084120518667736,0.2839152225215241
66342,2026-04-23 14:00:00+00:00,6,0.3476675646264617,0.3997234538062254
66342,2026-04-23 15:00:00+00:00,6,0.6996518501918472,0.8290436294249772
66342,2026-04-23 16:00:00+00:00,6,1.5773692559490835,3.8931300128303823
66342,2026-04-23 17:00:00+00:00,6,0.9588312687638505,1.7338315738092713
66342,2026-04-23 18:00:00+00:00,6,0.7306161973356942,0.9371392805219788
66342,2026-04-23 19:00:00+00:00,6,0.6611710362373944,0.6947082074693515
66342,2026-04-23 20:00:00+00:00,6,0.47426280350338285,0.0422169077524876
66342,2026-04-23 21:00:00+00:00,6,0.8345387752525234,1.299930030522687
66342,2026-04-23 22:00:00+00:00,6,0.544283235207835,0.28665623405328194
66342,2026-04-23 23:00:00+00:00,6,0.4200077703609114,0.14718586265245043
66342,2026-04-24 00:00:00+00:00,6,0.2723787437807284,0.6625545760591048
66342,2026-04-24 01:00:00+00:00,6,0.23179948074339388,0.8042156238015181
66342,2026-04-24 02:00:00+00:00,6,0.28879681551352304,0.6052395567735659
66342,2026-04-24 03:00:00+00:00,6,0.41071343712994374,0.17963211438340584
66342,2026-04-24 04:00:00+00:00,6,0.32112448592050985,0.4923845831208465
66342,2026-04-24 05:00:00+00:00,6,0.1810474047960879,0.9813896707324146
66342,2026-04-24 06:00:00+00:00,6,0.16851659583150105,1.0251343667696542
66342,2026-04-24 07:00:00+00:00,6,0.22355381049786516,0.8330010230150364
66342,2026-04-24 08:00:00+00:00,6,0.2138833200591122,0.8667604288099702
66342,2026-04-24 09:00:00+00:00,6,0.22461698239603742,0.8292895202978282
66342,2026-04-24 10:00:00+00:00,6,0.3265618211699543,0.47340300113266726
66342,2026-04-24 11:00:00+00:00,6,0.4740100729562932,0.04133463263417677
66342,2026-04-24 12:00:00+00:00,6,0.8454311597877299,1.3379550336936652
66342,2026-04-24 13:00:00+00:00,6,0.27593422649015686,0.6501424875156468
66342,2026-04-24 14:00:00+00:00,6,0.2237033151801439,0.8324791064411814
66342,2026-04-24 15:00:00+00:00,6,0.4498717193771154,0.042931669976028805
66342,2026-04-24 16:00:00+00:00,6,0.2271132023635123,0.8205752877189201
66342,2026-04-24 17:00:00+00:00,6,0.8036010175755319,1.1919272024947047
66342,2026-04-24 18:00:00+00:00,6,0.6348521325388917,0.6028296667001088
66342,2026-04-24 19:00:00+00:00,6,0.3593220129626777,0.35903810768130406
66342,2026-04-24 20:00:00+00:00,6,0.3276499068763409,0.4696045250228756
66342,2026-04-24 21:00:00+00:00,6,0.32983847984322356,0.4619642793322607
66342,2026-04-24 22:00:00+00:00,6,0.5236007482053723,0.21445426291368583
66342,2026-04-24 23:00:00+00:00,6,0.7928072705522311,1.1542465400592987
66342,2026-04-25 00:00:00+00:00,6,1.2267686681622725,2.669193379006094
66342,2026-04-25 01:00:00+00:00,6,1.695127934666927,4.304222195371598
66342,2026-04-25 02:00:00+00:00,6,2.0317158123695647,5.479240858694344
66342,2026-04-25 03:00:00+00:00,6,0.2271132023635123,0.8205752877189201
66342,2026-04-25 04:00:00+00:00,6,0.6385470567179583,0.6157285414296418
66342,2026-04-25 05:00:00+00:00,6,0.15790310682089384,1.0621857536334796
66342,2026-04-25 06:00:00+00:00,6,0.2434175686749838,0.7636572108101761
66342,2026-04-25 07:00:00+00:00,6,0.16842420442957207,1.0254569025137759
66342,2026-04-25 08:00:00+00:00,6,0.16851659583150105,1.0251343667696542
66342,2026-04-25 09:00:00+00:00,6,0.1310252257205443,1.1560156685402245
66342,2026-04-25 10:00:00+00:00,6,0.3265618211699543,0.47340300113266726
66342,2026-04-25 11:00:00+00:00,6,0.4740100729562932,0.04133463263417677
66342,2026-04-25 12:00:00+00:00,6,0.9282254752385084,1.6269876231490792
66342,2026-04-25 13:00:00+00:00,6,0.45526731970780165,0.02409578339669153
66342,2026-04-25 14:00:00+00:00,6,0.4234709823967326,0.1350958883939926
66342,2026-04-25 15:00:00+00:00,6,0.38795078576025843,0.25909587988989513
66342,2026-04-25 16:00:00+00:00,6,0.6162342672884957,0.5378352311020146
66342,2026-04-25 17:00:00+00:00,6,0.7159223192636565,0.8858433720386477
66342,2026-04-25 18:00:00+00:00,6,0.27593422649015686,0.6501424875156468
66342,2026-04-25 19:00:00+00:00,6,0.2237033151801439,0.8324791064411814
66342,2026-04-25 20:00:00+00:00,6,0.3422477517917253,0.41864386554534827
66342,2026-04-25 21:00:00+00:00,6,0.49943641173731157,0.13009725478083095
66342,2026-04-25 22:00:00+00:00,6,0.8443190320956059,1.3340726276986454
66342,2026-04-25 23:00:00+00:00,6,1.0862532847018542,2.1786581904637115
66342,2026-04-26 00:00:00+00:00,6,1.046737760009461,2.040710622887991
66342,2026-04-26 01:00:00+00:00,6,1.053296706267682,2.063607716858646
66342,2026-04-26 02:00:00+00:00,6,1.1255644377082143,2.3158923023232525
66342,2026-04-26 03:00:00+00:00,6,1.0222138367522304,1.9550983075490578
66342,2026-04-26 04:00:00+00:00,6,0.9884603207078724,1.8372657475187069
66342,2026-04-26 05:00:00+00:00,6,0.15790310682089384,1.0621857536334796
66342,2026-04-26 06:00:00+00:00,6,0.23857570759948782,0.7805600094723132
66342,2026-04-26 07:00:00+00:00,6,0.1465443435565635,1.1018388716214194
66342,2026-04-26 08:00:00+00:00,6,0.19533769796922146,0.9315026655990328
66342,2026-04-26 09:00:00+00:00,6,0.1715148724018825,1.0146674689358768
66342,2026-04-26 10:00:00+00:00,6,0.1310252257205443,1.1560156685402245
66342,2026-04-26 11:00:00+00:00,6,0.303224123119005,0.5548742381719369
66342,2026-04-26 12:00:00+00:00,6,0.6463902403973958,0.6431088715416766
66342,2026-04-26 13:00:00+00:00,6,0.5676889040854356,0.36836475530617785
66342,2026-04-26 14:00:00+00:00,6,0.3895815263235182,0.25340301118070013
66342,2026-04-26 15:00:00+00:00,6,0.5838288434987957,0.4247088226119859
66342,2026-04-26 16:00:00+00:00,6,0.6049644377799932,0.4984925783144567
66342,2026-04-26 17:00:00+00:00,6,1.1272382445165803,2.3217355140635285
66342,2026-04-26 18:00:00+00:00,6,1.4187444356192378,3.3393752976399207
66342,2026-04-26 19:00:00+00:00,6,0.5676889040854356,0.36836475530617785
66342,2026-04-26 20:00:00+00:00,6,0.5064214568533976,0.15448184768884857
66342,2026-04-26 21:00:00+00:00,6,0.1969621871525462,0.9258316202785627
66342,2026-04-20 06:00:00+00:00,12,0.37615560198036074,1.0730390085552572
66342,2026-04-20 07:00:00+00:00,12,0.387459262018425,1.048677065196
66342,2026-04-20 08:00:00+00:00,12,0.49071174894204683,0.8261446084815205
66342,2026-04-20 09:00:00+00:00,12,0.7629734118547605,0.2393591612510507
66342,2026-04-20 10:00:00+00:00,12,0.9684723525635485,0.2035375232808907
66342,2026-04-20 11:00:00+00:00,12,1.048890506311924,0.3768568287161831
66342,2026-04-20 12:00:00+00:00,12,1.1865243942355967,0.6734889788887638
66342,2026-04-20 13:00:00+00:00,12,1.347149787242333,1.019673021341501
66342,2026-04-20 14:00:00+00:00,12,1.3740521589283268,1.0776537154739214
66342,2026-04-20 15:00:00+00:00,12,1.2069921103460213,0.7176015352551449
66342,2026-04-20 16:00:00+00:00,12,0.9485700556681165,0.16064357317509226
66342,2026-04-20 17:00:00+00:00,12,0.9861051608329028,0.24154021222200436
66342,2026-04-20 18:00:00+00:00,12,0.8061341540577259,0.1463380023209903
66342,2026-04-20 19:00:00+00:00,12,0.8701553732126003,0.00835779860029003
66342,2026-04-20 20:00:00+00:00,12,0.8850127870325791,0.023663287731792843
66342,2026-04-20 21:00:00+00:00,12,0.5311246229086455,0.7390457269472454
66342,2026-04-20 22:00:00+00:00,12,0.5541093517202764,0.6895084390642728
66342,2026-04-20 23:00:00+00:00,12,0.5438233228345277,0.7116771571841082
66342,2026-04-21 00:00:00+00:00,12,0.4949402613383788,0.8170312081185883
66342,2026-04-21 02:00:00+00:00,12,0.7601346073505203,0.24547742686656085
66342,2026-04-21 03:00:00+00:00,12,1.152148279203385,0.599400677886616
66342,2026-04-21 04:00:00+00:00,12,2.0412230759642065,2.515557901997496
66342,2026-04-21 05:00:00+00:00,12,0.9094719005839429,0.07637820811593492
66342,2026-04-21 06:00:00+00:00,12,1.1541692934939023,0.6037564206732916
66342,2026-04-21 07:00:00+00:00,12,1.1257523384625934,0.5425114569549858
66342,2026-04-21 08:00:00+00:00,12,1.3111188699246317,0.9420182472311642
66342,2026-04-21 09:00:00+00:00,12,1.3287992412423346,0.9801234452963988
66342,2026-04-21 10:00:00+00:00,12,1.4414988594124671,1.223016606027095
66342,2026-04-21 11:00:00+00:00,12,1.8113534702658134,2.0201369237319415
66342,2026-04-21 12:00:00+00:00,12,2.04533031452138,2.5244099298146696
66342,2026-04-21 13:00:00+00:00,12,2.38005985671182,3.2458277820902492
66342,2026-04-21 14:00:00+00:00,12,2.380590161623724,3.2469707090876496
66342,2026-04-21 15:00:00+00:00,12,1.6798503529703361,1.7367179705495166
66342,2026-04-21 16:00:00+00:00,12,0.9920265079922549,0.2543020542820862
66342,2026-04-21 17:00:00+00:00,12,1.020857624355402,0.31643962932042985
66342,2026-04-21 18:00:00+00:00,12,1.004033860963243,0.28018061503044345
66342,2026-04-21 19:00:00+00:00,12,1.060996532913191,0.40294805344981655
66342,2026-04-21 20:00:00+00:00,12,1.5781094633429091,1.5174433478098643
66342,2026-04-21 21:00:00+00:00,12,1.8987313179862115,2.2084559433990156
66342,2026-04-21 22:00:00+00:00,12,2.4268794400280416,3.3467345709544647
66342,2026-04-21 23:00:00+00:00,12,2.0178519656672496,2.4651878746452827
66342,2026-04-22 00:00:00+00:00,12,1.402573739855081,1.1391241716548604
66342,2026-04-22 01:00:00+00:00,12,0.8448431071833863,0.06291145548855619
66342,2026-04-22 02:00:00+00:00,12,0.3659842247850327,1.0949606263572607
66342,2026-04-22 03:00:00+00:00,12,0.2859382233312084,1.267477859446928
66342,2026-04-22 04:00:00+00:00,12,0.6308118114881205,0.5241972943476518
66342,2026-04-22 05:00:00+00:00,12,0.6270534569306742,0.5322973982559602
66342,2026-04-22 06:00:00+00:00,12,0.5014092202290116,0.803089138951941
66342,2026-04-22 07:00:00+00:00,12,0.4392185550610333,0.9371240849070457
66342,2026-04-22 08:00:00+00:00,12,0.4536831171439497,0.9059496828997455
66342,2026-04-22 09:00:00+00:00,12,0.4927842376505396,0.8216779266847414
66342,2026-04-22 10:00:00+00:00,12,0.6465886668374995,0.49019460361611183
66342,2026-04-22 11:00:00+00:00,12,0.7902306173251239,0.1806137200784988
66342,2026-04-22 12:00:00+00:00,12,1.125207945243699,0.5413381664703808
66342,2026-04-22 13:00:00+00:00,12,1.2727084047065291,0.8592350093334343
66342,2026-04-22 14:00:00+00:00,12,1.187454023455285,0.6754925400644266
66342,2026-04-22 15:00:00+00:00,12,0.9945076826539314,0.2596495467198134
66342,2026-04-22 16:00:00+00:00,12,0.9232114586851773,0.10599006260521922
66342,2026-04-22 17:00:00+00:00,12,0.7710893124513406,0.2218675603025578
66342,2026-04-22 18:00:00+00:00,12,0.70632489553113,0.361449523259017
66342,2026-04-22 19:00:00+00:00,12,1.8553883519798107,2.115042050968208
66342,2026-04-22 20:00:00+00:00,12,2.1615337542989406,2.774854618391538
66342,2026-04-22 21:00:00+00:00,12,1.9656434395739444,2.352666695551753
66342,2026-04-22 22:00:00+00:00,12,1.9688435793607297,2.359563720406078
66342,2026-04-22 23:00:00+00:00,12,1.9026674450762098,2.216939187312798
66342,2026-04-23 00:00:00+00:00,12,1.7607606886474743,1.9110980393331922
66342,2026-04-23 01:00:00+00:00,12,1.577667319689218,1.5164904282588865
66342,2026-04-23 02:00:00+00:00,12,1.4547399022524894,1.2515540474044775
66342,2026-04-23 03:00:00+00:00,12,1.3260765108808257,0.9742553457050942
66342,2026-04-23 04:00:00+00:00,12,0.8572548272951062,0.036161392116652535
66342,2026-04-23 05:00:00+00:00,12,0.6213983920674356,0.5444853417563148
66342,2026-04-23 06:00:00+00:00,12,0.5014092202290116,0.803089138951941
66342,2026-04-23 07:00:00+00:00,12,0.4392185550610333,0.9371240849070457
66342,2026-04-23 08:00:00+00:00,12,0.4536831171439497,0.9059496828997455
66342,2026-04-23 09:00:00+00:00,12,0.4927842376505396,0.8216779266847414
66342,2026-04-23 10:00:00+00:00,12,0.6465886668374995,0.49019460361611183
66342,2026-04-23 11:00:00+00:00,12,0.7902306173251239,0.1806137200784988
66342,2026-04-23 12:00:00+00:00,12,1.1407334129007016,0.5747990598812067
66342,2026-04-23 13:00:00+00:00,12,1.2913670105116906,0.8994485239169723
66342,2026-04-23 14:00:00+00:00,12,1.187454023455285,0.6754925400644266
66342,2026-04-23 15:00:00+00:00,12,1.1665308472016171,0.6303983641009655
66342,2026-04-23 16:00:00+00:00,12,0.9232114586851773,0.10599006260521922
66342,2026-04-23 17:00:00+00:00,12,0.85917766356817,0.032017245157546906
66342,2026-04-23 18:00:00+00:00,12,1.0998596306054313,0.48670681667831306
66342,2026-04-23 19:00:00+00:00,12,1.5365828308993945,1.4279440649153972
66342,2026-04-23 20:00:00+00:00,12,0.9920265079922549,0.2543020542820862
66342,2026-04-23 21:00:00+00:00,12,0.9529212094953327,0.17002129355319104
66342,2026-04-23 22:00:00+00:00,12,0.9866292588795212,0.24266976202122167
66342,2026-04-23 23:00:00+00:00,12,0.8061341540577259,0.1463380023209903
66342,2026-04-24 00:00:00+00:00,12,0.8701553732126003,0.00835779860029003
66342,2026-04-24 01:00:00+00:00,12,0.6484626329868066,0.48615578282418687
66342,2026-04-24 02:00:00+00:00,12,1.0272882966633727,0.3302991822441001
66342,2026-04-24 03:00:00+00:00,12,1.152148279203385,0.599400677886616
66342,2026-04-24 04:00:00+00:00,12,1.7844849610953286,1.9622292109774158
66342,2026-04-24 05:00:00+00:00,12,0.6318289930800283,0.522005038012563
66342,2026-04-24 06:00:00+00:00,12,0.29982019425421635,1.2375590731244148
66342,2026-04-24 07:00:00+00:00,12,0.32312789751411847,1.187325702274618
66342,2026-04-24 08:00:00+00:00,12,0.35355909212488595,1.1217395968038621
66342,2026-04-24 09:00:00+00:00,12,0.44466925436605953,0.9253765953956633
66342,2026-04-24 10:00:00+00:00,12,0.4903075957437947,0.8270156500106469
66342,2026-04-24 11:00:00+00:00,12,0.6477737887968404,0.4876403978146234
66342,2026-04-24 12:00:00+00:00,12,0.7358434487552141,0.2978303663425189
66342,2026-04-24 13:00:00+00:00,12,1.0011879383772526,0.27404700833922485
66342,2026-04-24 14:00:00+00:00,12,1.2289483595630788,0.7649222170525862
66342,2026-04-24 15:00:00+00:00,12,0.9945076826539314,0.2596495467198134
66342,2026-04-24 16:00:00+00:00,12,0.9475229233524269,0.15838676625781303
66342,2026-04-24 17:00:00+00:00,12,0.8427931126045856,0.06732965734948904
66342,2026-04-24 18:00:00+00:00,12,0.70632489553113,0.361449523259017
66342,2026-04-24 19:00:00+00:00,12,0.768199930572605,0.22809483159663277
66342,2026-04-24 20:00:00+00:00,12,0.8605540981852398,0.029050717319142834
66342,2026-04-24 21:00:00+00:00,12,0.6576546165922073,0.46634497966840294
66342,2026-04-24 22:00:00+00:00,12,0.6634401048370995,0.4538759442893232
66342,2026-04-24 23:00:00+00:00,12,0.7122003318048952,0.34878662953871853
66342,2026-04-25 00:00:00+00:00,12,0.4949402613383788,0.8170312081185883
66342,2026-04-25 01:00:00+00:00,12,0.7601346073505203,0.24547742686656085
66342,2026-04-25 02:00:00+00:00,12,1.5134733900442443,1.3781379943788237
66342,2026-04-25 03:00:00+00:00,12,0.846435042788757,0.059480474291401526
66342,2026-04-25 04:00:00+00:00,12,0.3659842247850327,1.0949606263572607
66342,2026-04-25 05:00:00+00:00,12,0.26206724032843504,1.3189252255111101
66342,2026-04-25 06:00:00+00:00,12,0.2205892032419834,1.408319774422752
66342,2026-04-25 07:00:00+00:00,12,0.32312789751411847,1.187325702274618
66342,2026-04-25 08:00:00+00:00,12,0.35355909212488595,1.1217395968038621
66342,2026-04-25 09:00:00+00:00,12,0.44466925436605953,0.9253765953956633
66342,2026-04-25 10:00:00+00:00,12,0.4903075957437947,0.8270156500106469
66342,2026-04-25 11:00:00+00:00,12,0.6477737887968404,0.4876403978146234
66342,2026-04-25 12:00:00+00:00,12,0.7358434487552141,0.2978303663425189
66342,2026-04-25 13:00:00+00:00,12,1.0011879383772526,0.27404700833922485
66342,2026-04-25 14:00:00+00:00,12,1.260705986437346,0.8333670839832991
66342,2026-04-25 15:00:00+00:00,12,1.1516114265313755,0.5982436389856123
66342,2026-04-25 16:00:00+00:00,12,0.9529212094953327,0.17002129355319104
66342,2026-04-25 17:00:00+00:00,12,0.8779112170425538,0.008357798600289791
66342,2026-04-25 18:00:00+00:00,12,0.7588221042488128,0.24830616783320117
66342,2026-04-25 19:00:00+00:00,12,0.8605540981852398,0.029050717319142834
66342,2026-04-25 20:00:00+00:00,12,0.6576546165922073,0.46634497966840294
66342,2026-04-25 21:00:00+00:00,12,0.5311246229086455,0.7390457269472454
66342,2026-04-25 22:00:00+00:00,12,0.5541093517202764,0.6895084390642728
66342,2026-04-25 23:00:00+00:00,12,0.5438233228345277,0.7116771571841082
66342,2026-04-26 00:00:00+00:00,12,0.7777102764559244,0.20759788574403545
66342,2026-04-26 01:00:00+00:00,12,1.5307048683587645,1.415275726518767
66342,2026-04-26 02:00:00+00:00,12,1.5134733900442443,1.3781379943788237
66342,2026-04-26 03:00:00+00:00,12,1.3253241330726326,0.9726338014011928
66342,2026-04-26 04:00:00+00:00,12,0.6180823196589795,0.5516322276249593
66342,2026-04-26 05:00:00+00:00,12,0.4221514077770953,0.9739076465176444
66342,2026-04-26 06:00:00+00:00,12,0.26206724032843504,1.3189252255111101
66342,2026-04-26 07:00:00+00:00,12,0.2205892032419834,1.408319774422752
66342,2026-04-26 08:00:00+00:00,12,0.387459262018425,1.048677065196
66342,2026-04-26 09:00:00+00:00,12,0.49071174894204683,0.8261446084815205
66342,2026-04-26 10:00:00+00:00,12,0.690981114469692,0.39451884097353046
66342,2026-04-26 11:00:00+00:00,12,0.9684723525635485,0.2035375232808907
66342,2026-04-26 12:00:00+00:00,12,1.048890506311924,0.3768568287161831
66342,2026-04-26 13:00:00+00:00,12,1.1865243942355967,0.6734889788887638
66342,2026-04-26 14:00:00+00:00,12,1.347149787242333,1.019673021341501
66342,2026-04-26 15:00:00+00:00,12,1.3740521589283268,1.0776537154739214
66342,2026-04-26 16:00:00+00:00,12,1.1433431832890726,0.5804237051879536
66342,2026-04-26 17:00:00+00:00,12,1.1029568024003646,0.49338192222713273
66342,2026-04-26 18:00:00+00:00,12,0.7710893124513406,0.2218675603025578
66342,2026-04-20 12:00:00+00:00,24,1.307094118315572,0.12443447484927331
66342,2026-04-20 13:00:00+00:00,24,1.319575886481443,0.10411347128900826
66342,2026-04-20 14:00:00+00:00,24,1.3221007126304285,0.1000029157586731
66342,2026-04-20 15:00:00+00:00,24,1.3228836790561687,0.09872820344919932
66342,2026-04-20 16:00:00+00:00,24,1.3216872208402894,0.10067610308501129
66342,2026-04-20 17:00:00+00:00,24,1.3223667698237513,0.09956976004700631
66342,2026-04-20 18:00:00+00:00,24,1.2933324035137344,0.14683930177500862
66342,2026-04-20 19:00:00+00:00,24,1.319154143663696,0.10480009174110001
66342,2026-04-20 20:00:00+00:00,24,1.3592048644497792,0.03959532036018743
66342,2026-04-20 21:00:00+00:00,24,1.5215141731958766,0.22465314164154349
66342,2026-04-20 22:00:00+00:00,24,1.7347540382615738,0.5718193443466115
66342,2026-04-20 23:00:00+00:00,24,2.305730197369243,1.5013998659412173
66342,2026-04-21 00:00:00+00:00,24,2.772710071476325,2.261668728348811
66342,2026-04-21 02:00:00+00:00,24,2.860760872391877,2.405020264374096
66342,2026-04-21 03:00:00+00:00,24,2.735122292959718,2.2004737621462707
66342,2026-04-21 04:00:00+00:00,24,3.3199589387289405,3.1526199166747246
66342,2026-04-21 05:00:00+00:00,24,3.974317232940855,4.21795113014237
66342,2026-04-21 06:00:00+00:00,24,4.453412928188127,4.997945214269635
66342,2026-04-21 07:00:00+00:00,24,4.528494747776251,5.120182536969896
66342,2026-04-21 08:00:00+00:00,24,4.755379800473195,5.489563853972089
66342,2026-04-21 09:00:00+00:00,24,2.6112686626313537,1.9988332550155417
66342,2026-04-21 10:00:00+00:00,24,2.5148410995005017,1.8418438903959038
66342,2026-04-21 11:00:00+00:00,24,2.147943746843079,1.2445148653312108
66342,2026-04-21 12:00:00+00:00,24,2.132776932267266,1.2198224588630546
66342,2026-04-21 13:00:00+00:00,24,2.1357458236851357,1.2246559770209657
66342,2026-04-21 14:00:00+00:00,24,2.2201920734971727,1.3621391060357781
66342,2026-04-21 15:00:00+00:00,24,2.315545679100095,1.517380008862294
66342,2026-04-21 16:00:00+00:00,24,2.3193423171633167,1.5235611439846977
66342,2026-04-21 17:00:00+00:00,24,2.8590756015156815,2.4022765509017674
66342,2026-04-21 18:00:00+00:00,24,3.692662505090946,3.7594017762893417
66342,2026-04-21 19:00:00+00:00,24,3.5333368025846594,3.5000107889831757
66342,2026-04-21 20:00:00+00:00,24,2.284970885985479,1.467602567759412
66342,2026-04-21 21:00:00+00:00,24,1.6021818783693618,0.35598459262226284
66342,2026-04-21 22:00:00+00:00,24,1.295273092320693,0.14367975389433216
66342,2026-04-21 23:00:00+00:00,24,1.0481641288489736,0.5459867075046796
66342,2026-04-22 00:00:00+00:00,24,0.8391696861794231,0.8862411295645327
66342,2026-04-22 01:00:00+00:00,24,0.7066432269528712,1.1020014780971825
66342,2026-04-22 02:00:00+00:00,24,0.6788314762236233,1.1472805345638437
66342,2026-04-22 03:00:00+00:00,24,0.682799388500923,1.1408205556215734
66342,2026-04-22 04:00:00+00:00,24,0.7923236344331276,0.9625090726692422
66342,2026-04-22 05:00:00+00:00,24,0.8679261084817079,0.8394240959343914
66342,2026-04-22 06:00:00+00:00,24,1.0903129072027384,0.4773661832644024
66342,2026-04-22 07:00:00+00:00,24,1.0944820948833434,0.4705785169197701
66342,2026-04-22 08:00:00+00:00,24,1.1419291729947727,0.3933320699089318
66342,2026-04-22 09:00:00+00:00,24,1.3838360823824132,0.0005056541693124922
66342,2026-04-22 10:00:00+00:00,24,1.3891537516466215,0.00916311155950487
66342,2026-04-22 11:00:00+00:00,24,1.2257689846012554,0.25683625557344875
66342,2026-04-22 12:00:00+00:00,24,1.153028176369564,0.375262283313213
66342,2026-04-22 13:00:00+00:00,24,4.275737876640172,4.708680479730776
66342,2026-04-22 14:00:00+00:00,24,4.480595621961585,5.042200131490288
66342,2026-04-22 15:00:00+00:00,24,4.068989991163595,4.372083576069764
66342,2026-04-22 16:00:00+00:00,24,4.138564791000693,4.485355168395941
66342,2026-04-22 17:00:00+00:00,24,4.0205743564359535,4.2932602657343715
66342,2026-04-22 18:00:00+00:00,24,2.990882745608542,2.6168658149215145
66342,2026-04-22 19:00:00+00:00,24,2.3423922862137543,1.5610877585567167
66342,2026-04-22 20:00:00+00:00,24,2.0552195779198694,1.0935548297199693
66342,2026-04-22 21:00:00+00:00,24,1.8608684184086137,0.7771404762497022
66342,2026-04-22 22:00:00+00:00,24,1.243429791501186,0.22808349273397022
66342,2026-04-22 23:00:00+00:00,24,0.8916599846153518,0.8007840430988156
66342,2026-04-23 00:00:00+00:00,24,0.8391696861794231,0.8862411295645327
66342,2026-04-23 01:00:00+00:00,24,0.7066432269528712,1.1020014780971825
66342,2026-04-23 02:00:00+00:00,24,0.6788314762236233,1.1472805345638437
66342,2026-04-23 03:00:00+00:00,24,0.682799388500923,1.1408205556215734
66342,2026-04-23 04:00:00+00:00,24,0.7923236344331276,0.9625090726692422
66342,2026-04-23 05:00:00+00:00,24,0.8679261084817079,0.8394240959343914
66342,2026-04-23 06:00:00+00:00,24,1.0903129072027384,0.4773661832644024
66342,2026-04-23 07:00:00+00:00,24,1.0944820948833434,0.4705785169197701
66342,2026-04-23 08:00:00+00:00,24,1.1419291729947727,0.3933320699089318
66342,2026-04-23 09:00:00+00:00,24,1.3337220214142937,0.0810827872934138
66342,2026-04-23 10:00:00+00:00,24,1.4308637595725764,0.07706929346405077
66342,2026-04-23 11:00:00+00:00,24,1.534676633590702,0.24608234950621538
66342,2026-04-23 12:00:00+00:00,24,1.4739500404675396,0.1472161232905462
66342,2026-04-23 13:00:00+00:00,24,1.557879828956911,0.28385842492920804
66342,2026-04-23 14:00:00+00:00,24,1.5909953666524348,0.33777233764318193
66342,2026-04-23 15:00:00+00:00,24,1.619146290728369,0.3836035869317225
66342,2026-04-23 16:00:00+00:00,24,1.635276314386622,0.40986415064598575
66342,2026-04-23 17:00:00+00:00,24,1.6491839034309312,0.4325064688438889
66342,2026-04-23 18:00:00+00:00,24,1.6352961962655315,0.4098965194359468
66342,2026-04-23 19:00:00+00:00,24,1.6148493529714498,0.3766079364520618
66342,2026-04-23 20:00:00+00:00,24,1.6325404167286728,0.40540995911567645
66342,2026-04-23 21:00:00+00:00,24,1.7688838196188776,0.627384501402582
66342,2026-04-23 22:00:00+00:00,24,1.7498291598117148,0.596362469536957
66342,2026-04-23 23:00:00+00:00,24,1.9072865471252796,0.8527117371782116
66342,2026-04-24 00:00:00+00:00,24,2.2129285513317885,1.3503136933361235
66342,2026-04-24 01:00:00+00:00,24,2.4326387896037414,1.7080140187082093
66342,2026-04-24 02:00:00+00:00,24,2.7091808001382676,2.158239588191279
66342,2026-04-24 03:00:00+00:00,24,2.8219146471204715,2.3417764777925174
66342,2026-04-24 04:00:00+00:00,24,2.8474628984399755,2.3833704330016636
66342,2026-04-24 05:00:00+00:00,24,2.8515177147861017,2.389971896537187
66342,2026-04-24 06:00:00+00:00,24,2.47175199231236,1.77169245920901
66342,2026-04-24 07:00:00+00:00,24,2.2161321158846965,1.35552927223649
66342,2026-04-24 08:00:00+00:00,24,2.1931260828790453,1.318074187956547
66342,2026-04-24 09:00:00+00:00,24,1.8907947986155906,0.8258622655547339
66342,2026-04-24 10:00:00+00:00,24,1.5134964999380012,0.21159992957629942
66342,2026-04-24 11:00:00+00:00,24,1.000381730759473,0.6237790738418234
66342,2026-04-24 12:00:00+00:00,24,0.8891538675666859,0.804864139187095
66342,2026-04-24 13:00:00+00:00,24,0.8848395364242394,0.8118881070529249
66342,2026-04-24 14:00:00+00:00,24,0.9091844649915682,0.7722532273213991
66342,2026-04-24 15:00:00+00:00,24,0.91753958956321,0.7586506259983725
66342,2026-04-24 16:00:00+00:00,24,0.9273768158682307,0.7426350817172304
66342,2026-04-24 17:00:00+00:00,24,0.9360392593635841,0.7285321483210638
66342,2026-04-24 18:00:00+00:00,24,0.9402990241050304,0.7215970175506087
66342,2026-04-24 19:00:00+00:00,24,0.9266931054630315,0.7437481997781981
66342,2026-04-24 20:00:00+00:00,24,0.911872778150961,0.7678765059661267
66342,2026-04-24 21:00:00+00:00,24,1.1120217792398124,0.4420229482281241
66342,2026-04-24 22:00:00+00:00,24,1.5838575412932319,0.3261515662420981
66342,2026-04-24 23:00:00+00:00,24,1.507121124482581,0.20122046846101788
66342,2026-04-25 00:00:00+00:00,24,1.3761378947519887,0.012027417761408416
66342,2026-04-25 01:00:00+00:00,24,1.4528504384240624,0.11286481323993576
66342,2026-04-25 02:00:00+00:00,24,1.3156697884241964,0.1104728132887333
66342,2026-04-25 03:00:00+00:00,24,1.199430424862126,0.2997168762610346
66342,2026-04-25 04:00:00+00:00,24,1.1423518932073575,0.3926438582044059
66342,2026-04-25 05:00:00+00:00,24,1.4165431098568024,0.053754489824670584
66342,2026-04-25 06:00:00+00:00,24,1.3435472349932036,0.0650868003896258
66342,2026-04-25 07:00:00+00:00,24,1.3359593746493237,0.07744025344320742
66342,2026-04-25 08:00:00+00:00,24,1.2364141152036048,0.2395053987593227
66342,2026-04-25 09:00:00+00:00,24,1.3337220214142937,0.0810827872934138
66342,2026-04-25 10:00:00+00:00,24,1.3891537516466215,0.00916311155950487
66342,2026-04-25 11:00:00+00:00,24,1.000381730759473,0.6237790738418234
66342,2026-04-25 12:00:00+00:00,24,0.8891538675666859,0.804864139187095
66342,2026-04-25 13:00:00+00:00,24,0.8848395364242394,0.8118881070529249
66342,2026-04-25 14:00:00+00:00,24,0.9091844649915682,0.7722532273213991
66342,2026-04-25 15:00:00+00:00,24,0.91753958956321,0.7586506259983725
66342,2026-04-25 16:00:00+00:00,24,0.9273768158682307,0.7426350817172304
66342,2026-04-25 17:00:00+00:00,24,0.9360392593635841,0.7285321483210638
66342,2026-04-25 18:00:00+00:00,24,0.9402990241050304,0.7215970175506087
66342,2026-04-25 19:00:00+00:00,24,0.9266931054630315,0.7437481997781981
66342,2026-04-25 20:00:00+00:00,24,0.911872778150961,0.7678765059661267
66342,2026-04-25 21:00:00+00:00,24,1.1120217792398124,0.4420229482281241
66342,2026-04-25 22:00:00+00:00,24,1.5838575412932319,0.3261515662420981
66342,2026-04-25 23:00:00+00:00,24,1.6416475903976933,0.4202369376408942
66342,2026-04-26 00:00:00+00:00,24,1.507121124482581,0.20122046846101788
66342,2026-04-26 01:00:00+00:00,24,1.3761378947519887,0.012027417761408416
66342,2026-04-26 02:00:00+00:00,24,1.3156697884241964,0.1104728132887333
66342,2026-04-26 03:00:00+00:00,24,1.199430424862126,0.2997168762610346
66342,2026-04-26 04:00:00+00:00,24,1.1423518932073575,0.3926438582044059
66342,2026-04-26 05:00:00+00:00,24,1.4165431098568024,0.053754489824670584
66342,2026-04-26 06:00:00+00:00,24,1.3435472349932036,0.0650868003896258
66342,2026-04-26 07:00:00+00:00,24,1.3009444921080755,0.1344464038000554
66342,2026-04-26 08:00:00+00:00,24,1.3316307595257884,0.08448747641413973
66342,2026-04-26 09:00:00+00:00,24,1.383214906553695,0.0005056541693128538
66342,2026-04-26 10:00:00+00:00,24,1.4409720593068882,0.09352616016430174
66342,2026-04-26 11:00:00+00:00,24,1.4528864869963942,0.11292350229399953
66342,2026-04-26 12:00:00+00:00,24,1.4267028638294215,0.07029512684863984
