facility_num,hour_start,raw_sessions,clean_sessions,clean_unique_devices,trusted_unique_devices,local_unique_devices,hour_of_day,date,clean_unique_devices_dedup,trusted_unique_devices_dedup,footfall_plan_a,capture_rate_facility,hod_factor,hod_factor_profile,density_factor,footfall_plan_b_per_sensor,footfall_plan_b,footfall_plan_b_profile_hod
66330,2026-04-20 00:00:00+00:00,157,143.0,142.0,0.0,142.0,0,2026-04-20,130.0,0.0,516.98,0.1268681997422934,1.0000000312061639,2.0,0.85,15.31,14.02,32.99
66330,2026-04-20 01:00:00+00:00,78,75.0,72.0,0.0,71.0,1,2026-04-20,60.0,0.0,516.98,0.1268681997422934,1.0000000017605313,2.0,0.85,7.76,6.47,15.22
66330,2026-04-20 02:00:00+00:00,118,111.0,111.0,0.0,110.0,2,2026-04-20,63.0,0.0,516.98,0.1268681997422934,1.0000000312061639,2.0,0.85,11.97,6.79,15.99
66330,2026-04-20 03:00:00+00:00,121,115.0,114.0,0.0,112.0,3,2026-04-20,83.0,0.0,516.98,0.1268681997422934,1.0000004307878039,2.0,0.85,12.29,8.95,21.06
66330,2026-04-20 04:00:00+00:00,143,139.0,135.0,0.0,135.0,4,2026-04-20,105.0,0.0,516.98,0.1268681997422934,1.0000046314053592,2.0,0.85,14.56,11.32,26.64
66330,2026-04-20 05:00:00+00:00,238,233.0,233.0,3.0,230.0,5,2026-04-20,186.0,3.0,524.02,0.1268681997422934,1.000038778282299,2.0,0.85,25.13,20.06,47.19
66330,2026-04-20 06:00:00+00:00,656,647.0,646.0,11.0,638.0,6,2026-04-20,512.0,4.0,542.82,0.1268681997422934,1.0002528661646692,2.0,0.85,69.68,55.23,129.91
66330,2026-04-20 07:00:00+00:00,860,847.0,842.0,8.0,837.0,7,2026-04-20,699.0,5.0,535.77,0.1268681997422934,1.001284160344515,2.0,0.85,90.92,75.48,177.36
66330,2026-04-20 08:00:00+00:00,1288,1283.0,1277.0,6.0,1260.0,8,2026-04-20,1067.0,4.0,531.07,0.1268681997422934,1.0050789526870891,2.0,0.85,138.41,115.65,270.74
66330,2026-04-20 09:00:00+00:00,2184,2173.0,2164.0,15.0,2147.0,9,2026-04-20,1824.0,9.0,552.22,0.1268681997422934,1.015644275641629,1.7256194251734391,0.85,237.01,199.77,399.32
66330,2026-04-20 10:00:00+00:00,3355,3346.0,3333.0,16.0,3313.0,10,2026-04-20,2902.0,10.0,554.57,0.1268681997422934,1.0375286663287155,1.1796009620270316,0.85,372.91,324.69,434.3
66330,2026-04-20 11:00:00+00:00,4305,4297.0,4284.0,22.0,4261.0,11,2026-04-20,3834.0,12.0,568.67,0.1268681997422934,1.0701127791564455,1.0473082706766916,0.85,494.37,442.44,509.42
66330,2026-04-20 12:00:00+00:00,3587,3573.0,3561.0,11.0,3540.0,12,2026-04-20,3156.0,8.0,542.82,0.1268681997422934,1.10201349172765,1.0286532951289398,0.85,423.19,375.06,411.87
66330,2026-04-20 13:00:00+00:00,4360,4349.0,4338.0,16.0,4323.0,13,2026-04-20,3859.0,8.0,554.57,0.1268681997422934,1.1155964303431323,1.0,0.85,521.88,464.25,489.58
66330,2026-04-20 14:00:00+00:00,4133,4124.0,4110.0,13.0,4098.0,14,2026-04-20,3751.0,10.0,547.52,0.1268681997422934,1.10201349172765,0.9253314909786623,0.85,488.43,445.76,440.35
66330,2026-04-20 15:00:00+00:00,4638,4626.0,4611.0,17.0,4584.0,15,2026-04-20,4157.0,7.0,556.92,0.1268681997422934,1.0701127791564455,0.9306234800502419,0.85,532.1,479.71,490.8
66330,2026-04-20 16:00:00+00:00,4793,4781.0,4771.0,16.0,4750.0,16,2026-04-20,4322.0,12.0,554.57,0.1268681997422934,1.0375286663287155,0.936983721243105,0.85,533.8,483.57,513.77
66330,2026-04-20 17:00:00+00:00,4238,4225.0,4215.0,17.0,4197.0,17,2026-04-20,3810.0,10.0,556.92,0.1268681997422934,1.015644275641629,0.985064071737716,0.85,461.65,417.29,476.15
66330,2026-04-20 18:00:00+00:00,2983,2968.0,2960.0,6.0,2944.0,18,2026-04-20,2673.0,4.0,531.07,0.1268681997422934,1.0050789526870891,1.230146954924403,0.85,320.82,289.71,417.17
66330,2026-04-20 19:00:00+00:00,1960,1958.0,1950.0,7.0,1942.0,19,2026-04-20,1719.0,5.0,533.42,0.1268681997422934,1.001284160344515,1.5151633816299004,0.85,210.55,185.61,330.44
66330,2026-04-20 20:00:00+00:00,2103,2090.0,2084.0,10.0,2067.0,20,2026-04-20,1730.0,7.0,540.47,0.1268681997422934,1.0002528661646692,2.0,0.85,224.79,186.61,438.96
66330,2026-04-20 21:00:00+00:00,1397,1387.0,1378.0,5.0,1367.0,21,2026-04-20,1144.0,4.0,528.72,0.1268681997422934,1.000038778282299,2.0,0.85,148.61,123.37,290.27
66330,2026-04-20 22:00:00+00:00,601,597.0,594.0,1.0,589.0,22,2026-04-20,480.0,0.0,519.33,0.1268681997422934,1.0000046314053592,2.0,0.85,64.06,51.76,121.79
66330,2026-04-20 23:00:00+00:00,273,268.0,265.0,1.0,260.0,23,2026-04-20,216.0,0.0,519.33,0.1268681997422934,1.0000004307878039,2.0,0.85,28.58,23.29,54.81
66330,2026-04-21 00:00:00+00:00,149,135.0,131.0,0.0,127.0,0,2026-04-21,106.0,0.0,516.98,0.1268681997422934,1.0000000312061639,2.0,0.85,14.13,11.43,26.9
66330,2026-04-21 01:00:00+00:00,151,145.0,144.0,0.0,143.0,1,2026-04-21,97.0,0.0,516.98,0.1268681997422934,1.0000000017605313,2.0,0.85,15.53,10.46,24.61
66330,2026-04-21 02:00:00+00:00,119,111.0,110.0,0.0,107.0,2,2026-04-21,90.0,0.0,516.98,0.1268681997422934,1.0000000312061639,2.0,0.85,11.86,9.71,22.84
66330,2026-04-21 03:00:00+00:00,126,124.0,123.0,0.0,123.0,3,2026-04-21,57.0,0.0,516.98,0.1268681997422934,1.0000004307878039,2.0,0.85,13.26,6.15,14.46
66330,2026-04-21 04:00:00+00:00,120,116.0,114.0,1.0,111.0,4,2026-04-21,98.0,1.0,519.33,0.1268681997422934,1.0000046314053592,2.0,0.85,12.29,10.57,24.87
66330,2026-04-21 05:00:00+00:00,382,372.0,369.0,1.0,366.0,5,2026-04-21,265.0,1.0,519.33,0.1268681997422934,1.000038778282299,2.0,0.85,39.79,28.58,67.24
66330,2026-04-21 06:00:00+00:00,542,536.0,536.0,6.0,533.0,6,2026-04-21,412.0,2.0,531.07,0.1268681997422934,1.0002528661646692,2.0,0.85,57.82,44.44,104.54
66330,2026-04-21 07:00:00+00:00,837,832.0,830.0,9.0,817.0,7,2026-04-21,692.0,3.0,538.12,0.1268681997422934,1.001284160344515,2.0,0.85,89.62,74.72,175.59
66330,2026-04-21 08:00:00+00:00,1263,1256.0,1246.0,2.0,1239.0,8,2026-04-21,1067.0,0.0,521.67,0.1268681997422934,1.0050789526870891,2.0,0.85,135.05,115.65,270.74
66330,2026-04-21 09:00:00+00:00,1840,1834.0,1824.0,7.0,1808.0,9,2026-04-21,1567.0,3.0,533.42,0.1268681997422934,1.015644275641629,1.7256194251734391,0.85,199.77,171.63,343.06
66330,2026-04-21 10:00:00+00:00,2496,2490.0,2479.0,7.0,2464.0,10,2026-04-21,2140.0,6.0,533.42,0.1268681997422934,1.0375286663287155,1.1796009620270316,0.85,277.36,239.43,320.26
66330,2026-04-21 11:00:00+00:00,3491,3486.0,3478.0,14.0,3459.0,11,2026-04-21,3067.0,10.0,549.87,0.1268681997422934,1.0701127791564455,1.0473082706766916,0.85,401.36,353.93,407.51
66330,2026-04-21 12:00:00+00:00,4236,4229.0,4213.0,15.0,4185.0,12,2026-04-21,3716.0,11.0,552.22,0.1268681997422934,1.10201349172765,1.0286532951289398,0.85,500.67,441.61,484.95
66330,2026-04-21 13:00:00+00:00,3555,3547.0,3537.0,10.0,3509.0,13,2026-04-21,3169.0,6.0,540.47,0.1268681997422934,1.1155964303431323,1.0,0.85,425.51,381.24,402.05
66330,2026-04-21 14:00:00+00:00,3825,3810.0,3796.0,18.0,3762.0,14,2026-04-21,3421.0,9.0,559.27,0.1268681997422934,1.10201349172765,0.9253314909786623,0.85,451.11,406.55,401.61
66330,2026-04-21 15:00:00+00:00,3536,3530.0,3522.0,11.0,3497.0,15,2026-04-21,3159.0,9.0,542.82,0.1268681997422934,1.0701127791564455,0.9306234800502419,0.85,406.43,364.54,372.97
66330,2026-04-21 16:00:00+00:00,4021,4013.0,4005.0,25.0,3987.0,16,2026-04-21,3586.0,15.0,575.71,0.1268681997422934,1.0375286663287155,0.936983721243105,0.85,448.1,401.22,426.28
66330,2026-04-21 17:00:00+00:00,3687,3683.0,3676.0,11.0,3660.0,17,2026-04-21,3271.0,5.0,542.82,0.1268681997422934,1.015644275641629,0.985064071737716,0.85,402.61,358.26,408.79
66330,2026-04-21 18:00:00+00:00,3095,3083.0,3072.0,12.0,3056.0,18,2026-04-21,2749.0,5.0,545.17,0.1268681997422934,1.0050789526870891,1.230146954924403,0.85,332.96,297.95,429.03
66330,2026-04-21 19:00:00+00:00,2388,2377.0,2373.0,12.0,2357.0,19,2026-04-21,2123.0,7.0,545.17,0.1268681997422934,1.001284160344515,1.5151633816299004,0.85,256.23,229.23,408.1
66330,2026-04-21 20:00:00+00:00,1542,1535.0,1527.0,8.0,1518.0,20,2026-04-21,1233.0,4.0,535.77,0.1268681997422934,1.0002528661646692,2.0,0.85,164.71,133.0,312.86
66330,2026-04-21 21:00:00+00:00,1143,1135.0,1130.0,5.0,1128.0,21,2026-04-21,946.0,3.0,528.72,0.1268681997422934,1.000038778282299,2.0,0.85,121.86,102.02,240.03
66330,2026-04-21 22:00:00+00:00,601,596.0,594.0,0.0,589.0,22,2026-04-21,491.0,0.0,516.98,0.1268681997422934,1.0000046314053592,2.0,0.85,64.06,52.95,124.58
66330,2026-04-21 23:00:00+00:00,205,202.0,201.0,1.0,198.0,23,2026-04-21,164.0,0.0,519.33,0.1268681997422934,1.0000004307878039,2.0,0.85,21.68,17.69,41.61
66330,2026-04-22 00:00:00+00:00,197,184.0,182.0,0.0,180.0,0,2026-04-22,120.0,0.0,516.98,0.1268681997422934,1.0000000312061639,2.0,0.85,19.63,12.94,30.45
66330,2026-04-22 01:00:00+00:00,65,62.0,60.0,0.0,58.0,1,2026-04-22,36.0,0.0,516.98,0.1268681997422934,1.0000000017605313,2.0,0.85,6.47,3.88,9.13
66330,2026-04-22 02:00:00+00:00,75,69.0,66.0,1.0,64.0,2,2026-04-22,55.0,0.0,519.33,0.1268681997422934,1.0000000312061639,2.0,0.85,7.12,5.93,13.96
66330,2026-04-22 03:00:00+00:00,163,158.0,156.0,0.0,154.0,3,2026-04-22,118.0,0.0,516.98,0.1268681997422934,1.0000004307878039,2.0,0.85,16.82,12.72,29.94
66330,2026-04-22 04:00:00+00:00,201,194.0,191.0,1.0,189.0,4,2026-04-22,146.0,0.0,519.33,0.1268681997422934,1.0000046314053592,2.0,0.85,20.6,15.74,37.05
66330,2026-04-22 05:00:00+00:00,368,362.0,358.0,2.0,357.0,5,2026-04-22,268.0,0.0,521.67,0.1268681997422934,1.000038778282299,2.0,0.85,38.61,28.9,68.0
66330,2026-04-22 06:00:00+00:00,609,600.0,598.0,7.0,591.0,6,2026-04-22,451.0,1.0,533.42,0.1268681997422934,1.0002528661646692,2.0,0.85,64.5,48.65,114.44
66330,2026-04-22 07:00:00+00:00,920,913.0,909.0,10.0,905.0,7,2026-04-22,740.0,7.0,540.47,0.1268681997422934,1.001284160344515,2.0,0.85,98.15,79.9,187.76
66330,2026-04-22 08:00:00+00:00,1195,1185.0,1182.0,6.0,1167.0,8,2026-04-22,915.0,6.0,531.07,0.1268681997422934,1.0050789526870891,2.0,0.85,128.11,99.17,232.17
66330,2026-04-22 09:00:00+00:00,1981,1974.0,1964.0,8.0,1952.0,9,2026-04-22,1598.0,3.0,535.77,0.1268681997422934,1.015644275641629,1.7256194251734391,0.85,215.11,175.02,349.84
66330,2026-04-22 10:00:00+00:00,2720,2714.0,2698.0,13.0,2670.0,10,2026-04-22,2221.0,7.0,547.52,0.1268681997422934,1.0375286663287155,1.1796009620270316,0.85,301.87,248.5,332.38
66330,2026-04-22 11:00:00+00:00,3835,3823.0,3807.0,14.0,3779.0,11,2026-04-22,3164.0,6.0,549.87,0.1268681997422934,1.0701127791564455,1.0473082706766916,0.85,439.32,365.12,420.4
66330,2026-04-22 12:00:00+00:00,4130,4120.0,4106.0,10.0,4083.0,12,2026-04-22,3404.0,5.0,540.47,0.1268681997422934,1.10201349172765,1.0286532951289398,0.85,487.95,404.53,444.23
66330,2026-04-22 13:00:00+00:00,3708,3699.0,3684.0,16.0,3651.0,13,2026-04-22,3159.0,12.0,554.57,0.1268681997422934,1.1155964303431323,1.0,0.85,443.2,380.04,400.78
66330,2026-04-22 14:00:00+00:00,4296,4288.0,4272.0,14.0,4254.0,14,2026-04-22,3606.0,11.0,549.87,0.1268681997422934,1.10201349172765,0.9253314909786623,0.85,507.68,428.53,423.33
66330,2026-04-22 15:00:00+00:00,4719,4713.0,4703.0,19.0,4681.0,15,2026-04-22,3993.0,11.0,561.62,0.1268681997422934,1.0701127791564455,0.9306234800502419,0.85,542.72,460.79,471.44
66330,2026-04-22 16:00:00+00:00,4730,4720.0,4703.0,18.0,4681.0,16,2026-04-22,4018.0,12.0,559.27,0.1268681997422934,1.0375286663287155,0.936983721243105,0.85,526.2,449.55,477.63
66330,2026-04-22 17:00:00+00:00,5009,5003.0,4990.0,13.0,4977.0,17,2026-04-22,4292.0,6.0,547.52,0.1268681997422934,1.015644275641629,0.985064071737716,0.85,546.53,470.08,536.39
66330,2026-04-22 18:00:00+00:00,3849,3844.0,3838.0,9.0,3826.0,18,2026-04-22,3263.0,6.0,538.12,0.1268681997422934,1.0050789526870891,1.230146954924403,0.85,415.98,353.66,509.25
66330,2026-04-22 19:00:00+00:00,2428,2418.0,2412.0,9.0,2405.0,19,2026-04-22,2055.0,6.0,538.12,0.1268681997422934,1.001284160344515,1.5151633816299004,0.85,260.44,221.89,395.02
66330,2026-04-22 20:00:00+00:00,1881,1874.0,1867.0,7.0,1852.0,20,2026-04-22,1455.0,3.0,533.42,0.1268681997422934,1.0002528661646692,2.0,0.85,201.38,156.94,369.19
66330,2026-04-22 21:00:00+00:00,1138,1132.0,1127.0,1.0,1122.0,21,2026-04-22,852.0,1.0,519.33,0.1268681997422934,1.000038778282299,2.0,0.85,121.54,91.88,216.18
66330,2026-04-22 22:00:00+00:00,573,566.0,566.0,0.0,563.0,22,2026-04-22,434.0,0.0,516.98,0.1268681997422934,1.0000046314053592,2.0,0.85,61.04,46.8,110.12
66330,2026-04-22 23:00:00+00:00,304,302.0,300.0,0.0,297.0,23,2026-04-22,237.0,0.0,516.98,0.1268681997422934,1.0000004307878039,2.0,0.85,32.35,25.56,60.14
66330,2026-04-23 00:00:00+00:00,158,148.0,145.0,0.0,144.0,0,2026-04-23,139.0,0.0,516.98,0.1268681997422934,1.0000000312061639,2.0,0.85,15.64,14.99,35.27
66330,2026-04-23 01:00:00+00:00,68,64.0,63.0,1.0,63.0,1,2026-04-23,60.0,1.0,519.33,0.1268681997422934,1.0000000017605313,2.0,0.85,6.79,6.47,15.22
66330,2026-04-23 02:00:00+00:00,71,67.0,65.0,0.0,62.0,2,2026-04-23,63.0,0.0,516.98,0.1268681997422934,1.0000000312061639,2.0,0.85,7.01,6.79,15.99
66330,2026-04-23 03:00:00+00:00,139,136.0,136.0,0.0,135.0,3,2026-04-23,134.0,0.0,516.98,0.1268681997422934,1.0000004307878039,2.0,0.85,14.67,14.45,34.0
66330,2026-04-23 04:00:00+00:00,139,137.0,135.0,0.0,133.0,4,2026-04-23,122.0,0.0,516.98,0.1268681997422934,1.0000046314053592,2.0,0.85,14.56,13.16,30.96
66330,2026-04-23 05:00:00+00:00,345,340.0,336.0,0.0,331.0,5,2026-04-23,306.0,0.0,516.98,0.1268681997422934,1.000038778282299,2.0,0.85,36.23,33.0,77.64
66330,2026-04-23 06:00:00+00:00,585,584.0,583.0,9.0,578.0,6,2026-04-23,510.0,7.0,538.12,0.1268681997422934,1.0002528661646692,2.0,0.85,62.89,55.01,129.41
66330,2026-04-23 07:00:00+00:00,927,919.0,917.0,6.0,905.0,7,2026-04-23,817.0,4.0,531.07,0.1268681997422934,1.001284160344515,2.0,0.85,99.01,88.22,207.3
66330,2026-04-23 08:00:00+00:00,1280,1273.0,1270.0,10.0,1257.0,8,2026-04-23,1206.0,8.0,540.47,0.1268681997422934,1.0050789526870891,2.0,0.85,137.65,130.71,306.01
66330,2026-04-23 09:00:00+00:00,2090,2087.0,2076.0,14.0,2067.0,9,2026-04-23,1950.0,11.0,549.87,0.1268681997422934,1.015644275641629,1.7256194251734391,0.85,227.37,213.57,426.91
66330,2026-04-23 10:00:00+00:00,3626,3618.0,3605.0,14.0,3579.0,10,2026-04-23,3395.0,12.0,549.87,0.1268681997422934,1.0375286663287155,1.1796009620270316,0.85,403.35,379.85,508.07
66330,2026-04-23 11:00:00+00:00,3640,3629.0,3612.0,19.0,3587.0,11,2026-04-23,3458.0,18.0,561.62,0.1268681997422934,1.0701127791564455,1.0473082706766916,0.85,416.82,399.05,459.46
66330,2026-04-23 12:00:00+00:00,3749,3747.0,3729.0,19.0,3711.0,12,2026-04-23,3556.0,18.0,561.62,0.1268681997422934,1.10201349172765,1.0286532951289398,0.85,443.15,422.59,464.07
66330,2026-04-23 13:00:00+00:00,5820,5817.0,5802.0,52.0,5784.0,13,2026-04-23,5683.0,50.0,639.15,0.1268681997422934,1.1155964303431323,1.0,0.85,698.0,683.69,720.99
66330,2026-04-23 14:00:00+00:00,6574,6568.0,6556.0,61.0,6538.0,14,2026-04-23,6449.0,59.0,660.3,0.1268681997422934,1.10201349172765,0.9253314909786623,0.85,779.11,766.39,757.08
66330,2026-04-23 15:00:00+00:00,6347,6337.0,6321.0,52.0,6297.0,15,2026-04-23,6168.0,45.0,639.15,0.1268681997422934,1.0701127791564455,0.9306234800502419,0.85,729.44,711.78,728.23
66330,2026-04-23 16:00:00+00:00,7237,7233.0,7219.0,66.0,7194.0,16,2026-04-23,7054.0,59.0,672.04,0.1268681997422934,1.0375286663287155,0.936983721243105,0.85,807.7,789.24,838.53
66330,2026-04-23 17:00:00+00:00,6664,6658.0,6646.0,53.0,6621.0,17,2026-04-23,6518.0,47.0,641.5,0.1268681997422934,1.015644275641629,0.985064071737716,0.85,727.9,713.88,814.58
66330,2026-04-23 18:00:00+00:00,5534,5529.0,5511.0,54.0,5495.0,18,2026-04-23,5387.0,46.0,643.85,0.1268681997422934,1.0050789526870891,1.230146954924403,0.85,597.31,583.87,840.73
66330,2026-04-23 19:00:00+00:00,4824,4816.0,4810.0,36.0,4798.0,19,2026-04-23,4694.0,32.0,601.56,0.1268681997422934,1.001284160344515,1.5151633816299004,0.85,519.37,506.84,902.31
66330,2026-04-23 20:00:00+00:00,2395,2390.0,2388.0,26.0,2380.0,20,2026-04-23,2296.0,23.0,578.06,0.1268681997422934,1.0002528661646692,2.0,0.85,257.58,247.66,582.58
66330,2026-04-23 21:00:00+00:00,1926,1920.0,1917.0,23.0,1911.0,21,2026-04-23,1858.0,19.0,571.01,0.1268681997422934,1.000038778282299,2.0,0.85,206.73,200.37,471.44
66330,2026-04-23 22:00:00+00:00,2037,2032.0,2026.0,16.0,2024.0,22,2026-04-23,1976.0,14.0,554.57,0.1268681997422934,1.0000046314053592,2.0,0.85,218.48,213.09,501.38
66330,2026-04-23 23:00:00+00:00,792,790.0,786.0,2.0,785.0,23,2026-04-23,767.0,2.0,521.67,0.1268681997422934,1.0000004307878039,2.0,0.85,84.76,82.71,194.62
66330,2026-04-24 00:00:00+00:00,668,659.0,659.0,6.0,657.0,0,2026-04-24,639.0,4.0,531.07,0.1268681997422934,1.0000000312061639,2.0,0.85,71.07,68.91,162.14
66330,2026-04-24 01:00:00+00:00,380,378.0,377.0,1.0,373.0,1,2026-04-24,355.0,0.0,519.33,0.1268681997422934,1.0000000017605313,2.0,0.85,40.65,38.28,90.08
66330,2026-04-24 02:00:00+00:00,292,290.0,290.0,4.0,286.0,2,2026-04-24,271.0,2.0,526.37,0.1268681997422934,1.0000000312061639,2.0,0.85,31.27,29.22,68.76
66330,2026-04-24 03:00:00+00:00,327,326.0,324.0,3.0,320.0,3,2026-04-24,320.0,3.0,524.02,0.1268681997422934,1.0000004307878039,2.0,0.85,34.94,34.51,81.2
66330,2026-04-24 04:00:00+00:00,353,347.0,345.0,2.0,344.0,4,2026-04-24,323.0,1.0,521.67,0.1268681997422934,1.0000046314053592,2.0,0.85,37.2,34.83,81.96
66330,2026-04-24 05:00:00+00:00,743,741.0,738.0,6.0,736.0,5,2026-04-24,685.0,5.0,531.07,0.1268681997422934,1.000038778282299,2.0,0.85,79.59,73.87,173.81
66330,2026-04-24 06:00:00+00:00,1056,1053.0,1049.0,3.0,1046.0,6,2026-04-24,939.0,1.0,524.02,0.1268681997422934,1.0002528661646692,2.0,0.85,113.15,101.29,238.26
66330,2026-04-24 07:00:00+00:00,2004,1998.0,1993.0,17.0,1979.0,7,2026-04-24,1891.0,11.0,556.92,0.1268681997422934,1.001284160344515,2.0,0.85,215.2,204.18,479.82
66330,2026-04-24 08:00:00+00:00,2394,2389.0,2382.0,28.0,2372.0,8,2026-04-24,2191.0,18.0,582.76,0.1268681997422934,1.0050789526870891,2.0,0.85,258.17,237.47,555.94
66330,2026-04-24 09:00:00+00:00,3933,3925.0,3913.0,26.0,3899.0,9,2026-04-24,3668.0,20.0,578.06,0.1268681997422934,1.015644275641629,1.7256194251734391,0.85,428.57,401.74,803.02
66330,2026-04-24 10:00:00+00:00,5377,5365.0,5357.0,47.0,5329.0,10,2026-04-24,4986.0,34.0,627.4,0.1268681997422934,1.0375286663287155,1.1796009620270316,0.85,599.37,557.86,746.17
66330,2026-04-24 11:00:00+00:00,5451,5443.0,5423.0,25.0,5399.0,11,2026-04-24,5014.0,19.0,575.71,0.1268681997422934,1.0701127791564455,1.0473082706766916,0.85,625.81,578.61,666.21
66330,2026-04-24 12:00:00+00:00,4179,4173.0,4163.0,15.0,4148.0,12,2026-04-24,3810.0,9.0,552.22,0.1268681997422934,1.10201349172765,1.0286532951289398,0.85,494.73,452.78,497.22
66330,2026-04-24 13:00:00+00:00,3912,3905.0,3886.0,18.0,3872.0,13,2026-04-24,3573.0,11.0,559.27,0.1268681997422934,1.1155964303431323,1.0,0.85,467.5,429.84,453.3
66330,2026-04-24 14:00:00+00:00,4220,4215.0,4206.0,26.0,4177.0,14,2026-04-24,3860.0,16.0,578.06,0.1268681997422934,1.10201349172765,0.9253314909786623,0.85,499.84,458.72,453.15
66330,2026-04-24 15:00:00+00:00,4615,4612.0,4606.0,20.0,4579.0,15,2026-04-24,4257.0,13.0,563.97,0.1268681997422934,1.0701127791564455,0.9306234800502419,0.85,531.53,491.25,502.61
66330,2026-04-24 16:00:00+00:00,4092,4090.0,4079.0,18.0,4062.0,16,2026-04-24,3771.0,14.0,559.27,0.1268681997422934,1.0375286663287155,0.936983721243105,0.85,456.38,421.92,448.27
66330,2026-04-24 17:00:00+00:00,3922,3920.0,3916.0,15.0,3898.0,17,2026-04-24,3638.0,10.0,552.22,0.1268681997422934,1.015644275641629,0.985064071737716,0.85,428.9,398.45,454.65
66330,2026-04-24 18:00:00+00:00,3436,3431.0,3419.0,17.0,3404.0,18,2026-04-24,3138.0,10.0,556.92,0.1268681997422934,1.0050789526870891,1.230146954924403,0.85,370.57,340.11,489.74
66330,2026-04-24 19:00:00+00:00,2829,2822.0,2818.0,17.0,2803.0,19,2026-04-24,2602.0,13.0,556.92,0.1268681997422934,1.001284160344515,1.5151633816299004,0.85,304.28,280.95,500.17
66330,2026-04-24 20:00:00+00:00,2074,2065.0,2057.0,13.0,2049.0,20,2026-04-24,1804.0,7.0,547.52,0.1268681997422934,1.0002528661646692,2.0,0.85,221.88,194.59,457.74
66330,2026-04-24 21:00:00+00:00,1399,1396.0,1396.0,3.0,1393.0,21,2026-04-24,1222.0,1.0,524.02,0.1268681997422934,1.000038778282299,2.0,0.85,150.55,131.78,310.07
66330,2026-04-24 22:00:00+00:00,768,761.0,761.0,3.0,760.0,22,2026-04-24,662.0,2.0,524.02,0.1268681997422934,1.0000046314053592,2.0,0.85,82.07,71.39,167.97
66330,2026-04-24 23:00:00+00:00,381,379.0,378.0,5.0,376.0,23,2026-04-24,315.0,4.0,528.72,0.1268681997422934,1.0000004307878039,2.0,0.85,40.76,33.97,79.93
66330,2026-04-25 00:00:00+00:00,300,292.0,290.0,0.0,290.0,0,2026-04-25,245.0,0.0,516.98,0.1268681997422934,1.0000000312061639,2.0,0.85,31.27,26.42,62.17
66330,2026-04-25 01:00:00+00:00,175,169.0,169.0,1.0,168.0,1,2026-04-25,151.0,0.0,519.33,0.1268681997422934,1.0000000017605313,2.0,0.85,18.22,16.28,38.31
66330,2026-04-25 02:00:00+00:00,64,64.0,62.0,2.0,62.0,2,2026-04-25,55.0,0.0,521.67,0.1268681997422934,1.0000000312061639,2.0,0.85,6.69,5.93,13.96
66330,2026-04-25 03:00:00+00:00,112,109.0,108.0,0.0,107.0,3,2026-04-25,65.0,0.0,516.98,0.1268681997422934,1.0000004307878039,2.0,0.85,11.65,7.01,16.49
66330,2026-04-25 04:00:00+00:00,193,184.0,183.0,3.0,181.0,4,2026-04-25,152.0,2.0,524.02,0.1268681997422934,1.0000046314053592,2.0,0.85,19.73,16.39,38.57
66330,2026-04-25 05:00:00+00:00,449,443.0,441.0,1.0,440.0,5,2026-04-25,384.0,1.0,519.33,0.1268681997422934,1.000038778282299,2.0,0.85,47.56,41.41,97.43
66330,2026-04-25 06:00:00+00:00,453,449.0,448.0,3.0,441.0,6,2026-04-25,383.0,2.0,524.02,0.1268681997422934,1.0002528661646692,2.0,0.85,48.32,41.31,97.18
66330,2026-04-25 07:00:00+00:00,997,994.0,992.0,3.0,985.0,7,2026-04-25,873.0,3.0,524.02,0.1268681997422934,1.001284160344515,2.0,0.85,107.11,94.26,221.51
66330,2026-04-25 08:00:00+00:00,2436,2429.0,2422.0,8.0,2404.0,8,2026-04-25,2113.0,5.0,535.77,0.1268681997422934,1.0050789526870891,2.0,0.85,262.51,229.02,536.15
66330,2026-04-25 09:00:00+00:00,5739,5732.0,5713.0,7.0,5696.0,9,2026-04-25,5338.0,5.0,533.42,0.1268681997422934,1.015644275641629,1.7256194251734391,0.85,625.72,584.64,1168.63
66330,2026-04-25 10:00:00+00:00,7600,7595.0,7582.0,13.0,7557.0,10,2026-04-25,7120.0,10.0,547.52,0.1268681997422934,1.0375286663287155,1.1796009620270316,0.85,848.31,796.62,1065.54
66330,2026-04-25 11:00:00+00:00,6648,6639.0,6620.0,13.0,6597.0,11,2026-04-25,6159.0,10.0,547.52,0.1268681997422934,1.0701127791564455,1.0473082706766916,0.85,763.94,710.74,818.35
66330,2026-04-25 12:00:00+00:00,7705,7698.0,7678.0,22.0,7651.0,12,2026-04-25,7109.0,16.0,568.67,0.1268681997422934,1.10201349172765,1.0286532951289398,0.85,912.45,844.83,927.75
66330,2026-04-25 13:00:00+00:00,7800,7789.0,7764.0,20.0,7738.0,13,2026-04-25,7233.0,15.0,563.97,0.1268681997422934,1.1155964303431323,1.0,0.85,934.04,870.16,917.64
66330,2026-04-25 14:00:00+00:00,8317,8310.0,8285.0,21.0,8260.0,14,2026-04-25,7837.0,15.0,566.32,0.1268681997422934,1.10201349172765,0.9253314909786623,0.85,984.58,931.34,920.03
66330,2026-04-25 15:00:00+00:00,7685,7678.0,7654.0,26.0,7625.0,15,2026-04-25,7409.0,21.0,578.06,0.1268681997422934,1.0701127791564455,0.9306234800502419,0.85,883.26,854.99,874.75
66330,2026-04-25 16:00:00+00:00,7872,7859.0,7837.0,25.0,7817.0,16,2026-04-25,7534.0,15.0,575.71,0.1268681997422934,1.0375286663287155,0.936983721243105,0.85,876.84,842.94,895.59
66330,2026-04-25 17:00:00+00:00,7450,7443.0,7428.0,16.0,7406.0,17,2026-04-25,7142.0,11.0,554.57,0.1268681997422934,1.015644275641629,0.985064071737716,0.85,813.55,782.23,892.56
66330,2026-04-25 18:00:00+00:00,6573,6567.0,6556.0,11.0,6536.0,18,2026-04-25,6217.0,7.0,542.82,0.1268681997422934,1.0050789526870891,1.230146954924403,0.85,710.58,673.83,970.27
66330,2026-04-25 19:00:00+00:00,5888,5881.0,5869.0,18.0,5857.0,19,2026-04-25,5552.0,10.0,559.27,0.1268681997422934,1.001284160344515,1.5151633816299004,0.85,633.71,599.49,1067.24
66330,2026-04-25 20:00:00+00:00,4192,4185.0,4177.0,8.0,4168.0,20,2026-04-25,3866.0,7.0,535.77,0.1268681997422934,1.0002528661646692,2.0,0.85,450.55,417.01,980.94
66330,2026-04-25 21:00:00+00:00,2931,2925.0,2922.0,8.0,2915.0,21,2026-04-25,2683.0,2.0,535.77,0.1268681997422934,1.000038778282299,2.0,0.85,315.11,289.34,680.77
66330,2026-04-25 22:00:00+00:00,2101,2100.0,2096.0,6.0,2090.0,22,2026-04-25,1918.0,4.0,531.07,0.1268681997422934,1.0000046314053592,2.0,0.85,226.03,206.83,486.67
66330,2026-04-25 23:00:00+00:00,991,990.0,988.0,4.0,986.0,23,2026-04-25,928.0,3.0,526.37,0.1268681997422934,1.0000004307878039,2.0,0.85,106.54,100.07,235.47
66330,2026-04-26 00:00:00+00:00,624,612.0,612.0,1.0,612.0,0,2026-04-26,551.0,1.0,519.33,0.1268681997422934,1.0000000312061639,2.0,0.85,66.0,59.42,139.81
66330,2026-04-26 01:00:00+00:00,537,534.0,533.0,0.0,532.0,1,2026-04-26,451.0,0.0,516.98,0.1268681997422934,1.0000000017605313,2.0,0.85,57.48,48.63,114.44
66330,2026-04-26 02:00:00+00:00,240,236.0,235.0,2.0,234.0,2,2026-04-26,196.0,1.0,521.67,0.1268681997422934,1.0000000312061639,2.0,0.85,25.34,21.14,49.73
66330,2026-04-26 03:00:00+00:00,220,217.0,215.0,1.0,212.0,3,2026-04-26,192.0,0.0,519.33,0.1268681997422934,1.0000004307878039,2.0,0.85,23.19,20.7,48.72
66330,2026-04-26 04:00:00+00:00,169,164.0,163.0,1.0,163.0,4,2026-04-26,139.0,0.0,519.33,0.1268681997422934,1.0000046314053592,2.0,0.85,17.58,14.99,35.27
66330,2026-04-26 05:00:00+00:00,329,325.0,325.0,2.0,319.0,5,2026-04-26,276.0,1.0,521.67,0.1268681997422934,1.000038778282299,2.0,0.85,35.05,29.76,70.03
66330,2026-04-26 06:00:00+00:00,341,337.0,336.0,3.0,333.0,6,2026-04-26,264.0,2.0,524.02,0.1268681997422934,1.0002528661646692,2.0,0.85,36.24,28.48,66.99
66330,2026-04-26 07:00:00+00:00,646,639.0,637.0,3.0,637.0,7,2026-04-26,533.0,2.0,524.02,0.1268681997422934,1.001284160344515,2.0,0.85,68.78,57.55,135.24
66330,2026-04-26 08:00:00+00:00,1484,1475.0,1471.0,9.0,1461.0,8,2026-04-26,1201.0,2.0,538.12,0.1268681997422934,1.0050789526870891,2.0,0.85,159.44,130.17,304.74
66330,2026-04-26 09:00:00+00:00,2619,2605.0,2596.0,6.0,2575.0,9,2026-04-26,2232.0,0.0,531.07,0.1268681997422934,1.015644275641629,1.7256194251734391,0.85,284.33,244.46,488.64
66330,2026-04-26 10:00:00+00:00,4562,4553.0,4537.0,10.0,4518.0,10,2026-04-26,4087.0,5.0,540.47,0.1268681997422934,1.0375286663287155,1.1796009620270316,0.85,507.62,457.27,611.64
66330,2026-04-26 11:00:00+00:00,6156,6146.0,6124.0,12.0,6106.0,11,2026-04-26,5555.0,8.0,545.17,0.1268681997422934,1.0701127791564455,1.0473082706766916,0.85,706.7,641.04,738.09
66330,2026-04-26 12:00:00+00:00,6536,6524.0,6509.0,17.0,6486.0,12,2026-04-26,5936.0,9.0,556.92,0.1268681997422934,1.10201349172765,1.0286532951289398,0.85,773.52,705.43,774.67
66330,2026-04-26 13:00:00+00:00,5919,5909.0,5898.0,13.0,5883.0,13,2026-04-26,5464.0,9.0,547.52,0.1268681997422934,1.1155964303431323,1.0,0.85,709.55,657.34,693.21
66330,2026-04-26 14:00:00+00:00,6549,6536.0,6525.0,16.0,6508.0,14,2026-04-26,5988.0,12.0,554.57,0.1268681997422934,1.10201349172765,0.9253314909786623,0.85,775.42,711.61,702.96
66330,2026-04-26 15:00:00+00:00,6126,6120.0,6102.0,13.0,6076.0,15,2026-04-26,5672.0,7.0,547.52,0.1268681997422934,1.0701127791564455,0.9306234800502419,0.85,704.16,654.54,669.67
66330,2026-04-26 16:00:00+00:00,4680,4670.0,4659.0,11.0,4643.0,16,2026-04-26,4321.0,4.0,542.82,0.1268681997422934,1.0375286663287155,0.936983721243105,0.85,521.27,483.46,513.65
66330,2026-04-26 17:00:00+00:00,4600,4589.0,4571.0,9.0,4558.0,17,2026-04-26,4073.0,5.0,538.12,0.1268681997422934,1.015644275641629,0.985064071737716,0.85,500.64,446.1,509.02
66330,2026-04-26 18:00:00+00:00,3059,3055.0,3045.0,6.0,3037.0,18,2026-04-26,2622.0,4.0,531.07,0.1268681997422934,1.0050789526870891,1.230146954924403,0.85,330.03,284.19,409.21
66330,2026-04-26 19:00:00+00:00,2822,2808.0,2802.0,6.0,2793.0,19,2026-04-26,2313.0,3.0,531.07,0.1268681997422934,1.001284160344515,1.5151633816299004,0.85,302.55,249.75,444.62
66330,2026-04-26 20:00:00+00:00,2398,2390.0,2386.0,8.0,2377.0,20,2026-04-26,1950.0,3.0,535.77,0.1268681997422934,1.0002528661646692,2.0,0.85,257.37,210.34,494.79
66330,2026-04-26 21:00:00+00:00,1016,1008.0,1006.0,7.0,1004.0,21,2026-04-26,775.0,2.0,533.42,0.1268681997422934,1.000038778282299,2.0,0.85,108.49,83.58,196.65
66330,2026-04-26 22:00:00+00:00,808,803.0,801.0,2.0,800.0,22,2026-04-26,695.0,0.0,521.67,0.1268681997422934,1.0000046314053592,2.0,0.85,86.38,74.95,176.35
66330,2026-04-26 23:00:00+00:00,437,434.0,432.0,0.0,431.0,23,2026-04-26,367.0,0.0,516.98,0.1268681997422934,1.0000004307878039,2.0,0.85,46.59,39.58,93.12
66331,2026-04-20 00:00:00+00:00,154,140.0,139.0,1.0,139.0,0,2026-04-20,118.0,1.0,519.33,0.1268681997422934,1.0000000312061639,2.0,0.85,14.99,12.72,29.94
66331,2026-04-20 01:00:00+00:00,63,57.0,56.0,0.0,55.0,1,2026-04-20,26.0,0.0,516.98,0.1268681997422934,1.0000000017605313,2.0,0.85,6.04,2.8,6.6
66331,2026-04-20 02:00:00+00:00,112,103.0,102.0,0.0,100.0,2,2026-04-20,89.0,0.0,516.98,0.1268681997422934,1.0000000312061639,2.0,0.85,11.0,9.6,22.58
66331,2026-04-20 03:00:00+00:00,82,76.0,75.0,0.0,73.0,3,2026-04-20,55.0,0.0,516.98,0.1268681997422934,1.0000004307878039,2.0,0.85,8.09,5.93,13.96
66331,2026-04-20 04:00:00+00:00,117,108.0,107.0,0.0,107.0,4,2026-04-20,79.0,0.0,516.98,0.1268681997422934,1.0000046314053592,2.0,0.85,11.54,8.52,20.05
66331,2026-04-20 05:00:00+00:00,181,174.0,174.0,1.0,169.0,5,2026-04-20,131.0,0.0,519.33,0.1268681997422934,1.000038778282299,2.0,0.85,18.76,14.13,33.24
66331,2026-04-20 06:00:00+00:00,445,436.0,436.0,9.0,431.0,6,2026-04-20,363.0,7.0,538.12,0.1268681997422934,1.0002528661646692,2.0,0.85,47.03,39.16,92.11
66331,2026-04-20 07:00:00+00:00,573,558.0,554.0,5.0,550.0,7,2026-04-20,471.0,4.0,528.72,0.1268681997422934,1.001284160344515,2.0,0.85,59.82,50.86,119.51
66331,2026-04-20 08:00:00+00:00,930,925.0,920.0,4.0,912.0,8,2026-04-20,784.0,3.0,526.37,0.1268681997422934,1.0050789526870891,2.0,0.85,99.71,84.97,198.93
66331,2026-04-20 09:00:00+00:00,1740,1733.0,1727.0,7.0,1715.0,9,2026-04-20,1514.0,6.0,533.42,0.1268681997422934,1.015644275641629,2.0,0.85,189.15,165.82,384.16
66331,2026-04-20 10:00:00+00:00,2180,2172.0,2156.0,8.0,2142.0,10,2026-04-20,1905.0,6.0,535.77,0.1268681997422934,1.0375286663287155,2.0,0.85,241.22,213.14,483.37
66331,2026-04-20 11:00:00+00:00,2680,2674.0,2662.0,13.0,2644.0,11,2026-04-20,2344.0,11.0,547.52,0.1268681997422934,1.0701127791564455,1.91272108096232,0.85,307.19,270.49,568.8
66331,2026-04-20 12:00:00+00:00,2443,2432.0,2422.0,10.0,2408.0,12,2026-04-20,2184.0,3.0,540.47,0.1268681997422934,1.10201349172765,1.7746012332467003,0.85,287.83,259.54,491.71
66331,2026-04-20 13:00:00+00:00,2440,2430.0,2425.0,11.0,2417.0,13,2026-04-20,2136.0,10.0,542.82,0.1268681997422934,1.1155964303431323,2.0,0.85,291.74,256.97,541.98
66331,2026-04-20 14:00:00+00:00,2255,2250.0,2244.0,5.0,2232.0,14,2026-04-20,2015.0,2.0,528.72,0.1268681997422934,1.10201349172765,2.0,0.85,266.67,239.46,511.28
66331,2026-04-20 15:00:00+00:00,2515,2505.0,2493.0,12.0,2474.0,15,2026-04-20,2206.0,9.0,545.17,0.1268681997422934,1.0701127791564455,2.0,0.85,287.69,254.57,559.74
66331,2026-04-20 16:00:00+00:00,2385,2378.0,2372.0,9.0,2357.0,16,2026-04-20,2114.0,5.0,538.12,0.1268681997422934,1.0375286663287155,2.0,0.85,265.39,236.52,536.4
66331,2026-04-20 17:00:00+00:00,1979,1969.0,1963.0,9.0,1948.0,17,2026-04-20,1764.0,7.0,538.12,0.1268681997422934,1.015644275641629,2.0,0.85,215.0,193.2,447.59
66331,2026-04-20 18:00:00+00:00,1462,1449.0,1442.0,4.0,1436.0,18,2026-04-20,1296.0,3.0,526.37,0.1268681997422934,1.0050789526870891,2.0,0.85,156.29,140.47,328.84
66331,2026-04-20 19:00:00+00:00,1019,1018.0,1011.0,5.0,1005.0,19,2026-04-20,879.0,3.0,528.72,0.1268681997422934,1.001284160344515,2.0,0.85,109.16,94.91,223.03
66331,2026-04-20 20:00:00+00:00,1478,1460.0,1456.0,9.0,1442.0,20,2026-04-20,1203.0,4.0,538.12,0.1268681997422934,1.0002528661646692,2.0,0.85,157.05,129.76,305.24
66331,2026-04-20 21:00:00+00:00,902,890.0,883.0,3.0,872.0,21,2026-04-20,711.0,3.0,524.02,0.1268681997422934,1.000038778282299,2.0,0.85,95.22,76.68,180.41
66331,2026-04-20 22:00:00+00:00,418,413.0,412.0,1.0,410.0,22,2026-04-20,338.0,0.0,519.33,0.1268681997422934,1.0000046314053592,2.0,0.85,44.43,36.45,85.76
66331,2026-04-20 23:00:00+00:00,207,202.0,201.0,3.0,199.0,23,2026-04-20,154.0,3.0,524.02,0.1268681997422934,1.0000004307878039,2.0,0.85,21.68,16.61,39.08
66331,2026-04-21 00:00:00+00:00,112,96.0,94.0,1.0,90.0,0,2026-04-21,66.0,0.0,519.33,0.1268681997422934,1.0000000312061639,2.0,0.85,10.14,7.12,16.75
66331,2026-04-21 01:00:00+00:00,116,109.0,109.0,0.0,108.0,1,2026-04-21,83.0,0.0,516.98,0.1268681997422934,1.0000000017605313,2.0,0.85,11.75,8.95,21.06
66331,2026-04-21 02:00:00+00:00,70,60.0,57.0,0.0,54.0,2,2026-04-21,38.0,0.0,516.98,0.1268681997422934,1.0000000312061639,2.0,0.85,6.15,4.1,9.64
66331,2026-04-21 03:00:00+00:00,107,103.0,102.0,0.0,102.0,3,2026-04-21,89.0,0.0,516.98,0.1268681997422934,1.0000004307878039,2.0,0.85,11.0,9.6,22.58
66331,2026-04-21 04:00:00+00:00,98,93.0,89.0,0.0,87.0,4,2026-04-21,61.0,0.0,516.98,0.1268681997422934,1.0000046314053592,2.0,0.85,9.6,6.58,15.48
66331,2026-04-21 05:00:00+00:00,255,245.0,244.0,0.0,242.0,5,2026-04-21,212.0,0.0,516.98,0.1268681997422934,1.000038778282299,2.0,0.85,26.31,22.86,53.79
66331,2026-04-21 06:00:00+00:00,365,360.0,358.0,4.0,356.0,6,2026-04-21,299.0,3.0,526.37,0.1268681997422934,1.0002528661646692,2.0,0.85,38.62,32.25,75.87
66331,2026-04-21 07:00:00+00:00,581,575.0,575.0,5.0,563.0,7,2026-04-21,496.0,4.0,528.72,0.1268681997422934,1.001284160344515,2.0,0.85,62.09,53.56,125.85
66331,2026-04-21 08:00:00+00:00,866,858.0,848.0,3.0,836.0,8,2026-04-21,727.0,3.0,524.02,0.1268681997422934,1.0050789526870891,2.0,0.85,91.91,78.8,184.47
66331,2026-04-21 09:00:00+00:00,1335,1330.0,1323.0,1.0,1312.0,9,2026-04-21,1160.0,1.0,519.33,0.1268681997422934,1.015644275641629,2.0,0.85,144.9,127.05,294.33
66331,2026-04-21 10:00:00+00:00,1804,1797.0,1794.0,1.0,1783.0,10,2026-04-21,1612.0,1.0,519.33,0.1268681997422934,1.0375286663287155,2.0,0.85,200.72,180.36,409.02
66331,2026-04-21 11:00:00+00:00,2431,2425.0,2414.0,6.0,2401.0,11,2026-04-21,2175.0,5.0,531.07,0.1268681997422934,1.0701127791564455,1.91272108096232,0.85,278.57,250.99,527.79
66331,2026-04-21 12:00:00+00:00,2534,2525.0,2518.0,8.0,2504.0,12,2026-04-21,2234.0,5.0,535.77,0.1268681997422934,1.10201349172765,1.7746012332467003,0.85,299.24,265.49,502.96
66331,2026-04-21 13:00:00+00:00,2225,2217.0,2212.0,4.0,2189.0,13,2026-04-21,1978.0,3.0,526.37,0.1268681997422934,1.1155964303431323,2.0,0.85,266.11,237.96,501.89
66331,2026-04-21 14:00:00+00:00,2201,2191.0,2185.0,11.0,2165.0,14,2026-04-21,1919.0,8.0,542.82,0.1268681997422934,1.10201349172765,2.0,0.85,259.66,228.05,486.92
66331,2026-04-21 15:00:00+00:00,2022,2017.0,2013.0,6.0,1997.0,15,2026-04-21,1768.0,4.0,531.07,0.1268681997422934,1.0701127791564455,2.0,0.85,232.3,204.03,448.61
66331,2026-04-21 16:00:00+00:00,2161,2155.0,2153.0,11.0,2141.0,16,2026-04-21,1912.0,9.0,542.82,0.1268681997422934,1.0375286663287155,2.0,0.85,240.89,213.92,485.14
66331,2026-04-21 17:00:00+00:00,2035,2028.0,2021.0,6.0,2008.0,17,2026-04-21,1789.0,6.0,531.07,0.1268681997422934,1.015644275641629,2.0,0.85,221.35,195.94,453.93
66331,2026-04-21 18:00:00+00:00,1683,1673.0,1667.0,9.0,1653.0,18,2026-04-21,1457.0,6.0,538.12,0.1268681997422934,1.0050789526870891,2.0,0.85,180.68,157.92,369.69
66331,2026-04-21 19:00:00+00:00,1131,1120.0,1115.0,7.0,1106.0,19,2026-04-21,983.0,6.0,533.42,0.1268681997422934,1.001284160344515,2.0,0.85,120.39,106.14,249.42
66331,2026-04-21 20:00:00+00:00,1077,1068.0,1062.0,4.0,1052.0,20,2026-04-21,904.0,4.0,526.37,0.1268681997422934,1.0002528661646692,2.0,0.85,114.55,97.51,229.38
66331,2026-04-21 21:00:00+00:00,840,830.0,826.0,4.0,823.0,21,2026-04-21,699.0,3.0,526.37,0.1268681997422934,1.000038778282299,2.0,0.85,89.08,75.38,177.36
66331,2026-04-21 22:00:00+00:00,454,449.0,447.0,1.0,443.0,22,2026-04-21,368.0,1.0,519.33,0.1268681997422934,1.0000046314053592,2.0,0.85,48.2,39.68,93.37
66331,2026-04-21 23:00:00+00:00,134,133.0,133.0,1.0,130.0,23,2026-04-21,104.0,1.0,519.33,0.1268681997422934,1.0000004307878039,2.0,0.85,14.34,11.22,26.39
66331,2026-04-22 00:00:00+00:00,145,131.0,131.0,0.0,130.0,0,2026-04-22,104.0,0.0,516.98,0.1268681997422934,1.0000000312061639,2.0,0.85,14.13,11.22,26.39
66331,2026-04-22 01:00:00+00:00,49,42.0,41.0,0.0,40.0,1,2026-04-22,33.0,0.0,516.98,0.1268681997422934,1.0000000017605313,2.0,0.85,4.42,3.56,8.37
66331,2026-04-22 02:00:00+00:00,41,34.0,31.0,0.0,29.0,2,2026-04-22,18.0,0.0,516.98,0.1268681997422934,1.0000000312061639,2.0,0.85,3.34,1.94,4.57
66331,2026-04-22 03:00:00+00:00,73,66.0,63.0,0.0,62.0,3,2026-04-22,42.0,0.0,516.98,0.1268681997422934,1.0000004307878039,2.0,0.85,6.79,4.53,10.66
66331,2026-04-22 04:00:00+00:00,108,97.0,93.0,1.0,93.0,4,2026-04-22,62.0,1.0,519.33,0.1268681997422934,1.0000046314053592,2.0,0.85,10.03,6.69,15.73
66331,2026-04-22 05:00:00+00:00,185,180.0,178.0,3.0,178.0,5,2026-04-22,121.0,2.0,524.02,0.1268681997422934,1.000038778282299,2.0,0.85,19.2,13.05,30.7
66331,2026-04-22 06:00:00+00:00,354,348.0,347.0,5.0,342.0,6,2026-04-22,248.0,3.0,528.72,0.1268681997422934,1.0002528661646692,2.0,0.85,37.43,26.75,62.93
66331,2026-04-22 07:00:00+00:00,514,511.0,509.0,6.0,506.0,7,2026-04-22,390.0,3.0,531.07,0.1268681997422934,1.001284160344515,2.0,0.85,54.96,42.11,98.96
66331,2026-04-22 08:00:00+00:00,714,706.0,704.0,4.0,696.0,8,2026-04-22,561.0,3.0,526.37,0.1268681997422934,1.0050789526870891,2.0,0.85,76.3,60.8,142.35
66331,2026-04-22 09:00:00+00:00,1232,1227.0,1221.0,5.0,1212.0,9,2026-04-22,944.0,4.0,528.72,0.1268681997422934,1.015644275641629,2.0,0.85,133.73,103.39,239.53
66331,2026-04-22 10:00:00+00:00,1647,1645.0,1639.0,5.0,1619.0,10,2026-04-22,1309.0,4.0,528.72,0.1268681997422934,1.0375286663287155,2.0,0.85,183.38,146.46,332.14
66331,2026-04-22 11:00:00+00:00,2321,2315.0,2310.0,11.0,2294.0,11,2026-04-22,1856.0,9.0,542.82,0.1268681997422934,1.0701127791564455,1.91272108096232,0.85,266.57,214.18,450.38
66331,2026-04-22 12:00:00+00:00,2528,2517.0,2508.0,7.0,2489.0,12,2026-04-22,2073.0,4.0,533.42,0.1268681997422934,1.10201349172765,1.7746012332467003,0.85,298.05,246.35,466.72
66331,2026-04-22 13:00:00+00:00,1803,1799.0,1790.0,7.0,1772.0,13,2026-04-22,1433.0,3.0,533.42,0.1268681997422934,1.1155964303431323,2.0,0.85,215.34,172.4,363.6
66331,2026-04-22 14:00:00+00:00,1956,1951.0,1945.0,5.0,1931.0,14,2026-04-22,1544.0,1.0,528.72,0.1268681997422934,1.10201349172765,2.0,0.85,231.14,183.49,391.77
66331,2026-04-22 15:00:00+00:00,2234,2232.0,2223.0,8.0,2205.0,15,2026-04-22,1830.0,7.0,535.77,0.1268681997422934,1.0701127791564455,2.0,0.85,256.53,211.18,464.34
66331,2026-04-22 16:00:00+00:00,2097,2092.0,2086.0,9.0,2072.0,16,2026-04-22,1714.0,4.0,538.12,0.1268681997422934,1.0375286663287155,2.0,0.85,233.39,191.77,434.9
66331,2026-04-22 17:00:00+00:00,2271,2265.0,2257.0,8.0,2245.0,17,2026-04-22,1843.0,6.0,535.77,0.1268681997422934,1.015644275641629,2.0,0.85,247.2,201.85,467.64
66331,2026-04-22 18:00:00+00:00,1735,1730.0,1727.0,3.0,1717.0,18,2026-04-22,1365.0,2.0,524.02,0.1268681997422934,1.0050789526870891,2.0,0.85,187.18,147.95,346.35
66331,2026-04-22 19:00:00+00:00,981,973.0,969.0,3.0,962.0,19,2026-04-22,760.0,1.0,524.02,0.1268681997422934,1.001284160344515,2.0,0.85,104.63,82.06,192.84
66331,2026-04-22 20:00:00+00:00,1241,1235.0,1231.0,5.0,1213.0,20,2026-04-22,1000.0,3.0,528.72,0.1268681997422934,1.0002528661646692,2.0,0.85,132.78,107.87,253.74
66331,2026-04-22 21:00:00+00:00,711,701.0,697.0,0.0,693.0,21,2026-04-22,537.0,0.0,516.98,0.1268681997422934,1.000038778282299,2.0,0.85,75.17,57.91,136.26
66331,2026-04-22 22:00:00+00:00,316,313.0,313.0,0.0,311.0,22,2026-04-22,241.0,0.0,516.98,0.1268681997422934,1.0000046314053592,2.0,0.85,33.75,25.99,61.15
66331,2026-04-22 23:00:00+00:00,178,175.0,174.0,0.0,171.0,23,2026-04-22,122.0,0.0,516.98,0.1268681997422934,1.0000004307878039,2.0,0.85,18.76,13.16,30.96
66331,2026-04-23 00:00:00+00:00,55,47.0,47.0,0.0,47.0,0,2026-04-23,21.0,0.0,516.98,0.1268681997422934,1.0000000312061639,2.0,0.85,5.07,2.26,5.33
66331,2026-04-23 01:00:00+00:00,17,16.0,16.0,0.0,15.0,1,2026-04-23,7.0,0.0,516.98,0.1268681997422934,1.0000000017605313,2.0,0.85,1.73,0.75,1.78
66331,2026-04-23 02:00:00+00:00,13,8.0,8.0,0.0,8.0,2,2026-04-23,2.0,0.0,516.98,0.1268681997422934,1.0000000312061639,2.0,0.85,0.86,0.22,0.51
66331,2026-04-23 03:00:00+00:00,13,11.0,11.0,0.0,9.0,3,2026-04-23,5.0,0.0,516.98,0.1268681997422934,1.0000004307878039,2.0,0.85,1.19,0.54,1.27
66331,2026-04-23 04:00:00+00:00,50,48.0,48.0,1.0,46.0,4,2026-04-23,27.0,0.0,519.33,0.1268681997422934,1.0000046314053592,2.0,0.85,5.18,2.91,6.85
66331,2026-04-23 05:00:00+00:00,89,85.0,85.0,0.0,81.0,5,2026-04-23,47.0,0.0,516.98,0.1268681997422934,1.000038778282299,2.0,0.85,9.17,5.07,11.93
66331,2026-04-23 06:00:00+00:00,209,208.0,208.0,5.0,203.0,6,2026-04-23,129.0,2.0,528.72,0.1268681997422934,1.0002528661646692,2.0,0.85,22.44,13.91,32.73
66331,2026-04-23 07:00:00+00:00,361,356.0,356.0,2.0,348.0,7,2026-04-23,252.0,1.0,521.67,0.1268681997422934,1.001284160344515,2.0,0.85,38.44,27.21,63.94
66331,2026-04-23 08:00:00+00:00,273,266.0,266.0,3.0,257.0,8,2026-04-23,150.0,1.0,524.02,0.1268681997422934,1.0050789526870891,2.0,0.85,28.83,16.26,38.06
66331,2026-04-23 09:00:00+00:00,727,723.0,722.0,3.0,716.0,9,2026-04-23,486.0,3.0,524.02,0.1268681997422934,1.015644275641629,2.0,0.85,79.08,53.23,123.32
66331,2026-04-23 10:00:00+00:00,912,905.0,904.0,2.0,885.0,10,2026-04-23,640.0,1.0,521.67,0.1268681997422934,1.0375286663287155,2.0,0.85,101.14,71.61,162.39
66331,2026-04-23 11:00:00+00:00,840,834.0,827.0,1.0,810.0,11,2026-04-23,595.0,0.0,519.33,0.1268681997422934,1.0701127791564455,1.91272108096232,0.85,95.43,68.66,144.38
66331,2026-04-23 12:00:00+00:00,1035,1028.0,1021.0,1.0,1008.0,12,2026-04-23,851.0,1.0,519.33,0.1268681997422934,1.10201349172765,1.7746012332467003,0.85,121.33,101.13,191.59
66331,2026-04-23 13:00:00+00:00,683,678.0,678.0,5.0,669.0,13,2026-04-23,549.0,3.0,528.72,0.1268681997422934,1.1155964303431323,2.0,0.85,81.57,66.05,139.3
66331,2026-04-23 14:00:00+00:00,517,508.0,507.0,1.0,498.0,14,2026-04-23,396.0,1.0,519.33,0.1268681997422934,1.10201349172765,2.0,0.85,60.25,47.06,100.48
66331,2026-04-23 15:00:00+00:00,817,810.0,809.0,4.0,792.0,15,2026-04-23,655.0,3.0,526.37,0.1268681997422934,1.0701127791564455,2.0,0.85,93.36,75.59,166.2
66331,2026-04-23 16:00:00+00:00,968,960.0,956.0,3.0,945.0,16,2026-04-23,776.0,0.0,524.02,0.1268681997422934,1.0375286663287155,2.0,0.85,106.96,86.82,196.9
66331,2026-04-23 17:00:00+00:00,968,960.0,956.0,4.0,941.0,17,2026-04-23,804.0,1.0,526.37,0.1268681997422934,1.015644275641629,2.0,0.85,104.71,88.06,204.0
66331,2026-04-23 18:00:00+00:00,714,708.0,703.0,4.0,692.0,18,2026-04-23,573.0,3.0,526.37,0.1268681997422934,1.0050789526870891,2.0,0.85,76.2,62.1,145.39
66331,2026-04-23 19:00:00+00:00,561,548.0,547.0,2.0,542.0,19,2026-04-23,455.0,2.0,521.67,0.1268681997422934,1.001284160344515,2.0,0.85,59.06,49.13,115.45
66331,2026-04-23 20:00:00+00:00,579,571.0,571.0,3.0,561.0,20,2026-04-23,471.0,1.0,524.02,0.1268681997422934,1.0002528661646692,2.0,0.85,61.59,50.8,119.51
66331,2026-04-23 21:00:00+00:00,393,387.0,387.0,0.0,380.0,21,2026-04-23,299.0,0.0,516.98,0.1268681997422934,1.000038778282299,2.0,0.85,41.73,32.24,75.87
66331,2026-04-23 22:00:00+00:00,412,411.0,411.0,1.0,409.0,22,2026-04-23,321.0,1.0,519.33,0.1268681997422934,1.0000046314053592,2.0,0.85,44.32,34.62,81.45
66331,2026-04-23 23:00:00+00:00,110,109.0,109.0,1.0,108.0,23,2026-04-23,90.0,1.0,519.33,0.1268681997422934,1.0000004307878039,2.0,0.85,11.75,9.71,22.84
66331,2026-04-24 00:00:00+00:00,150,133.0,133.0,0.0,132.0,0,2026-04-24,122.0,0.0,516.98,0.1268681997422934,1.0000000312061639,2.0,0.85,14.34,13.16,30.96
66331,2026-04-24 01:00:00+00:00,113,111.0,110.0,1.0,110.0,1,2026-04-24,98.0,1.0,519.33,0.1268681997422934,1.0000000017605313,2.0,0.85,11.86,10.57,24.87
66331,2026-04-24 02:00:00+00:00,87,85.0,84.0,0.0,84.0,2,2026-04-24,78.0,0.0,516.98,0.1268681997422934,1.0000000312061639,2.0,0.85,9.06,8.41,19.79
66331,2026-04-24 03:00:00+00:00,82,80.0,79.0,1.0,78.0,3,2026-04-24,78.0,0.0,519.33,0.1268681997422934,1.0000004307878039,2.0,0.85,8.52,8.41,19.79
66331,2026-04-24 04:00:00+00:00,189,187.0,187.0,0.0,186.0,4,2026-04-24,177.0,0.0,516.98,0.1268681997422934,1.0000046314053592,2.0,0.85,20.17,19.09,44.91
66331,2026-04-24 05:00:00+00:00,255,253.0,251.0,3.0,250.0,5,2026-04-24,231.0,2.0,524.02,0.1268681997422934,1.000038778282299,2.0,0.85,27.07,24.91,58.61
66331,2026-04-24 06:00:00+00:00,428,424.0,424.0,3.0,421.0,6,2026-04-24,381.0,2.0,524.02,0.1268681997422934,1.0002528661646692,2.0,0.85,45.73,41.1,96.67
66331,2026-04-24 07:00:00+00:00,588,580.0,578.0,2.0,568.0,7,2026-04-24,482.0,2.0,521.67,0.1268681997422934,1.001284160344515,2.0,0.85,62.41,52.04,122.3
66331,2026-04-24 08:00:00+00:00,931,920.0,914.0,1.0,903.0,8,2026-04-24,793.0,1.0,519.33,0.1268681997422934,1.0050789526870891,2.0,0.85,99.06,85.95,201.21
66331,2026-04-24 09:00:00+00:00,1641,1635.0,1631.0,3.0,1623.0,9,2026-04-24,1457.0,2.0,524.02,0.1268681997422934,1.015644275641629,2.0,0.85,178.64,159.58,369.69
66331,2026-04-24 10:00:00+00:00,1821,1816.0,1809.0,6.0,1794.0,10,2026-04-24,1627.0,3.0,531.07,0.1268681997422934,1.0375286663287155,2.0,0.85,202.4,182.04,412.83
66331,2026-04-24 11:00:00+00:00,2705,2693.0,2680.0,3.0,2665.0,11,2026-04-24,2446.0,2.0,524.02,0.1268681997422934,1.0701127791564455,1.91272108096232,0.85,309.27,282.27,593.55
66331,2026-04-24 12:00:00+00:00,2786,2779.0,2772.0,10.0,2755.0,12,2026-04-24,2560.0,8.0,540.47,0.1268681997422934,1.10201349172765,1.7746012332467003,0.85,329.42,304.23,576.36
66331,2026-04-24 13:00:00+00:00,2266,2263.0,2254.0,7.0,2243.0,13,2026-04-24,2097.0,6.0,533.42,0.1268681997422934,1.1155964303431323,2.0,0.85,271.16,252.28,532.09
66331,2026-04-24 14:00:00+00:00,2446,2441.0,2432.0,13.0,2414.0,14,2026-04-24,2230.0,9.0,547.52,0.1268681997422934,1.10201349172765,2.0,0.85,289.02,265.01,565.83
66331,2026-04-24 15:00:00+00:00,2486,2484.0,2482.0,5.0,2461.0,15,2026-04-24,2303.0,4.0,528.72,0.1268681997422934,1.0701127791564455,2.0,0.85,286.42,265.76,584.35
66331,2026-04-24 16:00:00+00:00,2445,2442.0,2439.0,5.0,2428.0,16,2026-04-24,2271.0,4.0,528.72,0.1268681997422934,1.0375286663287155,2.0,0.85,272.89,254.09,576.24
66331,2026-04-24 17:00:00+00:00,2216,2215.0,2210.0,8.0,2199.0,17,2026-04-24,2065.0,7.0,535.77,0.1268681997422934,1.015644275641629,2.0,0.85,242.05,226.17,523.97
66331,2026-04-24 18:00:00+00:00,2137,2128.0,2115.0,11.0,2108.0,18,2026-04-24,1957.0,8.0,542.82,0.1268681997422934,1.0050789526870891,2.0,0.85,229.24,212.11,496.56
66331,2026-04-24 19:00:00+00:00,1793,1786.0,1784.0,4.0,1775.0,19,2026-04-24,1670.0,1.0,526.37,0.1268681997422934,1.001284160344515,2.0,0.85,192.63,180.32,423.74
66331,2026-04-24 20:00:00+00:00,2318,2304.0,2301.0,12.0,2293.0,20,2026-04-24,2130.0,9.0,545.17,0.1268681997422934,1.0002528661646692,2.0,0.85,248.2,229.75,540.46
66331,2026-04-24 21:00:00+00:00,1599,1593.0,1591.0,4.0,1585.0,21,2026-04-24,1500.0,4.0,526.37,0.1268681997422934,1.000038778282299,2.0,0.85,171.58,161.76,380.6
66331,2026-04-24 22:00:00+00:00,981,974.0,973.0,2.0,968.0,22,2026-04-24,905.0,1.0,521.67,0.1268681997422934,1.0000046314053592,2.0,0.85,104.93,97.59,229.63
66331,2026-04-24 23:00:00+00:00,495,493.0,491.0,2.0,489.0,23,2026-04-24,467.0,0.0,521.67,0.1268681997422934,1.0000004307878039,2.0,0.85,52.95,50.36,118.49
66331,2026-04-25 00:00:00+00:00,290,281.0,281.0,0.0,279.0,0,2026-04-25,250.0,0.0,516.98,0.1268681997422934,1.0000000312061639,2.0,0.85,30.3,26.96,63.43
66331,2026-04-25 01:00:00+00:00,151,143.0,143.0,1.0,140.0,1,2026-04-25,132.0,1.0,519.33,0.1268681997422934,1.0000000017605313,2.0,0.85,15.42,14.23,33.49
66331,2026-04-25 02:00:00+00:00,92,92.0,90.0,2.0,88.0,2,2026-04-25,85.0,2.0,521.67,0.1268681997422934,1.0000000312061639,2.0,0.85,9.71,9.17,21.57
66331,2026-04-25 03:00:00+00:00,133,129.0,127.0,0.0,125.0,3,2026-04-25,122.0,0.0,516.98,0.1268681997422934,1.0000004307878039,2.0,0.85,13.7,13.16,30.96
66331,2026-04-25 04:00:00+00:00,140,137.0,136.0,2.0,131.0,4,2026-04-25,90.0,1.0,521.67,0.1268681997422934,1.0000046314053592,2.0,0.85,14.67,9.71,22.84
66331,2026-04-25 05:00:00+00:00,230,227.0,225.0,0.0,222.0,5,2026-04-25,143.0,0.0,516.98,0.1268681997422934,1.000038778282299,2.0,0.85,24.26,15.42,36.28
66331,2026-04-25 06:00:00+00:00,247,243.0,242.0,2.0,239.0,6,2026-04-25,141.0,1.0,521.67,0.1268681997422934,1.0002528661646692,2.0,0.85,26.1,15.21,35.78
66331,2026-04-25 07:00:00+00:00,359,355.0,355.0,1.0,349.0,7,2026-04-25,247.0,1.0,519.33,0.1268681997422934,1.001284160344515,2.0,0.85,38.33,26.67,62.67
66331,2026-04-25 08:00:00+00:00,1122,1116.0,1115.0,1.0,1103.0,8,2026-04-25,841.0,1.0,519.33,0.1268681997422934,1.0050789526870891,2.0,0.85,120.85,91.15,213.39
66331,2026-04-25 09:00:00+00:00,1697,1693.0,1687.0,3.0,1679.0,9,2026-04-25,1308.0,1.0,524.02,0.1268681997422934,1.015644275641629,2.0,0.85,184.77,143.26,331.89
66331,2026-04-25 10:00:00+00:00,2235,2230.0,2226.0,5.0,2212.0,10,2026-04-25,1648.0,3.0,528.72,0.1268681997422934,1.0375286663287155,2.0,0.85,249.06,184.39,418.16
66331,2026-04-25 11:00:00+00:00,2319,2315.0,2310.0,3.0,2295.0,11,2026-04-25,1818.0,1.0,524.02,0.1268681997422934,1.0701127791564455,1.91272108096232,0.85,266.57,209.79,441.16
66331,2026-04-25 12:00:00+00:00,2810,2800.0,2794.0,7.0,2777.0,12,2026-04-25,2302.0,3.0,533.42,0.1268681997422934,1.10201349172765,1.7746012332467003,0.85,332.04,273.57,518.27
66331,2026-04-25 13:00:00+00:00,2869,2861.0,2850.0,8.0,2834.0,13,2026-04-25,2300.0,6.0,535.77,0.1268681997422934,1.1155964303431323,2.0,0.85,342.87,276.7,583.59
66331,2026-04-25 14:00:00+00:00,2579,2574.0,2570.0,8.0,2550.0,14,2026-04-25,2041.0,6.0,535.77,0.1268681997422934,1.10201349172765,2.0,0.85,305.42,242.55,517.88
66331,2026-04-25 15:00:00+00:00,1557,1553.0,1551.0,16.0,1538.0,15,2026-04-25,1406.0,13.0,554.57,0.1268681997422934,1.0701127791564455,2.0,0.85,178.98,162.25,356.75
66331,2026-04-25 16:00:00+00:00,2680,2675.0,2671.0,33.0,2660.0,16,2026-04-25,2435.0,22.0,594.51,0.1268681997422934,1.0375286663287155,2.0,0.85,298.84,272.44,617.85
66331,2026-04-25 17:00:00+00:00,2329,2325.0,2318.0,35.0,2302.0,17,2026-04-25,2076.0,28.0,599.21,0.1268681997422934,1.015644275641629,2.0,0.85,253.88,227.37,526.76
66331,2026-04-25 18:00:00+00:00,2712,2707.0,2700.0,35.0,2677.0,18,2026-04-25,2445.0,26.0,599.21,0.1268681997422934,1.0050789526870891,2.0,0.85,292.64,265.0,620.39
66331,2026-04-25 19:00:00+00:00,2441,2438.0,2429.0,35.0,2416.0,19,2026-04-25,2183.0,24.0,599.21,0.1268681997422934,1.001284160344515,2.0,0.85,262.27,235.71,553.91
66331,2026-04-25 20:00:00+00:00,2287,2279.0,2277.0,20.0,2268.0,20,2026-04-25,1992.0,11.0,563.97,0.1268681997422934,1.0002528661646692,2.0,0.85,245.61,214.87,505.44
66331,2026-04-25 21:00:00+00:00,1713,1706.0,1703.0,17.0,1694.0,21,2026-04-25,1514.0,13.0,556.92,0.1268681997422934,1.000038778282299,2.0,0.85,183.66,163.27,384.16
66331,2026-04-25 22:00:00+00:00,963,962.0,961.0,11.0,955.0,22,2026-04-25,800.0,8.0,542.82,0.1268681997422934,1.0000046314053592,2.0,0.85,103.63,86.27,202.99
66331,2026-04-25 23:00:00+00:00,317,314.0,314.0,1.0,311.0,23,2026-04-25,260.0,1.0,519.33,0.1268681997422934,1.0000004307878039,2.0,0.85,33.86,28.04,65.97
66331,2026-04-26 00:00:00+00:00,760,756.0,756.0,3.0,756.0,0,2026-04-26,701.0,3.0,524.02,0.1268681997422934,1.0000000312061639,2.0,0.8859104436451671,84.97,78.79,177.87
66331,2026-04-26 01:00:00+00:00,537,534.0,534.0,1.0,532.0,1,2026-04-26,500.0,1.0,519.33,0.1268681997422934,1.0000000017605313,2.0,0.9005764611489199,61.01,57.13,126.87
66331,2026-04-26 02:00:00+00:00,304,300.0,299.0,3.0,297.0,2,2026-04-26,276.0,2.0,524.02,0.1268681997422934,1.0000000312061639,2.0,0.8770162975099358,33.27,30.71,70.03
66331,2026-04-26 03:00:00+00:00,185,182.0,181.0,2.0,178.0,3,2026-04-26,167.0,1.0,521.67,0.1268681997422934,1.0000004307878039,2.0,0.85,19.52,18.01,42.37
66331,2026-04-26 04:00:00+00:00,124,119.0,118.0,1.0,118.0,4,2026-04-26,105.0,1.0,519.33,0.1268681997422934,1.0000046314053592,2.0,0.85,12.72,11.32,26.64
66331,2026-04-26 05:00:00+00:00,295,288.0,288.0,6.0,279.0,5,2026-04-26,263.0,5.0,531.07,0.1268681997422934,1.000038778282299,2.0,0.85,31.06,28.36,66.73
66331,2026-04-26 06:00:00+00:00,354,348.0,347.0,8.0,344.0,6,2026-04-26,313.0,6.0,535.77,0.1268681997422934,1.0002528661646692,2.0,0.85,37.43,33.76,79.42
66331,2026-04-26 07:00:00+00:00,784,774.0,771.0,2.0,770.0,7,2026-04-26,686.0,1.0,521.67,0.1268681997422934,1.001284160344515,2.0,0.85,83.25,74.07,174.06
66331,2026-04-26 08:00:00+00:00,1996,1985.0,1981.0,20.0,1974.0,8,2026-04-26,1803.0,12.0,563.97,0.1268681997422934,1.0050789526870891,2.0,0.85,214.71,195.42,457.49
66331,2026-04-26 09:00:00+00:00,3000,2992.0,2983.0,20.0,2964.0,9,2026-04-26,2768.0,14.0,563.97,0.1268681997422934,1.015644275641629,2.0,0.85,326.71,303.17,702.34
66331,2026-04-26 10:00:00+00:00,4377,4364.0,4353.0,18.0,4335.0,10,2026-04-26,4046.0,15.0,559.27,0.1268681997422934,1.0375286663287155,2.0,0.85,487.04,452.69,1026.62
66331,2026-04-26 11:00:00+00:00,5059,5050.0,5041.0,23.0,5021.0,11,2026-04-26,4722.0,18.0,571.01,0.1268681997422934,1.0701127791564455,1.91272108096232,0.85,581.73,544.91,1145.86
66331,2026-04-26 12:00:00+00:00,5661,5656.0,5639.0,30.0,5615.0,12,2026-04-26,5289.0,21.0,587.46,0.1268681997422934,1.10201349172765,1.7746012332467003,0.85,670.13,628.54,1190.77
66331,2026-04-26 13:00:00+00:00,5106,5092.0,5086.0,39.0,5071.0,13,2026-04-26,4830.0,32.0,608.61,0.1268681997422934,1.1155964303431323,2.0,0.85,611.86,581.07,1225.55
66331,2026-04-26 14:00:00+00:00,5034,5023.0,5013.0,21.0,4998.0,14,2026-04-26,4754.0,18.0,566.32,0.1268681997422934,1.10201349172765,2.0,0.85,595.74,564.96,1206.26
66331,2026-04-26 15:00:00+00:00,4733,4724.0,4712.0,39.0,4689.0,15,2026-04-26,4464.0,32.0,608.61,0.1268681997422934,1.0701127791564455,2.0,0.85,543.76,515.14,1132.68
66331,2026-04-26 16:00:00+00:00,3269,3260.0,3253.0,35.0,3239.0,16,2026-04-26,3066.0,24.0,599.21,0.1268681997422934,1.0375286663287155,2.0,0.85,363.96,343.04,777.96
66331,2026-04-26 17:00:00+00:00,4309,4298.0,4282.0,47.0,4262.0,17,2026-04-26,4061.0,35.0,627.4,0.1268681997422934,1.015644275641629,2.0,0.85,468.99,444.78,1030.42
66331,2026-04-26 18:00:00+00:00,3590,3582.0,3575.0,29.0,3563.0,18,2026-04-26,3365.0,20.0,585.11,0.1268681997422934,1.0050789526870891,2.0,0.85,387.48,364.72,853.82
66331,2026-04-26 19:00:00+00:00,3434,3418.0,3414.0,24.0,3405.0,19,2026-04-26,3178.0,17.0,573.36,0.1268681997422934,1.001284160344515,2.0,0.85,368.63,343.15,806.37
66331,2026-04-26 20:00:00+00:00,2751,2738.0,2734.0,16.0,2726.0,20,2026-04-26,2592.0,8.0,554.57,0.1268681997422934,1.0002528661646692,2.0,0.85,294.9,279.59,657.68
66331,2026-04-26 21:00:00+00:00,1252,1242.0,1238.0,14.0,1236.0,21,2026-04-26,1151.0,11.0,549.87,0.1268681997422934,1.000038778282299,2.0,0.85,133.51,124.13,292.05
66331,2026-04-26 22:00:00+00:00,1004,997.0,997.0,4.0,993.0,22,2026-04-26,943.0,4.0,526.37,0.1268681997422934,1.0000046314053592,2.0,0.85,107.51,101.69,239.27
66331,2026-04-26 23:00:00+00:00,535,532.0,530.0,0.0,529.0,23,2026-04-26,493.0,0.0,516.98,0.1268681997422934,1.0000004307878039,2.0,0.85,57.15,53.16,125.09
66332,2026-04-20 00:00:00+00:00,62,59.0,59.0,1.0,59.0,0,2026-04-20,54.0,0.0,519.33,0.5189040965171188,0.9999810335986662,2.0,0.85,26.02,23.82,56.04
66332,2026-04-20 01:00:00+00:00,41,39.0,38.0,0.0,37.0,1,2026-04-20,28.0,0.0,516.98,0.5189040965171188,0.9999982358498678,2.0,0.85,16.76,12.35,29.06
66332,2026-04-20 02:00:00+00:00,26,23.0,23.0,0.0,23.0,2,2026-04-20,22.0,0.0,516.98,0.5189040965171188,0.9999998722053931,2.0,0.85,10.14,9.7,22.83
66332,2026-04-20 03:00:00+00:00,20,19.0,19.0,0.0,18.0,3,2026-04-20,15.0,0.0,516.98,0.5189040965171188,0.9999999927903216,2.0,0.85,8.38,6.62,15.57
66332,2026-04-20 04:00:00+00:00,60,56.0,56.0,3.0,56.0,4,2026-04-20,50.0,3.0,524.02,0.5189040965171188,0.9999998722053931,2.0,0.85,24.7,22.05,51.89
66332,2026-04-20 05:00:00+00:00,248,243.0,243.0,6.0,239.0,5,2026-04-20,234.0,4.0,531.07,0.5189040965171188,0.9999982358498678,2.0,0.85,107.18,103.21,242.85
66332,2026-04-20 06:00:00+00:00,490,486.0,485.0,9.0,477.0,6,2026-04-20,457.0,7.0,538.12,0.5189040965171188,0.9999810335986662,2.0,0.85,213.91,201.56,474.28
66332,2026-04-20 07:00:00+00:00,1375,1366.0,1363.0,24.0,1356.0,7,2026-04-20,1312.0,22.0,573.36,0.5189040965171188,0.9998411962659136,2.0,0.85,601.08,578.59,1361.6
66332,2026-04-20 08:00:00+00:00,2062,2058.0,2053.0,30.0,2044.0,8,2026-04-20,1975.0,28.0,587.46,0.5189040965171188,0.9989644695743897,1.3109748307141944,0.85,904.58,870.21,1343.53
66332,2026-04-20 09:00:00+00:00,3470,3461.0,3454.0,35.0,3441.0,9,2026-04-20,3336.0,29.0,599.21,0.5189040965171188,0.9947411425730011,0.9108743897026187,0.85,1515.44,1463.67,1576.78
66332,2026-04-20 10:00:00+00:00,4359,4355.0,4345.0,57.0,4326.0,10,2026-04-20,4202.0,44.0,650.9,0.5189040965171188,0.9792008154013185,0.6413125,0.85,1876.58,1814.82,1398.34
66332,2026-04-20 11:00:00+00:00,6394,6384.0,6372.0,78.0,6355.0,11,2026-04-20,6222.0,72.0,700.24,0.5189040965171188,0.9359340011553848,0.5121792951981631,0.85,2630.43,2568.51,1653.63
66332,2026-04-20 12:00:00+00:00,6465,6453.0,6440.0,85.0,6420.0,12,2026-04-20,6268.0,75.0,716.68,0.5189040965171188,0.846313658188328,0.5,0.85,2403.94,2339.73,1626.25
66332,2026-04-20 13:00:00+00:00,5426,5418.0,5411.0,71.0,5383.0,13,2026-04-20,5249.0,60.0,683.79,0.5189040965171188,0.7128761131977971,0.5276120937885643,0.85,1701.37,1650.43,1437.07
66332,2026-04-20 14:00:00+00:00,5322,5312.0,5305.0,70.0,5285.0,14,2026-04-20,5172.0,65.0,681.44,0.5189040965171188,0.5822372097709865,0.5450440879634548,0.85,1362.36,1328.2,1462.77
66332,2026-04-20 15:00:00+00:00,5533,5525.0,5513.0,64.0,5498.0,15,2026-04-20,5349.0,53.0,667.34,0.5189040965171188,0.5266127405031122,0.5198338315010892,0.85,1280.52,1242.42,1442.86
66332,2026-04-20 16:00:00+00:00,3698,3693.0,3682.0,64.0,3659.0,16,2026-04-20,3573.0,57.0,667.34,0.5189040965171188,0.5822372097709865,0.6068724863969719,0.85,945.56,917.57,1125.17
66332,2026-04-20 17:00:00+00:00,3080,3066.0,3062.0,37.0,3053.0,17,2026-04-20,2991.0,34.0,603.91,0.5189040965171188,0.7128761131977971,0.6600836281762624,0.85,962.78,940.45,1024.48
66332,2026-04-20 18:00:00+00:00,1779,1774.0,1769.0,37.0,1765.0,18,2026-04-20,1697.0,30.0,603.91,0.5189040965171188,0.846313658188328,0.9559344140115521,0.85,660.34,633.46,841.78
66332,2026-04-20 19:00:00+00:00,1426,1419.0,1417.0,30.0,1412.0,19,2026-04-20,1370.0,24.0,587.46,0.5189040965171188,0.9359340011553848,0.8746909896854488,0.85,584.95,565.55,621.82
66332,2026-04-20 20:00:00+00:00,1043,1037.0,1036.0,23.0,1030.0,20,2026-04-20,987.0,19.0,571.01,0.5189040965171188,0.9792008154013185,1.1836428653823972,0.85,447.44,426.28,606.21
66332,2026-04-20 21:00:00+00:00,455,450.0,448.0,9.0,441.0,21,2026-04-20,418.0,6.0,538.12,0.5189040965171188,0.9947411425730011,2.0,0.85,196.56,183.4,433.8
66332,2026-04-20 22:00:00+00:00,181,180.0,180.0,5.0,177.0,22,2026-04-20,168.0,4.0,528.72,0.5189040965171188,0.9989644695743897,2.0,0.85,79.31,74.02,174.35
66332,2026-04-20 23:00:00+00:00,82,80.0,80.0,0.0,79.0,23,2026-04-20,69.0,0.0,516.98,0.5189040965171188,0.9998411962659136,2.0,0.85,35.28,30.43,71.61
66332,2026-04-21 00:00:00+00:00,8,5.0,5.0,0.0,4.0,0,2026-04-21,3.0,0.0,516.98,0.5189040965171188,0.9999810335986662,2.0,0.85,2.21,1.32,3.11
66332,2026-04-21 01:00:00+00:00,6,2.0,2.0,0.0,2.0,1,2026-04-21,2.0,0.0,516.98,0.5189040965171188,0.9999982358498678,2.0,0.85,0.88,0.88,2.08
66332,2026-04-21 02:00:00+00:00,8,5.0,5.0,0.0,5.0,2,2026-04-21,5.0,0.0,516.98,0.5189040965171188,0.9999998722053931,2.0,0.85,2.21,2.21,5.19
66332,2026-04-21 03:00:00+00:00,2,1.0,1.0,0.0,1.0,3,2026-04-21,1.0,0.0,516.98,0.5189040965171188,0.9999999927903216,2.0,0.85,0.44,0.44,1.04
66332,2026-04-21 04:00:00+00:00,14,11.0,10.0,1.0,9.0,4,2026-04-21,8.0,0.0,519.33,0.5189040965171188,0.9999998722053931,2.0,0.85,4.41,3.53,8.3
66332,2026-04-21 05:00:00+00:00,52,47.0,47.0,0.0,43.0,5,2026-04-21,46.0,0.0,516.98,0.5189040965171188,0.9999982358498678,2.0,0.85,20.73,20.29,47.74
66332,2026-04-21 06:00:00+00:00,159,154.0,153.0,11.0,150.0,6,2026-04-21,137.0,9.0,542.82,0.5189040965171188,0.9999810335986662,2.0,0.85,67.48,60.43,142.18
66332,2026-04-21 07:00:00+00:00,343,340.0,340.0,16.0,333.0,7,2026-04-21,312.0,13.0,554.57,0.5189040965171188,0.9998411962659136,2.0,0.85,149.94,137.59,323.8
66332,2026-04-21 08:00:00+00:00,506,501.0,498.0,23.0,487.0,8,2026-04-21,459.0,21.0,571.01,0.5189040965171188,0.9989644695743897,1.3109748307141944,0.85,219.42,202.24,312.24
66332,2026-04-21 09:00:00+00:00,644,639.0,637.0,19.0,620.0,9,2026-04-21,581.0,17.0,561.62,0.5189040965171188,0.9947411425730011,0.9108743897026187,0.85,279.48,254.91,274.61
66332,2026-04-21 10:00:00+00:00,837,829.0,826.0,32.0,762.0,10,2026-04-21,775.0,28.0,592.16,0.5189040965171188,0.9792008154013185,0.6413125,0.85,356.74,334.72,257.9
66332,2026-04-21 11:00:00+00:00,783,781.0,780.0,35.0,755.0,11,2026-04-21,725.0,32.0,599.21,0.5189040965171188,0.9359340011553848,0.5121792951981631,0.85,321.99,299.29,192.68
66332,2026-04-21 12:00:00+00:00,1003,993.0,990.0,44.0,962.0,12,2026-04-21,930.0,35.0,620.35,0.5189040965171188,0.846313658188328,0.5,0.85,369.55,347.15,241.29
66332,2026-04-21 13:00:00+00:00,805,794.0,791.0,33.0,775.0,13,2026-04-21,741.0,28.0,594.51,0.5189040965171188,0.7128761131977971,0.5276120937885643,0.85,248.71,232.99,202.87
66332,2026-04-21 14:00:00+00:00,745,736.0,735.0,24.0,711.0,14,2026-04-21,689.0,19.0,573.36,0.5189040965171188,0.5822372097709865,0.5450440879634548,0.85,188.75,176.94,194.87
66332,2026-04-21 15:00:00+00:00,594,586.0,584.0,31.0,558.0,15,2026-04-21,529.0,27.0,589.81,0.5189040965171188,0.5266127405031122,0.5198338315010892,0.85,135.65,122.87,142.69
66332,2026-04-21 16:00:00+00:00,678,670.0,670.0,33.0,651.0,16,2026-04-21,634.0,26.0,594.51,0.5189040965171188,0.5822372097709865,0.6068724863969719,0.85,172.06,162.82,199.65
66332,2026-04-21 17:00:00+00:00,563,557.0,556.0,22.0,540.0,17,2026-04-21,526.0,21.0,568.67,0.5189040965171188,0.7128761131977971,0.6600836281762624,0.85,174.82,165.39,180.17
66332,2026-04-21 18:00:00+00:00,413,406.0,403.0,16.0,386.0,18,2026-04-21,368.0,14.0,554.57,0.5189040965171188,0.846313658188328,0.9559344140115521,0.85,150.43,137.37,182.54
66332,2026-04-21 19:00:00+00:00,316,310.0,308.0,14.0,299.0,19,2026-04-21,290.0,10.0,549.87,0.5189040965171188,0.9359340011553848,0.8746909896854488,0.85,127.15,119.72,131.63
66332,2026-04-21 20:00:00+00:00,159,153.0,152.0,4.0,145.0,20,2026-04-21,137.0,4.0,526.37,0.5189040965171188,0.9792008154013185,1.1836428653823972,0.85,65.65,59.17,84.15
66332,2026-04-21 21:00:00+00:00,83,83.0,82.0,2.0,78.0,21,2026-04-21,80.0,2.0,521.67,0.5189040965171188,0.9947411425730011,2.0,0.85,35.98,35.1,83.02
66332,2026-04-21 22:00:00+00:00,38,36.0,36.0,0.0,33.0,22,2026-04-21,30.0,0.0,516.98,0.5189040965171188,0.9989644695743897,2.0,0.85,15.86,13.22,31.13
66332,2026-04-21 23:00:00+00:00,12,12.0,12.0,0.0,11.0,23,2026-04-21,10.0,0.0,516.98,0.5189040965171188,0.9998411962659136,2.0,0.85,5.29,4.41,10.38
66332,2026-04-22 00:00:00+00:00,159,154.0,154.0,2.0,154.0,0,2026-04-22,150.0,1.0,521.67,0.5189040965171188,0.9999810335986662,2.0,0.85,67.92,66.16,155.67
66332,2026-04-22 01:00:00+00:00,146,143.0,143.0,0.0,143.0,1,2026-04-22,141.0,0.0,516.98,0.5189040965171188,0.9999982358498678,2.0,0.8656232484589944,64.23,63.33,146.33
66332,2026-04-22 02:00:00+00:00,133,131.0,131.0,0.0,129.0,2,2026-04-22,129.0,0.0,516.98,0.5189040965171188,0.9999998722053931,2.0,0.8833140820644931,60.04,59.13,133.88
66332,2026-04-22 03:00:00+00:00,145,140.0,139.0,1.0,137.0,3,2026-04-22,136.0,1.0,519.33,0.5189040965171188,0.9999999927903216,2.0,0.9073708728915167,65.45,64.03,141.14
66332,2026-04-22 04:00:00+00:00,196,196.0,196.0,2.0,196.0,4,2026-04-22,188.0,2.0,521.67,0.5189040965171188,0.9999998722053931,2.0,0.8729828952419201,88.79,85.16,195.11
66332,2026-04-22 05:00:00+00:00,271,263.0,262.0,11.0,260.0,5,2026-04-22,245.0,9.0,542.82,0.5189040965171188,0.9999982358498678,2.0,0.85,115.56,108.06,254.26
66332,2026-04-22 06:00:00+00:00,701,697.0,697.0,17.0,694.0,6,2026-04-22,663.0,15.0,556.92,0.5189040965171188,0.9999810335986662,2.0,0.8573364138316356,310.07,294.95,688.07
66332,2026-04-22 07:00:00+00:00,1509,1504.0,1502.0,23.0,1501.0,7,2026-04-22,1452.0,20.0,571.01,0.5189040965171188,0.9998411962659136,2.0,0.85,662.38,640.33,1506.9
66332,2026-04-22 08:00:00+00:00,2050,2042.0,2041.0,37.0,2036.0,8,2026-04-22,1961.0,31.0,603.91,0.5189040965171188,0.9989644695743897,1.3109748307141944,0.85,899.29,864.04,1334.01
66332,2026-04-22 09:00:00+00:00,3037,3024.0,3017.0,57.0,3001.0,9,2026-04-22,2911.0,50.0,650.9,0.5189040965171188,0.9947411425730011,0.9108743897026187,0.85,1323.71,1277.2,1375.9
66332,2026-04-22 10:00:00+00:00,4581,4575.0,4571.0,49.0,4552.0,10,2026-04-22,4462.0,43.0,632.1,0.5189040965171188,0.9792008154013185,0.6413125,0.85,1974.19,1927.11,1484.86
66332,2026-04-22 11:00:00+00:00,5877,5870.0,5853.0,74.0,5823.0,11,2026-04-22,5719.0,65.0,690.84,0.5189040965171188,0.9359340011553848,0.5121792951981631,0.85,2416.18,2360.87,1519.95
66332,2026-04-22 12:00:00+00:00,6052,6038.0,6027.0,90.0,6015.0,12,2026-04-22,5902.0,84.0,728.43,0.5189040965171188,0.846313658188328,0.5,0.85,2249.77,2203.11,1531.29
66332,2026-04-22 13:00:00+00:00,5561,5553.0,5542.0,85.0,5526.0,13,2026-04-22,5406.0,78.0,716.68,0.5189040965171188,0.7128761131977971,0.5276120937885643,0.85,1742.56,1699.79,1480.06
66332,2026-04-22 14:00:00+00:00,5180,5173.0,5155.0,70.0,5139.0,14,2026-04-22,5038.0,65.0,681.44,0.5189040965171188,0.5822372097709865,0.5450440879634548,0.85,1323.84,1293.79,1424.88
66332,2026-04-22 15:00:00+00:00,6371,6363.0,6353.0,74.0,6337.0,15,2026-04-22,6235.0,64.0,690.84,0.5189040965171188,0.5266127405031122,0.5198338315010892,0.85,1475.63,1448.22,1681.85
66332,2026-04-22 16:00:00+00:00,5880,5869.0,5864.0,62.0,5844.0,16,2026-04-22,5747.0,60.0,662.65,0.5189040965171188,0.5822372097709865,0.6068724863969719,0.8505548859557296,1506.9,1476.83,1809.78
66332,2026-04-22 17:00:00+00:00,4847,4838.0,4831.0,55.0,4823.0,17,2026-04-22,4708.0,51.0,646.2,0.5189040965171188,0.7128761131977971,0.6600836281762624,0.85,1519.0,1480.32,1612.58
66332,2026-04-22 18:00:00+00:00,3344,3338.0,3329.0,34.0,3321.0,18,2026-04-22,3252.0,30.0,596.86,0.5189040965171188,0.846313658188328,0.9559344140115521,0.85,1242.66,1213.91,1613.12
66332,2026-04-22 19:00:00+00:00,2388,2383.0,2382.0,32.0,2375.0,19,2026-04-22,2312.0,26.0,592.16,0.5189040965171188,0.9359340011553848,0.8746909896854488,0.85,983.32,954.42,1049.37
66332,2026-04-22 20:00:00+00:00,2280,2275.0,2275.0,25.0,2273.0,20,2026-04-22,2221.0,19.0,575.71,0.5189040965171188,0.9792008154013185,1.1836428653823972,0.85,982.56,959.24,1364.13
66332,2026-04-22 21:00:00+00:00,739,735.0,734.0,9.0,729.0,21,2026-04-22,696.0,8.0,538.12,0.5189040965171188,0.9947411425730011,2.0,0.85,322.04,305.37,722.31
66332,2026-04-22 22:00:00+00:00,419,416.0,416.0,4.0,415.0,22,2026-04-22,414.0,4.0,526.37,0.5189040965171188,0.9989644695743897,2.0,0.85,183.29,182.41,429.65
66332,2026-04-22 23:00:00+00:00,245,244.0,244.0,3.0,243.0,23,2026-04-22,238.0,2.0,524.02,0.5189040965171188,0.9998411962659136,2.0,0.85,107.6,104.96,247.0
66332,2026-04-23 00:00:00+00:00,6,0.0,0.0,0.0,0.0,0,2026-04-23,0.0,0.0,516.98,0.5189040965171188,0.9999810335986662,2.0,1.0,0.0,0.0,0.0
66332,2026-04-23 01:00:00+00:00,6,0.0,0.0,0.0,0.0,1,2026-04-23,0.0,0.0,516.98,0.5189040965171188,0.9999982358498678,2.0,1.0,0.0,0.0,0.0
66332,2026-04-23 02:00:00+00:00,3,0.0,0.0,0.0,0.0,2,2026-04-23,0.0,0.0,516.98,0.5189040965171188,0.9999998722053931,2.0,1.0,0.0,0.0,0.0
66332,2026-04-23 03:00:00+00:00,2,0.0,0.0,0.0,0.0,3,2026-04-23,0.0,0.0,516.98,0.5189040965171188,0.9999999927903216,2.0,1.0,0.0,0.0,0.0
66332,2026-04-23 04:00:00+00:00,2,0.0,0.0,0.0,0.0,4,2026-04-23,0.0,0.0,516.98,0.5189040965171188,0.9999998722053931,2.0,1.0,0.0,0.0,0.0
66332,2026-04-23 05:00:00+00:00,8,6.0,6.0,1.0,0.0,5,2026-04-23,4.0,0.0,519.33,0.5189040965171188,0.9999982358498678,2.0,0.85,2.65,1.76,4.15
66332,2026-04-23 06:00:00+00:00,10,4.0,4.0,0.0,0.0,6,2026-04-23,2.0,0.0,516.98,0.5189040965171188,0.9999810335986662,2.0,0.85,1.76,0.88,2.08
66332,2026-04-23 07:00:00+00:00,18,11.0,11.0,0.0,0.0,7,2026-04-23,7.0,0.0,516.98,0.5189040965171188,0.9998411962659136,2.0,0.85,4.85,3.09,7.26
66332,2026-04-23 08:00:00+00:00,17,9.0,9.0,1.0,0.0,8,2026-04-23,5.0,0.0,519.33,0.5189040965171188,0.9989644695743897,1.3109748307141944,0.85,3.97,2.2,3.4
66332,2026-04-23 09:00:00+00:00,21,11.0,10.0,0.0,0.0,9,2026-04-23,6.0,0.0,516.98,0.5189040965171188,0.9947411425730011,0.9108743897026187,0.85,4.39,2.63,2.84
66332,2026-04-23 10:00:00+00:00,30,21.0,21.0,4.0,0.0,10,2026-04-23,11.0,2.0,526.37,0.5189040965171188,0.9792008154013185,0.6413125,0.85,9.07,4.75,3.66
66332,2026-04-23 11:00:00+00:00,17,13.0,12.0,2.0,0.0,11,2026-04-23,6.0,1.0,521.67,0.5189040965171188,0.9359340011553848,0.5121792951981631,0.85,4.95,2.48,1.59
66332,2026-04-23 12:00:00+00:00,25,21.0,20.0,1.0,0.0,12,2026-04-23,9.0,1.0,519.33,0.5189040965171188,0.846313658188328,0.5,0.85,7.47,3.36,2.34
66332,2026-04-23 13:00:00+00:00,21,13.0,13.0,2.0,0.0,13,2026-04-23,6.0,2.0,521.67,0.5189040965171188,0.7128761131977971,0.5276120937885643,0.85,4.09,1.89,1.64
66332,2026-04-23 14:00:00+00:00,33,27.0,26.0,5.0,0.0,14,2026-04-23,21.0,5.0,528.72,0.5189040965171188,0.5822372097709865,0.5450440879634548,0.85,6.68,5.39,5.94
66332,2026-04-23 15:00:00+00:00,28,19.0,19.0,3.0,0.0,15,2026-04-23,13.0,1.0,524.02,0.5189040965171188,0.5266127405031122,0.5198338315010892,0.85,4.41,3.02,3.51
66332,2026-04-23 16:00:00+00:00,37,29.0,25.0,4.0,0.0,16,2026-04-23,17.0,4.0,526.37,0.5189040965171188,0.5822372097709865,0.6068724863969719,0.85,6.42,4.37,5.35
66332,2026-04-23 17:00:00+00:00,26,17.0,17.0,1.0,0.0,17,2026-04-23,8.0,1.0,519.33,0.5189040965171188,0.7128761131977971,0.6600836281762624,0.85,5.35,2.52,2.74
66332,2026-04-23 18:00:00+00:00,26,17.0,15.0,2.0,0.0,18,2026-04-23,9.0,2.0,521.67,0.5189040965171188,0.846313658188328,0.9559344140115521,0.85,5.6,3.36,4.46
66332,2026-04-23 19:00:00+00:00,17,8.0,8.0,1.0,0.0,19,2026-04-23,7.0,1.0,519.33,0.5189040965171188,0.9359340011553848,0.8746909896854488,0.85,3.3,2.89,3.18
66332,2026-04-23 20:00:00+00:00,12,8.0,8.0,1.0,0.0,20,2026-04-23,5.0,1.0,519.33,0.5189040965171188,0.9792008154013185,1.1836428653823972,0.85,3.46,2.16,3.07
66332,2026-04-23 21:00:00+00:00,9,2.0,2.0,0.0,0.0,21,2026-04-23,1.0,0.0,516.98,0.5189040965171188,0.9947411425730011,2.0,0.85,0.88,0.44,1.04
66332,2026-04-23 22:00:00+00:00,4,4.0,4.0,1.0,0.0,22,2026-04-23,1.0,0.0,519.33,0.5189040965171188,0.9989644695743897,2.0,0.85,1.76,0.44,1.04
66332,2026-04-23 23:00:00+00:00,1,0.0,0.0,0.0,0.0,23,2026-04-23,0.0,0.0,516.98,0.5189040965171188,0.9998411962659136,2.0,1.0,0.0,0.0,0.0
66332,2026-04-24 00:00:00+00:00,22,20.0,20.0,2.0,19.0,0,2026-04-24,17.0,0.0,521.67,0.5189040965171188,0.9999810335986662,2.0,0.85,8.82,7.5,17.64
66332,2026-04-24 01:00:00+00:00,6,5.0,5.0,0.0,5.0,1,2026-04-24,5.0,0.0,516.98,0.5189040965171188,0.9999982358498678,2.0,0.85,2.21,2.21,5.19
66332,2026-04-24 02:00:00+00:00,4,2.0,2.0,1.0,1.0,2,2026-04-24,1.0,1.0,519.33,0.5189040965171188,0.9999998722053931,2.0,0.85,0.88,0.44,1.04
66332,2026-04-24 03:00:00+00:00,5,5.0,5.0,0.0,5.0,3,2026-04-24,3.0,0.0,516.98,0.5189040965171188,0.9999999927903216,2.0,0.85,2.21,1.32,3.11
66332,2026-04-24 04:00:00+00:00,21,18.0,18.0,2.0,18.0,4,2026-04-24,12.0,1.0,521.67,0.5189040965171188,0.9999998722053931,2.0,0.85,7.94,5.29,12.45
66332,2026-04-24 05:00:00+00:00,73,69.0,69.0,1.0,67.0,5,2026-04-24,53.0,0.0,519.33,0.5189040965171188,0.9999982358498678,2.0,0.85,30.43,23.38,55.0
66332,2026-04-24 06:00:00+00:00,159,151.0,150.0,10.0,148.0,6,2026-04-24,135.0,8.0,540.47,0.5189040965171188,0.9999810335986662,2.0,0.85,66.16,59.54,140.1
66332,2026-04-24 07:00:00+00:00,446,444.0,444.0,25.0,435.0,7,2026-04-24,390.0,10.0,575.71,0.5189040965171188,0.9998411962659136,2.0,0.85,195.8,171.99,404.75
66332,2026-04-24 08:00:00+00:00,800,796.0,790.0,16.0,782.0,8,2026-04-24,711.0,12.0,554.57,0.5189040965171188,0.9989644695743897,1.3109748307141944,0.85,348.08,313.27,483.67
66332,2026-04-24 09:00:00+00:00,1029,1016.0,1016.0,36.0,997.0,9,2026-04-24,895.0,24.0,601.56,0.5189040965171188,0.9947411425730011,0.9108743897026187,0.85,445.77,392.68,423.03
66332,2026-04-24 10:00:00+00:00,1536,1527.0,1523.0,35.0,1495.0,10,2026-04-24,1369.0,20.0,599.21,0.5189040965171188,0.9792008154013185,0.6413125,0.85,657.78,591.26,455.58
66332,2026-04-24 11:00:00+00:00,1957,1950.0,1945.0,47.0,1917.0,11,2026-04-24,1797.0,25.0,627.4,0.5189040965171188,0.9359340011553848,0.5121792951981631,0.85,802.92,741.82,477.59
66332,2026-04-24 12:00:00+00:00,1654,1651.0,1645.0,52.0,1630.0,12,2026-04-24,1501.0,26.0,639.15,0.5189040965171188,0.846313658188328,0.5,0.85,614.05,560.3,389.44
66332,2026-04-24 13:00:00+00:00,1298,1291.0,1291.0,34.0,1272.0,13,2026-04-24,1184.0,22.0,596.86,0.5189040965171188,0.7128761131977971,0.5276120937885643,0.85,405.93,372.28,324.16
66332,2026-04-24 14:00:00+00:00,1176,1166.0,1162.0,50.0,1142.0,14,2026-04-24,1030.0,32.0,634.45,0.5189040965171188,0.5822372097709865,0.5450440879634548,0.85,298.41,264.51,291.31
66332,2026-04-24 15:00:00+00:00,1177,1166.0,1164.0,36.0,1136.0,15,2026-04-24,1079.0,24.0,601.56,0.5189040965171188,0.5266127405031122,0.5198338315010892,0.85,270.36,250.62,291.05
66332,2026-04-24 16:00:00+00:00,1025,1013.0,1008.0,36.0,994.0,16,2026-04-24,939.0,24.0,601.56,0.5189040965171188,0.5822372097709865,0.6068724863969719,0.85,258.86,241.14,295.7
66332,2026-04-24 17:00:00+00:00,1083,1077.0,1074.0,41.0,1055.0,17,2026-04-24,982.0,24.0,613.31,0.5189040965171188,0.7128761131977971,0.6600836281762624,0.85,337.69,308.77,336.35
66332,2026-04-24 18:00:00+00:00,1008,999.0,997.0,29.0,980.0,18,2026-04-24,928.0,18.0,585.11,0.5189040965171188,0.846313658188328,0.9559344140115521,0.85,372.16,346.41,460.32
66332,2026-04-24 19:00:00+00:00,1049,1036.0,1034.0,24.0,1022.0,19,2026-04-24,966.0,11.0,573.36,0.5189040965171188,0.9359340011553848,0.8746909896854488,0.85,426.85,398.78,438.45
66332,2026-04-24 20:00:00+00:00,476,469.0,467.0,19.0,464.0,20,2026-04-24,429.0,12.0,561.62,0.5189040965171188,0.9792008154013185,1.1836428653823972,0.85,201.69,185.28,263.49
66332,2026-04-24 21:00:00+00:00,225,222.0,222.0,9.0,217.0,21,2026-04-24,196.0,6.0,538.12,0.5189040965171188,0.9947411425730011,2.0,0.85,97.4,85.99,203.41
66332,2026-04-24 22:00:00+00:00,127,121.0,121.0,6.0,108.0,22,2026-04-24,97.0,3.0,531.07,0.5189040965171188,0.9989644695743897,2.0,0.85,53.31,42.74,100.67
66332,2026-04-24 23:00:00+00:00,56,54.0,54.0,2.0,53.0,23,2026-04-24,51.0,1.0,521.67,0.5189040965171188,0.9998411962659136,2.0,0.85,23.81,22.49,52.93
66332,2026-04-25 00:00:00+00:00,233,231.0,230.0,1.0,229.0,0,2026-04-25,228.0,1.0,519.33,0.5189040965171188,0.9999810335986662,2.0,0.881647821370982,105.22,104.31,236.62
66332,2026-04-25 01:00:00+00:00,142,139.0,139.0,0.0,139.0,1,2026-04-25,139.0,0.0,516.98,0.5189040965171188,0.9999982358498678,2.0,0.8637702960000411,62.3,62.3,144.26
66332,2026-04-25 02:00:00+00:00,95,92.0,92.0,2.0,90.0,2,2026-04-25,92.0,2.0,521.67,0.5189040965171188,0.9999998722053931,2.0,0.85,40.58,40.58,95.48
66332,2026-04-25 03:00:00+00:00,77,76.0,76.0,1.0,76.0,3,2026-04-25,75.0,1.0,519.33,0.5189040965171188,0.9999999927903216,2.0,0.85,33.52,33.08,77.84
66332,2026-04-25 04:00:00+00:00,148,140.0,140.0,0.0,139.0,4,2026-04-25,136.0,0.0,516.98,0.5189040965171188,0.9999998722053931,2.0,0.85,61.75,59.99,141.14
66332,2026-04-25 05:00:00+00:00,158,156.0,156.0,1.0,155.0,5,2026-04-25,151.0,1.0,519.33,0.5189040965171188,0.9999982358498678,2.0,0.85,68.81,66.6,156.71
66332,2026-04-25 06:00:00+00:00,316,314.0,314.0,1.0,312.0,6,2026-04-25,306.0,0.0,519.33,0.5189040965171188,0.9999810335986662,2.0,0.85,138.49,134.96,317.57
66332,2026-04-25 07:00:00+00:00,800,791.0,791.0,5.0,787.0,7,2026-04-25,783.0,5.0,528.72,0.5189040965171188,0.9998411962659136,2.0,0.85,348.83,345.3,812.6
66332,2026-04-25 08:00:00+00:00,2086,2077.0,2073.0,12.0,2053.0,8,2026-04-25,2060.0,12.0,545.17,0.5189040965171188,0.9989644695743897,1.3109748307141944,0.85,913.39,907.66,1401.36
66332,2026-04-25 09:00:00+00:00,2608,2601.0,2600.0,11.0,2594.0,9,2026-04-25,2585.0,11.0,542.82,0.5189040965171188,0.9947411425730011,0.9108743897026187,0.85,1140.75,1134.17,1221.82
66332,2026-04-25 10:00:00+00:00,3978,3966.0,3961.0,21.0,3935.0,10,2026-04-25,3926.0,19.0,566.32,0.5189040965171188,0.9792008154013185,0.6413125,0.85,1710.73,1695.62,1306.49
66332,2026-04-25 11:00:00+00:00,4114,4105.0,4104.0,25.0,4084.0,11,2026-04-25,4075.0,23.0,575.71,0.5189040965171188,0.9359340011553848,0.5121792951981631,0.85,1694.18,1682.2,1083.02
66332,2026-04-25 12:00:00+00:00,4544,4535.0,4529.0,36.0,4508.0,12,2026-04-25,4497.0,33.0,601.56,0.5189040965171188,0.846313658188328,0.5,0.85,1690.6,1678.65,1166.76
66332,2026-04-25 13:00:00+00:00,5171,5160.0,5154.0,34.0,5138.0,13,2026-04-25,5119.0,32.0,596.86,0.5189040965171188,0.7128761131977971,0.5276120937885643,0.85,1620.56,1609.55,1401.48
66332,2026-04-25 14:00:00+00:00,5331,5317.0,5307.0,30.0,5281.0,14,2026-04-25,5273.0,28.0,587.46,0.5189040965171188,0.5822372097709865,0.5450440879634548,0.85,1362.87,1354.14,1491.34
66332,2026-04-25 15:00:00+00:00,5097,5091.0,5088.0,35.0,5069.0,15,2026-04-25,5058.0,32.0,599.21,0.5189040965171188,0.5266127405031122,0.5198338315010892,0.85,1181.8,1174.83,1364.36
66332,2026-04-25 16:00:00+00:00,5046,5035.0,5032.0,31.0,5014.0,16,2026-04-25,5013.0,30.0,589.81,0.5189040965171188,0.5822372097709865,0.6068724863969719,0.85,1292.25,1287.37,1578.64
66332,2026-04-25 17:00:00+00:00,4490,4476.0,4473.0,30.0,4463.0,17,2026-04-25,4450.0,28.0,587.46,0.5189040965171188,0.7128761131977971,0.6600836281762624,0.85,1406.43,1399.2,1524.21
66332,2026-04-25 18:00:00+00:00,3112,3108.0,3105.0,31.0,3094.0,18,2026-04-25,3088.0,30.0,589.81,0.5189040965171188,0.846313658188328,0.9559344140115521,0.85,1159.04,1152.7,1531.77
66332,2026-04-25 19:00:00+00:00,5561,5555.0,5549.0,21.0,5542.0,19,2026-04-25,5512.0,21.0,566.32,0.5189040965171188,0.9359340011553848,0.8746909896854488,0.8928862315320212,2406.26,2390.22,2501.79
66332,2026-04-25 20:00:00+00:00,4107,4103.0,4100.0,28.0,4095.0,20,2026-04-25,4058.0,26.0,582.76,0.5189040965171188,0.9792008154013185,1.1836428653823972,0.8923833444476343,1859.06,1840.02,2492.41
66332,2026-04-25 21:00:00+00:00,1874,1868.0,1867.0,7.0,1862.0,21,2026-04-25,1842.0,6.0,533.42,0.5189040965171188,0.9947411425730011,2.0,0.9058909983449562,873.01,861.32,1911.64
66332,2026-04-25 22:00:00+00:00,855,854.0,854.0,2.0,848.0,22,2026-04-25,833.0,2.0,521.67,0.5189040965171188,0.9989644695743897,2.0,0.8985234417906398,397.76,387.98,864.49
66332,2026-04-25 23:00:00+00:00,452,450.0,450.0,5.0,450.0,23,2026-04-25,437.0,3.0,528.72,0.5189040965171188,0.9998411962659136,2.0,0.8980463669153395,209.67,203.61,453.52
66332,2026-04-26 00:00:00+00:00,63,61.0,61.0,0.0,61.0,0,2026-04-26,56.0,0.0,516.98,0.5189040965171188,0.9999810335986662,2.0,0.85,26.9,24.7,58.12
66332,2026-04-26 01:00:00+00:00,42,42.0,42.0,0.0,42.0,1,2026-04-26,41.0,0.0,516.98,0.5189040965171188,0.9999982358498678,2.0,0.85,18.52,18.08,42.55
66332,2026-04-26 02:00:00+00:00,46,45.0,45.0,1.0,44.0,2,2026-04-26,40.0,0.0,519.33,0.5189040965171188,0.9999998722053931,2.0,0.85,19.85,17.64,41.51
66332,2026-04-26 03:00:00+00:00,21,21.0,21.0,0.0,21.0,3,2026-04-26,17.0,0.0,516.98,0.5189040965171188,0.9999999927903216,2.0,0.85,9.26,7.5,17.64
66332,2026-04-26 04:00:00+00:00,49,46.0,46.0,0.0,46.0,4,2026-04-26,38.0,0.0,516.98,0.5189040965171188,0.9999998722053931,2.0,0.85,20.29,16.76,39.44
66332,2026-04-26 05:00:00+00:00,64,61.0,61.0,3.0,60.0,5,2026-04-26,53.0,0.0,524.02,0.5189040965171188,0.9999982358498678,2.0,0.85,26.91,23.38,55.0
66332,2026-04-26 06:00:00+00:00,71,66.0,66.0,4.0,66.0,6,2026-04-26,52.0,0.0,526.37,0.5189040965171188,0.9999810335986662,2.0,0.85,29.11,22.94,53.97
66332,2026-04-26 07:00:00+00:00,210,206.0,206.0,5.0,204.0,7,2026-04-26,165.0,0.0,528.72,0.5189040965171188,0.9998411962659136,2.0,0.85,90.85,72.76,171.24
66332,2026-04-26 08:00:00+00:00,391,384.0,384.0,4.0,382.0,8,2026-04-26,338.0,1.0,526.37,0.5189040965171188,0.9989644695743897,1.3109748307141944,0.85,169.19,148.93,229.93
66332,2026-04-26 09:00:00+00:00,560,551.0,549.0,22.0,542.0,9,2026-04-26,459.0,10.0,568.67,0.5189040965171188,0.9947411425730011,0.9108743897026187,0.85,240.87,201.39,216.95
66332,2026-04-26 10:00:00+00:00,794,784.0,783.0,35.0,771.0,10,2026-04-26,654.0,20.0,599.21,0.5189040965171188,0.9792008154013185,0.6413125,0.85,338.17,282.46,217.64
66332,2026-04-26 11:00:00+00:00,1011,995.0,991.0,36.0,975.0,11,2026-04-26,861.0,15.0,601.56,0.5189040965171188,0.9359340011553848,0.5121792951981631,0.85,409.1,355.43,228.83
66332,2026-04-26 12:00:00+00:00,1328,1319.0,1315.0,45.0,1291.0,12,2026-04-26,1167.0,25.0,622.7,0.5189040965171188,0.846313658188328,0.5,0.85,490.87,435.62,302.78
66332,2026-04-26 13:00:00+00:00,1288,1276.0,1274.0,32.0,1261.0,13,2026-04-26,1126.0,17.0,592.16,0.5189040965171188,0.7128761131977971,0.5276120937885643,0.85,400.58,354.05,308.28
66332,2026-04-26 14:00:00+00:00,1180,1164.0,1162.0,35.0,1148.0,14,2026-04-26,1047.0,21.0,599.21,0.5189040965171188,0.5822372097709865,0.5450440879634548,0.85,298.41,268.88,296.12
66332,2026-04-26 15:00:00+00:00,1054,1044.0,1041.0,26.0,1017.0,15,2026-04-26,917.0,10.0,578.06,0.5189040965171188,0.5266127405031122,0.5198338315010892,0.85,241.8,212.99,247.36
66332,2026-04-26 16:00:00+00:00,666,653.0,651.0,31.0,638.0,16,2026-04-26,562.0,8.0,589.81,0.5189040965171188,0.5822372097709865,0.6068724863969719,0.85,167.18,144.33,176.98
66332,2026-04-26 17:00:00+00:00,1556,1551.0,1548.0,18.0,1537.0,17,2026-04-26,1429.0,4.0,559.27,0.5189040965171188,0.7128761131977971,0.6600836281762624,0.85,486.73,449.32,489.46
66332,2026-04-26 18:00:00+00:00,1133,1131.0,1128.0,11.0,1119.0,18,2026-04-26,1052.0,4.0,542.82,0.5189040965171188,0.846313658188328,0.9559344140115521,0.85,421.06,392.69,521.83
66332,2026-04-26 19:00:00+00:00,1057,1049.0,1049.0,16.0,1045.0,19,2026-04-26,985.0,2.0,554.57,0.5189040965171188,0.9359340011553848,0.8746909896854488,0.85,433.04,406.62,447.07
66332,2026-04-26 20:00:00+00:00,652,647.0,647.0,3.0,645.0,20,2026-04-26,609.0,0.0,524.02,0.5189040965171188,0.9792008154013185,1.1836428653823972,0.85,279.44,263.02,374.05
66332,2026-04-26 21:00:00+00:00,211,210.0,210.0,2.0,206.0,21,2026-04-26,195.0,0.0,521.67,0.5189040965171188,0.9947411425730011,2.0,0.85,92.14,85.56,202.37
66332,2026-04-26 22:00:00+00:00,93,90.0,90.0,1.0,89.0,22,2026-04-26,84.0,0.0,519.33,0.5189040965171188,0.9989644695743897,2.0,0.85,39.66,37.01,87.18
66332,2026-04-26 23:00:00+00:00,57,56.0,56.0,0.0,56.0,23,2026-04-26,54.0,0.0,516.98,0.5189040965171188,0.9998411962659136,2.0,0.85,24.7,23.81,56.04
66333,2026-04-20 00:00:00+00:00,5,0.0,0.0,0.0,0.0,0,2026-04-20,0.0,0.0,516.98,0.5189040965171188,0.9999810335986662,2.0,1.0,0.0,0.0,0.0
66333,2026-04-20 01:00:00+00:00,5,2.0,2.0,0.0,0.0,1,2026-04-20,1.0,0.0,516.98,0.5189040965171188,0.9999982358498678,2.0,0.85,0.88,0.44,1.04
66333,2026-04-20 02:00:00+00:00,6,0.0,0.0,0.0,0.0,2,2026-04-20,0.0,0.0,516.98,0.5189040965171188,0.9999998722053931,2.0,1.0,0.0,0.0,0.0
66333,2026-04-20 03:00:00+00:00,5,1.0,1.0,0.0,0.0,3,2026-04-20,1.0,0.0,516.98,0.5189040965171188,0.9999999927903216,2.0,0.85,0.44,0.44,1.04
66333,2026-04-20 04:00:00+00:00,6,1.0,1.0,0.0,0.0,4,2026-04-20,1.0,0.0,516.98,0.5189040965171188,0.9999998722053931,2.0,0.85,0.44,0.44,1.04
66333,2026-04-20 05:00:00+00:00,9,3.0,3.0,0.0,0.0,5,2026-04-20,1.0,0.0,516.98,0.5189040965171188,0.9999982358498678,2.0,0.85,1.32,0.44,1.04
66333,2026-04-20 06:00:00+00:00,12,7.0,7.0,0.0,0.0,6,2026-04-20,2.0,0.0,516.98,0.5189040965171188,0.9999810335986662,2.0,0.85,3.09,0.88,2.08
66333,2026-04-20 07:00:00+00:00,11,4.0,4.0,0.0,0.0,7,2026-04-20,2.0,0.0,516.98,0.5189040965171188,0.9998411962659136,2.0,0.85,1.76,0.88,2.08
66333,2026-04-20 08:00:00+00:00,5,3.0,3.0,0.0,0.0,8,2026-04-20,1.0,0.0,516.98,0.5189040965171188,0.9989644695743897,2.0,0.85,1.32,0.44,1.04
66333,2026-04-20 09:00:00+00:00,17,11.0,9.0,0.0,0.0,9,2026-04-20,5.0,0.0,516.98,0.5189040965171188,0.9947411425730011,1.827426536064114,0.85,3.95,2.19,4.74
66333,2026-04-20 10:00:00+00:00,24,20.0,20.0,0.0,0.0,10,2026-04-20,12.0,0.0,516.98,0.5189040965171188,0.9792008154013185,1.1640385706182643,0.85,8.64,5.18,7.25
66333,2026-04-20 11:00:00+00:00,20,14.0,12.0,1.0,0.0,11,2026-04-20,3.0,0.0,519.33,0.5189040965171188,0.9359340011553848,0.893815331010453,0.85,4.95,1.24,1.39
66333,2026-04-20 12:00:00+00:00,27,18.0,18.0,0.0,0.0,12,2026-04-20,11.0,0.0,516.98,0.5189040965171188,0.846313658188328,0.8075076729361769,0.85,6.72,4.11,4.61
66333,2026-04-20 13:00:00+00:00,16,11.0,11.0,0.0,0.0,13,2026-04-20,4.0,0.0,516.98,0.5189040965171188,0.7128761131977971,0.767005531469577,0.85,3.46,1.26,1.59
66333,2026-04-20 14:00:00+00:00,16,10.0,9.0,0.0,0.0,14,2026-04-20,5.0,0.0,516.98,0.5189040965171188,0.5822372097709865,0.7747074367685919,0.85,2.31,1.28,2.01
66333,2026-04-20 15:00:00+00:00,20,12.0,12.0,0.0,0.0,15,2026-04-20,4.0,0.0,516.98,0.5189040965171188,0.5266127405031122,1.0,0.85,2.79,0.93,2.08
66333,2026-04-20 16:00:00+00:00,18,14.0,14.0,0.0,0.0,16,2026-04-20,9.0,0.0,516.98,0.5189040965171188,0.5822372097709865,1.1323107481792098,0.85,3.6,2.31,5.29
66333,2026-04-20 17:00:00+00:00,15,3.0,3.0,0.0,0.0,17,2026-04-20,1.0,0.0,516.98,0.5189040965171188,0.7128761131977971,1.2273923444976076,0.85,0.94,0.31,0.64
66333,2026-04-20 18:00:00+00:00,12,7.0,7.0,0.0,0.0,18,2026-04-20,3.0,0.0,516.98,0.5189040965171188,0.846313658188328,1.7090273151232511,0.85,2.61,1.12,2.66
66333,2026-04-20 19:00:00+00:00,6,2.0,2.0,0.0,0.0,19,2026-04-20,2.0,0.0,516.98,0.5189040965171188,0.9359340011553848,2.0,0.85,0.83,0.83,2.08
66333,2026-04-20 20:00:00+00:00,17,10.0,9.0,0.0,0.0,20,2026-04-20,6.0,0.0,516.98,0.5189040965171188,0.9792008154013185,2.0,0.85,3.89,2.59,6.23
66333,2026-04-20 21:00:00+00:00,10,3.0,3.0,0.0,0.0,21,2026-04-20,2.0,0.0,516.98,0.5189040965171188,0.9947411425730011,2.0,0.85,1.32,0.88,2.08
66333,2026-04-20 22:00:00+00:00,6,3.0,3.0,0.0,0.0,22,2026-04-20,2.0,0.0,516.98,0.5189040965171188,0.9989644695743897,2.0,0.85,1.32,0.88,2.08
66333,2026-04-20 23:00:00+00:00,6,1.0,1.0,0.0,0.0,23,2026-04-20,1.0,0.0,516.98,0.5189040965171188,0.9998411962659136,2.0,0.85,0.44,0.44,1.04
66333,2026-04-21 00:00:00+00:00,6,1.0,1.0,0.0,0.0,0,2026-04-21,0.0,0.0,516.98,0.5189040965171188,0.9999810335986662,2.0,0.85,0.44,0.0,0.0
66333,2026-04-21 01:00:00+00:00,3,0.0,0.0,0.0,0.0,1,2026-04-21,0.0,0.0,516.98,0.5189040965171188,0.9999982358498678,2.0,1.0,0.0,0.0,0.0
66333,2026-04-21 02:00:00+00:00,6,0.0,0.0,0.0,0.0,2,2026-04-21,0.0,0.0,516.98,0.5189040965171188,0.9999998722053931,2.0,1.0,0.0,0.0,0.0
66333,2026-04-21 03:00:00+00:00,5,0.0,0.0,0.0,0.0,3,2026-04-21,0.0,0.0,516.98,0.5189040965171188,0.9999999927903216,2.0,1.0,0.0,0.0,0.0
66333,2026-04-21 04:00:00+00:00,6,3.0,3.0,0.0,0.0,4,2026-04-21,1.0,0.0,516.98,0.5189040965171188,0.9999998722053931,2.0,0.85,1.32,0.44,1.04
66333,2026-04-21 05:00:00+00:00,7,0.0,0.0,0.0,0.0,5,2026-04-21,0.0,0.0,516.98,0.5189040965171188,0.9999982358498678,2.0,1.0,0.0,0.0,0.0
66333,2026-04-21 06:00:00+00:00,8,3.0,3.0,0.0,0.0,6,2026-04-21,3.0,0.0,516.98,0.5189040965171188,0.9999810335986662,2.0,0.85,1.32,1.32,3.11
66333,2026-04-21 07:00:00+00:00,2,1.0,1.0,0.0,0.0,7,2026-04-21,0.0,0.0,516.98,0.5189040965171188,0.9998411962659136,2.0,0.85,0.44,0.0,0.0
66333,2026-04-21 08:00:00+00:00,12,11.0,11.0,0.0,0.0,8,2026-04-21,1.0,0.0,516.98,0.5189040965171188,0.9989644695743897,2.0,0.85,4.85,0.44,1.04
66333,2026-04-21 09:00:00+00:00,14,12.0,12.0,0.0,0.0,9,2026-04-21,5.0,0.0,516.98,0.5189040965171188,0.9947411425730011,1.827426536064114,0.85,5.26,2.19,4.74
66333,2026-04-21 10:00:00+00:00,19,14.0,14.0,0.0,0.0,10,2026-04-21,7.0,0.0,516.98,0.5189040965171188,0.9792008154013185,1.1640385706182643,0.85,6.05,3.02,4.23
66333,2026-04-21 11:00:00+00:00,22,16.0,15.0,2.0,0.0,11,2026-04-21,8.0,1.0,521.67,0.5189040965171188,0.9359340011553848,0.893815331010453,0.85,6.19,3.3,3.71
66333,2026-04-21 12:00:00+00:00,22,21.0,20.0,0.0,0.0,12,2026-04-21,7.0,0.0,516.98,0.5189040965171188,0.846313658188328,0.8075076729361769,0.85,7.47,2.61,2.93
66333,2026-04-21 13:00:00+00:00,28,22.0,20.0,1.0,0.0,13,2026-04-21,14.0,1.0,519.33,0.5189040965171188,0.7128761131977971,0.767005531469577,0.85,6.29,4.4,5.57
66333,2026-04-21 14:00:00+00:00,28,23.0,23.0,0.0,0.0,14,2026-04-21,15.0,0.0,516.98,0.5189040965171188,0.5822372097709865,0.7747074367685919,0.85,5.91,3.85,6.03
66333,2026-04-21 15:00:00+00:00,25,23.0,20.0,0.0,0.0,15,2026-04-21,14.0,0.0,516.98,0.5189040965171188,0.5266127405031122,1.0,0.85,4.65,3.25,7.26
66333,2026-04-21 16:00:00+00:00,15,13.0,13.0,0.0,0.0,16,2026-04-21,9.0,0.0,516.98,0.5189040965171188,0.5822372097709865,1.1323107481792098,0.85,3.34,2.31,5.29
66333,2026-04-21 17:00:00+00:00,17,9.0,9.0,0.0,0.0,17,2026-04-21,5.0,0.0,516.98,0.5189040965171188,0.7128761131977971,1.2273923444976076,0.85,2.83,1.57,3.18
66333,2026-04-21 18:00:00+00:00,8,6.0,6.0,0.0,0.0,18,2026-04-21,1.0,0.0,516.98,0.5189040965171188,0.846313658188328,1.7090273151232511,0.85,2.24,0.37,0.89
66333,2026-04-21 19:00:00+00:00,7,2.0,2.0,0.0,0.0,19,2026-04-21,0.0,0.0,516.98,0.5189040965171188,0.9359340011553848,2.0,0.85,0.83,0.0,0.0
66333,2026-04-21 20:00:00+00:00,13,7.0,7.0,0.0,0.0,20,2026-04-21,3.0,0.0,516.98,0.5189040965171188,0.9792008154013185,2.0,0.85,3.02,1.3,3.11
66333,2026-04-21 21:00:00+00:00,7,0.0,0.0,0.0,0.0,21,2026-04-21,0.0,0.0,516.98,0.5189040965171188,0.9947411425730011,2.0,1.0,0.0,0.0,0.0
66333,2026-04-21 22:00:00+00:00,6,0.0,0.0,0.0,0.0,22,2026-04-21,0.0,0.0,516.98,0.5189040965171188,0.9989644695743897,2.0,1.0,0.0,0.0,0.0
66333,2026-04-21 23:00:00+00:00,6,0.0,0.0,0.0,0.0,23,2026-04-21,0.0,0.0,516.98,0.5189040965171188,0.9998411962659136,2.0,1.0,0.0,0.0,0.0
66333,2026-04-22 00:00:00+00:00,5,2.0,2.0,0.0,0.0,0,2026-04-22,1.0,0.0,516.98,0.5189040965171188,0.9999810335986662,2.0,0.85,0.88,0.44,1.04
66333,2026-04-22 01:00:00+00:00,9,2.0,2.0,0.0,0.0,1,2026-04-22,2.0,0.0,516.98,0.5189040965171188,0.9999982358498678,2.0,0.85,0.88,0.88,2.08
66333,2026-04-22 02:00:00+00:00,8,1.0,1.0,0.0,0.0,2,2026-04-22,0.0,0.0,516.98,0.5189040965171188,0.9999998722053931,2.0,0.85,0.44,0.0,0.0
66333,2026-04-22 03:00:00+00:00,7,1.0,1.0,0.0,0.0,3,2026-04-22,0.0,0.0,516.98,0.5189040965171188,0.9999999927903216,2.0,0.85,0.44,0.0,0.0
66333,2026-04-22 04:00:00+00:00,5,0.0,0.0,0.0,0.0,4,2026-04-22,0.0,0.0,516.98,0.5189040965171188,0.9999998722053931,2.0,1.0,0.0,0.0,0.0
66333,2026-04-22 05:00:00+00:00,9,2.0,2.0,0.0,0.0,5,2026-04-22,0.0,0.0,516.98,0.5189040965171188,0.9999982358498678,2.0,0.85,0.88,0.0,0.0
66333,2026-04-22 06:00:00+00:00,13,7.0,7.0,0.0,0.0,6,2026-04-22,7.0,0.0,516.98,0.5189040965171188,0.9999810335986662,2.0,0.85,3.09,3.09,7.26
66333,2026-04-22 07:00:00+00:00,4,2.0,2.0,0.0,0.0,7,2026-04-22,1.0,0.0,516.98,0.5189040965171188,0.9998411962659136,2.0,0.85,0.88,0.44,1.04
66333,2026-04-22 08:00:00+00:00,8,6.0,6.0,0.0,0.0,8,2026-04-22,1.0,0.0,516.98,0.5189040965171188,0.9989644695743897,2.0,0.85,2.64,0.44,1.04
66333,2026-04-22 09:00:00+00:00,17,12.0,10.0,0.0,0.0,9,2026-04-22,5.0,0.0,516.98,0.5189040965171188,0.9947411425730011,1.827426536064114,0.85,4.39,2.19,4.74
66333,2026-04-22 10:00:00+00:00,19,15.0,14.0,0.0,0.0,10,2026-04-22,7.0,0.0,516.98,0.5189040965171188,0.9792008154013185,1.1640385706182643,0.85,6.05,3.02,4.23
66333,2026-04-22 11:00:00+00:00,25,20.0,19.0,0.0,0.0,11,2026-04-22,9.0,0.0,516.98,0.5189040965171188,0.9359340011553848,0.893815331010453,0.85,7.84,3.72,4.17
66333,2026-04-22 12:00:00+00:00,19,16.0,14.0,0.0,0.0,12,2026-04-22,7.0,0.0,516.98,0.5189040965171188,0.846313658188328,0.8075076729361769,0.85,5.23,2.61,2.93
66333,2026-04-22 13:00:00+00:00,20,16.0,15.0,0.0,0.0,13,2026-04-22,10.0,0.0,516.98,0.5189040965171188,0.7128761131977971,0.767005531469577,0.85,4.72,3.14,3.98
66333,2026-04-22 14:00:00+00:00,18,12.0,11.0,0.0,0.0,14,2026-04-22,6.0,0.0,516.98,0.5189040965171188,0.5822372097709865,0.7747074367685919,0.85,2.82,1.54,2.41
66333,2026-04-22 15:00:00+00:00,21,16.0,15.0,0.0,0.0,15,2026-04-22,10.0,0.0,516.98,0.5189040965171188,0.5266127405031122,1.0,0.85,3.48,2.32,5.19
66333,2026-04-22 16:00:00+00:00,25,18.0,16.0,0.0,0.0,16,2026-04-22,13.0,0.0,516.98,0.5189040965171188,0.5822372097709865,1.1323107481792098,0.85,4.11,3.34,7.64
66333,2026-04-22 17:00:00+00:00,9,6.0,6.0,0.0,0.0,17,2026-04-22,2.0,0.0,516.98,0.5189040965171188,0.7128761131977971,1.2273923444976076,0.85,1.89,0.63,1.27
66333,2026-04-22 18:00:00+00:00,15,11.0,9.0,0.0,0.0,18,2026-04-22,3.0,0.0,516.98,0.5189040965171188,0.846313658188328,1.7090273151232511,0.85,3.36,1.12,2.66
66333,2026-04-22 19:00:00+00:00,8,5.0,5.0,0.0,0.0,19,2026-04-22,2.0,0.0,516.98,0.5189040965171188,0.9359340011553848,2.0,0.85,2.06,0.83,2.08
66333,2026-04-22 20:00:00+00:00,7,3.0,2.0,0.0,0.0,20,2026-04-22,2.0,0.0,516.98,0.5189040965171188,0.9792008154013185,2.0,0.85,0.86,0.86,2.08
66333,2026-04-22 21:00:00+00:00,9,4.0,3.0,0.0,0.0,21,2026-04-22,2.0,0.0,516.98,0.5189040965171188,0.9947411425730011,2.0,0.85,1.32,0.88,2.08
66333,2026-04-22 22:00:00+00:00,9,4.0,4.0,0.0,0.0,22,2026-04-22,4.0,0.0,516.98,0.5189040965171188,0.9989644695743897,2.0,0.85,1.76,1.76,4.15
66333,2026-04-22 23:00:00+00:00,6,1.0,1.0,0.0,0.0,23,2026-04-22,0.0,0.0,516.98,0.5189040965171188,0.9998411962659136,2.0,0.85,0.44,0.0,0.0
66333,2026-04-23 00:00:00+00:00,46,40.0,39.0,0.0,39.0,0,2026-04-23,39.0,0.0,516.98,0.5189040965171188,0.9999810335986662,2.0,0.85,17.2,17.2,40.47
66333,2026-04-23 01:00:00+00:00,52,47.0,47.0,0.0,45.0,1,2026-04-23,47.0,0.0,516.98,0.5189040965171188,0.9999982358498678,2.0,0.85,20.73,20.73,48.78
66333,2026-04-23 02:00:00+00:00,40,37.0,36.0,0.0,35.0,2,2026-04-23,35.0,0.0,516.98,0.5189040965171188,0.9999998722053931,2.0,0.85,15.88,15.44,36.32
66333,2026-04-23 03:00:00+00:00,45,41.0,38.0,0.0,36.0,3,2026-04-23,38.0,0.0,516.98,0.5189040965171188,0.9999999927903216,2.0,0.85,16.76,16.76,39.44
66333,2026-04-23 04:00:00+00:00,74,71.0,71.0,0.0,70.0,4,2026-04-23,71.0,0.0,516.98,0.5189040965171188,0.9999998722053931,2.0,0.85,31.32,31.32,73.68
66333,2026-04-23 05:00:00+00:00,178,176.0,172.0,1.0,166.0,5,2026-04-23,170.0,1.0,519.33,0.5189040965171188,0.9999982358498678,2.0,0.85,75.86,74.98,176.43
66333,2026-04-23 06:00:00+00:00,195,192.0,192.0,0.0,189.0,6,2026-04-23,187.0,0.0,516.98,0.5189040965171188,0.9999810335986662,2.0,0.85,84.68,82.48,194.07
66333,2026-04-23 07:00:00+00:00,163,161.0,160.0,3.0,154.0,7,2026-04-23,157.0,3.0,524.02,0.5189040965171188,0.9998411962659136,2.0,0.85,70.56,69.24,162.94
66333,2026-04-23 08:00:00+00:00,395,392.0,388.0,1.0,379.0,8,2026-04-23,380.0,1.0,519.33,0.5189040965171188,0.9989644695743897,2.0,0.85,170.96,167.43,394.37
66333,2026-04-23 09:00:00+00:00,532,527.0,523.0,4.0,518.0,9,2026-04-23,513.0,4.0,526.37,0.5189040965171188,0.9947411425730011,1.827426536064114,0.85,229.47,225.08,486.46
66333,2026-04-23 10:00:00+00:00,833,827.0,824.0,5.0,802.0,10,2026-04-23,806.0,5.0,528.72,0.5189040965171188,0.9792008154013185,1.1640385706182643,0.85,355.88,348.11,486.84
66333,2026-04-23 11:00:00+00:00,1196,1192.0,1191.0,1.0,1179.0,11,2026-04-23,1176.0,1.0,519.33,0.5189040965171188,0.9359340011553848,0.893815331010453,0.85,491.66,485.47,545.43
66333,2026-04-23 12:00:00+00:00,1217,1213.0,1209.0,3.0,1187.0,12,2026-04-23,1188.0,3.0,524.02,0.5189040965171188,0.846313658188328,0.8075076729361769,0.85,451.3,443.46,497.79
66333,2026-04-23 13:00:00+00:00,1546,1538.0,1537.0,14.0,1526.0,13,2026-04-23,1498.0,14.0,549.87,0.5189040965171188,0.7128761131977971,0.767005531469577,0.85,483.27,471.01,596.21
66333,2026-04-23 14:00:00+00:00,1768,1767.0,1766.0,18.0,1753.0,14,2026-04-23,1707.0,17.0,559.27,0.5189040965171188,0.5822372097709865,0.7747074367685919,0.85,453.52,438.37,686.21
66333,2026-04-23 15:00:00+00:00,745,739.0,739.0,11.0,731.0,15,2026-04-23,720.0,10.0,542.82,0.5189040965171188,0.5266127405031122,1.0,0.85,171.65,167.24,373.61
66333,2026-04-23 16:00:00+00:00,1483,1475.0,1471.0,15.0,1458.0,16,2026-04-23,1394.0,13.0,552.22,0.5189040965171188,0.5822372097709865,1.1323107481792098,0.85,377.76,357.99,819.06
66333,2026-04-23 17:00:00+00:00,1300,1296.0,1295.0,14.0,1287.0,17,2026-04-23,1225.0,12.0,549.87,0.5189040965171188,0.7128761131977971,1.2273923444976076,0.85,407.18,385.17,780.2
66333,2026-04-23 18:00:00+00:00,981,972.0,971.0,11.0,967.0,18,2026-04-23,949.0,11.0,542.82,0.5189040965171188,0.846313658188328,1.7090273151232511,0.85,362.46,354.24,841.59
66333,2026-04-23 19:00:00+00:00,396,391.0,391.0,1.0,389.0,19,2026-04-23,378.0,1.0,519.33,0.5189040965171188,0.9359340011553848,2.0,0.85,161.41,156.04,392.29
66333,2026-04-23 20:00:00+00:00,653,649.0,646.0,4.0,643.0,20,2026-04-23,591.0,3.0,526.37,0.5189040965171188,0.9792008154013185,2.0,0.85,279.0,255.25,613.34
66333,2026-04-23 21:00:00+00:00,556,553.0,551.0,0.0,549.0,21,2026-04-23,472.0,0.0,516.98,0.5189040965171188,0.9947411425730011,2.0,0.85,241.75,207.09,489.85
66333,2026-04-23 22:00:00+00:00,576,573.0,572.0,2.0,569.0,22,2026-04-23,492.0,0.0,521.67,0.5189040965171188,0.9989644695743897,2.0,0.85,252.03,216.78,510.6
66333,2026-04-23 23:00:00+00:00,140,134.0,134.0,0.0,133.0,23,2026-04-23,111.0,0.0,516.98,0.5189040965171188,0.9998411962659136,2.0,0.85,59.09,48.95,115.2
66333,2026-04-24 00:00:00+00:00,54,48.0,46.0,1.0,45.0,0,2026-04-24,46.0,1.0,519.33,0.5189040965171188,0.9999810335986662,2.0,0.85,20.29,20.29,47.74
66333,2026-04-24 01:00:00+00:00,26,26.0,24.0,0.0,24.0,1,2026-04-24,24.0,0.0,516.98,0.5189040965171188,0.9999982358498678,2.0,0.85,10.59,10.59,24.91
66333,2026-04-24 02:00:00+00:00,36,33.0,33.0,0.0,33.0,2,2026-04-24,32.0,0.0,516.98,0.5189040965171188,0.9999998722053931,2.0,0.85,14.56,14.11,33.21
66333,2026-04-24 03:00:00+00:00,18,17.0,16.0,1.0,16.0,3,2026-04-24,15.0,1.0,519.33,0.5189040965171188,0.9999999927903216,2.0,0.85,7.06,6.62,15.57
66333,2026-04-24 04:00:00+00:00,62,61.0,59.0,1.0,59.0,4,2026-04-24,59.0,1.0,519.33,0.5189040965171188,0.9999998722053931,2.0,0.85,26.02,26.02,61.23
66333,2026-04-24 05:00:00+00:00,245,243.0,243.0,1.0,240.0,5,2026-04-24,238.0,1.0,519.33,0.5189040965171188,0.9999982358498678,2.0,0.85,107.18,104.97,247.0
66333,2026-04-24 06:00:00+00:00,212,209.0,208.0,2.0,204.0,6,2026-04-24,205.0,2.0,521.67,0.5189040965171188,0.9999810335986662,2.0,0.85,91.74,90.42,212.75
66333,2026-04-24 07:00:00+00:00,204,202.0,201.0,3.0,197.0,7,2026-04-24,196.0,3.0,524.02,0.5189040965171188,0.9998411962659136,2.0,0.85,88.64,86.44,203.41
66333,2026-04-24 08:00:00+00:00,550,547.0,546.0,14.0,545.0,8,2026-04-24,540.0,13.0,549.87,0.5189040965171188,0.9989644695743897,2.0,0.85,240.57,237.93,560.42
66333,2026-04-24 09:00:00+00:00,930,925.0,918.0,10.0,910.0,9,2026-04-24,888.0,9.0,540.47,0.5189040965171188,0.9947411425730011,1.827426536064114,0.85,402.77,389.61,842.05
66333,2026-04-24 10:00:00+00:00,1631,1630.0,1623.0,15.0,1615.0,10,2026-04-24,1586.0,14.0,552.22,0.5189040965171188,0.9792008154013185,1.1640385706182643,0.85,700.96,684.98,957.98
66333,2026-04-24 11:00:00+00:00,2065,2061.0,2060.0,23.0,2044.0,11,2026-04-24,2005.0,19.0,571.01,0.5189040965171188,0.9359340011553848,0.893815331010453,0.85,850.39,827.69,929.93
66333,2026-04-24 12:00:00+00:00,2382,2379.0,2375.0,32.0,2366.0,12,2026-04-24,2323.0,31.0,592.16,0.5189040965171188,0.846313658188328,0.8075076729361769,0.85,886.55,867.13,973.38
66333,2026-04-24 13:00:00+00:00,2313,2309.0,2307.0,32.0,2297.0,13,2026-04-24,2269.0,31.0,592.16,0.5189040965171188,0.7128761131977971,0.767005531469577,0.85,725.38,713.44,903.07
66333,2026-04-24 14:00:00+00:00,2194,2186.0,2184.0,32.0,2174.0,14,2026-04-24,2145.0,27.0,592.16,0.5189040965171188,0.5822372097709865,0.7747074367685919,0.85,560.87,550.85,862.29
66333,2026-04-24 15:00:00+00:00,2050,2045.0,2042.0,28.0,2021.0,15,2026-04-24,2002.0,26.0,582.76,0.5189040965171188,0.5266127405031122,1.0,0.85,474.3,465.01,1038.85
66333,2026-04-24 16:00:00+00:00,2083,2080.0,2080.0,32.0,2068.0,16,2026-04-24,2050.0,31.0,592.16,0.5189040965171188,0.5822372097709865,1.1323107481792098,0.85,534.16,526.45,1204.5
66333,2026-04-24 17:00:00+00:00,1791,1787.0,1786.0,33.0,1778.0,17,2026-04-24,1744.0,25.0,594.51,0.5189040965171188,0.7128761131977971,1.2273923444976076,0.85,561.57,548.36,1110.75
66333,2026-04-24 18:00:00+00:00,1625,1620.0,1616.0,22.0,1604.0,18,2026-04-24,1575.0,18.0,568.67,0.5189040965171188,0.846313658188328,1.7090273151232511,0.85,603.22,587.92,1396.74
66333,2026-04-24 19:00:00+00:00,1013,1010.0,1010.0,10.0,1007.0,19,2026-04-24,998.0,8.0,540.47,0.5189040965171188,0.9359340011553848,2.0,0.85,416.94,411.99,1035.73
66333,2026-04-24 20:00:00+00:00,1756,1749.0,1746.0,15.0,1739.0,20,2026-04-24,1719.0,14.0,552.22,0.5189040965171188,0.9792008154013185,2.0,0.85,754.09,742.43,1783.99
66333,2026-04-24 21:00:00+00:00,765,761.0,758.0,7.0,757.0,21,2026-04-24,746.0,6.0,533.42,0.5189040965171188,0.9947411425730011,2.0,0.85,332.57,327.31,774.2
66333,2026-04-24 22:00:00+00:00,509,501.0,499.0,3.0,499.0,22,2026-04-24,496.0,3.0,524.02,0.5189040965171188,0.9989644695743897,2.0,0.85,219.87,218.54,514.75
66333,2026-04-24 23:00:00+00:00,207,206.0,204.0,3.0,203.0,23,2026-04-24,202.0,3.0,524.02,0.5189040965171188,0.9998411962659136,2.0,0.85,89.96,89.08,209.64
66333,2026-04-25 00:00:00+00:00,300,294.0,293.0,1.0,292.0,0,2026-04-25,226.0,1.0,519.33,0.5189040965171188,0.9999810335986662,2.0,0.8663824911005366,131.72,101.6,234.54
66333,2026-04-25 01:00:00+00:00,177,173.0,170.0,2.0,168.0,1,2026-04-25,144.0,2.0,521.67,0.5189040965171188,0.9999982358498678,2.0,0.8608507460975127,75.94,64.32,149.44
66333,2026-04-25 02:00:00+00:00,63,60.0,60.0,3.0,59.0,2,2026-04-25,54.0,2.0,524.02,0.5189040965171188,0.9999998722053931,2.0,0.85,26.46,23.82,56.04
66333,2026-04-25 03:00:00+00:00,85,83.0,80.0,1.0,79.0,3,2026-04-25,60.0,1.0,519.33,0.5189040965171188,0.9999999927903216,2.0,0.85,35.29,26.46,62.27
66333,2026-04-25 04:00:00+00:00,102,98.0,96.0,2.0,96.0,4,2026-04-25,88.0,1.0,521.67,0.5189040965171188,0.9999998722053931,2.0,0.85,42.34,38.81,91.33
66333,2026-04-25 05:00:00+00:00,206,204.0,203.0,7.0,201.0,5,2026-04-25,181.0,5.0,533.42,0.5189040965171188,0.9999982358498678,2.0,0.85,89.54,79.83,187.84
66333,2026-04-25 06:00:00+00:00,305,302.0,299.0,7.0,295.0,6,2026-04-25,259.0,6.0,533.42,0.5189040965171188,0.9999810335986662,2.0,0.85,131.88,114.23,268.79
66333,2026-04-25 07:00:00+00:00,383,380.0,379.0,9.0,376.0,7,2026-04-25,308.0,5.0,538.12,0.5189040965171188,0.9998411962659136,2.0,0.85,167.14,135.83,319.64
66333,2026-04-25 08:00:00+00:00,1453,1445.0,1439.0,39.0,1432.0,8,2026-04-25,1272.0,22.0,608.61,0.5189040965171188,0.9989644695743897,2.0,0.8691834021840072,648.35,573.11,1320.09
66333,2026-04-25 09:00:00+00:00,2568,2564.0,2561.0,32.0,2551.0,9,2026-04-25,2189.0,18.0,592.16,0.5189040965171188,0.9947411425730011,1.827426536064114,0.8682292246848508,1147.73,981.02,2075.74
66333,2026-04-25 10:00:00+00:00,3638,3637.0,3623.0,49.0,3607.0,10,2026-04-25,3127.0,31.0,632.1,0.5189040965171188,0.9792008154013185,1.1640385706182643,0.8560237904831337,1575.84,1360.11,1888.78
66333,2026-04-25 11:00:00+00:00,4494,4490.0,4476.0,53.0,4463.0,11,2026-04-25,3970.0,32.0,641.5,0.5189040965171188,0.9359340011553848,0.893815331010453,0.852760926572806,1853.74,1644.18,1841.3
66333,2026-04-25 12:00:00+00:00,4947,4943.0,4932.0,44.0,4913.0,12,2026-04-25,4419.0,31.0,620.35,0.5189040965171188,0.846313658188328,0.8075076729361769,0.8534776362557491,1848.56,1656.28,1851.65
66333,2026-04-25 13:00:00+00:00,5386,5381.0,5370.0,69.0,5360.0,13,2026-04-25,4840.0,44.0,679.09,0.5189040965171188,0.7128761131977971,0.767005531469577,0.8585550073590975,1705.47,1537.14,1926.33
66333,2026-04-25 14:00:00+00:00,4907,4902.0,4888.0,49.0,4875.0,14,2026-04-25,4426.0,29.0,632.1,0.5189040965171188,0.5822372097709865,0.7747074367685919,0.85,1255.27,1136.63,1779.25
66333,2026-04-25 15:00:00+00:00,4425,4422.0,4415.0,52.0,4406.0,15,2026-04-25,3953.0,29.0,639.15,0.5189040965171188,0.5266127405031122,1.0,0.866683580833448,1045.61,936.19,2051.23
66333,2026-04-25 16:00:00+00:00,4020,4014.0,4003.0,47.0,3990.0,16,2026-04-25,3576.0,30.0,627.4,0.5189040965171188,0.5822372097709865,1.1323107481792098,0.8698132475711235,1051.96,939.75,2101.12
66333,2026-04-25 17:00:00+00:00,3397,3388.0,3382.0,52.0,3368.0,17,2026-04-25,2994.0,28.0,639.15,0.5189040965171188,0.7128761131977971,1.2273923444976076,0.8572486853860428,1072.46,949.42,1906.88
66333,2026-04-25 18:00:00+00:00,2187,2181.0,2180.0,41.0,2173.0,18,2026-04-25,1959.0,24.0,613.31,0.5189040965171188,0.846313658188328,1.7090273151232511,0.85,813.76,731.26,1737.28
66333,2026-04-25 19:00:00+00:00,2703,2701.0,2698.0,26.0,2695.0,19,2026-04-25,2452.0,12.0,578.06,0.5189040965171188,0.9359340011553848,2.0,0.896867511132481,1175.18,1068.02,2544.71
66333,2026-04-25 20:00:00+00:00,2036,2032.0,2026.0,21.0,2020.0,20,2026-04-25,1806.0,10.0,566.32,0.5189040965171188,0.9792008154013185,2.0,0.8560517009697567,881.25,785.56,1874.28
66333,2026-04-25 21:00:00+00:00,1361,1356.0,1354.0,8.0,1351.0,21,2026-04-25,1239.0,3.0,535.77,0.5189040965171188,0.9947411425730011,2.0,0.8724945971094223,609.79,558.0,1285.84
66333,2026-04-25 22:00:00+00:00,697,695.0,695.0,5.0,693.0,22,2026-04-25,615.0,2.0,528.72,0.5189040965171188,0.9989644695743897,2.0,0.85,306.23,270.98,638.25
66333,2026-04-25 23:00:00+00:00,279,277.0,274.0,4.0,273.0,23,2026-04-25,232.0,3.0,526.37,0.5189040965171188,0.9998411962659136,2.0,0.85,120.83,102.31,240.77
66333,2026-04-26 00:00:00+00:00,219,214.0,213.0,1.0,211.0,0,2026-04-26,170.0,1.0,519.33,0.5189040965171188,0.9999810335986662,2.0,0.85,93.95,74.98,176.43
66333,2026-04-26 01:00:00+00:00,155,153.0,152.0,1.0,152.0,1,2026-04-26,124.0,0.0,519.33,0.5189040965171188,0.9999982358498678,2.0,0.85,67.04,54.69,128.69
66333,2026-04-26 02:00:00+00:00,147,145.0,143.0,2.0,142.0,2,2026-04-26,117.0,1.0,521.67,0.5189040965171188,0.9999998722053931,2.0,0.8871189921475422,65.83,53.86,121.42
66333,2026-04-26 03:00:00+00:00,179,179.0,179.0,2.0,179.0,3,2026-04-26,145.0,0.0,521.67,0.5189040965171188,0.9999999927903216,2.0,0.893146278255539,82.96,67.2,150.48
66333,2026-04-26 04:00:00+00:00,179,176.0,175.0,0.0,175.0,4,2026-04-26,140.0,0.0,516.98,0.5189040965171188,0.9999998722053931,2.0,0.8542996071500324,77.58,62.06,145.29
66333,2026-04-26 05:00:00+00:00,285,283.0,282.0,2.0,281.0,5,2026-04-26,215.0,2.0,521.67,0.5189040965171188,0.9999982358498678,2.0,0.85,124.38,94.83,223.13
66333,2026-04-26 06:00:00+00:00,280,275.0,271.0,8.0,271.0,6,2026-04-26,220.0,5.0,535.77,0.5189040965171188,0.9999810335986662,2.0,0.85,119.53,97.03,228.32
66333,2026-04-26 07:00:00+00:00,516,510.0,508.0,8.0,507.0,7,2026-04-26,367.0,3.0,535.77,0.5189040965171188,0.9998411962659136,2.0,0.85,224.03,161.85,380.88
66333,2026-04-26 08:00:00+00:00,862,860.0,857.0,10.0,854.0,8,2026-04-26,624.0,3.0,540.47,0.5189040965171188,0.9989644695743897,2.0,0.85,377.6,274.94,647.59
66333,2026-04-26 09:00:00+00:00,1609,1603.0,1600.0,26.0,1591.0,9,2026-04-26,1290.0,13.0,578.06,0.5189040965171188,0.9947411425730011,1.827426536064114,0.85,702.0,565.99,1223.25
66333,2026-04-26 10:00:00+00:00,2732,2726.0,2715.0,46.0,2706.0,10,2026-04-26,2177.0,30.0,625.05,0.5189040965171188,0.9792008154013185,1.1640385706182643,0.85,1172.59,940.23,1314.96
66333,2026-04-26 11:00:00+00:00,3740,3734.0,3729.0,37.0,3707.0,11,2026-04-26,2995.0,22.0,603.91,0.5189040965171188,0.9359340011553848,0.893815331010453,0.85,1539.37,1236.37,1389.09
66333,2026-04-26 12:00:00+00:00,4176,4167.0,4160.0,50.0,4152.0,12,2026-04-26,3422.0,27.0,634.45,0.5189040965171188,0.846313658188328,0.8075076729361769,0.85,1552.85,1277.37,1433.88
66333,2026-04-26 13:00:00+00:00,4152,4141.0,4134.0,50.0,4123.0,13,2026-04-26,3362.0,26.0,634.45,0.5189040965171188,0.7128761131977971,0.767005531469577,0.85,1299.84,1057.1,1338.08
66333,2026-04-26 14:00:00+00:00,4401,4390.0,4382.0,40.0,4374.0,14,2026-04-26,3755.0,26.0,610.96,0.5189040965171188,0.5822372097709865,0.7747074367685919,0.85,1125.33,964.31,1509.51
66333,2026-04-26 15:00:00+00:00,3055,3048.0,3038.0,44.0,3028.0,15,2026-04-26,2515.0,23.0,620.35,0.5189040965171188,0.5266127405031122,1.0,0.85,705.64,584.16,1305.04
66333,2026-04-26 16:00:00+00:00,1484,1481.0,1477.0,19.0,1472.0,16,2026-04-26,1239.0,16.0,561.62,0.5189040965171188,0.5822372097709865,1.1323107481792098,0.85,379.3,318.18,727.99
66333,2026-04-26 17:00:00+00:00,1901,1898.0,1892.0,28.0,1887.0,17,2026-04-26,1463.0,17.0,582.76,0.5189040965171188,0.7128761131977971,1.2273923444976076,0.85,594.9,460.01,931.78
66333,2026-04-26 18:00:00+00:00,1232,1230.0,1225.0,13.0,1219.0,18,2026-04-26,963.0,11.0,547.52,0.5189040965171188,0.846313658188328,1.7090273151232511,0.85,457.27,359.47,854.01
66333,2026-04-26 19:00:00+00:00,967,961.0,959.0,5.0,956.0,19,2026-04-26,745.0,4.0,528.72,0.5189040965171188,0.9359340011553848,2.0,0.85,395.89,307.54,773.17
66333,2026-04-26 20:00:00+00:00,684,679.0,678.0,3.0,675.0,20,2026-04-26,500.0,1.0,524.02,0.5189040965171188,0.9792008154013185,2.0,0.85,292.82,215.95,518.9
66333,2026-04-26 21:00:00+00:00,423,418.0,416.0,5.0,415.0,21,2026-04-26,319.0,5.0,528.72,0.5189040965171188,0.9947411425730011,2.0,0.85,182.52,139.96,331.06
66333,2026-04-26 22:00:00+00:00,151,150.0,150.0,2.0,150.0,22,2026-04-26,122.0,2.0,521.67,0.5189040965171188,0.9989644695743897,2.0,0.85,66.09,53.75,126.61
66333,2026-04-26 23:00:00+00:00,108,105.0,103.0,1.0,102.0,23,2026-04-26,89.0,0.0,519.33,0.5189040965171188,0.9998411962659136,2.0,0.85,45.42,39.25,92.36
66335,2026-04-20 00:00:00+00:00,840,824.0,821.0,0.0,817.0,0,2026-04-20,819.0,0.0,516.98,0.5189040965171188,0.9999810335986662,1.65127132281944,0.85,362.11,361.23,701.76
66335,2026-04-20 01:00:00+00:00,801,800.0,797.0,0.0,791.0,1,2026-04-20,796.0,0.0,516.98,0.5189040965171188,0.9999982358498678,1.6807534807534807,0.85,351.53,351.09,694.23
66335,2026-04-20 02:00:00+00:00,780,773.0,770.0,0.0,765.0,2,2026-04-20,768.0,0.0,516.98,0.5189040965171188,0.9999998722053931,1.6600873645041256,0.85,339.62,338.74,661.58
66335,2026-04-20 03:00:00+00:00,824,821.0,816.0,0.0,811.0,3,2026-04-20,815.0,0.0,516.98,0.5189040965171188,0.9999999927903216,1.6871095034528116,0.85,359.91,359.47,713.49
66335,2026-04-20 04:00:00+00:00,785,781.0,778.0,0.0,775.0,4,2026-04-20,776.0,0.0,516.98,0.5189040965171188,0.9999998722053931,1.6871095034528116,0.85,343.15,342.27,679.35
66335,2026-04-20 05:00:00+00:00,908,902.0,896.0,1.0,889.0,5,2026-04-20,885.0,1.0,519.33,0.5189040965171188,0.9999982358498678,1.4131662305467567,0.85,395.2,390.34,648.97
66335,2026-04-20 06:00:00+00:00,832,824.0,820.0,1.0,814.0,6,2026-04-20,805.0,1.0,519.33,0.5189040965171188,0.9999810335986662,1.6706284597850862,0.85,361.67,355.05,697.85
66335,2026-04-20 07:00:00+00:00,460,451.0,450.0,2.0,445.0,7,2026-04-20,440.0,2.0,521.67,0.5189040965171188,0.9998411962659136,2.0,0.85,198.45,194.04,456.64
66335,2026-04-20 08:00:00+00:00,748,741.0,737.0,3.0,724.0,8,2026-04-20,720.0,3.0,524.02,0.5189040965171188,0.9989644695743897,1.518348623853211,0.85,324.73,317.24,567.27
66335,2026-04-20 09:00:00+00:00,1196,1185.0,1182.0,4.0,1167.0,9,2026-04-20,1144.0,3.0,526.37,0.5189040965171188,0.9947411425730011,0.9869193036452822,0.85,518.6,501.93,585.86
66335,2026-04-20 10:00:00+00:00,1595,1589.0,1581.0,5.0,1563.0,10,2026-04-20,1530.0,4.0,528.72,0.5189040965171188,0.9792008154013185,0.6151309873508782,0.85,682.83,660.8,488.37
66335,2026-04-20 11:00:00+00:00,2002,1990.0,1982.0,13.0,1969.0,11,2026-04-20,1926.0,11.0,547.52,0.5189040965171188,0.9359340011553848,0.5,0.85,818.19,795.07,499.7
66335,2026-04-20 12:00:00+00:00,1800,1788.0,1784.0,5.0,1769.0,12,2026-04-20,1738.0,5.0,528.72,0.5189040965171188,0.846313658188328,0.5,0.85,665.94,648.76,450.93
66335,2026-04-20 13:00:00+00:00,1995,1985.0,1983.0,4.0,1961.0,13,2026-04-20,1943.0,3.0,526.37,0.5189040965171188,0.7128761131977971,0.5,0.85,623.51,610.93,504.12
66335,2026-04-20 14:00:00+00:00,2141,2127.0,2119.0,9.0,2108.0,14,2026-04-20,2094.0,7.0,538.12,0.5189040965171188,0.5822372097709865,0.5,0.85,544.17,537.75,543.29
66335,2026-04-20 15:00:00+00:00,1948,1943.0,1939.0,5.0,1911.0,15,2026-04-20,1896.0,3.0,528.72,0.5189040965171188,0.5266127405031122,0.5188874841972188,0.85,450.38,440.39,510.5
66335,2026-04-20 16:00:00+00:00,1558,1552.0,1548.0,5.0,1533.0,16,2026-04-20,1524.0,4.0,528.72,0.5189040965171188,0.5822372097709865,0.627200488997555,0.85,397.54,391.37,496.0
66335,2026-04-20 17:00:00+00:00,1395,1388.0,1382.0,2.0,1371.0,17,2026-04-20,1370.0,2.0,521.67,0.5189040965171188,0.7128761131977971,0.7285055023074193,0.85,434.54,430.77,517.89
66335,2026-04-20 18:00:00+00:00,1043,1036.0,1032.0,4.0,1024.0,18,2026-04-20,1014.0,3.0,526.37,0.5189040965171188,0.846313658188328,0.9538018218999814,0.85,385.23,378.51,501.86
66335,2026-04-20 19:00:00+00:00,644,634.0,631.0,2.0,628.0,19,2026-04-20,622.0,0.0,521.67,0.5189040965171188,0.9359340011553848,1.7627555402851744,0.85,260.48,256.77,568.94
66335,2026-04-20 20:00:00+00:00,679,672.0,670.0,0.0,660.0,20,2026-04-20,658.0,0.0,516.98,0.5189040965171188,0.9792008154013185,1.7315221059736754,0.85,289.37,284.19,591.21
66335,2026-04-20 21:00:00+00:00,687,682.0,682.0,0.0,678.0,21,2026-04-20,673.0,0.0,516.98,0.5189040965171188,0.9947411425730011,1.6078031964901285,0.85,299.23,295.28,561.48
66335,2026-04-20 22:00:00+00:00,894,888.0,886.0,0.0,881.0,22,2026-04-20,885.0,0.0,516.98,0.5189040965171188,0.9989644695743897,1.4170694655434333,0.85,390.38,389.94,650.76
66335,2026-04-20 23:00:00+00:00,1146,1141.0,1137.0,1.0,1135.0,23,2026-04-20,1132.0,1.0,519.33,0.5189040965171188,0.9998411962659136,1.4951187527320413,0.85,501.42,499.21,878.23
66335,2026-04-21 00:00:00+00:00,164,155.0,155.0,0.0,151.0,0,2026-04-21,153.0,0.0,516.98,0.5189040965171188,0.9999810335986662,1.65127132281944,0.85,68.36,67.48,131.1
66335,2026-04-21 01:00:00+00:00,185,181.0,180.0,0.0,175.0,1,2026-04-21,179.0,0.0,516.98,0.5189040965171188,0.9999982358498678,1.6807534807534807,0.85,79.39,78.95,156.11
66335,2026-04-21 02:00:00+00:00,182,180.0,180.0,0.0,176.0,2,2026-04-21,178.0,0.0,516.98,0.5189040965171188,0.9999998722053931,1.6600873645041256,0.85,79.39,78.51,153.33
66335,2026-04-21 03:00:00+00:00,191,189.0,188.0,0.0,186.0,3,2026-04-21,187.0,0.0,516.98,0.5189040965171188,0.9999999927903216,1.6871095034528116,0.85,82.92,82.48,163.71
66335,2026-04-21 04:00:00+00:00,193,189.0,189.0,0.0,184.0,4,2026-04-21,186.0,0.0,516.98,0.5189040965171188,0.9999998722053931,1.6871095034528116,0.85,83.36,82.04,162.83
66335,2026-04-21 05:00:00+00:00,230,227.0,226.0,0.0,221.0,5,2026-04-21,225.0,0.0,516.98,0.5189040965171188,0.9999982358498678,1.4131662305467567,0.85,99.68,99.24,164.99
66335,2026-04-21 06:00:00+00:00,284,281.0,281.0,1.0,277.0,6,2026-04-21,277.0,1.0,519.33,0.5189040965171188,0.9999810335986662,1.6706284597850862,0.85,123.94,122.17,240.13
66335,2026-04-21 07:00:00+00:00,220,217.0,216.0,2.0,212.0,7,2026-04-21,214.0,2.0,521.67,0.5189040965171188,0.9998411962659136,2.0,0.85,95.26,94.37,222.09
66335,2026-04-21 08:00:00+00:00,372,361.0,360.0,1.0,345.0,8,2026-04-21,349.0,1.0,519.33,0.5189040965171188,0.9989644695743897,1.518348623853211,0.85,158.62,153.77,274.97
66335,2026-04-21 09:00:00+00:00,418,413.0,412.0,1.0,392.0,9,2026-04-21,401.0,1.0,519.33,0.5189040965171188,0.9947411425730011,0.9869193036452822,0.85,180.76,175.94,205.36
66335,2026-04-21 10:00:00+00:00,621,610.0,608.0,2.0,595.0,10,2026-04-21,593.0,2.0,521.67,0.5189040965171188,0.9792008154013185,0.6151309873508782,0.85,262.59,256.11,189.28
66335,2026-04-21 11:00:00+00:00,937,926.0,925.0,2.0,910.0,11,2026-04-21,909.0,1.0,521.67,0.5189040965171188,0.9359340011553848,0.5,0.85,381.85,375.25,235.84
66335,2026-04-21 12:00:00+00:00,987,975.0,970.0,3.0,950.0,12,2026-04-21,947.0,2.0,524.02,0.5189040965171188,0.846313658188328,0.5,0.85,362.08,353.5,245.7
66335,2026-04-21 13:00:00+00:00,1030,1020.0,1018.0,5.0,1001.0,13,2026-04-21,1004.0,3.0,528.72,0.5189040965171188,0.7128761131977971,0.5,0.85,320.09,315.68,260.49
66335,2026-04-21 14:00:00+00:00,1047,1034.0,1030.0,2.0,1010.0,14,2026-04-21,1011.0,2.0,521.67,0.5189040965171188,0.5822372097709865,0.5,0.85,264.51,259.63,262.31
66335,2026-04-21 15:00:00+00:00,955,949.0,946.0,1.0,934.0,15,2026-04-21,933.0,1.0,519.33,0.5189040965171188,0.5266127405031122,0.5188874841972188,0.85,219.73,216.71,251.21
66335,2026-04-21 16:00:00+00:00,1290,1280.0,1275.0,7.0,1255.0,16,2026-04-21,1257.0,6.0,533.42,0.5189040965171188,0.5822372097709865,0.627200488997555,0.85,327.43,322.81,409.1
66335,2026-04-21 17:00:00+00:00,1044,1036.0,1033.0,4.0,1024.0,17,2026-04-21,1019.0,2.0,526.37,0.5189040965171188,0.7128761131977971,0.7285055023074193,0.85,324.8,320.4,385.21
66335,2026-04-21 18:00:00+00:00,769,757.0,754.0,1.0,746.0,18,2026-04-21,745.0,1.0,519.33,0.5189040965171188,0.846313658188328,0.9538018218999814,0.85,281.45,278.1,368.72
66335,2026-04-21 19:00:00+00:00,419,412.0,411.0,1.0,405.0,19,2026-04-21,407.0,1.0,519.33,0.5189040965171188,0.9359340011553848,1.7627555402851744,0.85,169.67,168.01,372.28
66335,2026-04-21 20:00:00+00:00,450,442.0,440.0,1.0,425.0,20,2026-04-21,428.0,1.0,519.33,0.5189040965171188,0.9792008154013185,1.7315221059736754,0.85,190.03,184.85,384.56
66335,2026-04-21 21:00:00+00:00,446,442.0,439.0,0.0,437.0,21,2026-04-21,432.0,0.0,516.98,0.5189040965171188,0.9947411425730011,1.6078031964901285,0.85,192.61,189.54,360.42
66335,2026-04-21 22:00:00+00:00,492,487.0,483.0,0.0,478.0,22,2026-04-21,479.0,0.0,516.98,0.5189040965171188,0.9989644695743897,1.4170694655434333,0.85,212.82,211.05,352.22
66335,2026-04-21 23:00:00+00:00,424,422.0,420.0,0.0,418.0,23,2026-04-21,419.0,0.0,516.98,0.5189040965171188,0.9998411962659136,1.4951187527320413,0.85,185.22,184.78,325.07
66335,2026-04-22 00:00:00+00:00,238,231.0,231.0,0.0,227.0,0,2026-04-22,229.0,0.0,516.98,0.5189040965171188,0.9999810335986662,1.65127132281944,0.85,101.88,101.0,196.22
66335,2026-04-22 01:00:00+00:00,205,203.0,203.0,0.0,201.0,1,2026-04-22,202.0,0.0,516.98,0.5189040965171188,0.9999982358498678,1.6807534807534807,0.85,89.54,89.1,176.17
66335,2026-04-22 02:00:00+00:00,192,189.0,188.0,0.0,184.0,2,2026-04-22,186.0,0.0,516.98,0.5189040965171188,0.9999998722053931,1.6600873645041256,0.85,82.92,82.04,160.23
66335,2026-04-22 03:00:00+00:00,236,232.0,232.0,0.0,227.0,3,2026-04-22,229.0,0.0,516.98,0.5189040965171188,0.9999999927903216,1.6871095034528116,0.85,102.33,101.0,200.48
66335,2026-04-22 04:00:00+00:00,194,188.0,188.0,0.0,182.0,4,2026-04-22,186.0,0.0,516.98,0.5189040965171188,0.9999998722053931,1.6871095034528116,0.85,82.92,82.04,162.83
66335,2026-04-22 05:00:00+00:00,263,257.0,257.0,0.0,249.0,5,2026-04-22,253.0,0.0,516.98,0.5189040965171188,0.9999982358498678,1.4131662305467567,0.85,113.35,111.59,185.52
66335,2026-04-22 06:00:00+00:00,220,217.0,217.0,0.0,212.0,6,2026-04-22,215.0,0.0,516.98,0.5189040965171188,0.9999810335986662,1.6706284597850862,0.85,95.71,94.83,186.38
66335,2026-04-22 07:00:00+00:00,221,215.0,215.0,1.0,210.0,7,2026-04-22,213.0,1.0,519.33,0.5189040965171188,0.9998411962659136,2.0,0.85,94.81,93.93,221.05
66335,2026-04-22 08:00:00+00:00,328,317.0,316.0,0.0,306.0,8,2026-04-22,307.0,0.0,516.98,0.5189040965171188,0.9989644695743897,1.518348623853211,0.85,139.23,135.27,241.88
66335,2026-04-22 09:00:00+00:00,479,467.0,467.0,2.0,452.0,9,2026-04-22,451.0,2.0,521.67,0.5189040965171188,0.9947411425730011,0.9869193036452822,0.85,204.9,197.88,230.96
66335,2026-04-22 10:00:00+00:00,678,673.0,671.0,0.0,654.0,10,2026-04-22,655.0,0.0,516.98,0.5189040965171188,0.9792008154013185,0.6151309873508782,0.85,289.8,282.89,209.07
66335,2026-04-22 11:00:00+00:00,948,940.0,937.0,0.0,919.0,11,2026-04-22,919.0,0.0,516.98,0.5189040965171188,0.9359340011553848,0.5,0.85,386.8,379.37,238.44
66335,2026-04-22 12:00:00+00:00,1262,1250.0,1246.0,4.0,1228.0,12,2026-04-22,1213.0,4.0,526.37,0.5189040965171188,0.846313658188328,0.5,0.85,465.11,452.79,314.72
66335,2026-04-22 13:00:00+00:00,1515,1509.0,1504.0,3.0,1493.0,13,2026-04-22,1476.0,2.0,524.02,0.5189040965171188,0.7128761131977971,0.5,0.85,472.9,464.09,382.95
66335,2026-04-22 14:00:00+00:00,2011,2001.0,1996.0,6.0,1973.0,14,2026-04-22,1960.0,6.0,531.07,0.5189040965171188,0.5822372097709865,0.5,0.85,512.59,503.34,508.53
66335,2026-04-22 15:00:00+00:00,1715,1708.0,1702.0,7.0,1690.0,15,2026-04-22,1671.0,7.0,533.42,0.5189040965171188,0.5266127405031122,0.5188874841972188,0.85,395.33,388.13,449.92
66335,2026-04-22 16:00:00+00:00,1532,1519.0,1517.0,5.0,1501.0,16,2026-04-22,1487.0,4.0,528.72,0.5189040965171188,0.5822372097709865,0.627200488997555,0.85,389.58,381.87,483.95
66335,2026-04-22 17:00:00+00:00,1302,1296.0,1292.0,8.0,1283.0,17,2026-04-22,1270.0,8.0,535.77,0.5189040965171188,0.7128761131977971,0.7285055023074193,0.85,406.24,399.32,480.09
66335,2026-04-22 18:00:00+00:00,897,886.0,881.0,4.0,870.0,18,2026-04-22,865.0,4.0,526.37,0.5189040965171188,0.846313658188328,0.9538018218999814,0.85,328.86,322.89,428.12
66335,2026-04-22 19:00:00+00:00,461,454.0,451.0,0.0,447.0,19,2026-04-22,442.0,0.0,516.98,0.5189040965171188,0.9359340011553848,1.7627555402851744,0.85,186.18,182.46,404.3
66335,2026-04-22 20:00:00+00:00,406,396.0,393.0,1.0,386.0,20,2026-04-22,382.0,1.0,519.33,0.5189040965171188,0.9792008154013185,1.7315221059736754,0.85,169.73,164.98,343.22
66335,2026-04-22 21:00:00+00:00,496,491.0,491.0,0.0,488.0,21,2026-04-22,486.0,0.0,516.98,0.5189040965171188,0.9947411425730011,1.6078031964901285,0.85,215.43,213.23,405.47
66335,2026-04-22 22:00:00+00:00,520,515.0,515.0,0.0,512.0,22,2026-04-22,509.0,0.0,516.98,0.5189040965171188,0.9989644695743897,1.4170694655434333,0.85,226.92,224.27,374.28
66335,2026-04-22 23:00:00+00:00,450,446.0,446.0,0.0,442.0,23,2026-04-22,443.0,0.0,516.98,0.5189040965171188,0.9998411962659136,1.4951187527320413,0.85,196.69,195.36,343.69
66335,2026-04-23 00:00:00+00:00,1432,1408.0,1404.0,0.0,1401.0,0,2026-04-23,1403.0,0.0,516.98,0.5189040965171188,0.9999810335986662,1.65127132281944,0.85,619.25,618.81,1202.16
66335,2026-04-23 01:00:00+00:00,1391,1385.0,1381.0,0.0,1378.0,1,2026-04-23,1380.0,0.0,516.98,0.5189040965171188,0.9999982358498678,1.6807534807534807,0.85,609.11,608.67,1203.57
66335,2026-04-23 02:00:00+00:00,1480,1474.0,1468.0,0.0,1465.0,2,2026-04-23,1467.0,0.0,516.98,0.5189040965171188,0.9999998722053931,1.6600873645041256,0.85,647.49,647.05,1263.71
66335,2026-04-23 03:00:00+00:00,1421,1417.0,1413.0,0.0,1410.0,3,2026-04-23,1412.0,0.0,516.98,0.5189040965171188,0.9999999927903216,1.6871095034528116,0.85,623.23,622.79,1236.13
66335,2026-04-23 04:00:00+00:00,1435,1430.0,1426.0,0.0,1421.0,4,2026-04-23,1421.0,0.0,516.98,0.5189040965171188,0.9999998722053931,1.6871095034528116,0.85,628.96,626.76,1244.01
66335,2026-04-23 05:00:00+00:00,1566,1561.0,1557.0,2.0,1553.0,5,2026-04-23,1545.0,1.0,521.67,0.5189040965171188,0.9999982358498678,1.4131662305467567,0.85,686.74,681.45,1132.95
66335,2026-04-23 06:00:00+00:00,1500,1496.0,1491.0,6.0,1482.0,6,2026-04-23,1457.0,4.0,531.07,0.5189040965171188,0.9999810335986662,1.6706284597850862,0.85,657.62,642.62,1263.07
66335,2026-04-23 07:00:00+00:00,1011,1009.0,1003.0,11.0,997.0,7,2026-04-23,985.0,7.0,542.82,0.5189040965171188,0.9998411962659136,2.0,0.85,442.32,434.38,1022.24
66335,2026-04-23 08:00:00+00:00,1433,1429.0,1419.0,11.0,1408.0,8,2026-04-23,1387.0,10.0,542.82,0.5189040965171188,0.9989644695743897,1.518348623853211,0.85,625.23,611.13,1092.79
66335,2026-04-23 09:00:00+00:00,1772,1765.0,1748.0,12.0,1733.0,9,2026-04-23,1714.0,10.0,545.17,0.5189040965171188,0.9947411425730011,0.9869193036452822,0.85,766.93,752.02,877.77
66335,2026-04-23 10:00:00+00:00,2809,2803.0,2782.0,21.0,2757.0,10,2026-04-23,2704.0,18.0,566.32,0.5189040965171188,0.9792008154013185,0.6151309873508782,0.85,1201.53,1167.84,863.1
66335,2026-04-23 11:00:00+00:00,3695,3689.0,3672.0,18.0,3657.0,11,2026-04-23,3600.0,15.0,559.27,0.5189040965171188,0.9359340011553848,0.5,0.85,1515.84,1486.12,934.03
66335,2026-04-23 12:00:00+00:00,3694,3686.0,3665.0,22.0,3647.0,12,2026-04-23,3606.0,19.0,568.67,0.5189040965171188,0.846313658188328,0.5,0.85,1368.08,1346.06,935.58
66335,2026-04-23 13:00:00+00:00,3169,3160.0,3148.0,27.0,3136.0,13,2026-04-23,3095.0,23.0,580.41,0.5189040965171188,0.7128761131977971,0.5,0.85,989.82,973.15,803.0
66335,2026-04-23 14:00:00+00:00,3272,3259.0,3245.0,18.0,3230.0,14,2026-04-23,3174.0,13.0,559.27,0.5189040965171188,0.5822372097709865,0.5,0.85,833.34,815.1,823.5
66335,2026-04-23 15:00:00+00:00,3451,3444.0,3429.0,26.0,3418.0,15,2026-04-23,3379.0,25.0,578.06,0.5189040965171188,0.5266127405031122,0.5188874841972188,0.85,796.46,784.85,909.81
66335,2026-04-23 16:00:00+00:00,3543,3537.0,3524.0,34.0,3506.0,16,2026-04-23,3463.0,33.0,596.86,0.5189040965171188,0.5822372097709865,0.627200488997555,0.85,904.99,889.32,1127.06
66335,2026-04-23 17:00:00+00:00,3149,3141.0,3125.0,19.0,3112.0,17,2026-04-23,3078.0,13.0,561.62,0.5189040965171188,0.7128761131977971,0.7285055023074193,0.85,982.58,967.81,1163.56
66335,2026-04-23 18:00:00+00:00,2514,2509.0,2500.0,17.0,2486.0,18,2026-04-23,2463.0,13.0,556.92,0.5189040965171188,0.846313658188328,0.9538018218999814,0.85,933.21,919.39,1219.02
66335,2026-04-23 19:00:00+00:00,1180,1170.0,1160.0,5.0,1151.0,19,2026-04-23,1141.0,4.0,528.72,0.5189040965171188,0.9359340011553848,1.7627555402851744,0.85,478.86,471.02,1043.67
66335,2026-04-23 20:00:00+00:00,1394,1385.0,1373.0,5.0,1358.0,20,2026-04-23,1356.0,4.0,528.72,0.5189040965171188,0.9792008154013185,1.7315221059736754,0.85,592.99,585.65,1218.36
66335,2026-04-23 21:00:00+00:00,1491,1485.0,1477.0,2.0,1465.0,21,2026-04-23,1464.0,2.0,521.67,0.5189040965171188,0.9947411425730011,1.6078031964901285,0.85,648.03,642.33,1221.41
66335,2026-04-23 22:00:00+00:00,1748,1739.0,1729.0,2.0,1713.0,22,2026-04-23,1711.0,1.0,521.67,0.5189040965171188,0.9989644695743897,1.4170694655434333,0.85,761.82,753.89,1258.14
66335,2026-04-23 23:00:00+00:00,1540,1537.0,1529.0,1.0,1518.0,23,2026-04-23,1521.0,1.0,519.33,0.5189040965171188,0.9998411962659136,1.4951187527320413,0.85,674.29,670.76,1180.03
66335,2026-04-24 00:00:00+00:00,1457,1429.0,1420.0,0.0,1414.0,0,2026-04-24,1412.0,0.0,516.98,0.5189040965171188,0.9999810335986662,1.65127132281944,0.85,626.31,622.78,1209.87
66335,2026-04-24 01:00:00+00:00,1494,1490.0,1482.0,0.0,1480.0,1,2026-04-24,1477.0,0.0,516.98,0.5189040965171188,0.9999982358498678,1.6807534807534807,0.85,653.66,651.46,1288.17
66335,2026-04-24 02:00:00+00:00,1495,1487.0,1483.0,1.0,1481.0,2,2026-04-24,1480.0,1.0,519.33,0.5189040965171188,0.9999998722053931,1.6600873645041256,0.85,654.1,652.78,1274.91
66335,2026-04-24 03:00:00+00:00,1448,1444.0,1438.0,0.0,1435.0,3,2026-04-24,1436.0,0.0,516.98,0.5189040965171188,0.9999999927903216,1.6871095034528116,0.85,634.26,633.37,1257.14
66335,2026-04-24 04:00:00+00:00,1486,1482.0,1475.0,3.0,1471.0,4,2026-04-24,1462.0,1.0,524.02,0.5189040965171188,0.9999998722053931,1.6871095034528116,0.85,650.58,644.84,1279.91
66335,2026-04-24 05:00:00+00:00,1541,1538.0,1533.0,2.0,1530.0,5,2026-04-24,1507.0,1.0,521.67,0.5189040965171188,0.9999982358498678,1.4131662305467567,0.85,676.16,664.69,1105.08
66335,2026-04-24 06:00:00+00:00,1371,1368.0,1363.0,4.0,1361.0,6,2026-04-24,1334.0,1.0,526.37,0.5189040965171188,0.9999810335986662,1.6706284597850862,0.85,601.16,588.37,1156.44
66335,2026-04-24 07:00:00+00:00,1105,1101.0,1095.0,4.0,1085.0,7,2026-04-24,1063.0,2.0,526.37,0.5189040965171188,0.9998411962659136,2.0,0.85,482.89,468.78,1103.19
66335,2026-04-24 08:00:00+00:00,1438,1430.0,1424.0,11.0,1414.0,8,2026-04-24,1358.0,7.0,542.82,0.5189040965171188,0.9989644695743897,1.518348623853211,0.85,627.43,598.35,1069.94
66335,2026-04-24 09:00:00+00:00,2389,2379.0,2366.0,17.0,2353.0,9,2026-04-24,2272.0,12.0,556.92,0.5189040965171188,0.9947411425730011,0.9869193036452822,0.85,1038.08,996.84,1163.53
66335,2026-04-24 10:00:00+00:00,3708,3701.0,3682.0,35.0,3666.0,10,2026-04-24,3540.0,17.0,599.21,0.5189040965171188,0.9792008154013185,0.6151309873508782,0.85,1590.24,1528.91,1129.95
66335,2026-04-24 11:00:00+00:00,4265,4259.0,4237.0,28.0,4225.0,11,2026-04-24,4108.0,16.0,582.76,0.5189040965171188,0.9359340011553848,0.5,0.85,1749.08,1695.83,1065.83
66335,2026-04-24 12:00:00+00:00,4631,4621.0,4605.0,33.0,4588.0,12,2026-04-24,4490.0,26.0,594.51,0.5189040965171188,0.846313658188328,0.5,0.85,1718.96,1676.04,1164.94
66335,2026-04-24 13:00:00+00:00,4465,4456.0,4441.0,37.0,4425.0,13,2026-04-24,4334.0,32.0,603.91,0.5189040965171188,0.7128761131977971,0.5,0.85,1396.37,1362.73,1124.47
66335,2026-04-24 14:00:00+00:00,4042,4030.0,4011.0,27.0,3996.0,14,2026-04-24,3888.0,21.0,580.41,0.5189040965171188,0.5822372097709865,0.5,0.85,1030.05,998.46,1008.75
66335,2026-04-24 15:00:00+00:00,4409,4402.0,4383.0,24.0,4368.0,15,2026-04-24,4275.0,18.0,573.36,0.5189040965171188,0.5266127405031122,0.5188874841972188,0.85,1018.05,992.96,1151.06
66335,2026-04-24 16:00:00+00:00,4084,4072.0,4052.0,32.0,4033.0,16,2026-04-24,3925.0,26.0,592.16,0.5189040965171188,0.5822372097709865,0.627200488997555,0.85,1040.58,1007.97,1277.42
66335,2026-04-24 17:00:00+00:00,3576,3562.0,3551.0,22.0,3539.0,17,2026-04-24,3444.0,16.0,568.67,0.5189040965171188,0.7128761131977971,0.7285055023074193,0.85,1116.53,1082.89,1301.92
66335,2026-04-24 18:00:00+00:00,3105,3097.0,3084.0,26.0,3072.0,18,2026-04-24,2985.0,23.0,578.06,0.5189040965171188,0.846313658188328,0.9538018218999814,0.85,1151.2,1114.25,1477.37
66335,2026-04-24 19:00:00+00:00,1185,1178.0,1171.0,6.0,1162.0,19,2026-04-24,1129.0,6.0,531.07,0.5189040965171188,0.9359340011553848,1.7627555402851744,0.85,483.4,466.06,1032.7
66335,2026-04-24 20:00:00+00:00,1583,1569.0,1561.0,7.0,1552.0,20,2026-04-24,1485.0,5.0,533.42,0.5189040965171188,0.9792008154013185,1.7315221059736754,0.85,674.19,641.36,1334.26
66335,2026-04-24 21:00:00+00:00,1459,1454.0,1450.0,1.0,1447.0,21,2026-04-24,1419.0,1.0,519.33,0.5189040965171188,0.9947411425730011,1.6078031964901285,0.85,636.19,622.58,1183.87
66335,2026-04-24 22:00:00+00:00,1613,1605.0,1601.0,3.0,1597.0,22,2026-04-24,1585.0,2.0,524.02,0.5189040965171188,0.9989644695743897,1.4170694655434333,0.85,705.42,698.37,1165.49
66335,2026-04-24 23:00:00+00:00,1455,1450.0,1444.0,1.0,1440.0,23,2026-04-24,1429.0,0.0,519.33,0.5189040965171188,0.9998411962659136,1.4951187527320413,0.85,636.8,630.19,1108.65
66335,2026-04-25 00:00:00+00:00,736,715.0,712.0,0.0,709.0,0,2026-04-25,707.0,0.0,516.98,0.5189040965171188,0.9999810335986662,1.65127132281944,0.85,314.03,311.83,605.79
66335,2026-04-25 01:00:00+00:00,732,729.0,726.0,0.0,722.0,1,2026-04-25,719.0,0.0,516.98,0.5189040965171188,0.9999982358498678,1.6807534807534807,0.85,320.22,317.13,627.08
66335,2026-04-25 02:00:00+00:00,715,712.0,712.0,0.0,710.0,2,2026-04-25,709.0,0.0,516.98,0.5189040965171188,0.9999998722053931,1.6600873645041256,0.85,314.04,312.72,610.75
66335,2026-04-25 03:00:00+00:00,718,714.0,712.0,0.0,710.0,3,2026-04-25,703.0,0.0,516.98,0.5189040965171188,0.9999999927903216,1.6871095034528116,0.85,314.04,310.07,615.44
66335,2026-04-25 04:00:00+00:00,752,749.0,748.0,1.0,743.0,4,2026-04-25,746.0,1.0,519.33,0.5189040965171188,0.9999998722053931,1.6871095034528116,0.85,329.92,329.04,653.08
66335,2026-04-25 05:00:00+00:00,1219,1217.0,1215.0,3.0,1212.0,5,2026-04-25,1196.0,3.0,524.02,0.5189040965171188,0.9999982358498678,1.4131662305467567,0.85,535.9,527.52,877.02
66335,2026-04-25 06:00:00+00:00,897,890.0,889.0,3.0,886.0,6,2026-04-25,844.0,2.0,524.02,0.5189040965171188,0.9999810335986662,1.6706284597850862,0.85,392.1,372.25,731.66
66335,2026-04-25 07:00:00+00:00,631,625.0,623.0,6.0,618.0,7,2026-04-25,601.0,5.0,531.07,0.5189040965171188,0.9998411962659136,2.0,0.85,274.74,265.04,623.72
66335,2026-04-25 08:00:00+00:00,1287,1280.0,1274.0,8.0,1265.0,8,2026-04-25,1205.0,7.0,535.77,0.5189040965171188,0.9989644695743897,1.518348623853211,0.85,561.34,530.94,949.39
66335,2026-04-25 09:00:00+00:00,2430,2423.0,2413.0,17.0,2398.0,9,2026-04-25,2241.0,11.0,556.92,0.5189040965171188,0.9947411425730011,0.9869193036452822,0.85,1058.7,983.24,1147.65
66335,2026-04-25 10:00:00+00:00,3379,3368.0,3355.0,32.0,3336.0,10,2026-04-25,3191.0,27.0,592.16,0.5189040965171188,0.9792008154013185,0.6151309873508782,0.85,1449.01,1378.18,1018.55
66335,2026-04-25 11:00:00+00:00,3825,3814.0,3802.0,31.0,3782.0,11,2026-04-25,3615.0,24.0,589.81,0.5189040965171188,0.9359340011553848,0.5,0.85,1569.51,1492.31,937.92
66335,2026-04-25 12:00:00+00:00,4066,4052.0,4045.0,31.0,4030.0,12,2026-04-25,3841.0,23.0,589.81,0.5189040965171188,0.846313658188328,0.5,0.85,1509.93,1433.78,996.56
66335,2026-04-25 13:00:00+00:00,3189,3179.0,3171.0,30.0,3156.0,13,2026-04-25,3036.0,24.0,587.46,0.5189040965171188,0.7128761131977971,0.5,0.85,997.05,954.6,787.7
66335,2026-04-25 14:00:00+00:00,3047,3031.0,3024.0,35.0,3007.0,14,2026-04-25,2899.0,34.0,599.21,0.5189040965171188,0.5822372097709865,0.5,0.85,776.58,744.48,752.15
66335,2026-04-25 15:00:00+00:00,2823,2811.0,2805.0,28.0,2787.0,15,2026-04-25,2717.0,26.0,582.76,0.5189040965171188,0.5266127405031122,0.5188874841972188,0.85,651.52,631.08,731.56
66335,2026-04-25 16:00:00+00:00,2565,2551.0,2543.0,27.0,2526.0,16,2026-04-25,2391.0,20.0,580.41,0.5189040965171188,0.5822372097709865,0.627200488997555,0.85,653.06,614.02,778.17
66335,2026-04-25 17:00:00+00:00,2238,2226.0,2222.0,26.0,2203.0,17,2026-04-25,2123.0,22.0,578.06,0.5189040965171188,0.7128761131977971,0.7285055023074193,0.85,698.66,667.53,802.55
66335,2026-04-25 18:00:00+00:00,1430,1427.0,1423.0,15.0,1407.0,18,2026-04-25,1358.0,9.0,552.22,0.5189040965171188,0.846313658188328,0.9538018218999814,0.85,531.18,506.92,672.12
66335,2026-04-25 19:00:00+00:00,1111,1102.0,1098.0,13.0,1092.0,19,2026-04-25,1016.0,5.0,547.52,0.5189040965171188,0.9359340011553848,1.7627555402851744,0.85,453.27,419.42,929.34
66335,2026-04-25 20:00:00+00:00,685,682.0,679.0,9.0,672.0,20,2026-04-25,631.0,5.0,538.12,0.5189040965171188,0.9792008154013185,1.7315221059736754,0.85,293.26,272.53,566.95
66335,2026-04-25 21:00:00+00:00,679,675.0,674.0,5.0,670.0,21,2026-04-25,643.0,2.0,528.72,0.5189040965171188,0.9947411425730011,1.6078031964901285,0.85,295.72,282.12,536.45
66335,2026-04-25 22:00:00+00:00,673,671.0,668.0,3.0,666.0,22,2026-04-25,642.0,2.0,524.02,0.5189040965171188,0.9989644695743897,1.4170694655434333,0.85,294.33,282.87,472.08
66335,2026-04-25 23:00:00+00:00,675,670.0,669.0,0.0,666.0,23,2026-04-25,643.0,0.0,516.98,0.5189040965171188,0.9998411962659136,1.4951187527320413,0.85,295.03,283.56,498.85
66335,2026-04-26 00:00:00+00:00,1531,1512.0,1507.0,2.0,1505.0,0,2026-04-26,1472.0,0.0,521.67,0.5189040965171188,0.9999810335986662,1.65127132281944,0.85,664.68,649.24,1261.29
66335,2026-04-26 01:00:00+00:00,1378,1373.0,1370.0,0.0,1368.0,1,2026-04-26,1353.0,0.0,516.98,0.5189040965171188,0.9999982358498678,1.6807534807534807,0.85,604.26,596.76,1180.02
66335,2026-04-26 02:00:00+00:00,1422,1419.0,1419.0,0.0,1416.0,2,2026-04-26,1415.0,0.0,516.98,0.5189040965171188,0.9999998722053931,1.6600873645041256,0.85,625.88,624.11,1218.92
66335,2026-04-26 03:00:00+00:00,1328,1324.0,1322.0,1.0,1319.0,3,2026-04-26,1307.0,0.0,519.33,0.5189040965171188,0.9999999927903216,1.6871095034528116,0.85,583.09,576.48,1144.21
66335,2026-04-26 04:00:00+00:00,1328,1325.0,1323.0,2.0,1321.0,4,2026-04-26,1315.0,1.0,521.67,0.5189040965171188,0.9999998722053931,1.6871095034528116,0.85,583.53,580.0,1151.21
66335,2026-04-26 05:00:00+00:00,1638,1635.0,1633.0,2.0,1631.0,5,2026-04-26,1621.0,0.0,521.67,0.5189040965171188,0.9999982358498678,1.4131662305467567,0.85,720.26,714.97,1188.68
66335,2026-04-26 06:00:00+00:00,1164,1159.0,1153.0,3.0,1150.0,6,2026-04-26,1133.0,1.0,524.02,0.5189040965171188,0.9999810335986662,1.6706284597850862,0.85,508.54,499.72,982.19
66335,2026-04-26 07:00:00+00:00,890,886.0,880.0,4.0,876.0,7,2026-04-26,810.0,3.0,526.37,0.5189040965171188,0.9998411962659136,2.0,0.85,388.08,357.21,840.62
66335,2026-04-26 08:00:00+00:00,1314,1307.0,1297.0,12.0,1292.0,8,2026-04-26,1171.0,3.0,545.17,0.5189040965171188,0.9989644695743897,1.518348623853211,0.85,571.47,515.96,922.6
66335,2026-04-26 09:00:00+00:00,1900,1895.0,1887.0,13.0,1877.0,9,2026-04-26,1784.0,5.0,547.52,0.5189040965171188,0.9947411425730011,0.9869193036452822,0.85,827.92,782.73,913.62
66335,2026-04-26 10:00:00+00:00,4113,4107.0,4089.0,29.0,4068.0,10,2026-04-26,3914.0,20.0,585.11,0.5189040965171188,0.9792008154013185,0.6151309873508782,0.85,1766.02,1690.44,1249.33
66335,2026-04-26 11:00:00+00:00,5687,5676.0,5659.0,37.0,5634.0,11,2026-04-26,5472.0,33.0,603.91,0.5189040965171188,0.9359340011553848,0.5,0.85,2336.1,2258.9,1419.72
66335,2026-04-26 12:00:00+00:00,6381,6372.0,6355.0,27.0,6343.0,12,2026-04-26,6199.0,21.0,580.41,0.5189040965171188,0.846313658188328,0.5,0.85,2372.21,2313.98,1608.34
66335,2026-04-26 13:00:00+00:00,5778,5759.0,5741.0,28.0,5724.0,13,2026-04-26,5655.0,22.0,582.76,0.5189040965171188,0.7128761131977971,0.5,0.85,1805.13,1778.09,1467.2
66335,2026-04-26 14:00:00+00:00,6029,6012.0,5998.0,37.0,5988.0,14,2026-04-26,5844.0,29.0,603.91,0.5189040965171188,0.5822372097709865,0.5,0.85,1540.33,1500.78,1516.24
66335,2026-04-26 15:00:00+00:00,4689,4677.0,4659.0,32.0,4651.0,15,2026-04-26,4534.0,22.0,592.16,0.5189040965171188,0.5266127405031122,0.5188874841972188,0.85,1082.16,1053.12,1220.79
66335,2026-04-26 16:00:00+00:00,2023,2012.0,2002.0,12.0,1992.0,16,2026-04-26,1925.0,7.0,545.17,0.5189040965171188,0.5822372097709865,0.627200488997555,0.85,514.13,494.35,626.5
66335,2026-04-26 17:00:00+00:00,1582,1573.0,1566.0,5.0,1562.0,17,2026-04-26,1490.0,4.0,528.72,0.5189040965171188,0.7128761131977971,0.7285055023074193,0.85,492.39,468.5,563.26
66335,2026-04-26 18:00:00+00:00,1179,1170.0,1164.0,4.0,1160.0,18,2026-04-26,1107.0,3.0,526.37,0.5189040965171188,0.846313658188328,0.9538018218999814,0.85,434.5,413.22,547.89
66335,2026-04-26 19:00:00+00:00,969,961.0,957.0,4.0,952.0,19,2026-04-26,933.0,2.0,526.37,0.5189040965171188,0.9359340011553848,1.7627555402851744,0.85,395.06,385.15,853.42
66335,2026-04-26 20:00:00+00:00,903,894.0,890.0,2.0,884.0,20,2026-04-26,862.0,2.0,521.67,0.5189040965171188,0.9792008154013185,1.7315221059736754,0.85,384.39,372.29,774.5
66335,2026-04-26 21:00:00+00:00,1239,1228.0,1224.0,0.0,1220.0,21,2026-04-26,1189.0,0.0,516.98,0.5189040965171188,0.9947411425730011,1.6078031964901285,0.85,537.03,521.67,991.98
66335,2026-04-26 22:00:00+00:00,1401,1395.0,1394.0,1.0,1392.0,22,2026-04-26,1375.0,1.0,519.33,0.5189040965171188,0.9989644695743897,1.4170694655434333,0.85,614.21,605.84,1011.07
66335,2026-04-26 23:00:00+00:00,1267,1259.0,1259.0,0.0,1254.0,23,2026-04-26,1242.0,0.0,516.98,0.5189040965171188,0.9998411962659136,1.4951187527320413,0.85,555.22,547.72,963.57
66336,2026-04-20 00:00:00+00:00,188,160.0,158.0,1.0,157.0,0,2026-04-20,153.0,0.0,519.33,0.5189040965171188,0.9999810335986662,2.0,0.85,69.69,67.48,158.78
66336,2026-04-20 01:00:00+00:00,87,77.0,77.0,1.0,66.0,1,2026-04-20,76.0,1.0,519.33,0.5189040965171188,0.9999982358498678,2.0,0.85,33.96,33.52,78.87
66336,2026-04-20 02:00:00+00:00,94,85.0,83.0,1.0,78.0,2,2026-04-20,82.0,1.0,519.33,0.5189040965171188,0.9999998722053931,2.0,0.85,36.61,36.17,85.1
66336,2026-04-20 03:00:00+00:00,53,46.0,46.0,1.0,42.0,3,2026-04-20,45.0,1.0,519.33,0.5189040965171188,0.9999999927903216,2.0,0.85,20.29,19.85,46.7
66336,2026-04-20 04:00:00+00:00,108,96.0,96.0,5.0,90.0,4,2026-04-20,94.0,5.0,528.72,0.5189040965171188,0.9999998722053931,2.0,0.85,42.34,41.46,97.55
66336,2026-04-20 05:00:00+00:00,262,248.0,247.0,7.0,243.0,5,2026-04-20,243.0,7.0,533.42,0.5189040965171188,0.9999982358498678,2.0,0.85,108.94,107.18,252.19
66336,2026-04-20 06:00:00+00:00,496,485.0,482.0,19.0,473.0,6,2026-04-20,462.0,17.0,561.62,0.5189040965171188,0.9999810335986662,2.0,0.85,212.59,203.77,479.47
66336,2026-04-20 07:00:00+00:00,873,864.0,859.0,23.0,851.0,7,2026-04-20,836.0,22.0,571.01,0.5189040965171188,0.9998411962659136,2.0,0.85,378.82,368.67,867.61
66336,2026-04-20 08:00:00+00:00,1440,1430.0,1423.0,27.0,1410.0,8,2026-04-20,1378.0,24.0,580.41,0.5189040965171188,0.9989644695743897,1.1561690140845071,0.85,626.99,607.16,826.72
66336,2026-04-20 09:00:00+00:00,2271,2257.0,2245.0,29.0,2223.0,9,2026-04-20,2176.0,27.0,585.11,0.5189040965171188,0.9947411425730011,0.6525693207835156,0.85,984.99,954.72,736.84
66336,2026-04-20 10:00:00+00:00,3820,3807.0,3798.0,48.0,3780.0,10,2026-04-20,3711.0,44.0,629.75,0.5189040965171188,0.9792008154013185,0.5,0.85,1640.34,1602.76,962.83
66336,2026-04-20 11:00:00+00:00,5058,5048.0,5042.0,88.0,5026.0,11,2026-04-20,4942.0,79.0,723.73,0.5189040965171188,0.9359340011553848,0.5,0.85,2081.39,2040.11,1282.21
66336,2026-04-20 12:00:00+00:00,5362,5351.0,5340.0,64.0,5328.0,12,2026-04-20,5249.0,60.0,667.34,0.5189040965171188,0.846313658188328,0.5,0.85,1993.33,1959.36,1361.86
66336,2026-04-20 13:00:00+00:00,3994,3986.0,3980.0,71.0,3966.0,13,2026-04-20,3901.0,66.0,683.79,0.5189040965171188,0.7128761131977971,0.5187825471459628,0.85,1251.42,1226.58,1050.14
66336,2026-04-20 14:00:00+00:00,4090,4085.0,4078.0,63.0,4066.0,14,2026-04-20,4009.0,59.0,665.0,0.5189040965171188,0.5822372097709865,0.5,0.85,1047.26,1029.54,1040.14
66336,2026-04-20 15:00:00+00:00,3659,3650.0,3639.0,57.0,3613.0,15,2026-04-20,3565.0,50.0,650.9,0.5189040965171188,0.5266127405031122,0.5,0.85,845.24,828.05,924.95
66336,2026-04-20 16:00:00+00:00,3556,3548.0,3537.0,75.0,3519.0,16,2026-04-20,3464.0,69.0,693.19,0.5189040965171188,0.5822372097709865,0.5,0.85,908.32,889.58,898.74
66336,2026-04-20 17:00:00+00:00,2550,2540.0,2531.0,47.0,2512.0,17,2026-04-20,2480.0,44.0,627.4,0.5189040965171188,0.7128761131977971,0.5524983846650873,0.85,795.82,779.78,711.0
66336,2026-04-20 18:00:00+00:00,1928,1918.0,1916.0,36.0,1906.0,18,2026-04-20,1873.0,33.0,601.56,0.5189040965171188,0.846313658188328,0.7547072668431892,0.85,715.21,699.16,733.51
66336,2026-04-20 19:00:00+00:00,859,849.0,848.0,16.0,846.0,19,2026-04-20,829.0,14.0,554.57,0.5189040965171188,0.9359340011553848,1.3544086589229145,0.85,350.06,342.22,582.63
66336,2026-04-20 20:00:00+00:00,689,682.0,681.0,10.0,676.0,20,2026-04-20,665.0,8.0,540.47,0.5189040965171188,0.9792008154013185,1.6898880105401846,0.85,294.12,287.21,583.13
66336,2026-04-20 21:00:00+00:00,268,261.0,259.0,2.0,256.0,21,2026-04-20,252.0,2.0,521.67,0.5189040965171188,0.9947411425730011,2.0,0.85,113.64,110.56,261.53
66336,2026-04-20 22:00:00+00:00,257,247.0,246.0,4.0,240.0,22,2026-04-20,245.0,4.0,526.37,0.5189040965171188,0.9989644695743897,2.0,0.85,108.39,107.95,254.26
66336,2026-04-20 23:00:00+00:00,161,151.0,149.0,4.0,146.0,23,2026-04-20,147.0,4.0,526.37,0.5189040965171188,0.9998411962659136,2.0,0.85,65.71,64.83,152.56
66336,2026-04-21 00:00:00+00:00,135,115.0,113.0,0.0,107.0,0,2026-04-21,110.0,0.0,516.98,0.5189040965171188,0.9999810335986662,2.0,0.85,49.84,48.52,114.16
66336,2026-04-21 01:00:00+00:00,144,133.0,131.0,1.0,116.0,1,2026-04-21,125.0,1.0,519.33,0.5189040965171188,0.9999982358498678,2.0,0.85,57.78,55.13,129.73
66336,2026-04-21 02:00:00+00:00,110,96.0,95.0,0.0,91.0,2,2026-04-21,95.0,0.0,516.98,0.5189040965171188,0.9999998722053931,2.0,0.85,41.9,41.9,98.59
66336,2026-04-21 03:00:00+00:00,59,49.0,45.0,2.0,40.0,3,2026-04-21,45.0,2.0,521.67,0.5189040965171188,0.9999999927903216,2.0,0.85,19.85,19.85,46.7
66336,2026-04-21 04:00:00+00:00,146,132.0,131.0,2.0,125.0,4,2026-04-21,127.0,2.0,521.67,0.5189040965171188,0.9999998722053931,2.0,0.85,57.78,56.02,131.8
66336,2026-04-21 05:00:00+00:00,261,250.0,245.0,6.0,240.0,5,2026-04-21,240.0,6.0,531.07,0.5189040965171188,0.9999982358498678,2.0,0.85,108.06,105.86,249.07
66336,2026-04-21 06:00:00+00:00,456,449.0,446.0,10.0,441.0,6,2026-04-21,434.0,10.0,540.47,0.5189040965171188,0.9999810335986662,2.0,0.85,196.71,191.42,450.41
66336,2026-04-21 07:00:00+00:00,838,830.0,826.0,12.0,816.0,7,2026-04-21,810.0,12.0,545.17,0.5189040965171188,0.9998411962659136,2.0,0.85,364.26,357.21,840.62
66336,2026-04-21 08:00:00+00:00,1364,1349.0,1343.0,17.0,1323.0,8,2026-04-21,1317.0,16.0,556.92,0.5189040965171188,0.9989644695743897,1.1561690140845071,0.85,591.74,580.29,790.12
66336,2026-04-21 09:00:00+00:00,2006,1990.0,1975.0,27.0,1957.0,9,2026-04-21,1944.0,22.0,580.41,0.5189040965171188,0.9947411425730011,0.6525693207835156,0.85,866.53,852.93,658.28
66336,2026-04-21 10:00:00+00:00,2933,2921.0,2910.0,34.0,2898.0,10,2026-04-21,2865.0,34.0,596.86,0.5189040965171188,0.9792008154013185,0.5,0.85,1256.81,1237.38,743.33
66336,2026-04-21 11:00:00+00:00,4559,4553.0,4543.0,82.0,4530.0,11,2026-04-21,4486.0,77.0,709.64,0.5189040965171188,0.9359340011553848,0.5,0.85,1875.4,1851.87,1163.9
66336,2026-04-21 12:00:00+00:00,4699,4687.0,4673.0,85.0,4641.0,12,2026-04-21,4615.0,78.0,716.68,0.5189040965171188,0.846313658188328,0.5,0.85,1744.35,1722.7,1197.37
66336,2026-04-21 13:00:00+00:00,3658,3647.0,3639.0,56.0,3624.0,13,2026-04-21,3573.0,55.0,648.55,0.5189040965171188,0.7128761131977971,0.5187825471459628,0.85,1144.2,1123.45,961.85
66336,2026-04-21 14:00:00+00:00,3934,3920.0,3911.0,53.0,3887.0,14,2026-04-21,3863.0,47.0,641.5,0.5189040965171188,0.5822372097709865,0.5,0.85,1004.37,992.04,1002.26
66336,2026-04-21 15:00:00+00:00,3771,3764.0,3757.0,44.0,3730.0,15,2026-04-21,3707.0,44.0,620.35,0.5189040965171188,0.5266127405031122,0.5,0.85,872.65,861.03,961.79
66336,2026-04-21 16:00:00+00:00,3752,3739.0,3733.0,53.0,3719.0,16,2026-04-21,3678.0,48.0,641.5,0.5189040965171188,0.5822372097709865,0.5,0.85,958.66,944.53,954.26
66336,2026-04-21 17:00:00+00:00,2822,2809.0,2806.0,54.0,2786.0,17,2026-04-21,2764.0,50.0,643.85,0.5189040965171188,0.7128761131977971,0.5524983846650873,0.85,882.28,869.08,792.42
66336,2026-04-21 18:00:00+00:00,2192,2183.0,2173.0,54.0,2155.0,18,2026-04-21,2133.0,44.0,643.85,0.5189040965171188,0.846313658188328,0.7547072668431892,0.85,811.14,796.21,835.33
66336,2026-04-21 19:00:00+00:00,776,768.0,766.0,14.0,762.0,19,2026-04-21,757.0,13.0,549.87,0.5189040965171188,0.9359340011553848,1.3544086589229145,0.85,316.21,312.5,532.03
66336,2026-04-21 20:00:00+00:00,577,561.0,558.0,16.0,544.0,20,2026-04-21,543.0,15.0,554.57,0.5189040965171188,0.9792008154013185,1.6898880105401846,0.85,241.0,234.52,476.15
66336,2026-04-21 21:00:00+00:00,562,552.0,551.0,7.0,547.0,21,2026-04-21,543.0,7.0,533.42,0.5189040965171188,0.9947411425730011,2.0,0.85,241.75,238.24,563.53
66336,2026-04-21 22:00:00+00:00,198,190.0,189.0,4.0,186.0,22,2026-04-21,185.0,4.0,526.37,0.5189040965171188,0.9989644695743897,2.0,0.85,83.28,81.51,191.99
66336,2026-04-21 23:00:00+00:00,159,151.0,150.0,4.0,145.0,23,2026-04-21,145.0,4.0,526.37,0.5189040965171188,0.9998411962659136,2.0,0.85,66.15,63.94,150.48
66336,2026-04-22 00:00:00+00:00,121,101.0,100.0,1.0,96.0,0,2026-04-22,96.0,1.0,519.33,0.5189040965171188,0.9999810335986662,2.0,0.85,44.11,42.34,99.63
66336,2026-04-22 01:00:00+00:00,90,81.0,80.0,2.0,70.0,1,2026-04-22,75.0,1.0,521.67,0.5189040965171188,0.9999982358498678,2.0,0.85,35.29,33.08,77.84
66336,2026-04-22 02:00:00+00:00,72,66.0,64.0,2.0,62.0,2,2026-04-22,60.0,2.0,521.67,0.5189040965171188,0.9999998722053931,2.0,0.85,28.23,26.46,62.27
66336,2026-04-22 03:00:00+00:00,90,83.0,81.0,1.0,76.0,3,2026-04-22,79.0,1.0,519.33,0.5189040965171188,0.9999999927903216,2.0,0.85,35.73,34.84,81.99
66336,2026-04-22 04:00:00+00:00,134,127.0,123.0,4.0,118.0,4,2026-04-22,120.0,2.0,526.37,0.5189040965171188,0.9999998722053931,2.0,0.85,54.25,52.93,124.54
66336,2026-04-22 05:00:00+00:00,219,212.0,211.0,8.0,203.0,5,2026-04-22,199.0,8.0,535.77,0.5189040965171188,0.9999982358498678,2.0,0.85,93.07,87.77,206.52
66336,2026-04-22 06:00:00+00:00,457,448.0,440.0,17.0,433.0,6,2026-04-22,428.0,16.0,556.92,0.5189040965171188,0.9999810335986662,2.0,0.85,194.07,188.77,444.18
66336,2026-04-22 07:00:00+00:00,754,748.0,746.0,22.0,740.0,7,2026-04-22,731.0,21.0,568.67,0.5189040965171188,0.9998411962659136,2.0,0.85,328.98,322.37,758.64
66336,2026-04-22 08:00:00+00:00,1287,1278.0,1263.0,26.0,1243.0,8,2026-04-22,1220.0,21.0,578.06,0.5189040965171188,0.9989644695743897,1.1561690140845071,0.85,556.49,537.55,731.93
66336,2026-04-22 09:00:00+00:00,2389,2380.0,2371.0,40.0,2353.0,9,2026-04-22,2322.0,37.0,610.96,0.5189040965171188,0.9947411425730011,0.6525693207835156,0.85,1040.27,1018.78,786.28
66336,2026-04-22 10:00:00+00:00,3340,3327.0,3310.0,47.0,3291.0,10,2026-04-22,3239.0,42.0,627.4,0.5189040965171188,0.9792008154013185,0.5,0.85,1429.57,1398.91,840.37
66336,2026-04-22 11:00:00+00:00,4876,4867.0,4854.0,53.0,4834.0,11,2026-04-22,4760.0,49.0,641.5,0.5189040965171188,0.9359340011553848,0.5,0.85,2003.78,1964.98,1234.99
66336,2026-04-22 12:00:00+00:00,5457,5445.0,5436.0,96.0,5417.0,12,2026-04-22,5339.0,87.0,742.53,0.5189040965171188,0.846313658188328,0.5,0.85,2029.16,1992.95,1385.21
66336,2026-04-22 13:00:00+00:00,4425,4413.0,4401.0,74.0,4381.0,13,2026-04-22,4319.0,72.0,690.84,0.5189040965171188,0.7128761131977971,0.5187825471459628,0.85,1383.79,1358.01,1162.67
66336,2026-04-22 14:00:00+00:00,4798,4786.0,4779.0,87.0,4755.0,14,2026-04-22,4687.0,77.0,721.38,0.5189040965171188,0.5822372097709865,0.5,0.85,1227.28,1203.65,1216.05
66336,2026-04-22 15:00:00+00:00,4176,4164.0,4149.0,68.0,4131.0,15,2026-04-22,4051.0,66.0,676.74,0.5189040965171188,0.5266127405031122,0.5,0.85,963.7,940.94,1051.04
66336,2026-04-22 16:00:00+00:00,4273,4260.0,4250.0,59.0,4230.0,16,2026-04-22,4187.0,57.0,655.6,0.5189040965171188,0.5822372097709865,0.5,0.85,1091.43,1075.25,1086.33
66336,2026-04-22 17:00:00+00:00,3157,3143.0,3132.0,44.0,3121.0,17,2026-04-22,3061.0,41.0,620.35,0.5189040965171188,0.7128761131977971,0.5524983846650873,0.85,984.79,962.46,877.57
66336,2026-04-22 18:00:00+00:00,2422,2408.0,2404.0,33.0,2390.0,18,2026-04-22,2355.0,28.0,594.51,0.5189040965171188,0.846313658188328,0.7547072668431892,0.85,897.37,879.08,922.27
66336,2026-04-22 19:00:00+00:00,991,982.0,980.0,12.0,976.0,19,2026-04-22,957.0,11.0,545.17,0.5189040965171188,0.9359340011553848,1.3544086589229145,0.85,404.55,395.06,672.59
66336,2026-04-22 20:00:00+00:00,737,721.0,721.0,12.0,716.0,20,2026-04-22,714.0,12.0,545.17,0.5189040965171188,0.9792008154013185,1.6898880105401846,0.85,311.4,308.37,626.1
66336,2026-04-22 21:00:00+00:00,671,663.0,663.0,8.0,660.0,21,2026-04-22,651.0,8.0,535.77,0.5189040965171188,0.9947411425730011,2.0,0.85,290.89,285.63,675.61
66336,2026-04-22 22:00:00+00:00,293,284.0,282.0,4.0,278.0,22,2026-04-22,268.0,4.0,526.37,0.5189040965171188,0.9989644695743897,2.0,0.85,124.25,118.08,278.13
66336,2026-04-22 23:00:00+00:00,107,103.0,103.0,1.0,100.0,23,2026-04-22,102.0,1.0,519.33,0.5189040965171188,0.9998411962659136,2.0,0.85,45.42,44.98,105.86
66336,2026-04-23 00:00:00+00:00,58,40.0,39.0,2.0,31.0,0,2026-04-23,37.0,2.0,521.67,0.5189040965171188,0.9999810335986662,2.0,0.85,17.2,16.32,38.4
66336,2026-04-23 01:00:00+00:00,38,29.0,25.0,1.0,3.0,1,2026-04-23,25.0,0.0,519.33,0.5189040965171188,0.9999982358498678,2.0,0.85,11.03,11.03,25.95
66336,2026-04-23 02:00:00+00:00,60,53.0,52.0,3.0,45.0,2,2026-04-23,52.0,3.0,524.02,0.5189040965171188,0.9999998722053931,2.0,0.85,22.94,22.94,53.97
66336,2026-04-23 03:00:00+00:00,20,14.0,14.0,1.0,4.0,3,2026-04-23,14.0,1.0,519.33,0.5189040965171188,0.9999999927903216,2.0,0.85,6.17,6.17,14.53
66336,2026-04-23 04:00:00+00:00,34,27.0,25.0,3.0,20.0,4,2026-04-23,24.0,3.0,524.02,0.5189040965171188,0.9999998722053931,2.0,0.85,11.03,10.59,24.91
66336,2026-04-23 05:00:00+00:00,113,101.0,99.0,3.0,88.0,5,2026-04-23,88.0,3.0,524.02,0.5189040965171188,0.9999982358498678,2.0,0.85,43.67,38.81,91.33
66336,2026-04-23 06:00:00+00:00,214,204.0,203.0,14.0,193.0,6,2026-04-23,180.0,12.0,549.87,0.5189040965171188,0.9999810335986662,2.0,0.85,89.54,79.39,186.81
66336,2026-04-23 07:00:00+00:00,662,651.0,649.0,16.0,644.0,7,2026-04-23,628.0,14.0,554.57,0.5189040965171188,0.9998411962659136,2.0,0.85,286.21,276.95,651.74
66336,2026-04-23 08:00:00+00:00,942,934.0,928.0,27.0,915.0,8,2026-04-23,891.0,19.0,580.41,0.5189040965171188,0.9989644695743897,1.1561690140845071,0.85,408.89,392.59,534.55
66336,2026-04-23 09:00:00+00:00,1352,1343.0,1338.0,34.0,1325.0,9,2026-04-23,1304.0,29.0,596.86,0.5189040965171188,0.9947411425730011,0.6525693207835156,0.85,587.05,572.13,441.56
66336,2026-04-23 10:00:00+00:00,2467,2457.0,2456.0,75.0,2437.0,10,2026-04-23,2375.0,65.0,693.19,0.5189040965171188,0.9792008154013185,0.5,0.85,1060.73,1025.75,616.2
66336,2026-04-23 11:00:00+00:00,2867,2855.0,2853.0,85.0,2841.0,11,2026-04-23,2762.0,76.0,716.68,0.5189040965171188,0.9359340011553848,0.5,0.85,1177.75,1140.18,716.61
66336,2026-04-23 12:00:00+00:00,2163,2151.0,2146.0,75.0,2131.0,12,2026-04-23,2086.0,64.0,693.19,0.5189040965171188,0.846313658188328,0.5,0.85,801.06,778.67,541.22
66336,2026-04-23 13:00:00+00:00,2421,2409.0,2402.0,66.0,2384.0,13,2026-04-23,2327.0,58.0,672.04,0.5189040965171188,0.7128761131977971,0.5187825471459628,0.85,755.25,731.67,626.42
66336,2026-04-23 14:00:00+00:00,2431,2423.0,2421.0,78.0,2407.0,14,2026-04-23,2340.0,65.0,700.24,0.5189040965171188,0.5822372097709865,0.5,0.85,621.73,600.93,607.12
66336,2026-04-23 15:00:00+00:00,2112,2105.0,2098.0,80.0,2083.0,15,2026-04-23,2008.0,65.0,704.94,0.5189040965171188,0.5266127405031122,0.5,0.85,487.31,466.4,520.98
66336,2026-04-23 16:00:00+00:00,2595,2590.0,2583.0,98.0,2572.0,16,2026-04-23,2492.0,81.0,747.23,0.5189040965171188,0.5822372097709865,0.5,0.85,663.33,639.96,646.55
66336,2026-04-23 17:00:00+00:00,1779,1773.0,1772.0,68.0,1760.0,17,2026-04-23,1719.0,56.0,676.74,0.5189040965171188,0.7128761131977971,0.5524983846650873,0.85,557.16,540.5,492.83
66336,2026-04-23 18:00:00+00:00,1393,1383.0,1379.0,42.0,1371.0,18,2026-04-23,1332.0,35.0,615.66,0.5189040965171188,0.846313658188328,0.7547072668431892,0.85,514.76,497.21,521.64
66336,2026-04-23 19:00:00+00:00,542,530.0,529.0,18.0,519.0,19,2026-04-23,509.0,15.0,559.27,0.5189040965171188,0.9359340011553848,1.3544086589229145,0.85,218.38,210.12,357.73
66336,2026-04-23 20:00:00+00:00,374,362.0,360.0,9.0,355.0,20,2026-04-23,331.0,7.0,538.12,0.5189040965171188,0.9792008154013185,1.6898880105401846,0.85,155.48,142.96,290.25
66336,2026-04-23 21:00:00+00:00,283,272.0,271.0,11.0,266.0,21,2026-04-23,257.0,9.0,542.82,0.5189040965171188,0.9947411425730011,2.0,0.85,118.9,112.76,266.72
66336,2026-04-23 22:00:00+00:00,176,166.0,166.0,5.0,156.0,22,2026-04-23,156.0,4.0,528.72,0.5189040965171188,0.9989644695743897,2.0,0.85,73.14,68.74,161.9
66336,2026-04-23 23:00:00+00:00,52,47.0,47.0,3.0,42.0,23,2026-04-23,44.0,3.0,524.02,0.5189040965171188,0.9998411962659136,2.0,0.85,20.73,19.4,45.66
66336,2026-04-24 00:00:00+00:00,123,107.0,107.0,2.0,105.0,0,2026-04-24,106.0,2.0,521.67,0.5189040965171188,0.9999810335986662,2.0,0.85,47.19,46.75,110.01
66336,2026-04-24 01:00:00+00:00,167,161.0,161.0,6.0,141.0,1,2026-04-24,158.0,6.0,531.07,0.5189040965171188,0.9999982358498678,2.0,0.85,71.01,69.69,163.97
66336,2026-04-24 02:00:00+00:00,111,102.0,101.0,4.0,96.0,2,2026-04-24,101.0,4.0,526.37,0.5189040965171188,0.9999998722053931,2.0,0.85,44.55,44.55,104.82
66336,2026-04-24 03:00:00+00:00,39,33.0,29.0,2.0,22.0,3,2026-04-24,28.0,2.0,521.67,0.5189040965171188,0.9999999927903216,2.0,0.85,12.79,12.35,29.06
66336,2026-04-24 04:00:00+00:00,119,115.0,112.0,9.0,99.0,4,2026-04-24,112.0,9.0,538.12,0.5189040965171188,0.9999998722053931,2.0,0.85,49.4,49.4,116.23
66336,2026-04-24 05:00:00+00:00,320,313.0,311.0,8.0,303.0,5,2026-04-24,303.0,7.0,535.77,0.5189040965171188,0.9999982358498678,2.0,0.85,137.17,133.64,314.46
66336,2026-04-24 06:00:00+00:00,670,662.0,658.0,25.0,653.0,6,2026-04-24,647.0,22.0,575.71,0.5189040965171188,0.9999810335986662,2.0,0.85,290.22,285.37,671.46
66336,2026-04-24 07:00:00+00:00,873,864.0,861.0,26.0,856.0,7,2026-04-24,842.0,24.0,578.06,0.5189040965171188,0.9998411962659136,2.0,0.85,379.7,371.32,873.83
66336,2026-04-24 08:00:00+00:00,1574,1561.0,1555.0,34.0,1538.0,8,2026-04-24,1512.0,26.0,596.86,0.5189040965171188,0.9989644695743897,1.1561690140845071,0.85,685.15,666.2,907.11
66336,2026-04-24 09:00:00+00:00,2851,2840.0,2832.0,48.0,2818.0,9,2026-04-24,2753.0,43.0,629.75,0.5189040965171188,0.9947411425730011,0.6525693207835156,0.85,1242.54,1207.88,932.22
66336,2026-04-24 10:00:00+00:00,4000,3989.0,3977.0,98.0,3961.0,10,2026-04-24,3878.0,87.0,747.23,0.5189040965171188,0.9792008154013185,0.5,0.85,1717.64,1674.89,1006.16
66336,2026-04-24 11:00:00+00:00,4294,4276.0,4272.0,121.0,4260.0,11,2026-04-24,4167.0,110.0,801.27,0.5189040965171188,0.9359340011553848,0.5,0.85,1763.53,1720.18,1081.14
66336,2026-04-24 12:00:00+00:00,2525,2512.0,2505.0,76.0,2499.0,12,2026-04-24,2450.0,71.0,695.54,0.5189040965171188,0.846313658188328,0.5,0.85,935.07,914.54,635.66
66336,2026-04-24 13:00:00+00:00,2918,2904.0,2896.0,92.0,2882.0,13,2026-04-24,2836.0,84.0,733.13,0.5189040965171188,0.7128761131977971,0.5187825471459628,0.85,910.58,891.72,763.45
66336,2026-04-24 14:00:00+00:00,3885,3871.0,3859.0,107.0,3834.0,14,2026-04-24,3766.0,94.0,768.37,0.5189040965171188,0.5822372097709865,0.5,0.85,991.02,967.13,977.1
66336,2026-04-24 15:00:00+00:00,2490,2480.0,2472.0,54.0,2463.0,15,2026-04-24,2414.0,47.0,643.85,0.5189040965171188,0.5266127405031122,0.5,0.85,574.18,560.71,626.32
66336,2026-04-24 16:00:00+00:00,3196,3189.0,3179.0,40.0,3163.0,16,2026-04-24,3102.0,35.0,610.96,0.5189040965171188,0.5822372097709865,0.5,0.85,816.39,796.61,804.82
66336,2026-04-24 17:00:00+00:00,2700,2690.0,2686.0,18.0,2675.0,17,2026-04-24,2620.0,17.0,559.27,0.5189040965171188,0.7128761131977971,0.5524983846650873,0.85,844.55,823.8,751.14
66336,2026-04-24 18:00:00+00:00,2287,2277.0,2274.0,18.0,2270.0,18,2026-04-24,2195.0,13.0,559.27,0.5189040965171188,0.846313658188328,0.7547072668431892,0.85,848.84,819.35,859.61
66336,2026-04-24 19:00:00+00:00,962,955.0,953.0,8.0,946.0,19,2026-04-24,923.0,8.0,535.77,0.5189040965171188,0.9359340011553848,1.3544086589229145,0.85,393.41,381.02,648.69
66336,2026-04-24 20:00:00+00:00,1232,1217.0,1214.0,6.0,1205.0,20,2026-04-24,1169.0,4.0,531.07,0.5189040965171188,0.9792008154013185,1.6898880105401846,0.85,524.32,504.88,1025.08
66336,2026-04-24 21:00:00+00:00,898,891.0,890.0,1.0,885.0,21,2026-04-24,879.0,1.0,519.33,0.5189040965171188,0.9947411425730011,2.0,0.85,390.49,385.66,912.23
66336,2026-04-24 22:00:00+00:00,478,470.0,467.0,2.0,462.0,22,2026-04-24,452.0,1.0,521.67,0.5189040965171188,0.9989644695743897,2.0,0.85,205.77,199.16,469.09
66336,2026-04-24 23:00:00+00:00,301,293.0,291.0,1.0,281.0,23,2026-04-24,291.0,1.0,519.33,0.5189040965171188,0.9998411962659136,2.0,0.85,128.33,128.33,302.0
66336,2026-04-25 00:00:00+00:00,199,178.0,175.0,1.0,169.0,0,2026-04-25,174.0,1.0,519.33,0.5189040965171188,0.9999810335986662,2.0,0.85,77.19,76.74,180.58
66336,2026-04-25 01:00:00+00:00,198,190.0,186.0,0.0,161.0,1,2026-04-25,185.0,0.0,516.98,0.5189040965171188,0.9999982358498678,2.0,0.85,82.04,81.6,191.99
66336,2026-04-25 02:00:00+00:00,84,76.0,75.0,1.0,63.0,2,2026-04-25,74.0,1.0,519.33,0.5189040965171188,0.9999998722053931,2.0,0.85,33.08,32.64,76.8
66336,2026-04-25 03:00:00+00:00,77,66.0,64.0,2.0,55.0,3,2026-04-25,63.0,2.0,521.67,0.5189040965171188,0.9999999927903216,2.0,0.85,28.23,27.79,65.38
66336,2026-04-25 04:00:00+00:00,66,53.0,48.0,2.0,40.0,4,2026-04-25,47.0,2.0,521.67,0.5189040965171188,0.9999998722053931,2.0,0.85,21.17,20.73,48.78
66336,2026-04-25 05:00:00+00:00,125,120.0,115.0,0.0,100.0,5,2026-04-25,114.0,0.0,516.98,0.5189040965171188,0.9999982358498678,2.0,0.85,50.72,50.28,118.31
66336,2026-04-25 06:00:00+00:00,407,394.0,390.0,2.0,379.0,6,2026-04-25,387.0,2.0,521.67,0.5189040965171188,0.9999810335986662,2.0,0.85,172.01,170.69,401.63
66336,2026-04-25 07:00:00+00:00,617,608.0,606.0,2.0,603.0,7,2026-04-25,601.0,2.0,521.67,0.5189040965171188,0.9998411962659136,2.0,0.85,267.25,265.04,623.72
66336,2026-04-25 08:00:00+00:00,1224,1215.0,1211.0,2.0,1206.0,8,2026-04-25,1187.0,2.0,521.67,0.5189040965171188,0.9989644695743897,1.1561690140845071,0.85,533.58,523.01,712.13
66336,2026-04-25 09:00:00+00:00,2816,2807.0,2804.0,16.0,2795.0,9,2026-04-25,2768.0,15.0,554.57,0.5189040965171188,0.9947411425730011,0.6525693207835156,0.85,1230.25,1214.46,937.3
66336,2026-04-25 10:00:00+00:00,2909,2899.0,2894.0,5.0,2881.0,10,2026-04-25,2854.0,5.0,528.72,0.5189040965171188,0.9792008154013185,0.5,0.85,1249.9,1232.63,740.48
66336,2026-04-25 11:00:00+00:00,2998,2987.0,2981.0,26.0,2969.0,11,2026-04-25,2951.0,25.0,578.06,0.5189040965171188,0.9359340011553848,0.5,0.85,1230.59,1218.21,765.64
66336,2026-04-25 12:00:00+00:00,3210,3198.0,3194.0,22.0,3180.0,12,2026-04-25,3158.0,20.0,568.67,0.5189040965171188,0.846313658188328,0.5,0.85,1192.26,1178.83,819.35
66336,2026-04-25 13:00:00+00:00,1964,1961.0,1955.0,18.0,1948.0,13,2026-04-25,1939.0,16.0,559.27,0.5189040965171188,0.7128761131977971,0.5187825471459628,0.85,614.71,609.67,521.98
66336,2026-04-25 14:00:00+00:00,856,852.0,852.0,5.0,847.0,14,2026-04-25,839.0,5.0,528.72,0.5189040965171188,0.5822372097709865,0.5,0.85,218.8,215.46,217.68
66336,2026-04-25 15:00:00+00:00,257,251.0,251.0,4.0,248.0,15,2026-04-25,247.0,4.0,526.37,0.5189040965171188,0.5266127405031122,0.5,0.85,58.3,57.37,64.08
66336,2026-04-25 16:00:00+00:00,3821,3805.0,3802.0,51.0,3789.0,16,2026-04-25,3775.0,48.0,636.8,0.5189040965171188,0.5822372097709865,0.5,0.85,976.38,969.44,979.43
66336,2026-04-25 17:00:00+00:00,3666,3658.0,3654.0,36.0,3644.0,17,2026-04-25,3629.0,35.0,601.56,0.5189040965171188,0.7128761131977971,0.5524983846650873,0.85,1148.92,1141.06,1040.41
66336,2026-04-25 18:00:00+00:00,2165,2157.0,2157.0,17.0,2147.0,18,2026-04-25,2144.0,17.0,556.92,0.5189040965171188,0.846313658188328,0.7547072668431892,0.85,805.17,800.32,839.63
66336,2026-04-25 19:00:00+00:00,2533,2522.0,2520.0,27.0,2512.0,19,2026-04-25,2508.0,26.0,580.41,0.5189040965171188,0.9359340011553848,1.3544086589229145,0.85,1040.28,1035.33,1762.64
66336,2026-04-25 20:00:00+00:00,1677,1670.0,1669.0,15.0,1659.0,20,2026-04-25,1654.0,14.0,552.22,0.5189040965171188,0.9792008154013185,1.6898880105401846,0.85,720.83,714.35,1450.38
66336,2026-04-25 21:00:00+00:00,881,864.0,863.0,10.0,858.0,21,2026-04-25,861.0,10.0,540.47,0.5189040965171188,0.9947411425730011,2.0,0.85,378.64,377.76,893.55
66336,2026-04-25 22:00:00+00:00,479,465.0,465.0,5.0,464.0,22,2026-04-25,464.0,5.0,528.72,0.5189040965171188,0.9989644695743897,2.0,0.85,204.88,204.44,481.54
66336,2026-04-25 23:00:00+00:00,341,331.0,331.0,3.0,330.0,23,2026-04-25,329.0,2.0,524.02,0.5189040965171188,0.9998411962659136,2.0,0.85,145.97,145.09,341.44
66336,2026-04-26 00:00:00+00:00,312,290.0,289.0,8.0,288.0,0,2026-04-26,282.0,8.0,535.77,0.5189040965171188,0.9999810335986662,2.0,0.85,127.47,124.38,292.66
66336,2026-04-26 01:00:00+00:00,249,241.0,240.0,1.0,221.0,1,2026-04-26,238.0,0.0,519.33,0.5189040965171188,0.9999982358498678,2.0,0.85,105.86,104.97,247.0
66336,2026-04-26 02:00:00+00:00,136,127.0,126.0,3.0,122.0,2,2026-04-26,122.0,3.0,524.02,0.5189040965171188,0.9999998722053931,2.0,0.85,55.57,53.81,126.61
66336,2026-04-26 03:00:00+00:00,83,75.0,75.0,5.0,72.0,3,2026-04-26,74.0,5.0,528.72,0.5189040965171188,0.9999999927903216,2.0,0.85,33.08,32.64,76.8
66336,2026-04-26 04:00:00+00:00,85,79.0,79.0,3.0,76.0,4,2026-04-26,77.0,3.0,524.02,0.5189040965171188,0.9999998722053931,2.0,0.85,34.84,33.96,79.91
66336,2026-04-26 05:00:00+00:00,132,128.0,128.0,8.0,125.0,5,2026-04-26,124.0,7.0,535.77,0.5189040965171188,0.9999982358498678,2.0,0.85,56.46,54.69,128.69
66336,2026-04-26 06:00:00+00:00,227,219.0,216.0,10.0,212.0,6,2026-04-26,211.0,9.0,540.47,0.5189040965171188,0.9999810335986662,2.0,0.85,95.27,93.06,218.98
66336,2026-04-26 07:00:00+00:00,448,437.0,435.0,18.0,429.0,7,2026-04-26,424.0,17.0,559.27,0.5189040965171188,0.9998411962659136,2.0,0.85,191.83,186.98,440.03
66336,2026-04-26 08:00:00+00:00,1218,1211.0,1208.0,22.0,1202.0,8,2026-04-26,1163.0,17.0,568.67,0.5189040965171188,0.9989644695743897,1.1561690140845071,0.85,532.26,512.43,697.73
66336,2026-04-26 09:00:00+00:00,2231,2219.0,2213.0,35.0,2205.0,9,2026-04-26,2153.0,30.0,599.21,0.5189040965171188,0.9947411425730011,0.6525693207835156,0.85,970.95,944.63,729.05
66336,2026-04-26 10:00:00+00:00,4834,4821.0,4812.0,100.0,4794.0,10,2026-04-26,4698.0,88.0,751.93,0.5189040965171188,0.9792008154013185,0.5,0.85,2078.28,2029.04,1218.91
66336,2026-04-26 11:00:00+00:00,4331,4318.0,4308.0,84.0,4300.0,11,2026-04-26,4188.0,67.0,714.34,0.5189040965171188,0.9359340011553848,0.5,0.85,1778.39,1728.85,1086.59
66336,2026-04-26 12:00:00+00:00,2525,2516.0,2514.0,62.0,2508.0,12,2026-04-26,2453.0,58.0,662.65,0.5189040965171188,0.846313658188328,0.5,0.85,938.43,915.66,636.44
66336,2026-04-26 13:00:00+00:00,566,561.0,561.0,15.0,559.0,13,2026-04-26,540.0,15.0,552.22,0.5189040965171188,0.7128761131977971,0.5187825471459628,0.85,176.39,169.79,145.37
66336,2026-04-26 14:00:00+00:00,4197,4184.0,4175.0,106.0,4171.0,14,2026-04-26,4072.0,87.0,766.02,0.5189040965171188,0.5822372097709865,0.5,0.85,1072.17,1045.72,1056.49
66336,2026-04-26 15:00:00+00:00,4414,4404.0,4397.0,94.0,4383.0,15,2026-04-26,4280.0,83.0,737.83,0.5189040965171188,0.5266127405031122,0.5,0.85,1021.3,994.13,1110.45
66336,2026-04-26 16:00:00+00:00,2534,2525.0,2519.0,42.0,2511.0,16,2026-04-26,2435.0,34.0,615.66,0.5189040965171188,0.5822372097709865,0.5,0.85,646.9,625.32,631.77
66336,2026-04-26 17:00:00+00:00,2046,2034.0,2027.0,20.0,2016.0,17,2026-04-26,1980.0,19.0,563.97,0.5189040965171188,0.7128761131977971,0.5524983846650873,0.85,637.34,622.57,567.65
66336,2026-04-26 18:00:00+00:00,1350,1338.0,1333.0,12.0,1329.0,18,2026-04-26,1293.0,12.0,545.17,0.5189040965171188,0.846313658188328,0.7547072668431892,0.85,497.59,482.65,506.37
66336,2026-04-26 19:00:00+00:00,1006,1001.0,996.0,17.0,992.0,19,2026-04-26,974.0,15.0,556.92,0.5189040965171188,0.9359340011553848,1.3544086589229145,0.85,411.16,402.08,684.54
66336,2026-04-26 20:00:00+00:00,906,899.0,898.0,8.0,890.0,20,2026-04-26,877.0,6.0,535.77,0.5189040965171188,0.9792008154013185,1.6898880105401846,0.85,387.84,378.77,769.03
66336,2026-04-26 21:00:00+00:00,663,652.0,649.0,7.0,643.0,21,2026-04-26,635.0,7.0,533.42,0.5189040965171188,0.9947411425730011,2.0,0.85,284.75,278.61,659.01
66336,2026-04-26 22:00:00+00:00,169,159.0,157.0,4.0,153.0,22,2026-04-26,155.0,4.0,526.37,0.5189040965171188,0.9989644695743897,2.0,0.85,69.18,68.29,160.86
66336,2026-04-26 23:00:00+00:00,148,140.0,139.0,6.0,136.0,23,2026-04-26,132.0,6.0,531.07,0.5189040965171188,0.9998411962659136,2.0,0.85,61.3,58.21,136.99
66338,2026-04-20 00:00:00+00:00,37,33.0,32.0,2.0,27.0,0,2026-04-20,32.0,2.0,521.67,0.1268681997422934,1.0000000312061639,2.0,0.85,3.45,3.45,8.12
66338,2026-04-20 01:00:00+00:00,42,41.0,40.0,1.0,38.0,1,2026-04-20,37.0,0.0,519.33,0.1268681997422934,1.0000000017605313,2.0,0.85,4.31,3.99,9.39
66338,2026-04-20 02:00:00+00:00,23,20.0,20.0,0.0,18.0,2,2026-04-20,20.0,0.0,516.98,0.1268681997422934,1.0000000312061639,2.0,0.85,2.16,2.16,5.07
66338,2026-04-20 03:00:00+00:00,17,16.0,16.0,0.0,14.0,3,2026-04-20,15.0,0.0,516.98,0.1268681997422934,1.0000004307878039,2.0,0.85,1.73,1.62,3.81
66338,2026-04-20 04:00:00+00:00,13,13.0,13.0,0.0,12.0,4,2026-04-20,13.0,0.0,516.98,0.1268681997422934,1.0000046314053592,2.0,0.85,1.4,1.4,3.3
66338,2026-04-20 05:00:00+00:00,35,35.0,35.0,0.0,34.0,5,2026-04-20,35.0,0.0,516.98,0.1268681997422934,1.000038778282299,2.0,0.85,3.77,3.77,8.88
66338,2026-04-20 18:00:00+00:00,1,1.0,1.0,0.0,1.0,18,2026-04-20,1.0,0.0,516.98,0.1268681997422934,1.0050789526870891,2.0,0.85,0.11,0.11,0.25
66338,2026-04-20 20:00:00+00:00,54,52.0,49.0,3.0,45.0,20,2026-04-20,45.0,2.0,524.02,0.1268681997422934,1.0002528661646692,2.0,0.85,5.29,4.85,11.42
66338,2026-04-20 21:00:00+00:00,129,127.0,126.0,4.0,121.0,21,2026-04-20,122.0,4.0,526.37,0.1268681997422934,1.000038778282299,2.0,0.8958368377251058,14.32,13.87,30.96
66338,2026-04-20 22:00:00+00:00,118,117.0,109.0,4.0,103.0,22,2026-04-20,105.0,3.0,526.37,0.1268681997422934,1.0000046314053592,2.0,0.8547275776183382,11.82,11.39,26.64
66338,2026-04-20 23:00:00+00:00,42,41.0,41.0,1.0,39.0,23,2026-04-20,41.0,1.0,519.33,0.1268681997422934,1.0000004307878039,2.0,0.85,4.42,4.42,10.4
66338,2026-04-21 00:00:00+00:00,25,24.0,23.0,0.0,18.0,0,2026-04-21,23.0,0.0,516.98,0.1268681997422934,1.0000000312061639,2.0,0.85,2.48,2.48,5.84
66338,2026-04-21 01:00:00+00:00,23,21.0,18.0,0.0,14.0,1,2026-04-21,18.0,0.0,516.98,0.1268681997422934,1.0000000017605313,2.0,0.85,1.94,1.94,4.57
66338,2026-04-21 02:00:00+00:00,30,29.0,29.0,0.0,24.0,2,2026-04-21,28.0,0.0,516.98,0.1268681997422934,1.0000000312061639,2.0,0.85,3.13,3.02,7.1
66338,2026-04-21 03:00:00+00:00,14,14.0,14.0,1.0,14.0,3,2026-04-21,14.0,1.0,519.33,0.1268681997422934,1.0000004307878039,2.0,0.85,1.51,1.51,3.55
66338,2026-04-21 04:00:00+00:00,26,26.0,25.0,0.0,20.0,4,2026-04-21,25.0,0.0,516.98,0.1268681997422934,1.0000046314053592,2.0,0.85,2.7,2.7,6.34
66338,2026-04-21 05:00:00+00:00,104,102.0,102.0,3.0,100.0,5,2026-04-21,99.0,3.0,524.02,0.1268681997422934,1.000038778282299,2.0,0.8511097771289696,11.01,10.69,25.12
66338,2026-04-21 06:00:00+00:00,127,126.0,126.0,2.0,122.0,6,2026-04-21,125.0,2.0,521.67,0.1268681997422934,1.0002528661646692,2.0,0.919958058262817,14.71,14.59,31.72
66338,2026-04-21 07:00:00+00:00,3,3.0,3.0,1.0,3.0,7,2026-04-21,3.0,1.0,519.33,0.1268681997422934,1.001284160344515,2.0,0.85,0.32,0.32,0.76
66338,2026-04-21 14:00:00+00:00,5,5.0,5.0,0.0,5.0,14,2026-04-21,5.0,0.0,516.98,0.1268681997422934,1.10201349172765,2.0,0.9156070420608747,0.64,0.64,1.27
66338,2026-04-21 15:00:00+00:00,151,151.0,148.0,3.0,142.0,15,2026-04-21,147.0,2.0,524.02,0.1268681997422934,1.0701127791564455,2.0,0.85,17.08,16.96,37.3
66338,2026-04-21 16:00:00+00:00,4,4.0,3.0,0.0,2.0,16,2026-04-21,3.0,0.0,516.98,0.1268681997422934,1.0375286663287155,2.0,0.85,0.34,0.34,0.76
66338,2026-04-21 17:00:00+00:00,3,3.0,3.0,0.0,3.0,17,2026-04-21,3.0,0.0,516.98,0.1268681997422934,1.015644275641629,2.0,0.85,0.33,0.33,0.76
66338,2026-04-21 18:00:00+00:00,12,12.0,12.0,0.0,11.0,18,2026-04-21,12.0,0.0,516.98,0.1268681997422934,1.0050789526870891,2.0,0.8673071622685629,1.33,1.33,3.04
66338,2026-04-21 19:00:00+00:00,2,2.0,2.0,0.0,2.0,19,2026-04-21,2.0,0.0,516.98,0.1268681997422934,1.001284160344515,2.0,0.85,0.22,0.22,0.51
66338,2026-04-21 20:00:00+00:00,113,113.0,112.0,5.0,104.0,20,2026-04-21,109.0,3.0,528.72,0.1268681997422934,1.0002528661646692,2.0,0.8569766695446408,12.18,11.85,27.66
66338,2026-04-21 21:00:00+00:00,94,92.0,92.0,2.0,86.0,21,2026-04-21,92.0,2.0,521.67,0.1268681997422934,1.000038778282299,2.0,0.8587032697711898,10.02,10.02,23.34
66338,2026-04-21 22:00:00+00:00,170,166.0,164.0,1.0,162.0,22,2026-04-21,163.0,1.0,519.33,0.1268681997422934,1.0000046314053592,2.0,0.9130140534602752,19.0,18.88,41.36
66338,2026-04-21 23:00:00+00:00,49,48.0,42.0,1.0,39.0,23,2026-04-21,40.0,1.0,519.33,0.1268681997422934,1.0000004307878039,2.0,0.85,4.53,4.31,10.15
66338,2026-04-22 00:00:00+00:00,49,42.0,42.0,0.0,41.0,0,2026-04-22,42.0,0.0,516.98,0.1268681997422934,1.0000000312061639,2.0,0.85,4.53,4.53,10.66
66338,2026-04-22 01:00:00+00:00,19,19.0,19.0,0.0,19.0,1,2026-04-22,19.0,0.0,516.98,0.1268681997422934,1.0000000017605313,2.0,0.85,2.05,2.05,4.82
66338,2026-04-22 02:00:00+00:00,13,12.0,12.0,1.0,10.0,2,2026-04-22,10.0,0.0,519.33,0.1268681997422934,1.0000000312061639,2.0,0.85,1.29,1.08,2.54
66338,2026-04-22 03:00:00+00:00,37,35.0,35.0,0.0,33.0,3,2026-04-22,34.0,0.0,516.98,0.1268681997422934,1.0000004307878039,2.0,0.85,3.77,3.67,8.63
66338,2026-04-22 04:00:00+00:00,37,34.0,33.0,3.0,31.0,4,2026-04-22,33.0,3.0,524.02,0.1268681997422934,1.0000046314053592,2.0,0.85,3.56,3.56,8.37
66338,2026-04-22 05:00:00+00:00,95,95.0,95.0,4.0,94.0,5,2026-04-22,95.0,4.0,526.37,0.1268681997422934,1.000038778282299,2.0,0.85,10.25,10.25,24.1
66338,2026-04-22 06:00:00+00:00,17,16.0,16.0,0.0,15.0,6,2026-04-22,16.0,0.0,516.98,0.1268681997422934,1.0002528661646692,2.0,0.85,1.73,1.73,4.06
66338,2026-04-22 13:00:00+00:00,20,20.0,19.0,0.0,18.0,13,2026-04-22,19.0,0.0,516.98,0.1268681997422934,1.1155964303431323,2.0,1.0,2.69,2.69,4.82
66338,2026-04-22 15:00:00+00:00,159,157.0,157.0,5.0,152.0,15,2026-04-22,156.0,5.0,528.72,0.1268681997422934,1.0701127791564455,2.0,0.85,18.12,18.0,39.58
66338,2026-04-22 16:00:00+00:00,154,153.0,153.0,1.0,150.0,16,2026-04-22,151.0,1.0,519.33,0.1268681997422934,1.0375286663287155,2.0,0.8583612426635808,17.29,17.06,38.31
66338,2026-04-22 17:00:00+00:00,96,93.0,93.0,2.0,90.0,17,2026-04-22,93.0,2.0,521.67,0.1268681997422934,1.015644275641629,2.0,0.960104416990111,11.51,11.51,23.6
66338,2026-04-22 18:00:00+00:00,10,10.0,10.0,0.0,10.0,18,2026-04-22,10.0,0.0,516.98,0.1268681997422934,1.0050789526870891,2.0,0.85,1.08,1.08,2.54
66338,2026-04-22 19:00:00+00:00,11,10.0,10.0,1.0,9.0,19,2026-04-22,10.0,1.0,519.33,0.1268681997422934,1.001284160344515,2.0,0.85,1.08,1.08,2.54
66338,2026-04-22 20:00:00+00:00,7,6.0,5.0,0.0,4.0,20,2026-04-22,5.0,0.0,516.98,0.1268681997422934,1.0002528661646692,2.0,0.85,0.54,0.54,1.27
66338,2026-04-22 21:00:00+00:00,30,28.0,28.0,2.0,26.0,21,2026-04-22,28.0,2.0,521.67,0.1268681997422934,1.000038778282299,2.0,0.85,3.02,3.02,7.1
66338,2026-04-22 22:00:00+00:00,7,6.0,5.0,0.0,5.0,22,2026-04-22,5.0,0.0,516.98,0.1268681997422934,1.0000046314053592,2.0,0.85,0.54,0.54,1.27
66338,2026-04-22 23:00:00+00:00,6,4.0,4.0,1.0,3.0,23,2026-04-22,4.0,1.0,519.33,0.1268681997422934,1.0000004307878039,2.0,0.85,0.43,0.43,1.01
66338,2026-04-23 00:00:00+00:00,11,0.0,0.0,0.0,0.0,0,2026-04-23,0.0,0.0,516.98,0.1268681997422934,1.0000000312061639,2.0,1.0,0.0,0.0,0.0
66338,2026-04-23 01:00:00+00:00,4,1.0,1.0,0.0,0.0,1,2026-04-23,1.0,0.0,516.98,0.1268681997422934,1.0000000017605313,2.0,0.85,0.11,0.11,0.25
66338,2026-04-23 02:00:00+00:00,4,1.0,1.0,0.0,0.0,2,2026-04-23,1.0,0.0,516.98,0.1268681997422934,1.0000000312061639,2.0,0.85,0.11,0.11,0.25
66338,2026-04-23 03:00:00+00:00,1,0.0,0.0,0.0,0.0,3,2026-04-23,0.0,0.0,516.98,0.1268681997422934,1.0000004307878039,2.0,1.0,0.0,0.0,0.0
66338,2026-04-23 04:00:00+00:00,6,0.0,0.0,0.0,0.0,4,2026-04-23,0.0,0.0,516.98,0.1268681997422934,1.0000046314053592,2.0,1.0,0.0,0.0,0.0
66338,2026-04-23 05:00:00+00:00,6,0.0,0.0,0.0,0.0,5,2026-04-23,0.0,0.0,516.98,0.1268681997422934,1.000038778282299,2.0,1.0,0.0,0.0,0.0
66338,2026-04-23 06:00:00+00:00,5,1.0,1.0,0.0,0.0,6,2026-04-23,1.0,0.0,516.98,0.1268681997422934,1.0002528661646692,2.0,0.85,0.11,0.11,0.25
66338,2026-04-23 20:00:00+00:00,2,0.0,0.0,0.0,0.0,20,2026-04-23,0.0,0.0,516.98,0.1268681997422934,1.0002528661646692,2.0,1.0,0.0,0.0,0.0
66338,2026-04-23 21:00:00+00:00,4,1.0,1.0,0.0,0.0,21,2026-04-23,1.0,0.0,516.98,0.1268681997422934,1.000038778282299,2.0,0.85,0.11,0.11,0.25
66338,2026-04-23 22:00:00+00:00,5,0.0,0.0,0.0,0.0,22,2026-04-23,0.0,0.0,516.98,0.1268681997422934,1.0000046314053592,2.0,1.0,0.0,0.0,0.0
66338,2026-04-23 23:00:00+00:00,10,1.0,1.0,0.0,0.0,23,2026-04-23,1.0,0.0,516.98,0.1268681997422934,1.0000004307878039,2.0,0.85,0.11,0.11,0.25
66338,2026-04-24 00:00:00+00:00,65,56.0,55.0,0.0,53.0,0,2026-04-24,54.0,0.0,516.98,0.1268681997422934,1.0000000312061639,2.0,0.85,5.93,5.82,13.7
66338,2026-04-24 01:00:00+00:00,20,17.0,16.0,0.0,15.0,1,2026-04-24,14.0,0.0,516.98,0.1268681997422934,1.0000000017605313,2.0,0.85,1.73,1.51,3.55
66338,2026-04-24 02:00:00+00:00,36,31.0,30.0,0.0,29.0,2,2026-04-24,29.0,0.0,516.98,0.1268681997422934,1.0000000312061639,2.0,0.85,3.24,3.13,7.36
66338,2026-04-24 03:00:00+00:00,17,14.0,13.0,0.0,13.0,3,2026-04-24,13.0,0.0,516.98,0.1268681997422934,1.0000004307878039,2.0,0.85,1.4,1.4,3.3
66338,2026-04-24 04:00:00+00:00,16,12.0,10.0,0.0,10.0,4,2026-04-24,10.0,0.0,516.98,0.1268681997422934,1.0000046314053592,2.0,0.85,1.08,1.08,2.54
66338,2026-04-24 05:00:00+00:00,54,51.0,51.0,1.0,50.0,5,2026-04-24,50.0,1.0,519.33,0.1268681997422934,1.000038778282299,2.0,0.85,5.5,5.39,12.69
66338,2026-04-24 06:00:00+00:00,59,55.0,55.0,1.0,55.0,6,2026-04-24,55.0,1.0,519.33,0.1268681997422934,1.0002528661646692,2.0,0.85,5.93,5.93,13.96
66338,2026-04-24 07:00:00+00:00,7,0.0,0.0,0.0,0.0,7,2026-04-24,0.0,0.0,516.98,0.1268681997422934,1.001284160344515,2.0,1.0,0.0,0.0,0.0
66338,2026-04-24 09:00:00+00:00,3,2.0,2.0,0.0,2.0,9,2026-04-24,2.0,0.0,516.98,0.1268681997422934,1.015644275641629,2.0,1.0,0.26,0.26,0.51
66338,2026-04-24 10:00:00+00:00,60,58.0,57.0,1.0,54.0,10,2026-04-24,57.0,1.0,519.33,0.1268681997422934,1.0375286663287155,2.0,1.0,7.5,7.5,14.46
66338,2026-04-24 11:00:00+00:00,159,156.0,156.0,0.0,154.0,11,2026-04-24,154.0,0.0,516.98,0.1268681997422934,1.0701127791564455,2.0,0.9980663611676135,21.14,20.87,39.08
66338,2026-04-24 14:00:00+00:00,2,0.0,0.0,0.0,0.0,14,2026-04-24,0.0,0.0,516.98,0.1268681997422934,1.10201349172765,2.0,1.0,0.0,0.0,0.0
66338,2026-04-24 18:00:00+00:00,4,0.0,0.0,0.0,0.0,18,2026-04-24,0.0,0.0,516.98,0.1268681997422934,1.0050789526870891,2.0,1.0,0.0,0.0,0.0
66338,2026-04-24 19:00:00+00:00,8,8.0,8.0,1.0,8.0,19,2026-04-24,8.0,1.0,519.33,0.1268681997422934,1.001284160344515,2.0,0.85,0.86,0.86,2.03
66338,2026-04-24 20:00:00+00:00,10,6.0,6.0,0.0,6.0,20,2026-04-24,6.0,0.0,516.98,0.1268681997422934,1.0002528661646692,2.0,0.85,0.65,0.65,1.52
66338,2026-04-24 21:00:00+00:00,19,14.0,14.0,1.0,14.0,21,2026-04-24,14.0,1.0,519.33,0.1268681997422934,1.000038778282299,2.0,0.85,1.51,1.51,3.55
66338,2026-04-24 22:00:00+00:00,15,0.0,0.0,0.0,0.0,22,2026-04-24,0.0,0.0,516.98,0.1268681997422934,1.0000046314053592,2.0,1.0,0.0,0.0,0.0
66338,2026-04-24 23:00:00+00:00,9,6.0,6.0,0.0,6.0,23,2026-04-24,6.0,0.0,516.98,0.1268681997422934,1.0000004307878039,2.0,0.85,0.65,0.65,1.52
66338,2026-04-25 00:00:00+00:00,25,16.0,14.0,0.0,13.0,0,2026-04-25,14.0,0.0,516.98,0.1268681997422934,1.0000000312061639,2.0,0.85,1.51,1.51,3.55
66338,2026-04-25 01:00:00+00:00,24,22.0,21.0,0.0,20.0,1,2026-04-25,21.0,0.0,516.98,0.1268681997422934,1.0000000017605313,2.0,0.85,2.26,2.26,5.33
66338,2026-04-25 02:00:00+00:00,7,5.0,5.0,0.0,5.0,2,2026-04-25,5.0,0.0,516.98,0.1268681997422934,1.0000000312061639,2.0,0.85,0.54,0.54,1.27
66338,2026-04-25 03:00:00+00:00,11,6.0,4.0,0.0,4.0,3,2026-04-25,4.0,0.0,516.98,0.1268681997422934,1.0000004307878039,2.0,0.85,0.43,0.43,1.01
66338,2026-04-25 04:00:00+00:00,14,7.0,6.0,0.0,6.0,4,2026-04-25,6.0,0.0,516.98,0.1268681997422934,1.0000046314053592,2.0,0.85,0.65,0.65,1.52
66338,2026-04-25 05:00:00+00:00,23,11.0,7.0,0.0,7.0,5,2026-04-25,7.0,0.0,516.98,0.1268681997422934,1.000038778282299,2.0,0.85,0.75,0.75,1.78
66338,2026-04-25 06:00:00+00:00,17,0.0,0.0,0.0,0.0,6,2026-04-25,0.0,0.0,516.98,0.1268681997422934,1.0002528661646692,2.0,1.0,0.0,0.0,0.0
66338,2026-04-25 07:00:00+00:00,15,0.0,0.0,0.0,0.0,7,2026-04-25,0.0,0.0,516.98,0.1268681997422934,1.001284160344515,2.0,1.0,0.0,0.0,0.0
66338,2026-04-25 19:00:00+00:00,4,4.0,4.0,0.0,4.0,19,2026-04-25,4.0,0.0,516.98,0.1268681997422934,1.001284160344515,2.0,0.85,0.43,0.43,1.01
66338,2026-04-25 20:00:00+00:00,13,8.0,8.0,0.0,7.0,20,2026-04-25,8.0,0.0,516.98,0.1268681997422934,1.0002528661646692,2.0,0.85,0.86,0.86,2.03
66338,2026-04-25 21:00:00+00:00,6,3.0,3.0,0.0,2.0,21,2026-04-25,3.0,0.0,516.98,0.1268681997422934,1.000038778282299,2.0,0.85,0.32,0.32,0.76
66338,2026-04-25 22:00:00+00:00,31,26.0,24.0,0.0,24.0,22,2026-04-25,24.0,0.0,516.98,0.1268681997422934,1.0000046314053592,2.0,0.85,2.59,2.59,6.09
66338,2026-04-25 23:00:00+00:00,17,17.0,17.0,0.0,17.0,23,2026-04-25,17.0,0.0,516.98,0.1268681997422934,1.0000004307878039,2.0,0.85,1.83,1.83,4.31
66338,2026-04-26 00:00:00+00:00,31,26.0,24.0,0.0,24.0,0,2026-04-26,24.0,0.0,516.98,0.1268681997422934,1.0000000312061639,2.0,0.85,2.59,2.59,6.09
66338,2026-04-26 01:00:00+00:00,21,18.0,16.0,0.0,16.0,1,2026-04-26,16.0,0.0,516.98,0.1268681997422934,1.0000000017605313,2.0,0.85,1.73,1.73,4.06
66338,2026-04-26 02:00:00+00:00,58,52.0,49.0,1.0,47.0,2,2026-04-26,48.0,1.0,519.33,0.1268681997422934,1.0000000312061639,2.0,0.8582393826954808,5.34,5.23,12.18
66338,2026-04-26 03:00:00+00:00,54,51.0,51.0,0.0,49.0,3,2026-04-26,50.0,0.0,516.98,0.1268681997422934,1.0000004307878039,2.0,0.8674751528318954,5.61,5.5,12.69
66338,2026-04-26 04:00:00+00:00,33,27.0,27.0,1.0,25.0,4,2026-04-26,27.0,1.0,519.33,0.1268681997422934,1.0000046314053592,2.0,0.85,2.91,2.91,6.85
66338,2026-04-26 05:00:00+00:00,16,13.0,11.0,0.0,11.0,5,2026-04-26,11.0,0.0,516.98,0.1268681997422934,1.000038778282299,2.0,0.85,1.19,1.19,2.79
66338,2026-04-26 06:00:00+00:00,35,30.0,30.0,0.0,29.0,6,2026-04-26,29.0,0.0,516.98,0.1268681997422934,1.0002528661646692,2.0,0.85,3.24,3.13,7.36
66338,2026-04-26 07:00:00+00:00,92,90.0,90.0,1.0,88.0,7,2026-04-26,87.0,1.0,519.33,0.1268681997422934,1.001284160344515,2.0,0.9900461644582221,11.32,10.94,22.08
66338,2026-04-26 08:00:00+00:00,63,62.0,62.0,0.0,62.0,8,2026-04-26,62.0,0.0,516.98,0.1268681997422934,1.0050789526870891,2.0,1.0,7.91,7.91,15.73
66338,2026-04-26 09:00:00+00:00,1,0.0,0.0,0.0,0.0,9,2026-04-26,0.0,0.0,516.98,0.1268681997422934,1.015644275641629,2.0,1.0,0.0,0.0,0.0
66338,2026-04-26 14:00:00+00:00,5,4.0,4.0,0.0,4.0,14,2026-04-26,4.0,0.0,516.98,0.1268681997422934,1.10201349172765,2.0,0.8854674932955561,0.5,0.5,1.01
66338,2026-04-26 15:00:00+00:00,389,387.0,386.0,0.0,380.0,15,2026-04-26,381.0,0.0,516.98,0.1268681997422934,1.0701127791564455,2.0,0.9159680623239943,48.0,47.38,96.67
66338,2026-04-26 16:00:00+00:00,265,264.0,264.0,0.0,263.0,16,2026-04-26,260.0,0.0,516.98,0.1268681997422934,1.0375286663287155,2.0,0.9312570207779372,32.36,31.87,65.97
66338,2026-04-26 17:00:00+00:00,32,29.0,28.0,2.0,28.0,17,2026-04-26,27.0,2.0,521.67,0.1268681997422934,1.015644275641629,2.0,0.85,3.07,2.96,6.85
66338,2026-04-26 18:00:00+00:00,12,11.0,9.0,0.0,9.0,18,2026-04-26,9.0,0.0,516.98,0.1268681997422934,1.0050789526870891,2.0,0.85,0.98,0.98,2.28
66338,2026-04-26 19:00:00+00:00,28,23.0,22.0,1.0,22.0,19,2026-04-26,22.0,1.0,519.33,0.1268681997422934,1.001284160344515,2.0,0.9142277582496346,2.55,2.55,5.58
66338,2026-04-26 20:00:00+00:00,137,137.0,137.0,1.0,135.0,20,2026-04-26,136.0,1.0,519.33,0.1268681997422934,1.0002528661646692,2.0,0.8859023635253931,15.4,15.29,34.51
66338,2026-04-26 21:00:00+00:00,7,5.0,5.0,0.0,5.0,21,2026-04-26,5.0,0.0,516.98,0.1268681997422934,1.000038778282299,2.0,0.85,0.54,0.54,1.27
66338,2026-04-26 22:00:00+00:00,9,6.0,6.0,0.0,6.0,22,2026-04-26,6.0,0.0,516.98,0.1268681997422934,1.0000046314053592,2.0,0.85,0.65,0.65,1.52
66338,2026-04-26 23:00:00+00:00,51,46.0,46.0,1.0,45.0,23,2026-04-26,46.0,1.0,519.33,0.1268681997422934,1.0000004307878039,2.0,0.85,4.96,4.96,11.67
66340,2026-04-20 00:00:00+00:00,774,737.0,734.0,0.0,728.0,0,2026-04-20,733.0,0.0,516.98,0.5189040965171188,0.9999810335986662,2.0,0.8613252702168039,328.05,327.6,760.71
66340,2026-04-20 01:00:00+00:00,747,743.0,738.0,0.0,733.0,1,2026-04-20,737.0,0.0,516.98,0.5189040965171188,0.9999982358498678,2.0,0.8560608749672739,327.83,327.38,764.86
66340,2026-04-20 02:00:00+00:00,628,617.0,613.0,0.0,611.0,2,2026-04-20,613.0,0.0,516.98,0.5189040965171188,0.9999998722053931,2.0,0.85,270.37,270.37,636.18
66340,2026-04-20 03:00:00+00:00,622,616.0,612.0,0.0,608.0,3,2026-04-20,611.0,0.0,516.98,0.5189040965171188,0.9999999927903216,2.0,0.85,269.93,269.49,634.1
66340,2026-04-20 04:00:00+00:00,674,668.0,664.0,0.0,658.0,4,2026-04-20,660.0,0.0,516.98,0.5189040965171188,0.9999998722053931,2.0,0.85,292.87,291.11,684.95
66340,2026-04-20 05:00:00+00:00,476,457.0,457.0,1.0,447.0,5,2026-04-20,453.0,1.0,519.33,0.5189040965171188,0.9999982358498678,2.0,0.85,201.57,199.8,470.13
66340,2026-04-20 06:00:00+00:00,575,559.0,556.0,7.0,549.0,6,2026-04-20,550.0,6.0,533.42,0.5189040965171188,0.9999810335986662,2.0,0.85,245.23,242.58,570.79
66340,2026-04-20 07:00:00+00:00,1058,1053.0,1051.0,15.0,1048.0,7,2026-04-20,1027.0,14.0,552.22,0.5189040965171188,0.9998411962659136,2.0,0.85,463.49,452.91,1065.83
66340,2026-04-20 08:00:00+00:00,2183,2177.0,2169.0,18.0,2160.0,8,2026-04-20,2139.0,15.0,559.27,0.5189040965171188,0.9989644695743897,1.1152048690359744,0.85,955.69,942.47,1237.81
66340,2026-04-20 09:00:00+00:00,3647,3633.0,3622.0,31.0,3599.0,9,2026-04-20,3585.0,31.0,589.81,0.5189040965171188,0.9947411425730011,0.62161507239353,0.85,1589.15,1572.92,1156.37
66340,2026-04-20 10:00:00+00:00,5323,5305.0,5288.0,24.0,5263.0,10,2026-04-20,5231.0,24.0,573.36,0.5189040965171188,0.9792008154013185,0.5,0.85,2283.86,2259.24,1357.19
66340,2026-04-20 11:00:00+00:00,6420,6402.0,6379.0,28.0,6353.0,11,2026-04-20,6322.0,26.0,582.76,0.5189040965171188,0.9359340011553848,0.5,0.85,2633.32,2609.79,1640.26
66340,2026-04-20 12:00:00+00:00,7145,7129.0,7110.0,37.0,7091.0,12,2026-04-20,7063.0,34.0,603.91,0.5189040965171188,0.846313658188328,0.5,0.85,2654.04,2636.49,1832.51
66340,2026-04-20 13:00:00+00:00,6423,6406.0,6387.0,38.0,6363.0,13,2026-04-20,6323.0,31.0,606.26,0.5189040965171188,0.7128761131977971,0.5,0.85,2008.25,1988.12,1640.52
66340,2026-04-20 14:00:00+00:00,6310,6294.0,6282.0,36.0,6270.0,14,2026-04-20,6229.0,33.0,601.56,0.5189040965171188,0.5822372097709865,0.5,0.85,1613.26,1599.65,1616.13
66340,2026-04-20 15:00:00+00:00,6192,6180.0,6166.0,35.0,6143.0,15,2026-04-20,6124.0,32.0,599.21,0.5189040965171188,0.5266127405031122,0.5,0.85,1432.19,1422.44,1588.88
66340,2026-04-20 16:00:00+00:00,6488,6479.0,6465.0,45.0,6446.0,16,2026-04-20,6421.0,45.0,622.7,0.5189040965171188,0.5822372097709865,0.5,0.85,1660.25,1648.95,1665.94
66340,2026-04-20 17:00:00+00:00,4599,4589.0,4586.0,24.0,4574.0,17,2026-04-20,4553.0,22.0,573.36,0.5189040965171188,0.7128761131977971,0.5,0.85,1441.96,1431.59,1181.29
66340,2026-04-20 18:00:00+00:00,2956,2937.0,2931.0,18.0,2920.0,18,2026-04-20,2909.0,18.0,559.27,0.5189040965171188,0.846313658188328,0.5087258304412494,0.85,1094.09,1085.88,767.92
66340,2026-04-20 19:00:00+00:00,1187,1182.0,1181.0,17.0,1177.0,19,2026-04-20,1167.0,16.0,556.92,0.5189040965171188,0.9359340011553848,0.7860425923088709,0.85,487.53,481.75,476.0
66340,2026-04-20 20:00:00+00:00,1670,1651.0,1645.0,10.0,1638.0,20,2026-04-20,1617.0,10.0,540.47,0.5189040965171188,0.9792008154013185,1.0934569479965899,0.85,710.47,698.37,917.48
66340,2026-04-20 21:00:00+00:00,842,831.0,828.0,3.0,823.0,21,2026-04-20,814.0,3.0,524.02,0.5189040965171188,0.9947411425730011,1.7101666666666666,0.85,363.28,357.14,722.35
66340,2026-04-20 22:00:00+00:00,354,337.0,334.0,1.0,331.0,22,2026-04-20,332.0,1.0,519.33,0.5189040965171188,0.9989644695743897,2.0,0.85,147.16,146.28,344.55
66340,2026-04-20 23:00:00+00:00,315,302.0,301.0,0.0,299.0,23,2026-04-20,300.0,0.0,516.98,0.5189040965171188,0.9998411962659136,2.0,0.85,132.74,132.3,311.34
66340,2026-04-21 00:00:00+00:00,112,87.0,86.0,0.0,84.0,0,2026-04-21,86.0,0.0,516.98,0.5189040965171188,0.9999810335986662,2.0,0.85,37.93,37.93,89.25
66340,2026-04-21 01:00:00+00:00,248,229.0,226.0,1.0,221.0,1,2026-04-21,224.0,0.0,519.33,0.5189040965171188,0.9999982358498678,2.0,0.85,99.68,98.8,232.47
66340,2026-04-21 02:00:00+00:00,155,141.0,140.0,0.0,136.0,2,2026-04-21,140.0,0.0,516.98,0.5189040965171188,0.9999998722053931,2.0,0.85,61.75,61.75,145.29
66340,2026-04-21 03:00:00+00:00,165,158.0,155.0,1.0,153.0,3,2026-04-21,154.0,0.0,519.33,0.5189040965171188,0.9999999927903216,2.0,0.85,68.37,67.92,159.82
66340,2026-04-21 04:00:00+00:00,168,158.0,155.0,0.0,151.0,4,2026-04-21,152.0,0.0,516.98,0.5189040965171188,0.9999998722053931,2.0,0.85,68.37,67.04,157.75
66340,2026-04-21 05:00:00+00:00,400,389.0,387.0,10.0,382.0,5,2026-04-21,375.0,9.0,540.47,0.5189040965171188,0.9999982358498678,2.0,0.85,170.69,165.4,389.18
66340,2026-04-21 06:00:00+00:00,842,829.0,828.0,4.0,822.0,6,2026-04-21,810.0,4.0,526.37,0.5189040965171188,0.9999810335986662,2.0,0.85,365.2,357.26,840.62
66340,2026-04-21 07:00:00+00:00,571,568.0,567.0,12.0,561.0,7,2026-04-21,555.0,11.0,545.17,0.5189040965171188,0.9998411962659136,2.0,0.85,250.05,244.75,575.98
66340,2026-04-21 08:00:00+00:00,1179,1171.0,1169.0,18.0,1152.0,8,2026-04-21,1148.0,16.0,559.27,0.5189040965171188,0.9989644695743897,1.1152048690359744,0.85,515.08,505.82,664.33
66340,2026-04-21 09:00:00+00:00,1459,1447.0,1440.0,18.0,1431.0,9,2026-04-21,1415.0,16.0,559.27,0.5189040965171188,0.9947411425730011,0.62161507239353,0.85,631.8,620.83,456.42
66340,2026-04-21 10:00:00+00:00,2297,2285.0,2281.0,18.0,2269.0,10,2026-04-21,2245.0,15.0,559.27,0.5189040965171188,0.9792008154013185,0.5,0.85,985.15,969.6,582.47
66340,2026-04-21 11:00:00+00:00,3466,3454.0,3449.0,24.0,3433.0,11,2026-04-21,3399.0,22.0,573.36,0.5189040965171188,0.9359340011553848,0.5,0.85,1423.79,1403.14,881.88
66340,2026-04-21 12:00:00+00:00,4684,4667.0,4661.0,36.0,4643.0,12,2026-04-21,4595.0,35.0,601.56,0.5189040965171188,0.846313658188328,0.5,0.85,1739.87,1715.23,1192.18
66340,2026-04-21 13:00:00+00:00,4371,4357.0,4346.0,45.0,4325.0,13,2026-04-21,4296.0,43.0,622.7,0.5189040965171188,0.7128761131977971,0.5,0.85,1366.5,1350.78,1114.61
66340,2026-04-21 14:00:00+00:00,3474,3463.0,3452.0,48.0,3421.0,14,2026-04-21,3382.0,45.0,629.75,0.5189040965171188,0.5822372097709865,0.5,0.85,886.5,868.52,877.47
66340,2026-04-21 15:00:00+00:00,3040,3025.0,3017.0,32.0,2999.0,15,2026-04-21,2955.0,28.0,592.16,0.5189040965171188,0.5266127405031122,0.5,0.85,700.77,686.36,766.68
66340,2026-04-21 16:00:00+00:00,3116,3104.0,3101.0,37.0,3081.0,16,2026-04-21,3045.0,35.0,603.91,0.5189040965171188,0.5822372097709865,0.5,0.85,796.36,781.98,790.03
66340,2026-04-21 17:00:00+00:00,2636,2626.0,2624.0,25.0,2612.0,17,2026-04-21,2590.0,23.0,575.71,0.5189040965171188,0.7128761131977971,0.5,0.85,825.06,814.37,671.98
66340,2026-04-21 18:00:00+00:00,1815,1800.0,1796.0,22.0,1789.0,18,2026-04-21,1763.0,19.0,568.67,0.5189040965171188,0.846313658188328,0.5087258304412494,0.85,670.41,658.1,465.4
66340,2026-04-21 19:00:00+00:00,801,795.0,793.0,17.0,788.0,19,2026-04-21,783.0,14.0,556.92,0.5189040965171188,0.9359340011553848,0.7860425923088709,0.85,327.36,323.23,319.37
66340,2026-04-21 20:00:00+00:00,821,809.0,805.0,16.0,797.0,20,2026-04-21,777.0,12.0,554.57,0.5189040965171188,0.9792008154013185,1.0934569479965899,0.85,347.68,335.58,440.87
66340,2026-04-21 21:00:00+00:00,676,670.0,669.0,7.0,665.0,21,2026-04-21,664.0,7.0,533.42,0.5189040965171188,0.9947411425730011,1.7101666666666666,0.85,293.52,291.33,589.24
66340,2026-04-21 22:00:00+00:00,332,315.0,315.0,0.0,313.0,22,2026-04-21,309.0,0.0,516.98,0.5189040965171188,0.9989644695743897,2.0,0.85,138.79,136.15,320.68
66340,2026-04-21 23:00:00+00:00,459,446.0,443.0,1.0,438.0,23,2026-04-21,438.0,1.0,519.33,0.5189040965171188,0.9998411962659136,2.0,0.85,195.36,193.16,454.56
66340,2026-04-22 00:00:00+00:00,513,482.0,482.0,1.0,478.0,0,2026-04-22,472.0,1.0,519.33,0.5189040965171188,0.9999810335986662,2.0,0.85,212.59,208.18,489.85
66340,2026-04-22 01:00:00+00:00,680,652.0,647.0,1.0,646.0,1,2026-04-22,642.0,1.0,519.33,0.5189040965171188,0.9999982358498678,2.0,0.85,285.37,283.17,666.27
66340,2026-04-22 02:00:00+00:00,778,766.0,764.0,1.0,761.0,2,2026-04-22,751.0,0.0,519.33,0.5189040965171188,0.9999998722053931,2.0,0.860671911757094,341.21,335.4,779.39
66340,2026-04-22 03:00:00+00:00,699,691.0,690.0,0.0,687.0,3,2026-04-22,684.0,0.0,516.98,0.5189040965171188,0.9999999927903216,2.0,0.8516614317068298,304.93,302.28,709.86
66340,2026-04-22 04:00:00+00:00,560,553.0,552.0,2.0,548.0,4,2026-04-22,549.0,1.0,521.67,0.5189040965171188,0.9999998722053931,2.0,0.85,243.47,242.15,569.76
66340,2026-04-22 05:00:00+00:00,798,789.0,788.0,13.0,782.0,5,2026-04-22,779.0,12.0,547.52,0.5189040965171188,0.9999982358498678,2.0,0.85,347.56,343.59,808.45
66340,2026-04-22 06:00:00+00:00,1364,1349.0,1342.0,10.0,1336.0,6,2026-04-22,1330.0,7.0,540.47,0.5189040965171188,0.9999810335986662,2.0,0.8507485830985204,592.42,587.13,1380.28
66340,2026-04-22 07:00:00+00:00,919,917.0,915.0,10.0,913.0,7,2026-04-22,907.0,10.0,540.47,0.5189040965171188,0.9998411962659136,2.0,0.85,403.51,399.99,941.29
66340,2026-04-22 08:00:00+00:00,1969,1964.0,1957.0,21.0,1945.0,8,2026-04-22,1933.0,20.0,566.32,0.5189040965171188,0.9989644695743897,1.1152048690359744,0.85,862.28,851.7,1118.6
66340,2026-04-22 09:00:00+00:00,3371,3358.0,3349.0,18.0,3332.0,9,2026-04-22,3317.0,18.0,559.27,0.5189040965171188,0.9947411425730011,0.62161507239353,0.85,1469.37,1455.33,1069.93
66340,2026-04-22 10:00:00+00:00,4025,4018.0,4006.0,29.0,3999.0,10,2026-04-22,3944.0,27.0,585.11,0.5189040965171188,0.9792008154013185,0.5,0.85,1730.17,1703.39,1023.28
66340,2026-04-22 11:00:00+00:00,6355,6344.0,6323.0,36.0,6303.0,11,2026-04-22,6257.0,35.0,601.56,0.5189040965171188,0.9359340011553848,0.5,0.85,2610.2,2582.96,1623.39
66340,2026-04-22 12:00:00+00:00,7102,7081.0,7065.0,41.0,7049.0,12,2026-04-22,7005.0,39.0,613.31,0.5189040965171188,0.846313658188328,0.5,0.85,2637.24,2614.84,1817.46
66340,2026-04-22 13:00:00+00:00,6538,6525.0,6508.0,34.0,6495.0,13,2026-04-22,6448.0,33.0,596.86,0.5189040965171188,0.7128761131977971,0.5,0.85,2046.29,2027.43,1672.95
66340,2026-04-22 14:00:00+00:00,6784,6773.0,6753.0,36.0,6735.0,14,2026-04-22,6687.0,33.0,601.56,0.5189040965171188,0.5822372097709865,0.5,0.85,1734.21,1717.26,1734.96
66340,2026-04-22 15:00:00+00:00,6859,6851.0,6830.0,38.0,6816.0,15,2026-04-22,6760.0,34.0,606.26,0.5189040965171188,0.5266127405031122,0.5,0.85,1586.42,1570.16,1753.9
66340,2026-04-22 16:00:00+00:00,7229,7211.0,7196.0,44.0,7172.0,16,2026-04-22,7142.0,42.0,620.35,0.5189040965171188,0.5822372097709865,0.5,0.85,1847.98,1834.11,1853.01
66340,2026-04-22 17:00:00+00:00,6195,6178.0,6156.0,29.0,6142.0,17,2026-04-22,6111.0,26.0,585.11,0.5189040965171188,0.7128761131977971,0.5,0.85,1935.61,1921.46,1585.51
66340,2026-04-22 18:00:00+00:00,4382,4369.0,4356.0,26.0,4342.0,18,2026-04-22,4328.0,24.0,578.06,0.5189040965171188,0.846313658188328,0.5087258304412494,0.85,1626.02,1615.57,1142.51
66340,2026-04-22 19:00:00+00:00,2131,2125.0,2123.0,17.0,2117.0,19,2026-04-22,2103.0,14.0,556.92,0.5189040965171188,0.9359340011553848,0.7860425923088709,0.85,876.4,868.14,857.77
66340,2026-04-22 20:00:00+00:00,1830,1821.0,1817.0,11.0,1811.0,20,2026-04-22,1791.0,9.0,542.82,0.5189040965171188,0.9792008154013185,1.0934569479965899,0.85,784.75,773.52,1016.21
66340,2026-04-22 21:00:00+00:00,1305,1295.0,1292.0,6.0,1285.0,21,2026-04-22,1277.0,4.0,531.07,0.5189040965171188,0.9947411425730011,1.7101666666666666,0.85,566.86,560.28,1133.23
66340,2026-04-22 22:00:00+00:00,1182,1175.0,1175.0,1.0,1170.0,22,2026-04-22,1163.0,1.0,519.33,0.5189040965171188,0.9989644695743897,2.0,0.85,517.72,512.43,1206.97
66340,2026-04-22 23:00:00+00:00,849,840.0,839.0,0.0,835.0,23,2026-04-22,837.0,0.0,516.98,0.5189040965171188,0.9998411962659136,2.0,0.85,370.0,369.12,868.65
66340,2026-04-23 00:00:00+00:00,13,1.0,1.0,0.0,0.0,0,2026-04-23,1.0,0.0,516.98,0.5189040965171188,0.9999810335986662,2.0,0.85,0.44,0.44,1.04
66340,2026-04-23 01:00:00+00:00,8,2.0,2.0,0.0,0.0,1,2026-04-23,1.0,0.0,516.98,0.5189040965171188,0.9999982358498678,2.0,0.85,0.88,0.44,1.04
66340,2026-04-23 02:00:00+00:00,11,3.0,3.0,0.0,0.0,2,2026-04-23,3.0,0.0,516.98,0.5189040965171188,0.9999998722053931,2.0,0.85,1.32,1.32,3.11
66340,2026-04-23 03:00:00+00:00,11,2.0,2.0,0.0,0.0,3,2026-04-23,2.0,0.0,516.98,0.5189040965171188,0.9999999927903216,2.0,0.85,0.88,0.88,2.08
66340,2026-04-23 04:00:00+00:00,20,3.0,3.0,0.0,0.0,4,2026-04-23,2.0,0.0,516.98,0.5189040965171188,0.9999998722053931,2.0,0.85,1.32,0.88,2.08
66340,2026-04-23 05:00:00+00:00,13,4.0,4.0,1.0,0.0,5,2026-04-23,3.0,1.0,519.33,0.5189040965171188,0.9999982358498678,2.0,0.85,1.76,1.32,3.11
66340,2026-04-23 06:00:00+00:00,14,6.0,5.0,0.0,0.0,6,2026-04-23,3.0,0.0,516.98,0.5189040965171188,0.9999810335986662,2.0,0.85,2.21,1.32,3.11
66340,2026-04-23 07:00:00+00:00,6,2.0,2.0,0.0,0.0,7,2026-04-23,1.0,0.0,516.98,0.5189040965171188,0.9998411962659136,2.0,0.85,0.88,0.44,1.04
66340,2026-04-23 08:00:00+00:00,20,9.0,9.0,0.0,0.0,8,2026-04-23,7.0,0.0,516.98,0.5189040965171188,0.9989644695743897,1.1152048690359744,0.85,3.97,3.08,4.05
66340,2026-04-23 09:00:00+00:00,22,9.0,9.0,0.0,0.0,9,2026-04-23,7.0,0.0,516.98,0.5189040965171188,0.9947411425730011,0.62161507239353,0.85,3.95,3.07,2.26
66340,2026-04-23 10:00:00+00:00,35,24.0,23.0,1.0,0.0,10,2026-04-23,19.0,0.0,519.33,0.5189040965171188,0.9792008154013185,0.5,0.85,9.93,8.21,4.93
66340,2026-04-23 11:00:00+00:00,27,15.0,15.0,0.0,0.0,11,2026-04-23,10.0,0.0,516.98,0.5189040965171188,0.9359340011553848,0.5,0.85,6.19,4.13,2.59
66340,2026-04-23 12:00:00+00:00,21,10.0,10.0,1.0,0.0,12,2026-04-23,7.0,1.0,519.33,0.5189040965171188,0.846313658188328,0.5,0.85,3.73,2.61,1.82
66340,2026-04-23 13:00:00+00:00,44,25.0,23.0,0.0,0.0,13,2026-04-23,19.0,0.0,516.98,0.5189040965171188,0.7128761131977971,0.5,0.85,7.23,5.97,4.93
66340,2026-04-23 14:00:00+00:00,35,19.0,19.0,2.0,0.0,14,2026-04-23,15.0,2.0,521.67,0.5189040965171188,0.5822372097709865,0.5,0.85,4.88,3.85,3.89
66340,2026-04-23 15:00:00+00:00,20,10.0,10.0,0.0,0.0,15,2026-04-23,8.0,0.0,516.98,0.5189040965171188,0.5266127405031122,0.5,0.85,2.32,1.86,2.08
66340,2026-04-23 16:00:00+00:00,34,21.0,19.0,1.0,0.0,16,2026-04-23,18.0,0.0,519.33,0.5189040965171188,0.5822372097709865,0.5,0.85,4.88,4.62,4.67
66340,2026-04-23 17:00:00+00:00,28,17.0,14.0,1.0,0.0,17,2026-04-23,13.0,1.0,519.33,0.5189040965171188,0.7128761131977971,0.5,0.85,4.4,4.09,3.37
66340,2026-04-23 18:00:00+00:00,24,8.0,8.0,0.0,0.0,18,2026-04-23,6.0,0.0,516.98,0.5189040965171188,0.846313658188328,0.5087258304412494,0.85,2.99,2.24,1.58
66340,2026-04-23 19:00:00+00:00,17,11.0,11.0,1.0,0.0,19,2026-04-23,10.0,1.0,519.33,0.5189040965171188,0.9359340011553848,0.7860425923088709,0.85,4.54,4.13,4.08
66340,2026-04-23 20:00:00+00:00,20,6.0,5.0,1.0,0.0,20,2026-04-23,4.0,1.0,519.33,0.5189040965171188,0.9792008154013185,1.0934569479965899,0.85,2.16,1.73,2.27
66340,2026-04-23 21:00:00+00:00,23,6.0,4.0,0.0,0.0,21,2026-04-23,4.0,0.0,516.98,0.5189040965171188,0.9947411425730011,1.7101666666666666,0.85,1.75,1.75,3.55
66340,2026-04-23 22:00:00+00:00,13,3.0,3.0,0.0,0.0,22,2026-04-23,1.0,0.0,516.98,0.5189040965171188,0.9989644695743897,2.0,0.85,1.32,0.44,1.04
66340,2026-04-23 23:00:00+00:00,18,4.0,3.0,0.0,0.0,23,2026-04-23,3.0,0.0,516.98,0.5189040965171188,0.9998411962659136,2.0,0.85,1.32,1.32,3.11
66340,2026-04-24 00:00:00+00:00,155,136.0,135.0,1.0,132.0,0,2026-04-24,134.0,1.0,519.33,0.5189040965171188,0.9999810335986662,2.0,0.85,59.54,59.1,139.07
66340,2026-04-24 01:00:00+00:00,113,103.0,103.0,0.0,101.0,1,2026-04-24,100.0,0.0,516.98,0.5189040965171188,0.9999982358498678,2.0,0.85,45.43,44.11,103.78
66340,2026-04-24 02:00:00+00:00,65,53.0,53.0,1.0,49.0,2,2026-04-24,49.0,1.0,519.33,0.5189040965171188,0.9999998722053931,2.0,0.85,23.38,21.61,50.85
66340,2026-04-24 03:00:00+00:00,134,130.0,128.0,1.0,125.0,3,2026-04-24,120.0,0.0,519.33,0.5189040965171188,0.9999999927903216,2.0,0.85,56.46,52.93,124.54
66340,2026-04-24 04:00:00+00:00,165,159.0,159.0,1.0,154.0,4,2026-04-24,147.0,1.0,519.33,0.5189040965171188,0.9999998722053931,2.0,0.85,70.13,64.84,152.56
66340,2026-04-24 05:00:00+00:00,186,181.0,177.0,6.0,172.0,5,2026-04-24,172.0,6.0,531.07,0.5189040965171188,0.9999982358498678,2.0,0.85,78.07,75.86,178.5
66340,2026-04-24 06:00:00+00:00,327,310.0,309.0,5.0,305.0,6,2026-04-24,298.0,5.0,528.72,0.5189040965171188,0.9999810335986662,2.0,0.85,136.29,131.44,309.27
66340,2026-04-24 07:00:00+00:00,345,342.0,342.0,7.0,338.0,7,2026-04-24,329.0,6.0,533.42,0.5189040965171188,0.9998411962659136,2.0,0.85,150.82,145.09,341.44
66340,2026-04-24 08:00:00+00:00,756,746.0,745.0,5.0,736.0,8,2026-04-24,719.0,4.0,528.72,0.5189040965171188,0.9989644695743897,1.1152048690359744,0.85,328.26,316.8,416.07
66340,2026-04-24 09:00:00+00:00,1666,1656.0,1653.0,13.0,1637.0,9,2026-04-24,1614.0,11.0,547.52,0.5189040965171188,0.9947411425730011,0.62161507239353,0.85,725.25,708.14,520.61
66340,2026-04-24 10:00:00+00:00,3498,3487.0,3479.0,17.0,3460.0,10,2026-04-24,3417.0,11.0,556.92,0.5189040965171188,0.9792008154013185,0.5,0.85,1502.56,1475.78,886.55
66340,2026-04-24 11:00:00+00:00,4318,4305.0,4298.0,20.0,4269.0,11,2026-04-24,4227.0,18.0,563.97,0.5189040965171188,0.9359340011553848,0.5,0.85,1774.26,1744.95,1096.7
66340,2026-04-24 12:00:00+00:00,4857,4841.0,4833.0,16.0,4810.0,12,2026-04-24,4773.0,13.0,554.57,0.5189040965171188,0.846313658188328,0.5,0.85,1804.07,1781.68,1238.36
66340,2026-04-24 13:00:00+00:00,4905,4894.0,4883.0,15.0,4860.0,13,2026-04-24,4823.0,11.0,552.22,0.5189040965171188,0.7128761131977971,0.5,0.85,1535.35,1516.48,1251.34
66340,2026-04-24 14:00:00+00:00,4347,4333.0,4327.0,22.0,4302.0,14,2026-04-24,4282.0,19.0,568.67,0.5189040965171188,0.5822372097709865,0.5,0.85,1111.2,1099.65,1110.97
66340,2026-04-24 15:00:00+00:00,4997,4981.0,4976.0,15.0,4948.0,15,2026-04-24,4936.0,13.0,552.22,0.5189040965171188,0.5266127405031122,0.5,0.85,1155.79,1146.5,1280.66
66340,2026-04-24 16:00:00+00:00,5041,5029.0,5024.0,12.0,4998.0,16,2026-04-24,4978.0,12.0,545.17,0.5189040965171188,0.5822372097709865,0.5,0.85,1290.2,1278.38,1291.55
66340,2026-04-24 17:00:00+00:00,5767,5752.0,5738.0,27.0,5719.0,17,2026-04-24,5680.0,22.0,580.41,0.5189040965171188,0.7128761131977971,0.5,0.85,1804.18,1785.95,1473.69
66340,2026-04-24 18:00:00+00:00,4984,4970.0,4961.0,19.0,4941.0,18,2026-04-24,4933.0,18.0,561.62,0.5189040965171188,0.846313658188328,0.5087258304412494,0.85,1851.85,1841.4,1302.21
66340,2026-04-24 19:00:00+00:00,2606,2597.0,2591.0,16.0,2582.0,19,2026-04-24,2578.0,15.0,554.57,0.5189040965171188,0.9359340011553848,0.7860425923088709,0.85,1069.59,1064.23,1051.52
66340,2026-04-24 20:00:00+00:00,1484,1474.0,1469.0,5.0,1461.0,20,2026-04-24,1442.0,4.0,528.72,0.5189040965171188,0.9792008154013185,1.0934569479965899,0.85,634.45,622.79,818.19
66340,2026-04-24 21:00:00+00:00,791,781.0,778.0,4.0,770.0,21,2026-04-24,766.0,3.0,526.37,0.5189040965171188,0.9947411425730011,1.7101666666666666,0.85,341.35,336.08,679.76
66340,2026-04-24 22:00:00+00:00,699,686.0,685.0,5.0,682.0,22,2026-04-24,679.0,4.0,528.72,0.5189040965171188,0.9989644695743897,2.0,0.85,301.82,299.18,704.67
66340,2026-04-24 23:00:00+00:00,240,232.0,230.0,2.0,226.0,23,2026-04-24,228.0,1.0,521.67,0.5189040965171188,0.9998411962659136,2.0,0.85,101.43,100.55,236.62
66340,2026-04-25 00:00:00+00:00,372,348.0,346.0,2.0,342.0,0,2026-04-25,343.0,2.0,521.67,0.5189040965171188,0.9999810335986662,2.0,0.85,152.61,151.28,355.97
66340,2026-04-25 01:00:00+00:00,253,223.0,219.0,1.0,213.0,1,2026-04-25,211.0,0.0,519.33,0.5189040965171188,0.9999982358498678,2.0,0.85,96.59,93.07,218.98
66340,2026-04-25 02:00:00+00:00,324,316.0,312.0,2.0,309.0,2,2026-04-25,310.0,2.0,521.67,0.5189040965171188,0.9999998722053931,2.0,0.85,137.61,136.73,321.72
66340,2026-04-25 03:00:00+00:00,299,288.0,284.0,2.0,281.0,3,2026-04-25,282.0,2.0,521.67,0.5189040965171188,0.9999999927903216,2.0,0.85,125.26,124.38,292.66
66340,2026-04-25 04:00:00+00:00,341,329.0,328.0,2.0,327.0,4,2026-04-25,325.0,2.0,521.67,0.5189040965171188,0.9999998722053931,2.0,0.85,144.67,143.35,337.29
66340,2026-04-25 05:00:00+00:00,423,416.0,415.0,8.0,409.0,5,2026-04-25,403.0,7.0,535.77,0.5189040965171188,0.9999982358498678,2.0,0.85,183.04,177.75,418.24
66340,2026-04-25 06:00:00+00:00,563,551.0,549.0,12.0,544.0,6,2026-04-25,529.0,10.0,545.17,0.5189040965171188,0.9999810335986662,2.0,0.85,242.14,233.32,549.0
66340,2026-04-25 07:00:00+00:00,932,925.0,920.0,13.0,916.0,7,2026-04-25,906.0,13.0,547.52,0.5189040965171188,0.9998411962659136,2.0,0.85,405.72,399.54,940.25
66340,2026-04-25 08:00:00+00:00,2416,2399.0,2387.0,24.0,2374.0,8,2026-04-25,2345.0,22.0,573.36,0.5189040965171188,0.9989644695743897,1.1152048690359744,0.85,1051.74,1033.23,1357.01
66340,2026-04-25 09:00:00+00:00,4519,4501.0,4493.0,27.0,4484.0,9,2026-04-25,4431.0,25.0,580.41,0.5189040965171188,0.9947411425730011,0.62161507239353,0.85,1971.3,1944.1,1429.26
66340,2026-04-25 10:00:00+00:00,7049,7034.0,7016.0,41.0,6997.0,10,2026-04-25,6921.0,41.0,613.31,0.5189040965171188,0.9792008154013185,0.5,0.85,3030.17,2989.14,1795.67
66340,2026-04-25 11:00:00+00:00,9511,9492.0,9463.0,56.0,9432.0,11,2026-04-25,9330.0,48.0,648.55,0.5189040965171188,0.9359340011553848,0.5,0.85,3906.43,3851.53,2420.69
66340,2026-04-25 12:00:00+00:00,11339,11325.0,11301.0,63.0,11267.0,12,2026-04-25,11163.0,56.0,665.0,0.5189040965171188,0.846313658188328,0.5,0.85,4218.46,4166.95,2896.26
66340,2026-04-25 13:00:00+00:00,11868,11855.0,11824.0,89.0,11795.0,13,2026-04-25,11714.0,85.0,726.08,0.5189040965171188,0.7128761131977971,0.5,0.85,3717.79,3683.2,3039.22
66340,2026-04-25 14:00:00+00:00,11626,11614.0,11590.0,83.0,11569.0,14,2026-04-25,11492.0,77.0,711.99,0.5189040965171188,0.5822372097709865,0.5,0.85,2976.39,2951.22,2981.62
66340,2026-04-25 15:00:00+00:00,10302,10289.0,10248.0,92.0,10225.0,15,2026-04-25,10148.0,86.0,733.13,0.5189040965171188,0.5266127405031122,0.5,0.85,2380.33,2357.1,2632.92
66340,2026-04-25 16:00:00+00:00,10245,10233.0,10212.0,76.0,10186.0,16,2026-04-25,10127.0,68.0,695.54,0.5189040965171188,0.5822372097709865,0.5,0.85,2622.51,2600.68,2627.47
66340,2026-04-25 17:00:00+00:00,7528,7513.0,7497.0,43.0,7470.0,17,2026-04-25,7417.0,38.0,618.0,0.5189040965171188,0.7128761131977971,0.5,0.85,2357.26,2332.11,1924.36
66340,2026-04-25 18:00:00+00:00,4819,4807.0,4798.0,29.0,4783.0,18,2026-04-25,4748.0,26.0,585.11,0.5189040965171188,0.846313658188328,0.5087258304412494,0.85,1791.01,1772.34,1253.38
66340,2026-04-25 19:00:00+00:00,5385,5367.0,5355.0,30.0,5345.0,19,2026-04-25,5267.0,26.0,587.46,0.5189040965171188,0.9359340011553848,0.7860425923088709,0.8727160367569673,2269.68,2232.38,2148.31
66340,2026-04-25 20:00:00+00:00,2998,2987.0,2984.0,21.0,2971.0,20,2026-04-25,2910.0,17.0,566.32,0.5189040965171188,0.9792008154013185,1.0934569479965899,0.85,1288.77,1256.81,1651.13
66340,2026-04-25 21:00:00+00:00,1996,1983.0,1979.0,12.0,1971.0,21,2026-04-25,1932.0,12.0,545.17,0.5189040965171188,0.9947411425730011,1.7101666666666666,0.85,868.28,847.66,1714.48
66340,2026-04-25 22:00:00+00:00,1070,1060.0,1058.0,9.0,1052.0,22,2026-04-25,1038.0,8.0,538.12,0.5189040965171188,0.9989644695743897,2.0,0.85,466.17,457.35,1077.24
66340,2026-04-25 23:00:00+00:00,534,526.0,523.0,4.0,520.0,23,2026-04-25,517.0,4.0,526.37,0.5189040965171188,0.9998411962659136,2.0,0.85,230.64,228.0,536.55
66340,2026-04-26 00:00:00+00:00,239,216.0,216.0,1.0,213.0,0,2026-04-26,200.0,1.0,519.33,0.5189040965171188,0.9999810335986662,2.0,0.85,95.27,88.21,207.56
66340,2026-04-26 01:00:00+00:00,189,178.0,176.0,2.0,172.0,1,2026-04-26,175.0,2.0,521.67,0.5189040965171188,0.9999982358498678,2.0,0.85,77.63,77.19,181.62
66340,2026-04-26 02:00:00+00:00,189,185.0,185.0,0.0,178.0,2,2026-04-26,181.0,0.0,516.98,0.5189040965171188,0.9999998722053931,2.0,0.85,81.6,79.83,187.84
66340,2026-04-26 03:00:00+00:00,163,156.0,155.0,2.0,151.0,3,2026-04-26,151.0,2.0,521.67,0.5189040965171188,0.9999999927903216,2.0,0.85,68.37,66.6,156.71
66340,2026-04-26 04:00:00+00:00,127,124.0,124.0,0.0,119.0,4,2026-04-26,121.0,0.0,516.98,0.5189040965171188,0.9999998722053931,2.0,0.85,54.69,53.37,125.57
66340,2026-04-26 05:00:00+00:00,176,171.0,170.0,1.0,165.0,5,2026-04-26,162.0,1.0,519.33,0.5189040965171188,0.9999982358498678,2.0,0.85,74.98,71.45,168.12
66340,2026-04-26 06:00:00+00:00,367,361.0,359.0,1.0,354.0,6,2026-04-26,351.0,1.0,519.33,0.5189040965171188,0.9999810335986662,2.0,0.85,158.34,154.81,364.27
66340,2026-04-26 07:00:00+00:00,502,486.0,486.0,6.0,483.0,7,2026-04-26,465.0,5.0,531.07,0.5189040965171188,0.9998411962659136,2.0,0.85,214.33,205.06,482.58
66340,2026-04-26 08:00:00+00:00,817,809.0,808.0,6.0,796.0,8,2026-04-26,733.0,3.0,531.07,0.5189040965171188,0.9989644695743897,1.1152048690359744,0.85,356.01,322.97,424.18
66340,2026-04-26 09:00:00+00:00,2019,2006.0,2005.0,8.0,1997.0,9,2026-04-26,1927.0,5.0,535.77,0.5189040965171188,0.9947411425730011,0.62161507239353,0.85,879.69,845.47,621.57
66340,2026-04-26 10:00:00+00:00,4166,4150.0,4140.0,15.0,4129.0,10,2026-04-26,4040.0,10.0,552.22,0.5189040965171188,0.9792008154013185,0.5,0.85,1788.04,1744.85,1048.19
66340,2026-04-26 11:00:00+00:00,7719,7709.0,7705.0,21.0,7685.0,11,2026-04-26,7583.0,16.0,566.32,0.5189040965171188,0.9359340011553848,0.5,0.85,3180.71,3130.35,1967.42
66340,2026-04-26 12:00:00+00:00,8674,8654.0,8641.0,25.0,8625.0,12,2026-04-26,8516.0,21.0,575.71,0.5189040965171188,0.846313658188328,0.5,0.85,3225.53,3178.87,2209.49
66340,2026-04-26 13:00:00+00:00,9163,9147.0,9133.0,31.0,9113.0,13,2026-04-26,9036.0,27.0,589.81,0.5189040965171188,0.7128761131977971,0.5,0.85,2871.66,2841.16,2344.41
66340,2026-04-26 14:00:00+00:00,8252,8227.0,8223.0,46.0,8209.0,14,2026-04-26,8125.0,41.0,625.05,0.5189040965171188,0.5822372097709865,0.5,0.85,2111.72,2086.55,2108.05
66340,2026-04-26 15:00:00+00:00,6669,6653.0,6633.0,39.0,6618.0,15,2026-04-26,6529.0,32.0,608.61,0.5189040965171188,0.5266127405031122,0.5,0.85,1540.66,1516.51,1693.96
66340,2026-04-26 16:00:00+00:00,3007,2999.0,2997.0,12.0,2983.0,16,2026-04-26,2951.0,12.0,545.17,0.5189040965171188,0.5822372097709865,0.5,0.85,769.65,757.84,765.64
66340,2026-04-26 17:00:00+00:00,2186,2169.0,2169.0,15.0,2159.0,17,2026-04-26,2074.0,7.0,552.22,0.5189040965171188,0.7128761131977971,0.5,0.85,681.99,652.12,538.1
66340,2026-04-26 18:00:00+00:00,1383,1368.0,1366.0,6.0,1360.0,18,2026-04-26,1267.0,3.0,531.07,0.5189040965171188,0.846313658188328,0.5087258304412494,0.85,509.9,472.95,334.46
66340,2026-04-26 19:00:00+00:00,1058,1050.0,1050.0,4.0,1042.0,19,2026-04-26,1004.0,3.0,526.37,0.5189040965171188,0.9359340011553848,0.7860425923088709,0.85,433.45,414.46,409.51
66340,2026-04-26 20:00:00+00:00,748,735.0,735.0,5.0,729.0,20,2026-04-26,708.0,3.0,528.72,0.5189040965171188,0.9792008154013185,1.0934569479965899,0.85,317.44,305.78,401.72
66340,2026-04-26 21:00:00+00:00,498,489.0,489.0,6.0,486.0,21,2026-04-26,460.0,4.0,531.07,0.5189040965171188,0.9947411425730011,1.7101666666666666,0.85,214.55,201.82,408.21
66340,2026-04-26 22:00:00+00:00,275,268.0,268.0,1.0,265.0,22,2026-04-26,263.0,1.0,519.33,0.5189040965171188,0.9989644695743897,2.0,0.85,118.08,115.88,272.94
66340,2026-04-26 23:00:00+00:00,321,315.0,315.0,3.0,312.0,23,2026-04-26,310.0,2.0,524.02,0.5189040965171188,0.9998411962659136,2.0,0.85,138.91,136.71,321.72
66342,2026-04-20 00:00:00+00:00,11,6.0,5.0,2.0,3.0,0,2026-04-20,4.0,1.0,521.67,0.5189040965171188,0.9999810335986662,2.0,0.85,2.21,1.76,4.15
66342,2026-04-20 01:00:00+00:00,6,3.0,2.0,0.0,0.0,1,2026-04-20,1.0,0.0,516.98,0.5189040965171188,0.9999982358498678,2.0,0.85,0.88,0.44,1.04
66342,2026-04-20 02:00:00+00:00,7,1.0,1.0,1.0,0.0,2,2026-04-20,1.0,1.0,519.33,0.5189040965171188,0.9999998722053931,2.0,0.85,0.44,0.44,1.04
66342,2026-04-20 03:00:00+00:00,7,5.0,4.0,1.0,1.0,3,2026-04-20,3.0,1.0,519.33,0.5189040965171188,0.9999999927903216,2.0,0.85,1.76,1.32,3.11
66342,2026-04-20 04:00:00+00:00,10,3.0,2.0,1.0,0.0,4,2026-04-20,2.0,1.0,519.33,0.5189040965171188,0.9999998722053931,2.0,0.85,0.88,0.88,2.08
66342,2026-04-20 05:00:00+00:00,33,25.0,25.0,1.0,19.0,5,2026-04-20,18.0,0.0,519.33,0.5189040965171188,0.9999982358498678,2.0,0.85,11.03,7.94,18.68
66342,2026-04-20 06:00:00+00:00,34,27.0,26.0,0.0,16.0,6,2026-04-20,19.0,0.0,516.98,0.5189040965171188,0.9999810335986662,2.0,0.85,11.47,8.38,19.72
66342,2026-04-20 07:00:00+00:00,96,86.0,86.0,0.0,81.0,7,2026-04-20,73.0,0.0,516.98,0.5189040965171188,0.9998411962659136,2.0,0.85,37.93,32.19,75.76
66342,2026-04-20 08:00:00+00:00,136,132.0,132.0,4.0,125.0,8,2026-04-20,109.0,1.0,526.37,0.5189040965171188,0.9989644695743897,1.2675725756639902,0.85,58.16,48.03,71.69
66342,2026-04-20 09:00:00+00:00,239,231.0,229.0,5.0,215.0,9,2026-04-20,182.0,2.0,528.72,0.5189040965171188,0.9947411425730011,0.7029045074667762,0.85,100.47,79.85,66.38
66342,2026-04-20 10:00:00+00:00,329,319.0,318.0,9.0,298.0,10,2026-04-20,264.0,5.0,538.12,0.5189040965171188,0.9792008154013185,0.5,0.85,137.34,114.02,68.5
66342,2026-04-20 11:00:00+00:00,370,355.0,355.0,6.0,337.0,11,2026-04-20,300.0,1.0,531.07,0.5189040965171188,0.9359340011553848,0.5,0.85,146.55,123.84,77.84
66342,2026-04-20 12:00:00+00:00,332,321.0,321.0,5.0,306.0,12,2026-04-20,276.0,2.0,528.72,0.5189040965171188,0.846313658188328,0.5,0.85,119.82,103.03,71.61
66342,2026-04-20 13:00:00+00:00,392,381.0,379.0,6.0,361.0,13,2026-04-20,307.0,2.0,531.07,0.5189040965171188,0.7128761131977971,0.5,0.85,119.17,96.53,79.65
66342,2026-04-20 14:00:00+00:00,209,195.0,194.0,2.0,180.0,14,2026-04-20,160.0,0.0,521.67,0.5189040965171188,0.5822372097709865,0.5,0.85,49.82,41.09,41.51
66342,2026-04-20 15:00:00+00:00,296,285.0,285.0,1.0,267.0,15,2026-04-20,244.0,0.0,519.33,0.5189040965171188,0.5266127405031122,0.5,0.85,66.2,56.67,63.31
66342,2026-04-20 16:00:00+00:00,304,297.0,297.0,4.0,278.0,16,2026-04-20,239.0,1.0,526.37,0.5189040965171188,0.5822372097709865,0.5,0.85,76.27,61.38,62.01
66342,2026-04-20 17:00:00+00:00,204,190.0,190.0,6.0,180.0,17,2026-04-20,156.0,1.0,531.07,0.5189040965171188,0.7128761131977971,0.5,0.85,59.74,49.05,40.47
66342,2026-04-20 18:00:00+00:00,132,123.0,123.0,2.0,115.0,18,2026-04-20,102.0,0.0,521.67,0.5189040965171188,0.846313658188328,0.5278835271118428,0.85,45.91,38.07,27.94
66342,2026-04-20 19:00:00+00:00,58,52.0,52.0,2.0,46.0,19,2026-04-20,42.0,1.0,521.67,0.5189040965171188,0.9359340011553848,0.9004826678367706,0.85,21.47,17.34,19.63
66342,2026-04-20 20:00:00+00:00,25,20.0,19.0,0.0,12.0,20,2026-04-20,8.0,0.0,516.98,0.5189040965171188,0.9792008154013185,1.1828242074927955,0.85,8.21,3.46,4.91
66342,2026-04-20 21:00:00+00:00,19,14.0,14.0,1.0,10.0,21,2026-04-20,9.0,0.0,519.33,0.5189040965171188,0.9947411425730011,1.6749918380672544,0.85,6.14,3.95,7.82
66342,2026-04-20 22:00:00+00:00,2,2.0,2.0,0.0,2.0,22,2026-04-20,1.0,0.0,516.98,0.5189040965171188,0.9989644695743897,2.0,0.85,0.88,0.44,1.04
66342,2026-04-20 23:00:00+00:00,3,1.0,1.0,0.0,0.0,23,2026-04-20,1.0,0.0,516.98,0.5189040965171188,0.9998411962659136,2.0,0.85,0.44,0.44,1.04
66342,2026-04-21 00:00:00+00:00,3,0.0,0.0,0.0,0.0,0,2026-04-21,0.0,0.0,516.98,0.5189040965171188,0.9999810335986662,2.0,1.0,0.0,0.0,0.0
66342,2026-04-21 02:00:00+00:00,4,0.0,0.0,0.0,0.0,2,2026-04-21,0.0,0.0,516.98,0.5189040965171188,0.9999998722053931,2.0,1.0,0.0,0.0,0.0
66342,2026-04-21 03:00:00+00:00,1,1.0,1.0,0.0,0.0,3,2026-04-21,1.0,0.0,516.98,0.5189040965171188,0.9999999927903216,2.0,0.85,0.44,0.44,1.04
66342,2026-04-21 04:00:00+00:00,4,2.0,2.0,0.0,0.0,4,2026-04-21,1.0,0.0,516.98,0.5189040965171188,0.9999998722053931,2.0,0.85,0.88,0.44,1.04
66342,2026-04-21 05:00:00+00:00,7,1.0,1.0,0.0,0.0,5,2026-04-21,1.0,0.0,516.98,0.5189040965171188,0.9999982358498678,2.0,0.85,0.44,0.44,1.04
66342,2026-04-21 06:00:00+00:00,9,2.0,2.0,0.0,0.0,6,2026-04-21,1.0,0.0,516.98,0.5189040965171188,0.9999810335986662,2.0,0.85,0.88,0.44,1.04
66342,2026-04-21 07:00:00+00:00,7,5.0,5.0,0.0,0.0,7,2026-04-21,4.0,0.0,516.98,0.5189040965171188,0.9998411962659136,2.0,0.85,2.2,1.76,4.15
66342,2026-04-21 08:00:00+00:00,22,17.0,16.0,0.0,0.0,8,2026-04-21,7.0,0.0,516.98,0.5189040965171188,0.9989644695743897,1.2675725756639902,0.85,7.05,3.08,4.6
66342,2026-04-21 09:00:00+00:00,27,16.0,16.0,0.0,0.0,9,2026-04-21,5.0,0.0,516.98,0.5189040965171188,0.9947411425730011,0.7029045074667762,0.85,7.02,2.19,1.82
66342,2026-04-21 10:00:00+00:00,35,24.0,22.0,2.0,0.0,10,2026-04-21,11.0,0.0,521.67,0.5189040965171188,0.9792008154013185,0.5,0.85,9.5,4.75,2.85
66342,2026-04-21 11:00:00+00:00,32,23.0,23.0,1.0,0.0,11,2026-04-21,9.0,1.0,519.33,0.5189040965171188,0.9359340011553848,0.5,0.85,9.49,3.72,2.34
66342,2026-04-21 12:00:00+00:00,47,34.0,32.0,5.0,0.0,12,2026-04-21,11.0,3.0,528.72,0.5189040965171188,0.846313658188328,0.5,0.85,11.95,4.11,2.85
66342,2026-04-21 13:00:00+00:00,43,30.0,28.0,1.0,0.0,13,2026-04-21,17.0,1.0,519.33,0.5189040965171188,0.7128761131977971,0.5,0.85,8.8,5.35,4.41
66342,2026-04-21 14:00:00+00:00,50,39.0,39.0,1.0,0.0,14,2026-04-21,15.0,0.0,519.33,0.5189040965171188,0.5822372097709865,0.5,0.85,10.02,3.85,3.89
66342,2026-04-21 15:00:00+00:00,45,35.0,33.0,3.0,0.0,15,2026-04-21,12.0,2.0,524.02,0.5189040965171188,0.5266127405031122,0.5,0.85,7.66,2.79,3.11
66342,2026-04-21 16:00:00+00:00,28,16.0,16.0,1.0,0.0,16,2026-04-21,6.0,1.0,519.33,0.5189040965171188,0.5822372097709865,0.5,0.85,4.11,1.54,1.56
66342,2026-04-21 17:00:00+00:00,29,14.0,14.0,0.0,0.0,17,2026-04-21,7.0,0.0,516.98,0.5189040965171188,0.7128761131977971,0.5,0.85,4.4,2.2,1.82
66342,2026-04-21 18:00:00+00:00,25,12.0,12.0,0.0,0.0,18,2026-04-21,5.0,0.0,516.98,0.5189040965171188,0.846313658188328,0.5278835271118428,0.85,4.48,1.87,1.37
66342,2026-04-21 19:00:00+00:00,11,3.0,3.0,0.0,0.0,19,2026-04-21,1.0,0.0,516.98,0.5189040965171188,0.9359340011553848,0.9004826678367706,0.85,1.24,0.41,0.47
66342,2026-04-21 20:00:00+00:00,11,7.0,7.0,0.0,0.0,20,2026-04-21,2.0,0.0,516.98,0.5189040965171188,0.9792008154013185,1.1828242074927955,0.85,3.02,0.86,1.23
66342,2026-04-21 21:00:00+00:00,3,1.0,1.0,0.0,0.0,21,2026-04-21,0.0,0.0,516.98,0.5189040965171188,0.9947411425730011,1.6749918380672544,0.85,0.44,0.0,0.0
66342,2026-04-21 22:00:00+00:00,5,3.0,2.0,1.0,0.0,22,2026-04-21,2.0,1.0,519.33,0.5189040965171188,0.9989644695743897,2.0,0.85,0.88,0.88,2.08
66342,2026-04-21 23:00:00+00:00,3,0.0,0.0,0.0,0.0,23,2026-04-21,0.0,0.0,516.98,0.5189040965171188,0.9998411962659136,2.0,1.0,0.0,0.0,0.0
66342,2026-04-22 00:00:00+00:00,6,2.0,2.0,0.0,1.0,0,2026-04-22,1.0,0.0,516.98,0.5189040965171188,0.9999810335986662,2.0,0.85,0.88,0.44,1.04
66342,2026-04-22 01:00:00+00:00,8,4.0,4.0,1.0,3.0,1,2026-04-22,3.0,1.0,519.33,0.5189040965171188,0.9999982358498678,2.0,0.85,1.76,1.32,3.11
66342,2026-04-22 02:00:00+00:00,9,3.0,3.0,1.0,0.0,2,2026-04-22,3.0,1.0,519.33,0.5189040965171188,0.9999998722053931,2.0,0.85,1.32,1.32,3.11
66342,2026-04-22 03:00:00+00:00,7,3.0,3.0,0.0,1.0,3,2026-04-22,1.0,0.0,516.98,0.5189040965171188,0.9999999927903216,2.0,0.85,1.32,0.44,1.04
66342,2026-04-22 04:00:00+00:00,9,7.0,7.0,1.0,6.0,4,2026-04-22,7.0,1.0,519.33,0.5189040965171188,0.9999998722053931,2.0,0.85,3.09,3.09,7.26
66342,2026-04-22 05:00:00+00:00,26,18.0,18.0,2.0,15.0,5,2026-04-22,10.0,1.0,521.67,0.5189040965171188,0.9999982358498678,2.0,0.85,7.94,4.41,10.38
66342,2026-04-22 06:00:00+00:00,54,50.0,49.0,3.0,41.0,6,2026-04-22,34.0,2.0,524.02,0.5189040965171188,0.9999810335986662,2.0,0.85,21.61,15.0,35.29
66342,2026-04-22 07:00:00+00:00,86,84.0,84.0,4.0,82.0,7,2026-04-22,71.0,1.0,526.37,0.5189040965171188,0.9998411962659136,2.0,0.85,37.04,31.31,73.68
66342,2026-04-22 08:00:00+00:00,126,122.0,120.0,6.0,109.0,8,2026-04-22,90.0,2.0,531.07,0.5189040965171188,0.9989644695743897,1.2675725756639902,0.85,52.87,39.66,59.2
66342,2026-04-22 09:00:00+00:00,210,200.0,198.0,9.0,182.0,9,2026-04-22,145.0,3.0,538.12,0.5189040965171188,0.9947411425730011,0.7029045074667762,0.85,86.87,63.62,52.89
66342,2026-04-22 10:00:00+00:00,305,297.0,295.0,5.0,280.0,10,2026-04-22,249.0,3.0,528.72,0.5189040965171188,0.9792008154013185,0.5,0.85,127.41,107.54,64.6
66342,2026-04-22 11:00:00+00:00,492,483.0,482.0,9.0,447.0,11,2026-04-22,386.0,3.0,538.12,0.5189040965171188,0.9359340011553848,0.5,0.85,198.97,159.35,100.15
66342,2026-04-22 12:00:00+00:00,452,444.0,443.0,10.0,422.0,12,2026-04-22,383.0,4.0,540.47,0.5189040965171188,0.846313658188328,0.5,0.85,165.36,142.97,99.37
66342,2026-04-22 13:00:00+00:00,380,374.0,372.0,7.0,346.0,13,2026-04-22,313.0,0.0,533.42,0.5189040965171188,0.7128761131977971,0.5,0.85,116.97,98.42,81.21
66342,2026-04-22 14:00:00+00:00,373,366.0,366.0,9.0,342.0,14,2026-04-22,305.0,3.0,538.12,0.5189040965171188,0.5822372097709865,0.5,0.85,93.99,78.33,79.13
66342,2026-04-22 15:00:00+00:00,319,310.0,310.0,7.0,285.0,15,2026-04-22,253.0,0.0,533.42,0.5189040965171188,0.5266127405031122,0.5,0.85,72.0,58.76,65.64
66342,2026-04-22 16:00:00+00:00,338,328.0,326.0,5.0,297.0,16,2026-04-22,270.0,2.0,528.72,0.5189040965171188,0.5822372097709865,0.5,0.85,83.72,69.34,70.05
66342,2026-04-22 17:00:00+00:00,282,271.0,271.0,6.0,262.0,17,2026-04-22,237.0,1.0,531.07,0.5189040965171188,0.7128761131977971,0.5,0.85,85.21,74.52,61.49
66342,2026-04-22 18:00:00+00:00,250,242.0,241.0,7.0,229.0,18,2026-04-22,200.0,2.0,533.42,0.5189040965171188,0.846313658188328,0.5278835271118428,0.85,89.96,74.66,54.78
66342,2026-04-22 19:00:00+00:00,82,74.0,74.0,5.0,67.0,19,2026-04-22,56.0,0.0,528.72,0.5189040965171188,0.9359340011553848,0.9004826678367706,0.85,30.55,23.12,26.17
66342,2026-04-22 20:00:00+00:00,19,12.0,12.0,1.0,9.0,20,2026-04-22,5.0,0.0,519.33,0.5189040965171188,0.9792008154013185,1.1828242074927955,0.85,5.18,2.16,3.07
66342,2026-04-22 21:00:00+00:00,23,17.0,17.0,0.0,12.0,21,2026-04-22,13.0,0.0,516.98,0.5189040965171188,0.9947411425730011,1.6749918380672544,0.85,7.46,5.7,11.3
66342,2026-04-22 22:00:00+00:00,11,7.0,6.0,2.0,2.0,22,2026-04-22,3.0,1.0,521.67,0.5189040965171188,0.9989644695743897,2.0,0.85,2.64,1.32,3.11
66342,2026-04-22 23:00:00+00:00,5,2.0,2.0,1.0,0.0,23,2026-04-22,1.0,1.0,519.33,0.5189040965171188,0.9998411962659136,2.0,0.85,0.88,0.44,1.04
66342,2026-04-23 00:00:00+00:00,558,550.0,550.0,1.0,550.0,0,2026-04-23,549.0,1.0,519.33,0.5189040965171188,0.9999810335986662,2.0,0.85,242.58,242.14,569.76
66342,2026-04-23 01:00:00+00:00,483,476.0,476.0,0.0,475.0,1,2026-04-23,474.0,0.0,516.98,0.5189040965171188,0.9999982358498678,2.0,0.85,209.95,209.07,491.92
66342,2026-04-23 02:00:00+00:00,477,475.0,475.0,0.0,475.0,2,2026-04-23,474.0,0.0,516.98,0.5189040965171188,0.9999998722053931,2.0,0.8732505583393634,215.24,214.79,491.92
66342,2026-04-23 03:00:00+00:00,361,359.0,359.0,0.0,359.0,3,2026-04-23,357.0,0.0,516.98,0.5189040965171188,0.9999999927903216,2.0,0.85,158.34,157.46,370.5
66342,2026-04-23 04:00:00+00:00,512,508.0,507.0,1.0,506.0,4,2026-04-23,497.0,1.0,519.33,0.5189040965171188,0.9999998722053931,2.0,0.8582491209374857,225.79,221.34,515.79
66342,2026-04-23 05:00:00+00:00,975,970.0,968.0,10.0,964.0,5,2026-04-23,948.0,8.0,540.47,0.5189040965171188,0.9999982358498678,2.0,0.8823953082022034,443.23,434.07,983.84
66342,2026-04-23 06:00:00+00:00,1157,1154.0,1152.0,10.0,1146.0,6,2026-04-23,1115.0,8.0,540.47,0.5189040965171188,0.9999810335986662,2.0,0.87887014255387,525.36,508.49,1157.16
66342,2026-04-23 07:00:00+00:00,1093,1087.0,1086.0,19.0,1081.0,7,2026-04-23,1047.0,15.0,561.62,0.5189040965171188,0.9998411962659136,2.0,0.85,478.92,461.73,1086.59
66342,2026-04-23 08:00:00+00:00,2034,2029.0,2023.0,28.0,2011.0,8,2026-04-23,1942.0,22.0,582.76,0.5189040965171188,0.9989644695743897,1.2675725756639902,0.85,891.36,855.67,1277.35
66342,2026-04-23 09:00:00+00:00,2975,2966.0,2962.0,27.0,2953.0,9,2026-04-23,2871.0,23.0,580.41,0.5189040965171188,0.9947411425730011,0.7029045074667762,0.85,1299.57,1259.65,1047.17
66342,2026-04-23 10:00:00+00:00,5379,5364.0,5346.0,58.0,5325.0,10,2026-04-23,5176.0,45.0,653.25,0.5189040965171188,0.9792008154013185,0.5,0.85,2308.91,2235.49,1342.92
66342,2026-04-23 11:00:00+00:00,6880,6871.0,6861.0,72.0,6840.0,11,2026-04-23,6676.0,67.0,686.14,0.5189040965171188,0.9359340011553848,0.5,0.85,2832.3,2755.93,1732.1
66342,2026-04-23 12:00:00+00:00,7454,7445.0,7430.0,63.0,7409.0,12,2026-04-23,7220.0,55.0,665.0,0.5189040965171188,0.846313658188328,0.5,0.85,2773.49,2695.1,1873.24
66342,2026-04-23 13:00:00+00:00,6875,6865.0,6852.0,71.0,6834.0,13,2026-04-23,6338.0,54.0,683.79,0.5189040965171188,0.7128761131977971,0.5,0.85,2154.46,1992.84,1644.41
66342,2026-04-23 14:00:00+00:00,7257,7247.0,7237.0,69.0,7218.0,14,2026-04-23,6551.0,52.0,679.09,0.5189040965171188,0.5822372097709865,0.5,0.85,1858.51,1682.34,1699.67
66342,2026-04-23 15:00:00+00:00,6992,6980.0,6959.0,66.0,6941.0,15,2026-04-23,6725.0,54.0,672.04,0.5189040965171188,0.5266127405031122,0.5,0.85,1616.38,1562.03,1744.82
66342,2026-04-23 16:00:00+00:00,7364,7350.0,7335.0,77.0,7307.0,16,2026-04-23,6796.0,64.0,697.89,0.5189040965171188,0.5822372097709865,0.5,0.85,1883.68,1745.26,1763.24
66342,2026-04-23 17:00:00+00:00,7440,7430.0,7418.0,67.0,7403.0,17,2026-04-23,6913.0,55.0,674.39,0.5189040965171188,0.7128761131977971,0.5,0.85,2332.42,2173.64,1793.59
66342,2026-04-23 18:00:00+00:00,4875,4863.0,4852.0,53.0,4841.0,18,2026-04-23,4458.0,39.0,641.5,0.5189040965171188,0.846313658188328,0.5278835271118428,0.85,1811.17,1664.09,1221.14
66342,2026-04-23 19:00:00+00:00,2286,2279.0,2273.0,25.0,2269.0,19,2026-04-23,2082.0,21.0,575.71,0.5189040965171188,0.9359340011553848,0.9004826678367706,0.85,938.32,859.47,972.84
66342,2026-04-23 20:00:00+00:00,2657,2651.0,2647.0,26.0,2641.0,20,2026-04-23,2352.0,21.0,578.06,0.5189040965171188,0.9792008154013185,1.1828242074927955,0.85,1143.23,1015.82,1443.59
66342,2026-04-23 21:00:00+00:00,2383,2377.0,2375.0,13.0,2371.0,21,2026-04-23,2122.0,13.0,547.52,0.5189040965171188,0.9947411425730011,1.6749918380672544,0.8529729486067189,1045.67,934.28,1844.36
66342,2026-04-23 22:00:00+00:00,2121,2115.0,2115.0,14.0,2111.0,22,2026-04-23,1838.0,12.0,549.87,0.5189040965171188,0.9989644695743897,2.0,0.8858374312972468,971.18,843.99,1907.49
66342,2026-04-23 23:00:00+00:00,836,835.0,835.0,1.0,835.0,23,2026-04-23,788.0,1.0,519.33,0.5189040965171188,0.9998411962659136,2.0,0.8563345551839754,370.98,350.1,817.79
66342,2026-04-24 00:00:00+00:00,78,76.0,76.0,2.0,76.0,0,2026-04-24,64.0,1.0,521.67,0.5189040965171188,0.9999810335986662,2.0,0.85,33.52,28.23,66.42
66342,2026-04-24 01:00:00+00:00,80,77.0,77.0,1.0,77.0,1,2026-04-24,65.0,1.0,519.33,0.5189040965171188,0.9999982358498678,2.0,0.85,33.96,28.67,67.46
66342,2026-04-24 02:00:00+00:00,21,20.0,20.0,0.0,20.0,2,2026-04-24,17.0,0.0,516.98,0.5189040965171188,0.9999998722053931,2.0,0.85,8.82,7.5,17.64
66342,2026-04-24 03:00:00+00:00,82,81.0,81.0,1.0,81.0,3,2026-04-24,74.0,1.0,519.33,0.5189040965171188,0.9999999927903216,2.0,0.85,35.73,32.64,76.8
66342,2026-04-24 04:00:00+00:00,129,127.0,127.0,0.0,127.0,4,2026-04-24,95.0,0.0,516.98,0.5189040965171188,0.9999998722053931,2.0,0.85,56.02,41.9,98.59
66342,2026-04-24 05:00:00+00:00,312,307.0,306.0,7.0,303.0,5,2026-04-24,242.0,3.0,533.42,0.5189040965171188,0.9999982358498678,2.0,0.85,134.97,106.74,251.15
66342,2026-04-24 06:00:00+00:00,451,446.0,446.0,11.0,446.0,6,2026-04-24,385.0,7.0,542.82,0.5189040965171188,0.9999810335986662,2.0,0.85,196.71,169.81,399.56
66342,2026-04-24 07:00:00+00:00,913,912.0,912.0,21.0,904.0,7,2026-04-24,800.0,13.0,566.32,0.5189040965171188,0.9998411962659136,2.0,0.85,402.19,352.8,830.25
66342,2026-04-24 08:00:00+00:00,1499,1494.0,1486.0,21.0,1479.0,8,2026-04-24,1245.0,8.0,566.32,0.5189040965171188,0.9989644695743897,1.2675725756639902,0.85,654.75,548.56,818.9
66342,2026-04-24 09:00:00+00:00,2914,2900.0,2893.0,40.0,2875.0,9,2026-04-24,2518.0,20.0,610.96,0.5189040965171188,0.9947411425730011,0.7029045074667762,0.85,1269.3,1104.77,918.42
66342,2026-04-24 10:00:00+00:00,4814,4806.0,4782.0,57.0,4759.0,10,2026-04-24,4159.0,30.0,650.9,0.5189040965171188,0.9792008154013185,0.5,0.85,2065.32,1796.25,1079.06
66342,2026-04-24 11:00:00+00:00,5303,5292.0,5278.0,63.0,5248.0,11,2026-04-24,4509.0,30.0,665.0,0.5189040965171188,0.9359340011553848,0.5,0.85,2178.82,1861.36,1169.87
66342,2026-04-24 12:00:00+00:00,5922,5907.0,5893.0,78.0,5871.0,12,2026-04-24,5133.0,47.0,700.24,0.5189040965171188,0.846313658188328,0.5,0.85,2199.75,1916.06,1331.77
66342,2026-04-24 13:00:00+00:00,6072,6060.0,6045.0,72.0,6019.0,13,2026-04-24,5250.0,37.0,686.14,0.5189040965171188,0.7128761131977971,0.5,0.85,1900.71,1650.74,1362.12
66342,2026-04-24 14:00:00+00:00,5297,5284.0,5271.0,81.0,5247.0,14,2026-04-24,4573.0,41.0,707.29,0.5189040965171188,0.5822372097709865,0.5,0.85,1353.63,1174.38,1186.47
66342,2026-04-24 15:00:00+00:00,5376,5364.0,5350.0,70.0,5315.0,15,2026-04-24,4737.0,38.0,681.44,0.5189040965171188,0.5266127405031122,0.5,0.85,1242.66,1100.27,1229.02
66342,2026-04-24 16:00:00+00:00,4610,4593.0,4587.0,75.0,4572.0,16,2026-04-24,4003.0,38.0,693.19,0.5189040965171188,0.5822372097709865,0.5,0.85,1177.97,1028.0,1038.59
66342,2026-04-24 17:00:00+00:00,4148,4137.0,4133.0,62.0,4115.0,17,2026-04-24,3620.0,36.0,662.65,0.5189040965171188,0.7128761131977971,0.5,0.85,1299.53,1138.23,939.22
66342,2026-04-24 18:00:00+00:00,3743,3732.0,3725.0,41.0,3703.0,18,2026-04-24,3270.0,20.0,613.31,0.5189040965171188,0.846313658188328,0.5278835271118428,0.85,1390.48,1220.63,895.72
66342,2026-04-24 19:00:00+00:00,2129,2122.0,2118.0,29.0,2113.0,19,2026-04-24,1725.0,21.0,585.11,0.5189040965171188,0.9359340011553848,0.9004826678367706,0.85,874.33,712.1,806.03
66342,2026-04-24 20:00:00+00:00,1119,1109.0,1103.0,22.0,1093.0,20,2026-04-24,627.0,4.0,568.67,0.5189040965171188,0.9792008154013185,1.1828242074927955,0.85,476.38,270.8,384.84
66342,2026-04-24 21:00:00+00:00,614,609.0,608.0,9.0,601.0,21,2026-04-24,414.0,4.0,538.12,0.5189040965171188,0.9947411425730011,1.6749918380672544,0.85,266.76,181.64,359.83
66342,2026-04-24 22:00:00+00:00,348,340.0,340.0,8.0,331.0,22,2026-04-24,217.0,6.0,535.77,0.5189040965171188,0.9989644695743897,2.0,0.85,149.81,95.61,225.2
66342,2026-04-24 23:00:00+00:00,158,156.0,156.0,5.0,152.0,23,2026-04-24,108.0,4.0,528.72,0.5189040965171188,0.9998411962659136,2.0,0.85,68.8,47.63,112.08
66342,2026-04-25 00:00:00+00:00,450,444.0,442.0,2.0,439.0,0,2026-04-25,358.0,2.0,521.67,0.5189040965171188,0.9999810335986662,2.0,0.85,194.95,157.9,371.54
66342,2026-04-25 01:00:00+00:00,220,213.0,212.0,2.0,209.0,1,2026-04-25,173.0,1.0,521.67,0.5189040965171188,0.9999982358498678,2.0,0.85,93.51,76.3,179.54
66342,2026-04-25 02:00:00+00:00,171,167.0,166.0,1.0,163.0,2,2026-04-25,148.0,1.0,519.33,0.5189040965171188,0.9999998722053931,2.0,0.85,73.22,65.28,153.6
66342,2026-04-25 03:00:00+00:00,172,166.0,165.0,0.0,163.0,3,2026-04-25,137.0,0.0,516.98,0.5189040965171188,0.9999999927903216,2.0,0.85,72.78,60.43,142.18
66342,2026-04-25 04:00:00+00:00,212,205.0,204.0,3.0,201.0,4,2026-04-25,167.0,2.0,524.02,0.5189040965171188,0.9999998722053931,2.0,0.85,89.98,73.66,173.31
66342,2026-04-25 05:00:00+00:00,256,249.0,248.0,6.0,244.0,5,2026-04-25,187.0,3.0,531.07,0.5189040965171188,0.9999982358498678,2.0,0.85,109.38,82.48,194.07
66342,2026-04-25 06:00:00+00:00,362,360.0,359.0,6.0,355.0,6,2026-04-25,242.0,3.0,531.07,0.5189040965171188,0.9999810335986662,2.0,0.85,158.34,106.74,251.15
66342,2026-04-25 07:00:00+00:00,1005,1001.0,1001.0,13.0,999.0,7,2026-04-25,842.0,7.0,547.52,0.5189040965171188,0.9998411962659136,2.0,0.85,441.44,371.32,873.83
66342,2026-04-25 08:00:00+00:00,2428,2418.0,2414.0,37.0,2401.0,8,2026-04-25,1946.0,15.0,603.91,0.5189040965171188,0.9989644695743897,1.2675725756639902,0.85,1063.64,857.43,1279.98
66342,2026-04-25 09:00:00+00:00,4648,4639.0,4634.0,47.0,4620.0,9,2026-04-25,3851.0,23.0,627.4,0.5189040965171188,0.9947411425730011,0.7029045074667762,0.85,2033.16,1689.62,1404.61
66342,2026-04-25 10:00:00+00:00,7052,7048.0,7029.0,62.0,7003.0,10,2026-04-25,5864.0,26.0,662.65,0.5189040965171188,0.9792008154013185,0.5,0.85,3035.79,2532.63,1521.43
66342,2026-04-25 11:00:00+00:00,7621,7614.0,7606.0,68.0,7579.0,11,2026-04-25,6319.0,31.0,676.74,0.5189040965171188,0.9359340011553848,0.5,0.85,3139.84,2608.55,1639.48
66342,2026-04-25 12:00:00+00:00,9672,9665.0,9654.0,74.0,9625.0,12,2026-04-25,8129.0,38.0,690.84,0.5189040965171188,0.846313658188328,0.5,0.85,3603.67,3034.41,2109.09
66342,2026-04-25 13:00:00+00:00,10166,10158.0,10134.0,88.0,10113.0,13,2026-04-25,8481.0,41.0,723.73,0.5189040965171188,0.7128761131977971,0.5,0.85,3186.41,2666.66,2200.41
66342,2026-04-25 14:00:00+00:00,9566,9559.0,9542.0,82.0,9518.0,14,2026-04-25,8070.0,40.0,709.64,0.5189040965171188,0.5822372097709865,0.5,0.85,2450.45,2072.43,2093.78
66342,2026-04-25 15:00:00+00:00,9327,9314.0,9303.0,94.0,9284.0,15,2026-04-25,7855.0,45.0,737.83,0.5189040965171188,0.5266127405031122,0.5,0.85,2160.83,1824.5,2038.0
66342,2026-04-25 16:00:00+00:00,9001,8989.0,8971.0,95.0,8943.0,16,2026-04-25,7570.0,48.0,740.18,0.5189040965171188,0.5822372097709865,0.5,0.85,2303.81,1944.03,1964.05
66342,2026-04-25 17:00:00+00:00,7189,7170.0,7150.0,81.0,7123.0,17,2026-04-25,5874.0,41.0,707.29,0.5189040965171188,0.7128761131977971,0.5,0.85,2248.15,1846.95,1524.02
66342,2026-04-25 18:00:00+00:00,4931,4926.0,4920.0,61.0,4911.0,18,2026-04-25,4049.0,24.0,660.3,0.5189040965171188,0.846313658188328,0.5278835271118428,0.85,1836.55,1511.42,1109.11
66342,2026-04-25 19:00:00+00:00,2399,2392.0,2390.0,40.0,2382.0,19,2026-04-25,1470.0,18.0,610.96,0.5189040965171188,0.9359340011553848,0.9004826678367706,0.85,986.62,606.83,686.88
66342,2026-04-25 20:00:00+00:00,1703,1696.0,1693.0,20.0,1682.0,20,2026-04-25,985.0,5.0,563.97,0.5189040965171188,0.9792008154013185,1.1828242074927955,0.85,731.2,425.42,604.57
66342,2026-04-25 21:00:00+00:00,1286,1280.0,1280.0,11.0,1275.0,21,2026-04-25,682.0,2.0,542.82,0.5189040965171188,0.9947411425730011,1.6749918380672544,0.85,561.6,299.23,592.77
66342,2026-04-25 22:00:00+00:00,507,506.0,505.0,6.0,500.0,22,2026-04-25,276.0,2.0,531.07,0.5189040965171188,0.9989644695743897,2.0,0.85,222.51,121.61,286.44
66342,2026-04-25 23:00:00+00:00,240,237.0,236.0,5.0,235.0,23,2026-04-25,139.0,2.0,528.72,0.5189040965171188,0.9998411962659136,2.0,0.85,104.08,61.3,144.26
66342,2026-04-26 00:00:00+00:00,765,757.0,757.0,3.0,755.0,0,2026-04-26,625.0,2.0,524.02,0.5189040965171188,0.9999810335986662,2.0,0.8513057639593896,334.4,276.09,648.63
66342,2026-04-26 01:00:00+00:00,732,726.0,725.0,3.0,724.0,1,2026-04-26,631.0,2.0,524.02,0.5189040965171188,0.9999982358498678,2.0,0.8787226364889525,330.58,287.72,654.86
66342,2026-04-26 02:00:00+00:00,514,511.0,509.0,4.0,507.0,2,2026-04-26,437.0,3.0,526.37,0.5189040965171188,0.9999998722053931,2.0,0.8626692866971659,227.85,195.62,453.52
66342,2026-04-26 03:00:00+00:00,500,500.0,499.0,4.0,499.0,3,2026-04-26,422.0,2.0,526.37,0.5189040965171188,0.9999999927903216,2.0,0.8653159809999391,224.06,189.48,437.96
66342,2026-04-26 04:00:00+00:00,538,533.0,532.0,1.0,532.0,4,2026-04-26,461.0,1.0,519.33,0.5189040965171188,0.9999998722053931,2.0,0.85,234.65,203.33,478.43
66342,2026-04-26 05:00:00+00:00,641,637.0,635.0,6.0,633.0,5,2026-04-26,521.0,3.0,531.07,0.5189040965171188,0.9999982358498678,2.0,0.85,280.08,229.8,540.7
66342,2026-04-26 06:00:00+00:00,635,630.0,627.0,17.0,626.0,6,2026-04-26,524.0,5.0,556.92,0.5189040965171188,0.9999810335986662,2.0,0.85,276.54,231.12,543.81
66342,2026-04-26 07:00:00+00:00,1368,1366.0,1363.0,21.0,1363.0,7,2026-04-26,1149.0,13.0,566.32,0.5189040965171188,0.9998411962659136,2.0,0.85,601.08,506.71,1192.44
66342,2026-04-26 08:00:00+00:00,1939,1938.0,1935.0,22.0,1928.0,8,2026-04-26,1568.0,12.0,568.67,0.5189040965171188,0.9989644695743897,1.2675725756639902,0.85,852.58,690.88,1031.35
66342,2026-04-26 09:00:00+00:00,3726,3714.0,3704.0,39.0,3695.0,9,2026-04-26,3139.0,21.0,608.61,0.5189040965171188,0.9947411425730011,0.7029045074667762,0.85,1625.13,1377.23,1144.92
66342,2026-04-26 10:00:00+00:00,7084,7073.0,7057.0,72.0,7042.0,10,2026-04-26,6117.0,33.0,686.14,0.5189040965171188,0.9792008154013185,0.5,0.85,3047.88,2641.9,1587.07
66342,2026-04-26 11:00:00+00:00,10133,10122.0,10096.0,73.0,10071.0,11,2026-04-26,8831.0,42.0,688.49,0.5189040965171188,0.9359340011553848,0.5,0.85,4167.74,3645.53,2291.22
66342,2026-04-26 12:00:00+00:00,11266,11257.0,11236.0,96.0,11213.0,12,2026-04-26,9968.0,58.0,742.53,0.5189040965171188,0.846313658188328,0.5,0.85,4194.2,3720.88,2586.22
66342,2026-04-26 13:00:00+00:00,12094,12073.0,12040.0,97.0,12025.0,13,2026-04-26,10693.0,57.0,744.88,0.5189040965171188,0.7128761131977971,0.5,0.85,3785.7,3362.17,2774.32
66342,2026-04-26 14:00:00+00:00,11448,11428.0,11407.0,99.0,11387.0,14,2026-04-26,9985.0,58.0,749.58,0.5189040965171188,0.5822372097709865,0.5,0.85,2929.39,2564.21,2590.63
66342,2026-04-26 15:00:00+00:00,10221,10213.0,10174.0,87.0,10149.0,15,2026-04-26,8993.0,46.0,721.38,0.5189040965171188,0.5266127405031122,0.5,0.85,2363.14,2088.82,2333.25
66342,2026-04-26 16:00:00+00:00,5054,5048.0,5034.0,56.0,5022.0,16,2026-04-26,4377.0,33.0,648.55,0.5189040965171188,0.5822372097709865,0.5,0.85,1292.76,1124.04,1135.62
66342,2026-04-26 17:00:00+00:00,7612,7595.0,7579.0,70.0,7566.0,17,2026-04-26,6319.0,41.0,681.44,0.5189040965171188,0.7128761131977971,0.5,0.85,2383.04,1986.87,1639.48
66342,2026-04-26 18:00:00+00:00,5620,5609.0,5594.0,55.0,5584.0,18,2026-04-26,4732.0,36.0,646.2,0.5189040965171188,0.846313658188328,0.5278835271118428,0.85,2088.14,1766.37,1296.19
66342,2026-04-26 19:00:00+00:00,4513,4504.0,4499.0,42.0,4489.0,19,2026-04-26,3767.0,33.0,615.66,0.5189040965171188,0.9359340011553848,0.9004826678367706,0.85,1857.24,1555.06,1760.18
66342,2026-04-26 20:00:00+00:00,3220,3208.0,3206.0,13.0,3198.0,20,2026-04-26,2754.0,10.0,547.52,0.5189040965171188,0.9792008154013185,1.1828242074927955,0.85,1384.65,1189.44,1690.33
66342,2026-04-26 21:00:00+00:00,1849,1841.0,1840.0,14.0,1836.0,21,2026-04-26,1584.0,8.0,549.87,0.5189040965171188,0.9947411425730011,1.6749918380672544,0.85,807.3,694.98,1376.75
66342,2026-04-26 22:00:00+00:00,1164,1160.0,1156.0,9.0,1153.0,22,2026-04-26,1046.0,6.0,538.12,0.5189040965171188,0.9989644695743897,2.0,0.85,509.35,460.88,1085.55
66342,2026-04-26 23:00:00+00:00,997,990.0,988.0,5.0,985.0,23,2026-04-26,907.0,4.0,528.72,0.5189040965171188,0.9998411962659136,2.0,0.8745922601220587,448.31,411.56,941.29
