facility_num,hour_start,raw_sessions,clean_sessions,clean_unique_devices,trusted_unique_devices,local_unique_devices,hour_of_day,date,clean_unique_devices_dedup,trusted_unique_devices_dedup,footfall_plan_a,capture_rate_facility,hod_factor,hod_factor_profile,density_factor,footfall_plan_b_per_sensor,footfall_plan_b,footfall_plan_b_profile_hod,zscore_global,zscore_robust,zscore_hod_baseline,residual_hod,is_anomaly_global,is_anomaly_robust,is_anomaly_hod,is_anomaly_consensus,stl_residual,stl_zscore,is_anomaly_stl
66330,2026-04-24 07:00:00+00:00,2004,1998.0,1993.0,17.0,1979.0,7,2026-04-24,1891.0,11.0,556.92,0.1268681997422934,1.001284160344515,2.0,0.85,215.2,204.18,479.82,-0.2192959075412436,0.026786765666266685,2.379751441176756,107.85000000000001,False,False,False,False,100.76552190200971,12.867443546878906,True
66331,2026-04-26 01:00:00+00:00,537,534.0,534.0,1.0,532.0,1,2026-04-26,500.0,1.0,519.33,0.1268681997422934,1.0000000017605313,2.0,0.9005764611489199,61.01,57.13,126.87,-0.5463972730459619,-0.24076897366961997,2.3755860028669913,43.13142857142857,False,False,False,False,3.6573396506808535,0.4803608105191746,False
66336,2026-04-25 19:00:00+00:00,2533,2522.0,2520.0,27.0,2512.0,19,2026-04-25,2508.0,26.0,580.41,0.5189040965171188,0.9359340011553848,1.3544086589229145,0.85,1040.28,1035.33,1762.64,0.9588382990339402,1.3921153662252153,2.3754547813130014,595.5685714285714,False,False,False,False,596.4803382140547,27.024441597968934,True
66330,2026-04-24 04:00:00+00:00,353,347.0,345.0,2.0,344.0,4,2026-04-24,323.0,1.0,521.67,0.1268681997422934,1.0000046314053592,2.0,0.85,37.2,34.83,81.96,-0.9097898008424692,-0.6212616294169139,2.3622139673701787,18.115714285714283,False,False,False,False,-1.3409091179821644,-0.20775003586768503,False
66331,2026-04-26 00:00:00+00:00,760,756.0,756.0,3.0,756.0,0,2026-04-26,701.0,3.0,524.02,0.1268681997422934,1.0000000312061639,2.0,0.8859104436451671,84.97,78.79,177.87,-0.3784677237207977,-0.043116672374036505,2.345349151154758,57.042857142857144,False,False,False,False,7.5368265713130995,0.8424360933079664,False
66332,2026-04-25 21:00:00+00:00,1874,1868.0,1867.0,7.0,1862.0,21,2026-04-25,1842.0,6.0,533.42,0.5189040965171188,0.9947411425730011,2.0,0.9058909983449562,873.01,861.32,1911.64,0.6954979953207989,3.111129422119568,2.3037997606979235,638.8657142857144,False,False,False,False,890.1317496864247,18.16023415339519,True
66330,2026-04-24 05:00:00+00:00,743,741.0,738.0,6.0,736.0,5,2026-04-24,685.0,5.0,531.07,0.1268681997422934,1.000038778282299,2.0,0.85,79.59,73.87,173.81,-0.7506112853746224,-0.471868010615335,2.2862697136283154,37.35857142857144,False,False,False,False,14.995710357426447,1.8842285005950483,False
66331,2026-04-26 02:00:00+00:00,304,300.0,299.0,3.0,297.0,2,2026-04-26,276.0,2.0,524.02,0.1268681997422934,1.0000000312061639,2.0,0.8770162975099358,33.27,30.71,70.03,-0.7512310077260556,-0.4818573300975662,2.2841818351348735,21.545714285714286,False,False,False,False,-4.525134163023665,-0.28331530970502167,False
66332,2026-04-25 19:00:00+00:00,5561,5555.0,5549.0,21.0,5542.0,19,2026-04-25,5512.0,21.0,566.32,0.5189040965171188,0.9359340011553848,0.8746909896854488,0.8928862315320212,2406.26,2390.22,2501.79,3.19899486791964,9.8538319339789,2.2650826092111678,1699.0485714285712,True,True,False,True,2194.14774757483,44.88052374500589,True
66331,2026-04-26 10:00:00+00:00,4377,4364.0,4353.0,18.0,4335.0,10,2026-04-26,4046.0,15.0,559.27,0.1268681997422934,1.0375286663287155,2.0,0.85,487.04,452.69,1026.62,2.520371541869176,3.3688037087163907,2.264113440731524,248.3057142857143,False,False,False,False,219.43544792410174,20.61908563962539,True
66330,2026-04-25 20:00:00+00:00,4192,4185.0,4177.0,8.0,4168.0,20,2026-04-25,3866.0,7.0,535.77,0.1268681997422934,1.0002528661646692,2.0,0.85,450.55,417.01,980.94,0.648479795507471,0.8412192423450578,2.2546171893052693,196.13142857142856,False,False,False,False,167.42622571326217,21.403650306701945,True
66330,2026-04-24 06:00:00+00:00,1056,1053.0,1049.0,3.0,1046.0,6,2026-04-24,939.0,1.0,524.02,0.1268681997422934,1.0002528661646692,2.0,0.85,113.15,101.29,238.26,-0.6388112112422362,-0.3669404228197589,2.2465556882388307,47.80285714285714,False,False,False,False,34.98121148527616,4.44346295316025,True
66331,2026-04-26 12:00:00+00:00,5661,5656.0,5639.0,30.0,5615.0,12,2026-04-26,5289.0,21.0,587.46,0.1268681997422934,1.10201349172765,1.7746012332467003,0.85,670.13,628.54,1190.77,3.8837330953701032,4.973473938763867,2.2365007409067705,331.56142857142856,True,True,False,True,230.1072915481408,21.615096420716508,True
66333,2026-04-26 03:00:00+00:00,179,179.0,179.0,2.0,179.0,3,2026-04-26,145.0,0.0,521.67,0.5189040965171188,0.9999999927903216,2.0,0.893146278255539,82.96,67.2,150.48,-0.44767507611695556,0.618130915607597,2.232747175599022,50.41714285714286,False,False,False,False,39.50136108577209,0.8405553662293147,False
66333,2026-04-25 19:00:00+00:00,2703,2701.0,2698.0,26.0,2695.0,19,2026-04-25,2452.0,12.0,578.06,0.5189040965171188,0.9359340011553848,2.0,0.896867511132481,1175.18,1068.02,2544.71,2.271314173288625,19.869345571229044,2.2174469327050863,790.1271428571429,False,True,False,False,688.5920765461349,17.7408169185865,True
66332,2026-04-25 22:00:00+00:00,855,854.0,854.0,2.0,848.0,22,2026-04-25,833.0,2.0,521.67,0.5189040965171188,0.9989644695743897,2.0,0.8985234417906398,397.76,387.98,864.49,-0.07957245380990671,1.0236215360815688,2.205750680648268,282.57714285714286,False,False,False,False,469.9715552291819,9.550828985863072,True
66331,2026-04-26 17:00:00+00:00,4309,4298.0,4282.0,47.0,4262.0,17,2026-04-26,4061.0,35.0,627.4,0.1268681997422934,1.015644275641629,2.0,0.85,468.99,444.78,1030.42,2.4590454691470125,3.29662320533467,2.203028580562317,219.44142857142856,False,False,False,False,162.60058484907952,15.31464731024001,True
66331,2026-04-26 13:00:00+00:00,5106,5092.0,5086.0,39.0,5071.0,13,2026-04-26,4830.0,32.0,608.61,0.1268681997422934,1.1155964303431323,2.0,0.85,611.86,581.07,1225.55,3.5156991292359607,4.540299666256881,2.1767725692438513,317.7228571428572,True,True,False,True,251.52940811417125,23.614437847112107,True
66331,2026-04-26 15:00:00+00:00,4733,4724.0,4712.0,39.0,4689.0,15,2026-04-26,4464.0,32.0,608.61,0.1268681997422934,1.0701127791564455,2.0,0.85,543.76,515.14,1132.68,3.0045451501497156,3.9386738017869902,2.167800047899867,273.92285714285714,True,True,False,True,147.2038206607941,13.87765632108177,True
66331,2026-04-26 14:00:00+00:00,5034,5023.0,5013.0,21.0,4998.0,14,2026-04-26,4754.0,18.0,566.32,0.1268681997422934,1.10201349172765,2.0,0.85,595.74,564.96,1206.26,3.3907986195578266,4.393292345210165,2.1633118274070524,312.02,True,True,False,True,212.67662038652128,19.988279442296776,True
66332,2026-04-25 23:00:00+00:00,452,450.0,450.0,5.0,450.0,23,2026-04-25,437.0,3.0,528.72,0.5189040965171188,0.9998411962659136,2.0,0.8980463669153395,209.67,203.61,453.52,-0.3814690581666655,0.21051926509490834,2.1613197775021757,147.93714285714287,False,False,False,False,315.5893560421483,6.387419122220983,True
66331,2026-04-26 08:00:00+00:00,1996,1985.0,1981.0,20.0,1974.0,8,2026-04-26,1803.0,12.0,563.97,0.1268681997422934,1.0050789526870891,2.0,0.85,214.71,195.42,457.49,0.5257623472761496,1.0211579305855154,2.153974285688917,107.7985714285714,False,False,False,False,7.846054496274178,0.871296556216352,False
66340,2026-04-25 19:00:00+00:00,5385,5367.0,5355.0,30.0,5345.0,19,2026-04-25,5267.0,26.0,587.46,0.5189040965171188,0.9359340011553848,0.7860425923088709,0.8727160367569673,2269.68,2232.38,2148.31,1.5426344134423629,3.6660892310474775,2.1530364962534514,1462.6200000000001,False,True,False,False,1548.3014902385385,20.969142942100603,True
66332,2026-04-22 03:00:00+00:00,145,140.0,139.0,1.0,137.0,3,2026-04-22,136.0,1.0,519.33,0.5189040965171188,0.9999999927903216,2.0,0.9073708728915167,65.45,64.03,141.14,-0.6100242896908634,-0.4050516791168294,2.150161966812689,47.888571428571424,False,False,False,False,7.592662429289078,0.07633025527406445,False
66333,2026-04-26 02:00:00+00:00,147,145.0,143.0,2.0,142.0,2,2026-04-26,117.0,1.0,521.67,0.5189040965171188,0.9999998722053931,2.0,0.8871189921475422,65.83,53.86,121.42,-0.48391667459327553,0.36153012475011004,2.143475380993195,38.54142857142857,False,False,False,False,31.100389387131713,0.621820733890173,False
66332,2026-04-25 20:00:00+00:00,4107,4103.0,4100.0,28.0,4095.0,20,2026-04-25,4058.0,26.0,582.76,0.5189040965171188,0.9792008154013185,1.1836428653823972,0.8923833444476343,1859.06,1840.02,2492.41,2.2980700335263626,7.427358703535441,2.1430071247172955,1306.4242857142858,False,True,False,False,1728.2622009289942,35.33417098316814,True
66342,2026-04-23 06:00:00+00:00,1157,1154.0,1152.0,10.0,1146.0,6,2026-04-23,1115.0,8.0,540.47,0.5189040965171188,0.9999810335986662,2.0,0.87887014255387,525.36,508.49,1157.16,-0.11745645461031255,2.1610516358286143,2.1400808953706068,359.9214285714286,False,False,False,False,150.0754213341379,1.2384472337622041,False
66331,2026-04-26 09:00:00+00:00,3000,2992.0,2983.0,20.0,2964.0,9,2026-04-26,2768.0,14.0,563.97,0.1268681997422934,1.015644275641629,2.0,0.85,326.71,303.17,702.34,1.36114595483785,2.0044005651468786,2.1276226996942014,152.38428571428574,False,False,False,False,5.453077569794658,0.6479583119876741,False
66331,2026-04-26 11:00:00+00:00,5059,5050.0,5041.0,23.0,5021.0,11,2026-04-26,4722.0,18.0,571.01,0.1268681997422934,1.0701127791564455,1.91272108096232,0.85,581.73,544.91,1145.86,3.2353513682203587,4.2103316507975865,2.1261520795779365,281.8685714285714,True,True,False,True,174.47735126413968,16.423114395276222,True
66330,2026-04-24 03:00:00+00:00,327,326.0,324.0,3.0,320.0,3,2026-04-24,320.0,3.0,524.02,0.1268681997422934,1.0000004307878039,2.0,0.85,34.94,34.51,81.2,-0.9110945427725335,-0.6224861672759432,2.1198610285436628,19.58285714285714,False,False,False,False,0.13020840578707293,-0.019366736068601367,False
66342,2026-04-23 22:00:00+00:00,2121,2115.0,2115.0,14.0,2111.0,22,2026-04-23,1838.0,12.0,549.87,0.5189040965171188,0.9989644695743897,2.0,0.8858374312972468,971.18,843.99,1907.49,0.26384657378843035,4.035102565885738,2.1098852465397258,626.1714285714286,False,True,False,False,700.8058364136666,5.987587312051147,True
66330,2026-04-25 09:00:00+00:00,5739,5732.0,5713.0,7.0,5696.0,9,2026-04-25,5338.0,5.0,533.42,0.1268681997422934,1.015644275641629,1.7256194251734391,0.85,625.72,584.64,1168.63,1.3319607009346008,1.4826857464359555,2.1052564054154987,300.23571428571427,False,False,False,False,335.64390539791594,42.94469041500483,True
66342,2026-04-23 05:00:00+00:00,975,970.0,968.0,10.0,964.0,5,2026-04-23,948.0,8.0,540.47,0.5189040965171188,0.9999982358498678,2.0,0.8823953082022034,443.23,434.07,983.84,-0.20203639909148827,1.7453530658886702,2.1035099225615244,310.37285714285713,False,False,False,False,117.58068131504933,0.9582337791703632,False
66330,2026-04-25 21:00:00+00:00,2931,2925.0,2922.0,8.0,2915.0,21,2026-04-25,2683.0,2.0,535.77,0.1268681997422934,1.000038778282299,2.0,0.85,315.11,289.34,680.77,0.12792853859712278,0.3526669034004481,2.087702995505128,143.29142857142855,False,False,False,False,162.81803165556715,20.81355006747776,True
66331,2026-04-24 04:00:00+00:00,189,187.0,187.0,0.0,186.0,4,2026-04-24,177.0,0.0,516.98,0.1268681997422934,1.0000046314053592,2.0,0.85,20.17,19.09,44.91,-0.8413206366807373,-0.5878924058618634,2.084073587249519,9.83,False,False,False,False,12.865078052084911,1.339725606364462,False
66336,2026-04-25 14:00:00+00:00,856,852.0,852.0,5.0,847.0,14,2026-04-25,839.0,5.0,528.72,0.5189040965171188,0.5822372097709865,0.5,0.85,218.8,215.46,217.68,-0.6086502588623192,-0.3233416972196167,-2.0646964909507526,-649.4642857142857,False,False,False,False,-741.2475210248227,-33.7892068906308,True
66338,2026-04-21 06:00:00+00:00,127,126.0,126.0,2.0,122.0,6,2026-04-21,125.0,2.0,521.67,0.1268681997422934,1.0002528661646692,2.0,0.919958058262817,14.71,14.59,31.72,1.506811339147887,6.0379671080293145,2.0510079232416776,10.341666666666667,False,True,False,False,-0.05747342405764,-0.03155734617054705,False
66338,2026-04-21 22:00:00+00:00,170,166.0,164.0,1.0,162.0,22,2026-04-21,163.0,1.0,519.33,0.1268681997422934,1.0000046314053592,2.0,0.9130140534602752,19.0,18.88,41.36,2.129229945356596,8.026671821537626,2.0475792805266875,14.015714285714285,False,True,False,False,18.611905651363134,34.86302284099283,True
66333,2026-04-25 08:00:00+00:00,1453,1445.0,1439.0,39.0,1432.0,8,2026-04-25,1272.0,22.0,608.61,0.5189040965171188,0.9989644695743897,2.0,0.8691834021840072,648.35,573.11,1320.09,0.926761736863178,10.349533172182653,2.028941430635026,393.86285714285714,False,True,False,False,285.9842691696237,7.258187779671353,True
66336,2026-04-26 00:00:00+00:00,312,290.0,289.0,8.0,288.0,0,2026-04-26,282.0,8.0,535.77,0.5189040965171188,0.9999810335986662,2.0,0.85,127.47,124.38,292.66,-0.7827837896088904,-0.5139131650603175,2.0234019152690466,64.01857142857142,False,False,False,False,20.957623124421616,0.8609466457302142,False
66330,2026-04-25 10:00:00+00:00,7600,7595.0,7582.0,13.0,7557.0,10,2026-04-25,7120.0,10.0,547.52,0.1268681997422934,1.0375286663287155,1.1796009620270316,0.85,848.31,796.62,1065.54,2.196270683231582,2.2938655444267004,2.0081627508170703,367.44571428571425,False,False,False,False,157.2053405899702,20.094819410948755,True
66332,2026-04-25 00:00:00+00:00,233,231.0,230.0,1.0,229.0,0,2026-04-25,228.0,1.0,519.33,0.5189040965171188,0.9999810335986662,2.0,0.881647821370982,105.22,104.31,236.62,-0.5440678150827915,-0.2274102001596092,1.9926923825073568,71.7657142857143,False,False,False,False,-1.6051682959159166,-0.11214036241012473,False
66336,2026-04-25 15:00:00+00:00,257,251.0,251.0,4.0,248.0,15,2026-04-25,247.0,4.0,526.37,0.5189040965171188,0.5266127405031122,0.5,0.85,58.3,57.37,64.08,-0.9108985008004553,-0.6541217076602884,-1.9908811475844077,-615.2914285714286,False,False,False,False,-577.7150026937493,-26.35495259327336,True
66330,2026-04-24 02:00:00+00:00,292,290.0,290.0,4.0,286.0,2,2026-04-24,271.0,2.0,526.37,0.1268681997422934,1.0000000312061639,2.0,0.85,31.27,29.22,68.76,-0.9326635578039092,-0.6427293087580218,1.9863867641921147,17.004285714285714,False,False,False,False,-0.5045145745806394,-0.10064590484202349,False
66340,2026-04-22 06:00:00+00:00,1364,1349.0,1342.0,10.0,1336.0,6,2026-04-22,1330.0,7.0,540.47,0.5189040965171188,0.9999810335986662,2.0,0.8507485830985204,592.42,587.13,1380.28,-0.2358100573433972,0.4612086602864249,1.9802333259775313,343.15,False,False,False,False,301.1060068365199,4.078951816042874,True
66335,2026-04-26 14:00:00+00:00,6029,6012.0,5998.0,37.0,5988.0,14,2026-04-26,5844.0,29.0,603.91,0.5189040965171188,0.5822372097709865,0.5,0.85,1540.33,1500.78,1516.24,2.249694987579656,3.7377719883307763,1.9704487651394074,735.1314285714285,False,True,False,False,39.70997137604843,0.7902048828621399,False
66336,2026-04-25 20:00:00+00:00,1677,1670.0,1669.0,15.0,1659.0,20,2026-04-25,1654.0,14.0,552.22,0.5189040965171188,0.9792008154013185,1.6898880105401846,0.85,720.83,714.35,1450.38,0.34516481748986466,0.7205120532310552,1.9695579354579356,347.0557142857143,False,False,False,False,289.63105649713884,13.074949383663773,True
66333,2026-04-25 09:00:00+00:00,2568,2564.0,2561.0,32.0,2551.0,9,2026-04-25,2189.0,18.0,592.16,0.5189040965171188,0.9947411425730011,1.827426536064114,0.8682292246848508,1147.73,981.02,2075.74,2.034955922356104,18.195862152593257,1.96898326682609,671.2671428571429,False,True,False,False,471.11804424574126,12.07848353562369,True
66333,2026-04-25 21:00:00+00:00,1361,1356.0,1354.0,8.0,1351.0,21,2026-04-25,1239.0,3.0,535.77,0.5189040965171188,0.9947411425730011,2.0,0.8724945971094223,609.79,558.0,1285.84,0.8857114705230585,10.058885649704642,1.967729255788239,381.69714285714286,False,True,False,False,261.66990940408397,6.625119042546851,True
66333,2026-04-25 16:00:00+00:00,4020,4014.0,4003.0,47.0,3990.0,16,2026-04-25,3576.0,30.0,627.4,0.5189040965171188,0.5822372097709865,1.1323107481792098,0.8698132475711235,1051.96,939.75,2101.12,1.9228351750459303,17.402015478028904,1.959955384705034,632.56,False,True,False,False,508.9312793777837,13.063020132205656,True
66338,2026-04-26 03:00:00+00:00,54,51.0,51.0,0.0,49.0,3,2026-04-26,50.0,0.0,516.98,0.1268681997422934,1.0000004307878039,2.0,0.8674751528318954,5.61,5.5,12.69,0.18798030641195007,1.824138239546668,1.9529074325652798,3.4814285714285718,False,False,False,False,-0.13726739021898515,-0.1806987257215488,False
66330,2026-04-25 12:00:00+00:00,7705,7698.0,7678.0,22.0,7651.0,12,2026-04-25,7109.0,16.0,568.67,0.1268681997422934,1.10201349172765,1.0286532951289398,0.85,912.45,844.83,927.75,2.392838209632835,2.4783498262510886,1.943421289527881,323.85428571428577,False,False,False,False,208.39261578834555,26.649583156055456,True
66331,2026-04-26 19:00:00+00:00,3434,3418.0,3414.0,24.0,3405.0,19,2026-04-26,3178.0,17.0,573.36,0.1268681997422934,1.001284160344515,2.0,0.85,368.63,343.15,806.37,1.671110099898794,2.3692269273720594,1.9418640738585389,187.2328571428571,False,False,False,False,7.94194712742086,0.8802462839123376,False
66331,2026-04-23 16:00:00+00:00,968,960.0,956.0,3.0,945.0,16,2026-04-23,776.0,0.0,524.02,0.1268681997422934,1.0375286663287155,2.0,0.85,106.96,86.82,196.9,-0.3162112933846451,0.030158857607659365,-1.9364388626145341,-141.55142857142857,False,False,False,False,-138.56318050208017,-12.793181826992251,True
66336,2026-04-23 09:00:00+00:00,1352,1343.0,1338.0,34.0,1325.0,9,2026-04-23,1304.0,29.0,596.86,0.5189040965171188,0.9947411425730011,0.6525693207835156,0.85,587.05,572.13,441.56,0.07325802409090375,0.42293767733838433,-1.9325023346801207,-394.37428571428563,False,False,False,False,-506.90137871725005,-23.135736661595807,True
66340,2026-04-20 00:00:00+00:00,774,737.0,734.0,0.0,728.0,0,2026-04-20,733.0,0.0,516.98,0.5189040965171188,0.9999810335986662,2.0,0.8613252702168039,328.05,327.6,760.71,-0.5163508222745798,-0.044345300831712696,1.9291860704410317,202.92285714285717,False,False,False,False,49.22933976182276,0.6679027032914443,False
66338,2026-04-20 01:00:00+00:00,42,41.0,40.0,1.0,38.0,1,2026-04-20,37.0,0.0,519.33,0.1268681997422934,1.0000000017605313,2.0,0.85,4.31,3.99,9.39,-0.0310994360997402,1.1241512657943256,1.9289777023795769,2.048571428571429,False,False,False,False,0.03410082670725956,0.13960233854559692,False
66336,2026-04-23 08:00:00+00:00,942,934.0,928.0,27.0,915.0,8,2026-04-23,891.0,19.0,580.41,0.5189040965171188,0.9989644695743897,1.1561690140845071,0.85,408.89,392.59,534.55,-0.2699999261752293,0.04727670526856201,-1.9164293495361173,-153.0142857142858,False,False,False,False,-121.82514414535694,-5.630015592220242,True
66332,2026-04-22 02:00:00+00:00,133,131.0,131.0,0.0,129.0,2,2026-04-22,129.0,0.0,516.98,0.5189040965171188,0.9999998722053931,2.0,0.8833140820644931,60.04,59.13,133.88,-0.618047793305053,-0.4266614916016948,1.91388619180411,40.60142857142857,False,False,False,False,9.601417498830813,0.11749118985131385,False
66332,2026-04-22 04:00:00+00:00,196,196.0,196.0,2.0,196.0,4,2026-04-22,188.0,2.0,521.67,0.5189040965171188,0.9999998722053931,2.0,0.8729828952419201,88.79,85.16,195.11,-0.5754249771668177,-0.31186487548311387,1.9131789850807026,57.62,False,False,False,False,19.817301921196247,0.3268225098980402,False
66340,2026-04-25 21:00:00+00:00,1996,1983.0,1979.0,12.0,1971.0,21,2026-04-25,1932.0,12.0,545.17,0.5189040965171188,0.9947411425730011,1.7101666666666666,0.85,868.28,847.66,1714.48,0.04581166456744554,0.9687105810281826,1.9109858803969082,476.7942857142857,False,False,False,False,494.18534256065925,6.693735886602074,True
66340,2026-04-22 23:00:00+00:00,849,840.0,839.0,0.0,835.0,23,2026-04-22,837.0,0.0,516.98,0.5189040965171188,0.9998411962659136,2.0,0.85,370.0,369.12,868.65,-0.471469488479093,0.03653398274099591,1.9102784019015875,203.23999999999998,False,False,False,False,340.9132613542715,4.618043037873194,True
66336,2026-04-26 07:00:00+00:00,448,437.0,435.0,18.0,429.0,7,2026-04-26,424.0,17.0,559.27,0.5189040965171188,0.9998411962659136,2.0,0.85,191.83,186.98,440.03,-0.6631004450246198,-0.38293189708899705,-1.9046209067107276,-119.9542857142857,False,False,False,False,-5.158306142420599,-0.3262940410941691,False
66342,2026-04-26 19:00:00+00:00,4513,4504.0,4499.0,42.0,4489.0,19,2026-04-26,3767.0,33.0,615.66,0.5189040965171188,0.9359340011553848,0.9004826678367706,0.85,1857.24,1555.06,1760.18,1.0719930548718701,8.007029227095035,1.9014774600007067,1015.87,False,True,False,False,21.965622795875106,0.13371184599225872,False
66338,2026-04-20 21:00:00+00:00,129,127.0,126.0,4.0,121.0,21,2026-04-20,122.0,4.0,526.37,0.1268681997422934,1.000038778282299,2.0,0.8958368377251058,14.32,13.87,30.96,1.4023494751688028,5.704198484783165,1.9009691548866416,9.67142857142857,False,True,False,False,12.15583410451578,22.79610270532938,True
66340,2026-04-22 05:00:00+00:00,798,789.0,788.0,13.0,782.0,5,2026-04-22,779.0,12.0,547.52,0.5189040965171188,0.9999982358498678,2.0,0.85,347.56,343.59,808.45,-0.49906632016981506,-0.013197426450026585,1.894447306176312,195.7085714285714,False,False,False,False,94.6801876931545,1.2834224983981173,False
66340,2026-04-23 12:00:00+00:00,21,10.0,10.0,1.0,0.0,12,2026-04-23,7.0,1.0,519.33,0.5189040965171188,0.846313658188328,0.5,0.85,3.73,2.61,1.82,-0.8676510310943119,-0.6774126989120254,-1.8881544033871849,-2296.914285714285,False,False,False,False,-2439.582191456894,-33.03691983531821,True
66331,2026-04-26 18:00:00+00:00,3590,3582.0,3575.0,29.0,3563.0,18,2026-04-26,3365.0,20.0,585.11,0.1268681997422934,1.0050789526870891,2.0,0.85,387.48,364.72,853.82,1.8383418810134662,2.5660579587176615,1.8845381446642047,171.82428571428574,False,False,False,False,9.784032344416033,1.0521694117665443,False
66332,2026-04-22 06:00:00+00:00,701,697.0,697.0,17.0,694.0,6,2026-04-22,663.0,15.0,556.92,0.5189040965171188,0.9999810335986662,2.0,0.8573364138316356,310.07,294.95,688.07,-0.23190440099930454,0.6133438104760525,1.8730302583542018,184.19857142857143,False,False,False,False,181.18426589267312,3.6333555699363598,True
66333,2026-04-25 00:00:00+00:00,300,294.0,293.0,1.0,292.0,0,2026-04-25,226.0,1.0,519.33,0.5189040965171188,0.9999810335986662,2.0,0.8663824911005366,131.72,101.6,234.54,-0.3542184803459359,1.2798301064245048,1.8699611246180583,70.95571428571428,False,False,False,False,22.496095219397205,0.3977922299467754,False
66340,2026-04-23 11:00:00+00:00,27,15.0,15.0,0.0,0.0,11,2026-04-23,10.0,0.0,516.98,0.5189040965171188,0.9359340011553848,0.5,0.85,6.19,4.13,2.59,-0.8660079764852285,-0.6744518002841228,-1.8689996943309148,-2185.42,False,False,False,False,-2398.1147625135422,-32.47534563970859,True
66333,2026-04-25 15:00:00+00:00,4425,4422.0,4415.0,52.0,4406.0,15,2026-04-25,3953.0,29.0,639.15,0.5189040965171188,0.5266127405031122,1.0,0.866683580833448,1045.61,936.19,2051.23,1.9131635040882318,17.333537305955993,1.8616123043772235,627.747142857143,False,True,False,False,376.0840977887912,9.604101275609308,True
66338,2026-04-26 19:00:00+00:00,28,23.0,22.0,1.0,22.0,19,2026-04-26,22.0,1.0,519.33,0.1268681997422934,1.001284160344515,2.0,0.9142277582496346,2.55,2.55,5.58,-0.2400231640579085,0.4566140193020249,1.8572358949396153,1.5219999999999998,False,False,False,False,0.4752517499904978,0.9641491113632766,False
66336,2026-04-26 13:00:00+00:00,566,561.0,561.0,15.0,559.0,13,2026-04-26,540.0,15.0,552.22,0.5189040965171188,0.7128761131977971,0.5187825471459628,0.85,176.39,169.79,145.37,-0.6959655679224412,-0.41889943696802256,-1.8538611609796334,-703.1942857142858,False,False,False,False,3.18286872722274,0.05289913560549553,False
66338,2026-04-26 02:00:00+00:00,58,52.0,49.0,1.0,47.0,2,2026-04-26,48.0,1.0,519.33,0.1268681997422934,1.0000000312061639,2.0,0.8582393826954808,5.34,5.23,12.18,0.14880710741979358,1.698975005829362,1.8457804437724068,3.048571428571429,False,False,False,False,0.01950995605190453,0.11233082062167582,False
66330,2026-04-25 18:00:00+00:00,6573,6567.0,6556.0,11.0,6536.0,18,2026-04-25,6217.0,7.0,542.82,0.1268681997422934,1.0050789526870891,1.230146954924403,0.85,710.58,673.83,970.27,1.6956167407547151,1.823987407832288,1.8451674602437118,270.49857142857144,False,False,False,False,348.33462558566345,44.56979494075972,True
66333,2026-04-25 17:00:00+00:00,3397,3388.0,3382.0,52.0,3368.0,17,2026-04-25,2994.0,28.0,639.15,0.5189040965171188,0.7128761131977971,1.2273923444976076,0.8572486853860428,1072.46,949.42,1906.88,1.9491062587990047,17.588022198238193,1.8449603045020706,614.3528571428571,False,True,False,False,399.15171668781585,10.204708838617073,True
66330,2026-04-25 19:00:00+00:00,5888,5881.0,5869.0,18.0,5857.0,19,2026-04-25,5552.0,10.0,559.27,0.1268681997422934,1.001284160344515,1.5151633816299004,0.85,633.71,599.49,1067.24,1.3925088811266482,1.5395119564565358,1.84435671598196,274.66714285714284,False,False,False,False,319.18119539244856,40.83656541183083,True
66335,2026-04-24 18:00:00+00:00,3105,3097.0,3084.0,26.0,3072.0,18,2026-04-24,2985.0,23.0,578.06,0.5189040965171188,0.846313658188328,0.9538018218999814,0.85,1151.2,1114.25,1477.37,1.3215631073096825,2.3362887830600414,1.8421731672545838,552.3528571428571,False,False,False,False,563.6482310650151,10.679424592509822,True
66330,2026-04-26 01:00:00+00:00,537,534.0,533.0,0.0,532.0,1,2026-04-26,451.0,0.0,516.98,0.1268681997422934,1.0000000017605313,2.0,0.85,57.48,48.63,114.44,-0.8535228051084455,-0.5684534342462738,1.834127620114165,29.991428571428575,False,False,False,False,40.2326011916266,5.115927324924756,True
66340,2026-04-25 20:00:00+00:00,2998,2987.0,2984.0,21.0,2971.0,20,2026-04-25,2910.0,17.0,566.32,0.5189040965171188,0.9792008154013185,1.0934569479965899,0.85,1288.77,1256.81,1651.13,0.48808521279537054,1.7657182610323672,1.8337471245636345,686.1557142857142,False,False,False,False,680.7277182578373,9.219992933364166,True
66330,2026-04-25 13:00:00+00:00,7800,7789.0,7764.0,20.0,7738.0,13,2026-04-25,7233.0,15.0,563.97,0.1268681997422934,1.1155964303431323,1.0,0.85,934.04,870.16,917.64,2.496116688034488,2.575279651154879,1.8303639066335393,317.7942857142857,False,False,False,False,255.2881287314679,32.65476719557466,True
66336,2026-04-26 10:00:00+00:00,4834,4821.0,4812.0,100.0,4794.0,10,2026-04-26,4698.0,88.0,751.93,0.5189040965171188,0.9792008154013185,0.5,0.85,2078.28,2029.04,1218.91,2.858687122465816,3.4713069923559,1.8290704444344434,571.702857142857,False,False,False,False,15.940852384904872,0.6328822227657042,False
66342,2026-04-23 21:00:00+00:00,2383,2377.0,2375.0,13.0,2371.0,21,2026-04-23,2122.0,13.0,547.52,0.5189040965171188,0.9947411425730011,1.6749918380672544,0.8529729486067189,1045.67,934.28,1844.36,0.3664631175563066,4.539448492785462,1.826625867625051,631.4542857142858,False,True,False,False,718.5929305514043,6.140971616481891,True
66340,2026-04-23 10:00:00+00:00,35,24.0,23.0,1.0,0.0,10,2026-04-23,19.0,0.0,519.33,0.5189040965171188,0.9792008154013185,0.5,0.85,9.93,8.21,4.93,-0.8615976720082154,-0.6665041250197526,-1.8139592764686792,-1584.6771428571426,False,False,False,False,-1451.8128442106763,-19.66001678725598,True
66330,2026-04-25 23:00:00+00:00,991,990.0,988.0,4.0,986.0,23,2026-04-25,928.0,3.0,526.37,0.1268681997422934,1.0000004307878039,2.0,0.85,106.54,100.07,235.47,-0.6437855398506065,-0.3716089734073083,1.8138028260702483,53.94571428571428,False,False,False,False,10.289193604701495,1.2815375924164079,False
66338,2026-04-26 20:00:00+00:00,137,137.0,137.0,1.0,135.0,20,2026-04-26,136.0,1.0,519.33,0.1268681997422934,1.0002528661646692,2.0,0.8859023635253931,15.4,15.29,34.51,1.6083714846831076,6.3624643806297385,1.804805429544238,10.427142857142856,False,True,False,False,-0.008592392723660414,0.05980525676467421,False
66340,2026-04-23 15:00:00+00:00,20,10.0,10.0,0.0,0.0,15,2026-04-23,8.0,0.0,516.98,0.5189040965171188,0.5266127405031122,0.5,0.85,2.32,1.86,2.08,-0.8684617488290569,-0.6788736686297405,-1.8035762192770992,-1241.13,False,False,False,False,-1422.4495260378721,-19.262362961024124,True
66333,2026-04-25 13:00:00+00:00,5386,5381.0,5370.0,69.0,5360.0,13,2026-04-25,4840.0,44.0,679.09,0.5189040965171188,0.7128761131977971,0.767005531469577,0.8585550073590975,1705.47,1537.14,1926.33,3.5458013305008578,28.893075931578693,1.7923675067798448,996.0700000000002,True,True,False,True,600.5754222133642,15.449142667581022,True
66331,2026-04-26 07:00:00+00:00,784,774.0,771.0,2.0,770.0,7,2026-04-26,686.0,1.0,521.67,0.1268681997422934,1.001284160344515,2.0,0.85,83.25,74.07,174.06,-0.4150617898710644,-0.08618771863974087,1.7894493698952445,27.42428571428571,False,False,False,False,2.4180178536504116,0.36469402279535335,False
66335,2026-04-26 13:00:00+00:00,5778,5759.0,5741.0,28.0,5724.0,13,2026-04-26,5655.0,22.0,582.76,0.5189040965171188,0.7128761131977971,0.5,0.85,1805.13,1778.09,1467.2,2.9155689216020253,4.743244545838932,1.7863448977652818,855.3371428571427,False,True,False,False,1.6540675774284637,0.07190804739686414,False
66333,2026-04-26 04:00:00+00:00,179,176.0,175.0,0.0,175.0,4,2026-04-26,140.0,0.0,516.98,0.5189040965171188,0.9999998722053931,2.0,0.8542996071500324,77.58,62.06,145.29,-0.46163923025250914,0.5192607458169312,1.784602593715467,39.332857142857144,False,False,False,False,32.63707937841474,0.6618312627099441,False
66333,2026-04-25 10:00:00+00:00,3638,3637.0,3623.0,49.0,3607.0,10,2026-04-25,3127.0,31.0,632.1,0.5189040965171188,0.9792008154013185,1.1640385706182643,0.8560237904831337,1575.84,1360.11,1888.78,3.064853041275752,25.48782570627877,1.7766993676814296,882.302857142857,True,True,False,True,529.9754156086074,13.610942630514868,True
66340,2026-04-23 13:00:00+00:00,44,25.0,23.0,0.0,0.0,13,2026-04-23,19.0,0.0,516.98,0.5189040965171188,0.7128761131977971,0.5,0.85,7.23,5.97,4.93,-0.8640190156426539,-0.6708675545766617,-1.7731504237720863,-1910.192857142857,False,False,False,False,-1857.2164574127064,-25.150210266388,True
66330,2026-04-25 15:00:00+00:00,7685,7678.0,7654.0,26.0,7625.0,15,2026-04-25,7409.0,21.0,578.06,0.1268681997422934,1.0701127791564455,0.9306234800502419,0.85,883.26,854.99,874.75,2.4342637659123767,2.5172289032752695,1.7681590022284261,281.04714285714283,False,False,False,False,159.95401285498912,20.4467994145747,True
66331,2026-04-26 03:00:00+00:00,185,182.0,181.0,2.0,178.0,3,2026-04-26,167.0,1.0,521.67,0.1268681997422934,1.0000004307878039,2.0,0.85,19.52,18.01,42.37,-0.8496938552066458,-0.5977476452616433,1.7652475000215346,9.412857142857144,False,False,False,False,-11.270417312403538,-0.9128573996173043,False
66330,2026-04-25 14:00:00+00:00,8317,8310.0,8285.0,21.0,8260.0,14,2026-04-25,7837.0,15.0,566.32,0.1268681997422934,1.10201349172765,0.9253314909786623,0.85,984.58,931.34,920.03,2.74556703578866,2.8093959830780504,1.7566759813804478,338.6400000000001,False,False,False,False,262.06887641552737,33.52307282254813,True
66330,2026-04-25 17:00:00+00:00,7450,7443.0,7428.0,16.0,7406.0,17,2026-04-25,7142.0,11.0,554.57,0.1268681997422934,1.015644275641629,0.985064071737716,0.85,813.55,782.23,892.56,2.1375980695640027,2.238799607578475,1.7559684300390734,269.9028571428572,False,False,False,False,223.53139823332066,28.58817320467227,True
66330,2026-04-24 00:00:00+00:00,668,659.0,659.0,6.0,657.0,0,2026-04-24,639.0,4.0,531.07,0.1268681997422934,1.0000000312061639,2.0,0.85,71.07,68.91,162.14,-0.7708347852906193,-0.4908483474302897,1.74995881108186,39.177142857142854,False,False,False,False,11.018152476048499,1.3748840962703754,False
66342,2026-04-26 23:00:00+00:00,997,990.0,988.0,5.0,985.0,23,2026-04-26,907.0,4.0,528.72,0.5189040965171188,0.9998411962659136,2.0,0.8745922601220587,448.31,411.56,941.29,-0.2276195024275708,1.6196156994636752,1.7447847083046437,287.0642857142857,False,False,False,False,92.75589695016038,0.744161022093473,False
66340,2026-04-22 02:00:00+00:00,778,766.0,764.0,1.0,761.0,2,2026-04-22,751.0,0.0,519.33,0.5189040965171188,0.9999998722053931,2.0,0.860671911757094,341.21,335.4,779.39,-0.5079193578332312,-0.029151215767475612,1.7447369911850223,205.82714285714283,False,False,False,False,105.16023946489258,1.4253489885043833,False
66340,2026-04-23 07:00:00+00:00,6,2.0,2.0,0.0,0.0,7,2026-04-23,1.0,0.0,516.98,0.5189040965171188,0.9998411962659136,2.0,0.85,0.88,0.44,1.04,-0.8699967077401742,-0.6816397712952812,-1.743081467660002,-263.5285714285714,False,False,False,False,-107.46131479998633,-1.4540863019902286,False
66336,2026-04-24 06:00:00+00:00,670,662.0,658.0,25.0,653.0,6,2026-04-24,647.0,22.0,575.71,0.5189040965171188,0.9999810335986662,2.0,0.85,290.22,285.37,671.46,-0.4749911115797896,-0.17706533230148552,1.7330239993946532,112.16,False,False,False,False,139.3529468404157,6.243245855118759,True
66338,2026-04-26 07:00:00+00:00,92,90.0,90.0,1.0,88.0,7,2026-04-26,87.0,1.0,519.33,0.1268681997422934,1.001284160344515,2.0,0.9900461644582221,11.32,10.94,22.08,0.9772477231428077,4.345945615184248,1.7313795312562055,8.125,False,True,False,False,-0.02274805811669367,0.03334717269212078,False
66342,2026-04-26 03:00:00+00:00,500,500.0,499.0,4.0,499.0,3,2026-04-26,422.0,2.0,526.37,0.5189040965171188,0.9999999927903216,2.0,0.8653159809999391,224.06,189.48,437.96,-0.4800182402719607,0.3791112865066378,1.7261459176288767,126.30714285714285,False,False,False,False,17.89091745224755,0.09857424341070291,False
66338,2026-04-23 01:00:00+00:00,4,1.0,1.0,0.0,0.0,1,2026-04-23,1.0,0.0,516.98,0.1268681997422934,1.0000000017605313,2.0,0.85,0.11,0.11,0.25,-0.594032814209249,-0.6744907594765951,-1.7245114466182825,-1.8314285714285714,False,False,False,False,-3.8140468766672697,-7.052897104793533,True
66336,2026-04-23 04:00:00+00:00,34,27.0,25.0,3.0,20.0,4,2026-04-23,24.0,3.0,524.02,0.5189040965171188,0.9999998722053931,2.0,0.85,11.03,10.59,24.91,-1.0003359905712568,-0.7520019587097833,-1.722721551946102,-27.280000000000005,False,False,False,False,-10.64198839196115,-0.5755844497849723,False
66336,2026-04-25 17:00:00+00:00,3666,3658.0,3654.0,36.0,3644.0,17,2026-04-25,3629.0,35.0,601.56,0.5189040965171188,0.7128761131977971,0.5524983846650873,0.85,1148.92,1141.06,1040.41,1.1609807914124535,1.6133397985352427,1.7184155261663523,321.16714285714284,False,False,False,False,386.15641430656024,17.46303111457602,True
66330,2026-04-25 16:00:00+00:00,7872,7859.0,7837.0,25.0,7817.0,16,2026-04-25,7534.0,15.0,575.71,0.1268681997422934,1.0375286663287155,0.936983721243105,0.85,876.84,842.94,895.59,2.385132077608392,2.471117399521196,1.7126142299836296,289.81142857142856,False,False,False,False,336.3618626013527,43.036628105170735,True
66340,2026-04-20 01:00:00+00:00,747,743.0,738.0,0.0,733.0,1,2026-04-20,737.0,0.0,516.98,0.5189040965171188,0.9999982358498678,2.0,0.8560608749672739,327.83,327.38,764.86,-0.516588632810105,-0.044773851948909184,1.707026500918662,195.35714285714286,False,False,False,False,13.399119703587417,0.18267061824449274,False
66335,2026-04-26 12:00:00+00:00,6381,6372.0,6355.0,27.0,6343.0,12,2026-04-26,6199.0,21.0,580.41,0.5189040965171188,0.846313658188328,0.5,0.85,2372.21,2313.98,1608.34,4.202342505328712,6.686278294506652,1.7066218964666355,1138.9928571428572,True,True,False,True,19.526508927780014,0.4092464570147116,False
66335,2026-04-24 16:00:00+00:00,4084,4072.0,4052.0,32.0,4033.0,16,2026-04-24,3925.0,26.0,592.16,0.5189040965171188,0.5822372097709865,0.627200488997555,0.85,1040.58,1007.97,1277.42,1.066364658974255,1.9509380080718812,1.7065466609014965,422.0114285714286,False,False,False,False,360.6219533875062,6.8473481414090225,True
66333,2026-04-25 01:00:00+00:00,177,173.0,170.0,2.0,168.0,1,2026-04-25,144.0,2.0,521.67,0.5189040965171188,0.9999982358498678,2.0,0.8608507460975127,75.94,64.32,149.44,-0.45549934925127356,0.5627328438182744,1.7041811668674571,42.65571428571428,False,False,False,False,6.62048410699316,-0.015558282874603343,False
66342,2026-04-26 01:00:00+00:00,732,726.0,725.0,3.0,724.0,1,2026-04-26,631.0,2.0,524.02,0.5189040965171188,0.9999982358498678,2.0,0.8787226364889525,330.58,287.72,654.86,-0.3683663490353214,0.927864679558238,1.7031769150525753,187.13333333333338,False,False,False,False,50.553303804228335,0.38023337068870106,False
66333,2026-04-25 11:00:00+00:00,4494,4490.0,4476.0,53.0,4463.0,11,2026-04-25,3970.0,32.0,641.5,0.5189040965171188,0.9359340011553848,0.893815331010453,0.852760926572806,1853.74,1644.18,1841.3,3.8366034819930075,30.95203759974851,1.7029440124062873,1043.8985714285714,True,True,False,True,578.4786689086432,14.873813362427061,True
66336,2026-04-26 02:00:00+00:00,136,127.0,126.0,3.0,122.0,2,2026-04-26,122.0,3.0,524.02,0.5189040965171188,0.9999998722053931,2.0,0.85,55.57,53.81,126.61,-0.9177047740707429,-0.661570482643961,1.6982767034666688,16.885714285714286,False,False,False,False,12.145213957785472,0.4603309676636437,False
66340,2026-04-25 14:00:00+00:00,11626,11614.0,11590.0,83.0,11569.0,14,2026-04-25,11492.0,77.0,711.99,0.5189040965171188,0.5822372097709865,0.5,0.85,2976.39,2951.22,2981.62,2.3196695287012203,5.066360526890585,1.6961839083933916,1475.9771428571426,False,True,False,False,845.3360259786253,11.449207050430406,True
66340,2026-04-23 14:00:00+00:00,35,19.0,19.0,2.0,0.0,14,2026-04-23,15.0,2.0,521.67,0.5189040965171188,0.5822372097709865,0.5,0.85,4.88,3.85,3.89,-0.8663106444395333,-0.6749972289787364,-1.6909156752790249,-1471.3928571428573,False,False,False,False,-1558.0402421046913,-21.098605266072145,True
66340,2026-04-20 04:00:00+00:00,674,668.0,664.0,0.0,658.0,4,2026-04-20,660.0,0.0,516.98,0.5189040965171188,0.9999998722053931,2.0,0.85,292.87,291.11,684.95,-0.5557949424623765,-0.115426347497612,1.6889347715449237,167.86142857142858,False,False,False,False,29.890436775504327,0.4060048917982326,False
66340,2026-04-25 16:00:00+00:00,10245,10233.0,10212.0,76.0,10186.0,16,2026-04-25,10127.0,68.0,695.54,0.5189040965171188,0.5822372097709865,0.5,0.85,2622.51,2600.68,2627.47,1.940750869051173,4.383522760426778,1.6880850184386367,1328.3142857142857,False,True,False,False,1479.2927983162394,20.03459017035106,True
66331,2026-04-23 05:00:00+00:00,89,85.0,85.0,0.0,81.0,5,2026-04-23,47.0,0.0,516.98,0.1268681997422934,1.000038778282299,2.0,0.85,9.17,5.07,11.93,-0.9500174179152158,-0.7158280136256714,-1.6872956847648717,-12.615714285714287,False,False,False,False,-1.6962797728379684,-0.019296310737014658,False
66340,2026-04-23 17:00:00+00:00,28,17.0,14.0,1.0,0.0,17,2026-04-23,13.0,1.0,519.33,0.5189040965171188,0.7128761131977971,0.5,0.85,4.4,4.09,3.37,-0.8660512147644149,-0.6745297186690676,-1.676815653749408,-1273.294285714286,False,False,False,False,-1793.2187476552012,-24.28351890659753,True
66333,2026-04-25 12:00:00+00:00,4947,4943.0,4932.0,44.0,4913.0,12,2026-04-25,4419.0,31.0,620.35,0.5189040965171188,0.846313658188328,0.8075076729361769,0.8534776362557491,1848.56,1656.28,1851.65,3.8694762962031626,31.18478644303004,1.6764336222224854,1048.6271428571429,True,True,False,True,557.311301164954,14.3226823067478,True
66335,2026-04-24 17:00:00+00:00,3576,3562.0,3551.0,22.0,3539.0,17,2026-04-24,3444.0,16.0,568.67,0.5189040965171188,0.7128761131977971,0.7285055023074193,0.85,1116.53,1082.89,1301.92,1.2462617962464628,2.222583473466245,1.676244121525883,463.28714285714295,False,False,False,False,442.72386892402915,8.397003785579017,True
66342,2026-04-26 20:00:00+00:00,3220,3208.0,3206.0,13.0,3198.0,20,2026-04-26,2754.0,10.0,547.52,0.5189040965171188,0.9792008154013185,1.1828242074927955,0.85,1384.65,1189.44,1690.33,0.6564579930443044,5.964732651692694,1.6760075100979617,774.017142857143,False,True,False,False,211.7283491727842,1.770101891876718,False
66336,2026-04-25 23:00:00+00:00,341,331.0,331.0,3.0,330.0,23,2026-04-25,329.0,2.0,524.02,0.5189040965171188,0.9998411962659136,2.0,0.85,145.97,145.09,341.44,-0.7431888684213466,-0.4705805442985595,1.6757503870190198,70.12142857142858,False,False,False,False,11.855105463499513,0.447142518403791,False
66340,2026-04-22 03:00:00+00:00,699,691.0,690.0,0.0,687.0,3,2026-04-22,684.0,0.0,516.98,0.5189040965171188,0.9999999927903216,2.0,0.8516614317068298,304.93,302.28,709.86,-0.5437206529995733,-0.09366763850177501,1.6501615080922571,175.92571428571426,False,False,False,False,70.59515736335243,0.957250081194032,False
66340,2026-04-23 09:00:00+00:00,22,9.0,9.0,0.0,0.0,9,2026-04-23,7.0,0.0,516.98,0.5189040965171188,0.9947411425730011,0.62161507239353,0.85,3.95,3.07,2.26,-0.8671537908836682,-0.6765166374851601,-1.6487494052704015,-1018.3385714285713,False,False,False,False,-1255.9864797308903,-17.008030977812126,True
66336,2026-04-26 01:00:00+00:00,249,241.0,240.0,1.0,221.0,1,2026-04-26,238.0,0.0,519.33,0.5189040965171188,0.9999982358498678,2.0,0.85,105.86,104.97,247.0,-0.8198932739280707,-0.5545257275415207,1.647399652070601,49.395714285714284,False,False,False,False,7.75893299650761,0.26092886453097913,False
66340,2026-04-25 13:00:00+00:00,11868,11855.0,11824.0,89.0,11795.0,13,2026-04-25,11714.0,85.0,726.08,0.5189040965171188,0.7128761131977971,0.5,0.85,3717.79,3683.2,3039.22,3.1109084186728113,6.492228012188064,1.6402650899682616,1767.0371428571427,True,True,False,True,942.1354958857596,12.760117464548353,True
66342,2026-04-23 02:00:00+00:00,477,475.0,475.0,0.0,475.0,2,2026-04-23,474.0,0.0,516.98,0.5189040965171188,0.9999998722053931,2.0,0.8732505583393634,215.24,214.79,491.92,-0.4512528761921629,0.5204890183687714,1.6397287878992266,145.51142857142855,False,False,False,False,32.54585256714529,0.22494885028407566,False
66338,2026-04-23 00:00:00+00:00,11,0.0,0.0,0.0,0.0,0,2026-04-23,0.0,0.0,516.98,0.1268681997422934,1.0000000312061639,2.0,1.0,0.0,0.0,0.0,-0.609992265650498,-0.7254831880280903,-1.6385665169247006,-2.911428571428572,False,False,False,False,-0.26125430083965195,-0.4124402944868188,False
66338,2026-04-24 00:00:00+00:00,65,56.0,55.0,0.0,53.0,0,2026-04-24,54.0,0.0,516.98,0.1268681997422934,1.0000000312061639,2.0,0.85,5.93,5.82,13.7,0.23440780151376528,1.972479849878291,1.636958502678454,2.9085714285714284,False,False,False,False,0.6777230635470826,1.34258438004354,False
66330,2026-04-24 08:00:00+00:00,2394,2389.0,2382.0,28.0,2372.0,8,2026-04-24,2191.0,18.0,582.76,0.1268681997422934,1.0050789526870891,2.0,0.85,258.17,237.47,555.94,-0.0835619736292401,0.15417696981341208,1.6320594947737597,86.35000000000002,False,False,False,False,85.15900316657604,10.868957735749113,True
66335,2026-04-24 20:00:00+00:00,1583,1569.0,1561.0,7.0,1552.0,20,2026-04-24,1485.0,5.0,533.42,0.5189040965171188,0.9792008154013185,1.7315221059736754,0.85,674.19,641.36,1334.26,0.18606447884392865,0.6216808795584307,1.6271696494756733,283.3814285714286,False,False,False,False,224.83383706848724,4.284377235189759,True
66340,2026-04-25 15:00:00+00:00,10302,10289.0,10248.0,92.0,10225.0,15,2026-04-25,10148.0,86.0,733.13,0.5189040965171188,0.5266127405031122,0.5,0.85,2380.33,2357.1,2632.92,1.6774513679455687,3.9090387553053825,1.6189942243429847,1114.11,False,True,False,False,707.0736291073539,9.576783408923463,True
66336,2026-04-23 03:00:00+00:00,20,14.0,14.0,1.0,4.0,3,2026-04-23,14.0,1.0,519.33,0.5189040965171188,0.9999999927903216,2.0,0.85,6.17,6.17,14.53,-1.0087864759236926,-0.7612501568636687,-1.6172342875536283,-15.757142857142858,False,False,False,False,2.3519516291484024,0.01512530890638602,False
66342,2026-04-23 04:00:00+00:00,512,508.0,507.0,1.0,506.0,4,2026-04-23,497.0,1.0,519.33,0.5189040965171188,0.9999998722053931,2.0,0.8582491209374857,225.79,221.34,515.79,-0.44380865909525746,0.5570763018020773,1.6170770929125997,143.53428571428572,False,False,False,False,-9.787302189248976,-0.14010467933616144,False
66340,2026-04-23 16:00:00+00:00,34,21.0,19.0,1.0,0.0,16,2026-04-23,18.0,0.0,519.33,0.5189040965171188,0.5822372097709865,0.5,0.85,4.88,4.62,4.67,-0.8654783075651951,-0.6734973000685489,-1.611111594967684,-1267.7457142857143,False,False,False,False,-1167.4976790550509,-15.809668110225639,True
66330,2026-04-23 22:00:00+00:00,2037,2032.0,2026.0,16.0,2024.0,22,2026-04-23,1976.0,14.0,554.57,0.1268681997422934,1.0000046314053592,2.0,0.85,218.48,213.09,501.38,-0.18296699942601527,0.060882491678614696,1.6107488025598324,110.55142857142857,False,False,False,False,144.61961169480708,18.48315949844035,True
66336,2026-04-23 11:00:00+00:00,2867,2855.0,2853.0,85.0,2841.0,11,2026-04-23,2762.0,76.0,716.68,0.5189040965171188,0.9359340011553848,0.5,0.85,1177.75,1140.18,716.61,1.159298341840023,1.61149852831456,-1.6098271556341694,-526.1599999999999,False,False,False,False,-800.7583733538083,-36.494594260563446,True
66340,2026-04-23 18:00:00+00:00,24,8.0,8.0,0.0,0.0,18,2026-04-23,6.0,0.0,516.98,0.5189040965171188,0.846313658188328,0.5087258304412494,0.85,2.99,2.24,1.58,-0.868050985176786,-0.6781334439727649,-1.6080314411166454,-1061.8285714285714,False,False,False,False,-1501.3761695245398,-20.331229959958186,True
66340,2026-04-25 10:00:00+00:00,7049,7034.0,7016.0,41.0,6997.0,10,2026-04-25,6921.0,41.0,613.31,0.5189040965171188,0.9792008154013185,0.5,0.85,3030.17,2989.14,1795.67,2.3606594173699307,5.140227155818262,1.59827245185331,1396.2528571428572,False,True,False,False,1243.8029867263062,16.845460656232056,True
66330,2026-04-25 11:00:00+00:00,6648,6639.0,6620.0,13.0,6597.0,11,2026-04-25,6159.0,10.0,547.52,0.1268681997422934,1.0701127791564455,1.0473082706766916,0.85,763.94,710.74,818.35,1.846110567750571,1.9652301965097025,1.5963076814816732,212.03571428571428,False,False,False,False,97.83544371148827,12.492233688195759,True
66340,2026-04-23 08:00:00+00:00,20,9.0,9.0,0.0,0.0,8,2026-04-23,7.0,0.0,516.98,0.5189040965171188,0.9989644695743897,1.1152048690359744,0.85,3.97,3.08,4.05,-0.8671429813138716,-0.676497157888924,-1.590343321277212,-564.93,False,False,False,False,-444.8064908187432,-6.022595869446515,True
66335,2026-04-26 11:00:00+00:00,5687,5676.0,5659.0,37.0,5634.0,11,2026-04-26,5472.0,33.0,603.91,0.5189040965171188,0.9359340011553848,0.5,0.85,2336.1,2258.9,1419.72,4.070084973014868,6.486568841304282,1.5859773239056951,1047.0642857142857,True,True,False,True,22.855330856069372,0.4720772406316381,False
66333,2026-04-25 14:00:00+00:00,4907,4902.0,4888.0,49.0,4875.0,14,2026-04-25,4426.0,29.0,632.1,0.5189040965171188,0.5822372097709865,0.7747074367685919,0.85,1255.27,1136.63,1779.25,2.4577111801447202,21.189089218960092,1.5823497950942114,694.2257142857144,False,True,False,False,268.72871507065366,6.808907932405919,True
66333,2026-04-25 18:00:00+00:00,2187,2181.0,2180.0,41.0,2173.0,18,2026-04-25,1959.0,24.0,613.31,0.5189040965171188,0.846313658188328,1.7090273151232511,0.85,813.76,731.26,1737.28,1.3564175688744213,13.391618260197012,1.5812045728008013,440.4742857142857,False,True,False,False,272.4235159618355,6.905108817671345,True
66331,2026-04-26 23:00:00+00:00,535,532.0,530.0,0.0,529.0,23,2026-04-26,493.0,0.0,516.98,0.1268681997422934,1.0000004307878039,2.0,0.85,57.15,53.16,125.09,-0.577176604108792,-0.2769961036854772,1.5764546270356263,27.12285714285714,False,False,False,False,-7.827394643200705,-0.5915176368847956,False
66333,2026-04-25 20:00:00+00:00,2036,2032.0,2026.0,21.0,2020.0,20,2026-04-25,1806.0,10.0,566.32,0.5189040965171188,0.9792008154013185,2.0,0.8560517009697567,881.25,785.56,1874.28,1.5039377185943739,14.436102738724863,1.5716794161752672,499.2828571428571,False,True,False,False,448.62013160247113,11.492709314860603,True
66331,2026-04-26 20:00:00+00:00,2751,2738.0,2734.0,16.0,2726.0,20,2026-04-26,2592.0,8.0,554.57,0.1268681997422934,1.0002528661646692,2.0,0.85,294.9,279.59,657.68,1.1783306836888483,1.7892278382516862,1.5690808917834078,120.99714285714282,False,False,False,False,-3.8865447946665768,-0.22371530824500205,False
66331,2026-04-26 16:00:00+00:00,3269,3260.0,3253.0,35.0,3239.0,16,2026-04-26,3066.0,24.0,599.21,0.1268681997422934,1.0375286663287155,2.0,0.85,363.96,343.04,777.96,1.6702572720859705,2.3682231529887487,1.5686784674357979,114.66857142857145,False,False,False,False,0.9923178684221057,0.23163242576349954,False
66332,2026-04-22 07:00:00+00:00,1509,1504.0,1502.0,23.0,1501.0,7,2026-04-22,1452.0,20.0,571.01,0.5189040965171188,0.9998411962659136,2.0,0.85,662.38,640.33,1506.9,0.3336379823208525,2.1365268790521377,1.5635736279562404,361.80857142857144,False,False,False,False,328.1447343475446,6.644688469219536,True
66333,2026-04-25 23:00:00+00:00,279,277.0,274.0,4.0,273.0,23,2026-04-25,232.0,3.0,526.37,0.5189040965171188,0.9998411962659136,2.0,0.85,120.83,102.31,240.77,-0.3522895796774061,1.2934872699559006,1.562039423281077,62.305714285714295,False,False,False,False,13.239154991311977,0.15677089455728352,False
66336,2026-04-24 05:00:00+00:00,320,313.0,311.0,8.0,303.0,5,2026-04-24,303.0,7.0,535.77,0.5189040965171188,0.9999982358498678,2.0,0.85,137.17,133.64,314.46,-0.7650798316080862,-0.49453798069267485,1.5572858290478753,51.03571428571426,False,False,False,False,70.59952163979096,3.1176873914436727,False
66332,2026-04-22 01:00:00+00:00,146,143.0,143.0,0.0,143.0,1,2026-04-22,141.0,0.0,516.98,0.5189040965171188,0.9999982358498678,2.0,0.8656232484589944,64.23,63.33,146.33,-0.6111705044928906,-0.40813879518609586,1.5569393889111207,40.59428571428571,False,False,False,False,20.616938757030653,0.34320768297583476,False
66340,2026-04-22 22:00:00+00:00,1182,1175.0,1175.0,1.0,1170.0,22,2026-04-22,1163.0,1.0,519.33,0.5189040965171188,0.9989644695743897,2.0,0.85,517.72,512.43,1206.97,-0.3165575437240058,0.31569607640199954,1.5561846643700346,274.1857142857142,False,False,False,False,440.4031135606274,5.965388054137119,True
66342,2026-04-26 00:00:00+00:00,765,757.0,757.0,3.0,755.0,0,2026-04-26,625.0,2.0,524.02,0.5189040965171188,0.9999810335986662,2.0,0.8513057639593896,334.4,276.09,648.63,-0.38158409633868173,0.8629013045461235,1.550989027177375,175.15285714285713,False,False,False,False,11.561128831169981,0.04399027273402294,False
66333,2026-04-26 07:00:00+00:00,516,510.0,508.0,8.0,507.0,7,2026-04-26,367.0,3.0,535.77,0.5189040965171188,0.9998411962659136,2.0,0.85,224.03,161.85,380.88,-0.19053359967140276,2.4387654624337696,1.5493383013357511,96.89571428571429,False,False,False,False,35.842912375939136,0.7453009763583871,False
66332,2026-04-22 16:00:00+00:00,5880,5869.0,5864.0,62.0,5844.0,16,2026-04-22,5747.0,60.0,662.65,0.5189040965171188,0.5822372097709865,0.6068724863969719,0.8505548859557296,1506.9,1476.83,1809.78,1.7033646707432024,5.82563058182559,1.5467639562422593,871.9114285714285,False,True,False,False,1053.8984703037704,21.515940070692043,True
66340,2026-04-23 23:00:00+00:00,18,4.0,3.0,0.0,0.0,23,2026-04-23,3.0,0.0,516.98,0.5189040965171188,0.9998411962659136,2.0,0.85,1.32,1.32,3.11,-0.8690454655980733,-0.6799255668264954,-1.5467202018152202,-164.56000000000003,False,False,False,False,8.865383509483877,0.12127232755740956,False
66336,2026-04-25 22:00:00+00:00,479,465.0,465.0,5.0,464.0,22,2026-04-25,464.0,5.0,528.72,0.5189040965171188,0.9989644695743897,2.0,0.85,204.88,204.44,481.54,-0.6297191160079847,-0.3463994220286255,1.5456239516216552,83.27285714285715,False,False,False,False,29.284730736997062,1.2395003192449692,False
66342,2026-04-26 13:00:00+00:00,12094,12073.0,12040.0,97.0,12025.0,13,2026-04-26,10693.0,57.0,744.88,0.5189040965171188,0.7128761131977971,0.5,0.85,3785.7,3362.17,2774.32,3.1258127736487773,18.101265221776195,1.5425856006415228,1951.7828571428574,True,True,False,True,-7.659070105549063,-0.12175219324159901,False
66336,2026-04-26 18:00:00+00:00,1350,1338.0,1333.0,12.0,1329.0,18,2026-04-26,1293.0,12.0,545.17,0.5189040965171188,0.846313658188328,0.7547072668431892,0.85,497.59,482.65,506.37,-0.09781650743306632,0.23571397353528917,-1.5405421234856467,-227.91857142857134,False,False,False,False,0.24576395759191882,-0.08062283285836307,False
66340,2026-04-25 12:00:00+00:00,11339,11325.0,11301.0,63.0,11267.0,12,2026-04-25,11163.0,56.0,665.0,0.5189040965171188,0.846313658188328,0.5,0.85,4218.46,4166.95,2896.26,3.633821357583379,7.434553480114312,1.5350978081145652,1867.4257142857145,True,True,False,True,1033.9387697732927,14.003366708627318,True
66340,2026-04-23 20:00:00+00:00,20,6.0,5.0,1.0,0.0,20,2026-04-23,4.0,1.0,519.33,0.5189040965171188,0.9792008154013185,1.0934569479965899,0.85,2.16,1.73,2.27,-0.8686022732364127,-0.679126903380811,-1.520446818852226,-568.9242857142857,False,False,False,False,-591.642737065697,-8.01113118435873,True
66330,2026-04-25 22:00:00+00:00,2101,2100.0,2096.0,6.0,2090.0,22,2026-04-25,1918.0,4.0,531.07,0.1268681997422934,1.0000046314053592,2.0,0.85,226.03,206.83,486.67,-0.20849101343289844,0.03692746981135338,1.5195397821579875,104.29142857142858,False,False,False,False,94.87655272637471,12.113334219923983,True
66332,2026-04-25 01:00:00+00:00,142,139.0,139.0,0.0,139.0,1,2026-04-25,139.0,0.0,516.98,0.5189040965171188,0.9999982358498678,2.0,0.8637702960000411,62.3,62.3,144.26,-0.6128570777015875,-0.41268126597373084,1.5174351202102156,39.56428571428571,False,False,False,False,-23.34966558054319,-0.5577018167251626,False
66331,2026-04-23 03:00:00+00:00,13,11.0,11.0,0.0,9.0,3,2026-04-23,5.0,0.0,516.98,0.1268681997422934,1.0000004307878039,2.0,0.85,1.19,0.54,1.27,-0.9851384178433317,-0.7571652677747477,-1.5110025648992949,-8.057142857142857,False,False,False,False,3.6435718894065587,0.47907585553447096,False
66336,2026-04-24 08:00:00+00:00,1574,1561.0,1555.0,34.0,1538.0,8,2026-04-24,1512.0,26.0,596.86,0.5189040965171188,0.9989644695743897,1.1561690140845071,0.85,685.15,666.2,907.11,0.25310805963471095,0.6197652792243606,1.510402543177951,120.59571428571428,False,False,False,False,132.5408685390239,5.933566025670217,True
66332,2026-04-22 18:00:00+00:00,3344,3338.0,3329.0,34.0,3321.0,18,2026-04-22,3252.0,30.0,596.86,0.5189040965171188,0.846313658188328,0.9559344140115521,0.85,1242.66,1213.91,1613.12,1.2728463911018348,4.666109786209098,1.504217479499941,659.6385714285715,False,True,False,False,902.034251789844,18.404125565450812,True
66342,2026-04-26 14:00:00+00:00,11448,11428.0,11407.0,99.0,11387.0,14,2026-04-26,9985.0,58.0,749.58,0.5189040965171188,0.5822372097709865,0.5,0.85,2929.39,2564.21,2590.63,2.218913922557687,13.643984505983697,1.4976884908863064,1476.1200000000001,False,True,False,False,-15.433211745244307,-0.18879132277658223,False
66336,2026-04-23 17:00:00+00:00,1779,1773.0,1772.0,68.0,1760.0,17,2026-04-23,1719.0,56.0,676.74,0.5189040965171188,0.7128761131977971,0.5524983846650873,0.85,557.16,540.5,492.83,0.01278543320910702,0.35675656701996794,-1.4949008150183676,-279.3928571428571,False,False,False,False,-276.81332819078085,-12.675841003815952,True
66340,2026-04-25 09:00:00+00:00,4519,4501.0,4493.0,27.0,4484.0,9,2026-04-25,4431.0,25.0,580.41,0.5189040965171188,0.9947411425730011,0.62161507239353,0.85,1971.3,1944.1,1429.26,1.2310161353459523,3.10453143075026,1.4938911151829495,922.6914285714286,False,False,False,False,874.434371717691,11.843272477643396,True
66331,2026-04-23 06:00:00+00:00,209,208.0,208.0,5.0,203.0,6,2026-04-23,129.0,2.0,528.72,0.1268681997422934,1.0002528661646692,2.0,0.85,22.44,13.91,32.73,-0.8814810736846317,-0.6351610540941407,-1.4906735993283653,-14.967142857142854,False,False,False,False,-2.952212906015319,-0.1365134463176374,False
66338,2026-04-21 05:00:00+00:00,104,102.0,102.0,3.0,100.0,5,2026-04-21,99.0,3.0,524.02,0.1268681997422934,1.000038778282299,2.0,0.8511097771289696,11.01,10.69,25.12,0.9409762425945146,4.230053732112667,1.4892928950704045,6.112857142857142,False,True,False,False,-0.05553551240817489,-0.02793523248509904,False
66336,2026-04-23 01:00:00+00:00,38,29.0,25.0,1.0,3.0,1,2026-04-23,25.0,0.0,519.33,0.5189040965171188,0.9999982358498678,2.0,0.85,11.03,11.03,25.95,-0.9994947657850416,-0.7510813235994417,-1.485599344975371,-44.544285714285714,False,False,False,False,-19.6660853367664,-0.9858235397002227,False
66342,2026-04-26 11:00:00+00:00,10133,10122.0,10096.0,73.0,10071.0,11,2026-04-26,8831.0,42.0,688.49,0.5189040965171188,0.9359340011553848,0.5,0.85,4167.74,3645.53,2291.22,3.4478575609127646,19.684070204014606,1.4822882926901617,2051.49,True,True,False,True,80.24341090222401,0.6362614993102531,False
66338,2026-04-22 04:00:00+00:00,37,34.0,33.0,3.0,31.0,4,2026-04-22,33.0,3.0,524.02,0.1268681997422934,1.0000046314053592,2.0,0.85,3.56,3.56,8.37,-0.09348638264280434,0.9248172269112079,1.4813859669580816,1.8028571428571427,False,False,False,False,-4.220888681112786,-7.813317358266497,True
66340,2026-04-23 21:00:00+00:00,23,6.0,4.0,0.0,0.0,21,2026-04-23,4.0,0.0,516.98,0.5189040965171188,0.9947411425730011,1.7101666666666666,0.85,1.75,1.75,3.55,-0.8685806540968195,-0.6790879441883387,-1.4794114345894411,-369.11571428571426,False,False,False,False,-96.24291382712897,-1.3021606904225385,False
66330,2026-04-25 08:00:00+00:00,2436,2429.0,2422.0,8.0,2404.0,8,2026-04-25,2113.0,5.0,535.77,0.1268681997422934,1.0050789526870891,2.0,0.85,262.51,229.02,536.15,-0.11801531522000094,0.12184151697341876,1.4723501406239248,77.90000000000003,False,False,False,False,85.52660307732549,10.916030578723207,True
66332,2026-04-22 05:00:00+00:00,271,263.0,262.0,11.0,260.0,5,2026-04-22,245.0,9.0,542.82,0.5189040965171188,0.9999982358498678,2.0,0.85,115.56,108.06,254.26,-0.5379273786433607,-0.2108720783599673,1.46971669433249,58.534285714285716,False,False,False,False,21.982136396281987,0.3711816314010447,False
66332,2026-04-20 11:00:00+00:00,6394,6384.0,6372.0,78.0,6355.0,11,2026-04-20,6222.0,72.0,700.24,0.5189040965171188,0.9359340011553848,0.5121792951981631,0.85,2630.43,2568.51,1653.63,3.4909357779959356,10.640120396821077,1.4666757387287135,1424.1385714285716,True,True,False,True,2.6968704917001105,-0.023988282661422652,False
66331,2026-04-23 11:00:00+00:00,840,834.0,827.0,1.0,810.0,11,2026-04-23,595.0,0.0,519.33,0.1268681997422934,1.0701127791564455,1.91272108096232,0.85,95.43,68.66,144.38,-0.45700541230177244,-0.1355551678553044,-1.4662311462887017,-194.3814285714286,False,False,False,False,-186.74631184946787,-17.2901478601737,True
66335,2026-04-21 05:00:00+00:00,230,227.0,226.0,0.0,221.0,5,2026-04-21,225.0,0.0,516.98,0.5189040965171188,0.9999982358498678,1.4131662305467567,0.85,99.68,99.24,164.99,-1.115668517125228,-1.3439416471312717,-1.460818064497144,-356.4457142857143,False,False,False,False,-52.584126300395894,-0.9518259632300524,False
66335,2026-04-21 15:00:00+00:00,955,949.0,946.0,1.0,934.0,15,2026-04-21,933.0,1.0,519.33,0.5189040965171188,0.5266127405031122,0.5188874841972188,0.85,219.73,216.71,251.21,-0.8336007553077396,-0.9180180910731308,-1.460733133055732,-427.18142857142846,False,False,False,False,-84.59821091526277,-1.5560847870609646,False
66332,2026-04-22 17:00:00+00:00,4847,4838.0,4831.0,55.0,4823.0,17,2026-04-22,4708.0,51.0,646.2,0.5189040965171188,0.7128761131977971,0.6600836281762624,0.85,1519.0,1480.32,1612.58,1.709079370256166,5.84102206051379,1.4509486905021913,802.3242857142856,False,True,False,False,1029.2881126485956,21.011654935721133,True
66336,2026-04-23 06:00:00+00:00,214,204.0,203.0,14.0,193.0,6,2026-04-23,180.0,12.0,549.87,0.5189040965171188,0.9999810335986662,2.0,0.85,89.54,79.39,186.81,-0.8687990239994069,-0.6080481050927409,-1.449646145000057,-93.82000000000001,False,False,False,False,-58.51525701020199,-2.7519225664228895,False
66335,2026-04-22 06:00:00+00:00,220,217.0,217.0,0.0,212.0,6,2026-04-22,215.0,0.0,516.98,0.5189040965171188,0.9999810335986662,1.6706284597850862,0.85,95.71,94.83,186.38,-1.1262577639934934,-1.3599314562928995,-1.44912761359276,-287.31428571428575,False,False,False,False,-17.418375020667895,-0.28808012251496257,False
66336,2026-04-24 22:00:00+00:00,478,470.0,467.0,2.0,462.0,22,2026-04-24,452.0,1.0,521.67,0.5189040965171188,0.9989644695743897,2.0,0.85,205.77,199.16,469.09,-0.6398138134425686,-0.35744704335272415,1.4476220967007645,77.99285714285715,False,False,False,False,30.575613673639964,1.298184378642221,False
66333,2026-04-25 22:00:00+00:00,697,695.0,695.0,5.0,693.0,22,2026-04-25,615.0,2.0,528.72,0.5189040965171188,0.9989644695743897,2.0,0.85,306.23,270.98,638.25,0.10594658336613755,4.537929203534036,1.4452555876419149,162.02428571428572,False,True,False,False,34.32230189081298,0.7057091068310867,False
66335,2026-04-22 08:00:00+00:00,328,317.0,316.0,0.0,306.0,8,2026-04-22,307.0,0.0,516.98,0.5189040965171188,0.9989644695743897,1.518348623853211,0.85,139.23,135.27,241.88,-1.0291536498545708,-1.213303818538654,-1.4438318680595341,-273.68142857142857,False,False,False,False,-11.622161724845114,-0.17867786813407363,False
66338,2026-04-23 04:00:00+00:00,6,0.0,0.0,0.0,0.0,4,2026-04-23,0.0,0.0,516.98,0.1268681997422934,1.0000046314053592,2.0,1.0,0.0,0.0,0.0,-0.609992265650498,-0.7254831880280903,-1.4438230898244377,-1.7571428571428573,False,False,False,False,-0.08063640707917141,-0.07485083574797238,False
66336,2026-04-23 18:00:00+00:00,1393,1383.0,1379.0,42.0,1371.0,18,2026-04-23,1332.0,35.0,615.66,0.5189040965171188,0.846313658188328,0.7547072668431892,0.85,514.76,497.21,521.64,-0.06997961450739573,0.26617862627750044,-1.4421284962969534,-213.35857142857134,False,False,False,False,-466.3258530870898,-21.291156887114106,True
66336,2026-04-22 16:00:00+00:00,4273,4260.0,4250.0,59.0,4230.0,16,2026-04-22,4187.0,57.0,655.6,0.5189040965171188,0.5822372097709865,0.5,0.85,1091.43,1075.25,1086.33,1.0351603296378393,1.475642078963476,1.4415189966551027,226.57999999999993,False,False,False,False,232.8368850330769,10.493063422507326,True
66333,2026-04-24 20:00:00+00:00,1756,1749.0,1746.0,15.0,1739.0,20,2026-04-24,1719.0,14.0,552.22,0.5189040965171188,0.9792008154013185,2.0,0.85,754.09,742.43,1783.99,1.386763794884953,13.606478142796572,1.4359116199253674,456.1528571428571,False,True,False,False,441.74882008666424,11.313802177446847,True
66331,2026-04-23 18:00:00+00:00,714,708.0,703.0,4.0,692.0,18,2026-04-23,573.0,3.0,526.37,0.1268681997422934,1.0050789526870891,2.0,0.85,76.2,62.1,145.39,-0.5078649618665497,-0.19541662198730006,-1.43454408499564,-130.7957142857143,False,False,False,False,-123.47161271559074,-11.384675035808415,True
66342,2026-04-25 16:00:00+00:00,9001,8989.0,8971.0,95.0,8943.0,16,2026-04-25,7570.0,48.0,740.18,0.5189040965171188,0.5822372097709865,0.5,0.85,2303.81,1944.03,1964.05,1.5140658982586335,10.179755278553513,1.43275437138982,1090.6599999999999,False,True,False,False,1114.1896667410174,9.552339979725616,True
66332,2026-04-20 09:00:00+00:00,3470,3461.0,3454.0,35.0,3441.0,9,2026-04-20,3336.0,29.0,599.21,0.5189040965171188,0.9947411425730011,0.9108743897026187,0.85,1515.44,1463.67,1576.78,1.6818158324650938,5.7675927997233805,1.4299590907589754,788.4342857142857,False,True,False,False,3.022109865651146,-0.01732387802786114,False
66331,2026-04-26 05:00:00+00:00,295,288.0,288.0,6.0,279.0,5,2026-04-26,263.0,5.0,531.07,0.1268681997422934,1.000038778282299,2.0,0.85,31.06,28.36,66.73,-0.7694505110000232,-0.5033016010137537,1.4276382466949518,10.674285714285713,False,False,False,False,-9.702373448609308,-0.7665107468192073,False
66331,2026-04-23 14:00:00+00:00,517,508.0,507.0,1.0,498.0,14,2026-04-23,396.0,1.0,519.33,0.1268681997422934,1.10201349172765,2.0,0.85,60.25,47.06,100.48,-0.6244697828199415,-0.3326599558509,-1.427416957331466,-205.88000000000002,False,False,False,False,-195.96194901761578,-18.150249853555923,True
66331,2026-04-23 08:00:00+00:00,273,266.0,266.0,3.0,257.0,8,2026-04-23,150.0,1.0,524.02,0.1268681997422934,1.0050789526870891,2.0,0.85,28.83,16.26,38.06,-0.8632615704106641,-0.6137167831779531,-1.4259064855486885,-71.36142857142858,False,False,False,False,-51.20077860625091,-4.639586514345756,True
66342,2026-04-26 02:00:00+00:00,514,511.0,509.0,4.0,507.0,2,2026-04-26,437.0,3.0,526.37,0.5189040965171188,0.9999998722053931,2.0,0.8626692866971659,227.85,195.62,453.52,-0.47303999706967076,0.4134083735723629,1.4237072618058448,126.34142857142858,False,False,False,False,24.326197127536034,0.1540679001692414,False
66340,2026-04-25 11:00:00+00:00,9511,9492.0,9463.0,56.0,9432.0,11,2026-04-25,9330.0,48.0,648.55,0.5189040965171188,0.9359340011553848,0.5,0.85,3906.43,3851.53,2420.69,3.2928659070589945,6.820128055632043,1.4213469776903724,1661.98,True,True,False,True,770.9017912110425,10.441178663319034,True
66336,2026-04-26 16:00:00+00:00,2534,2525.0,2519.0,42.0,2511.0,16,2026-04-26,2435.0,34.0,615.66,0.5189040965171188,0.5822372097709865,0.5,0.85,646.9,625.32,631.77,0.17495062949725126,0.5342299080635368,-1.4209694937899078,-223.35000000000002,False,False,False,False,2.6225948904896086,0.027428860818937844,False
66342,2026-04-26 12:00:00+00:00,11266,11257.0,11236.0,96.0,11213.0,12,2026-04-26,9968.0,58.0,742.53,0.5189040965171188,0.846313658188328,0.5,0.85,4194.2,3720.88,2586.22,3.5334944705695315,20.1049636096176,1.4205146731012401,2061.3714285714286,True,True,False,True,-42.58020828021313,-0.42288932375728705,False
66335,2026-04-21 09:00:00+00:00,418,413.0,412.0,1.0,392.0,9,2026-04-21,401.0,1.0,519.33,0.5189040965171188,0.9947411425730011,0.9869193036452822,0.85,180.76,175.94,205.36,-0.9314972620694576,-1.065842245159199,-1.420197548178218,-451.2857142857143,False,False,False,False,-186.91557998833304,-3.4873026818514226,False
66340,2026-04-23 05:00:00+00:00,13,4.0,4.0,1.0,0.0,5,2026-04-23,3.0,1.0,519.33,0.5189040965171188,0.9999982358498678,2.0,0.85,1.76,1.32,3.11,-0.8690454655980733,-0.6799255668264954,-1.4187058927453828,-146.5614285714286,False,False,False,False,-36.28832361429477,-0.4902234271340168,False
66335,2026-04-23 22:00:00+00:00,1748,1739.0,1729.0,2.0,1713.0,22,2026-04-23,1711.0,1.0,521.67,0.5189040965171188,0.9989644695743897,1.4170694655434333,0.85,761.82,753.89,1258.14,0.4562703632171471,1.0296929487098956,1.4151755485267508,301.57142857142856,False,False,False,False,44.06034087869455,0.8723171528371515,False
66342,2026-04-26 04:00:00+00:00,538,533.0,532.0,1.0,532.0,4,2026-04-26,461.0,1.0,519.33,0.5189040965171188,0.9999998722053931,2.0,0.85,234.65,203.33,478.43,-0.46427741480751183,0.4564752369724834,1.414173944731487,125.52428571428572,False,False,False,False,18.91841255472218,0.10743469135001495,False
66331,2026-04-24 23:00:00+00:00,495,493.0,491.0,2.0,489.0,23,2026-04-24,467.0,0.0,521.67,0.1268681997422934,1.0000004307878039,2.0,0.85,52.95,50.36,118.49,-0.5988849484352212,-0.3025467243515729,1.4137109701837447,24.322857142857142,False,False,False,False,42.763511763589236,4.130167760831277,True
66338,2026-04-26 15:00:00+00:00,389,387.0,386.0,0.0,380.0,15,2026-04-26,381.0,0.0,516.98,0.1268681997422934,1.0701127791564455,2.0,0.9159680623239943,48.0,47.38,96.67,6.264178727862009,21.23834649169774,1.4135723894994077,19.933333333333334,True,True,False,True,44.36579410444404,82.9991243217561,True
66332,2026-04-22 15:00:00+00:00,6371,6363.0,6353.0,74.0,6337.0,15,2026-04-22,6235.0,64.0,690.84,0.5189040965171188,0.5266127405031122,0.5198338315010892,0.85,1475.63,1448.22,1681.85,1.656517234334639,5.699455737908856,1.413398389529951,811.7957142857143,False,True,False,False,880.8291568078785,17.969616878706756,True
66335,2026-04-22 05:00:00+00:00,263,257.0,257.0,0.0,249.0,5,2026-04-22,253.0,0.0,516.98,0.5189040965171188,0.9999982358498678,1.4131662305467567,0.85,113.35,111.59,185.52,-1.0860138235145531,-1.299162929864582,-1.4102041775194523,-344.0957142857143,False,False,False,False,-28.145795134443517,-0.49055782377273704,False
66332,2026-04-20 12:00:00+00:00,6465,6453.0,6440.0,85.0,6420.0,12,2026-04-20,6268.0,75.0,716.68,0.5189040965171188,0.846313658188328,0.5,0.85,2403.94,2339.73,1626.25,3.116320031699145,9.631162662068522,1.4086402255324726,1258.5985714285714,True,True,False,True,2.533871993055982,-0.027328247120310834,False
66335,2026-04-21 00:00:00+00:00,164,155.0,155.0,0.0,151.0,0,2026-04-21,153.0,0.0,516.98,0.5189040965171188,0.9999810335986662,1.65127132281944,0.85,68.36,67.48,131.1,-1.1919303040948666,-1.4590972795515198,-1.4076852860681692,-322.8585714285714,False,False,False,False,-62.24243659819217,-1.134124451253357,False
66336,2026-04-23 02:00:00+00:00,60,53.0,52.0,3.0,45.0,2,2026-04-23,52.0,3.0,524.02,0.5189040965171188,0.9999998722053931,2.0,0.85,22.94,22.94,53.97,-0.9767243403218041,-0.7261614050445147,-1.4064662140638935,-13.984285714285715,False,False,False,False,4.374936868139002,0.10709103449992899,False
66336,2026-04-20 21:00:00+00:00,268,261.0,259.0,2.0,256.0,21,2026-04-20,252.0,2.0,521.67,0.5189040965171188,0.9947411425730011,2.0,0.85,113.64,110.56,261.53,-0.8092058953941079,-0.5428294769351362,-1.4011428188044217,-145.04285714285714,False,False,False,False,-41.18863559844351,-1.964247362716477,False
66340,2026-04-23 06:00:00+00:00,14,6.0,5.0,0.0,0.0,6,2026-04-23,3.0,0.0,516.98,0.5189040965171188,0.9999810335986662,2.0,0.85,2.21,1.32,3.11,-0.8690454655980733,-0.6799255668264954,-1.4003305227501321,-242.66000000000003,False,False,False,False,-66.33340134708635,-0.897110007511838,False
66335,2026-04-26 15:00:00+00:00,4689,4677.0,4659.0,32.0,4651.0,15,2026-04-26,4534.0,22.0,592.16,0.5189040965171188,0.5266127405031122,0.5188874841972188,0.85,1082.16,1053.12,1220.79,1.1747783769112565,2.1146431971075925,1.399343916419404,409.2285714285714,False,False,False,False,-15.744745645236435,-0.25649073521580357,False
66331,2026-04-23 20:00:00+00:00,579,571.0,571.0,3.0,561.0,20,2026-04-23,471.0,1.0,524.02,0.1268681997422934,1.0002528661646692,2.0,0.85,61.59,50.8,119.51,-0.5954736371839252,-0.29853162681832934,-1.3978488121268162,-107.79285714285716,False,False,False,False,-91.08442496554983,-8.361955690896007,True
66331,2026-04-23 21:00:00+00:00,393,387.0,387.0,0.0,380.0,21,2026-04-23,299.0,0.0,516.98,0.1268681997422934,1.000038778282299,2.0,0.85,41.73,32.24,75.87,-0.7393689481476853,-0.46789574094787817,-1.3957979597213388,-66.52714285714285,False,False,False,False,-68.2404319439873,-6.22990952022366,True
66330,2026-04-23 16:00:00+00:00,7237,7233.0,7219.0,66.0,7194.0,16,2026-04-23,7054.0,59.0,672.04,0.1268681997422934,1.0375286663287155,0.936983721243105,0.85,807.7,789.24,838.53,2.1661800724694737,2.265624640052836,1.3952789730427386,236.11142857142852,False,False,False,False,298.7180221036359,38.216162863277084,True
66336,2026-04-23 00:00:00+00:00,58,40.0,39.0,2.0,31.0,0,2026-04-23,37.0,2.0,521.67,0.5189040965171188,0.9999810335986662,2.0,0.85,17.2,16.32,38.4,-0.9893809496053163,-0.740012778750108,-1.391994681137827,-44.04142857142857,False,False,False,False,-11.892482564097804,-0.6324324196438262,False
66340,2026-04-25 17:00:00+00:00,7528,7513.0,7497.0,43.0,7470.0,17,2026-04-25,7417.0,38.0,618.0,0.5189040965171188,0.7128761131977971,0.5,0.85,2357.26,2332.11,1924.36,1.6504382530238635,3.860359244311115,1.388980228662679,1054.7257142857143,False,True,False,False,1225.0565850951882,16.591586816333482,True
66335,2026-04-21 19:00:00+00:00,419,412.0,411.0,1.0,405.0,19,2026-04-21,407.0,1.0,519.33,0.5189040965171188,0.9359340011553848,1.7627555402851744,0.85,169.67,168.01,372.28,-0.9505386969142067,-1.0945948951935995,-1.3839678654057,-167.54571428571427,False,False,False,False,31.62589495428972,0.6376197138923964,False
66338,2026-04-24 14:00:00+00:00,2,0.0,0.0,0.0,0.0,14,2026-04-24,0.0,0.0,516.98,0.1268681997422934,1.10201349172765,2.0,1.0,0.0,0.0,0.0,-0.609992265650498,-0.7254831880280903,-1.3832669886314268,-0.38000000000000006,False,False,False,False,-7.03931980736057,-13.081193195997534,True
66338,2026-04-22 05:00:00+00:00,95,95.0,95.0,4.0,94.0,5,2026-04-22,95.0,4.0,526.37,0.1268681997422934,1.000038778282299,2.0,0.85,10.25,10.25,24.1,0.8771384368295189,4.026084017906687,1.3820944347568538,5.672857142857143,False,True,False,False,8.000753855527707,15.029921497765821,True
66336,2026-04-23 10:00:00+00:00,2467,2457.0,2456.0,75.0,2437.0,10,2026-04-23,2375.0,65.0,693.19,0.5189040965171188,0.9792008154013185,0.5,0.85,1060.73,1025.75,616.2,0.9405225411886159,1.3720706290500517,-1.3807929719697902,-431.5871428571429,False,False,False,False,-487.90143369537157,-22.271991491094045,True
66335,2026-04-21 03:00:00+00:00,191,189.0,188.0,0.0,186.0,3,2026-04-21,187.0,0.0,516.98,0.5189040965171188,0.9999999927903216,1.6871095034528116,0.85,82.92,82.48,163.71,-1.1559124576041682,-1.404710173559589,-1.3802246109300682,-301.18571428571425,False,False,False,False,-48.393697164409446,-0.8727325325879005,False
66336,2026-04-23 21:00:00+00:00,283,272.0,271.0,11.0,266.0,21,2026-04-23,257.0,9.0,542.82,0.5189040965171188,0.9947411425730011,2.0,0.85,118.9,112.76,266.72,-0.8049997714630314,-0.5382263013834284,-1.3798903816827945,-142.84285714285716,False,False,False,False,-202.3626871478932,-9.291284808126683,True
66335,2026-04-24 07:00:00+00:00,1105,1101.0,1095.0,4.0,1085.0,7,2026-04-24,1063.0,2.0,526.37,0.5189040965171188,0.9998411962659136,2.0,0.85,482.89,468.78,1103.19,-0.22833285098038536,-0.004060903914064184,1.3791327985020618,196.2442857142857,False,False,False,False,16.430743112128653,0.35081455639579656,False
66331,2026-04-23 17:00:00+00:00,968,960.0,956.0,4.0,941.0,17,2026-04-23,804.0,1.0,526.37,0.1268681997422934,1.015644275641629,2.0,0.85,104.71,88.06,204.0,-0.30659759804008346,0.04147413247407327,-1.3781746606587884,-137.2785714285714,False,False,False,False,-121.25329887653365,-11.177638222172249,True
66338,2026-04-22 17:00:00+00:00,96,93.0,93.0,2.0,90.0,17,2026-04-22,93.0,2.0,521.67,0.1268681997422934,1.015644275641629,2.0,0.960104416990111,11.51,11.51,23.6,1.059946698792916,4.61017910858745,1.377963315667654,6.576666666666666,False,True,False,False,9.953233342212712,18.679263649783053,True
66335,2026-04-23 21:00:00+00:00,1491,1485.0,1477.0,2.0,1465.0,21,2026-04-23,1464.0,2.0,521.67,0.5189040965171188,0.9947411425730011,1.6078031964901285,0.85,648.03,642.33,1221.41,0.18839363291699388,0.6251979124125756,1.3722137112394925,247.08000000000004,False,False,False,False,38.95841148542843,0.7760193548044787,False
66342,2026-04-23 23:00:00+00:00,836,835.0,835.0,1.0,835.0,23,2026-04-23,788.0,1.0,519.33,0.5189040965171188,0.9998411962659136,2.0,0.8563345551839754,370.98,350.1,817.79,-0.29747012575212145,1.2763096781184866,1.3712291198566489,225.60428571428574,False,False,False,False,178.92492005798306,1.4872265037579853,False
66336,2026-04-25 11:00:00+00:00,2998,2987.0,2981.0,26.0,2969.0,11,2026-04-25,2951.0,25.0,578.06,0.5189040965171188,0.9359340011553848,0.5,0.85,1230.59,1218.21,765.64,1.3084819101772533,1.7747647957235395,-1.3710883443331694,-448.1299999999999,False,False,False,False,-608.1677691168865,-27.739347647896647,True
66332,2026-04-25 18:00:00+00:00,3112,3108.0,3105.0,31.0,3094.0,18,2026-04-25,3088.0,30.0,589.81,0.5189040965171188,0.846313658188328,0.9559344140115521,0.85,1159.04,1152.7,1531.77,1.1726180939131532,4.39616353678081,1.3646362665323766,598.4285714285714,False,True,False,False,918.5560627387589,18.742670164480057,True
66331,2026-04-23 09:00:00+00:00,727,723.0,722.0,3.0,716.0,9,2026-04-23,486.0,3.0,524.02,0.1268681997422934,1.015644275641629,2.0,0.85,79.08,53.23,123.32,-0.5766338955006313,-0.2763573381688248,-1.3620942029963468,-97.55571428571429,False,False,False,False,-75.74086994977873,-6.92993075177975,True
66335,2026-04-21 01:00:00+00:00,185,181.0,180.0,0.0,175.0,1,2026-04-21,179.0,0.0,516.98,0.5189040965171188,0.9999982358498678,1.6807534807534807,0.85,79.39,78.95,156.11,-1.1643886574783127,-1.4175092725030236,-1.3619864251318168,-305.78714285714284,False,False,False,False,-46.44631144406924,-0.8359760543354681,False
66331,2026-04-25 06:00:00+00:00,247,243.0,242.0,2.0,239.0,6,2026-04-25,141.0,1.0,521.67,0.1268681997422934,1.0002528661646692,2.0,0.85,26.1,15.21,35.78,-0.8714021995330751,-0.6232982659277391,-1.3611982747708762,-13.667142857142853,False,False,False,False,-1.464473137918418,0.002338367922279811,False
66335,2026-04-21 14:00:00+00:00,1047,1034.0,1030.0,2.0,1010.0,14,2026-04-21,1011.0,2.0,521.67,0.5189040965171188,0.5822372097709865,0.5,0.85,264.51,259.63,262.31,-0.7305416905490216,-0.7623984517948862,-1.3563338886852596,-506.0185714285715,False,False,False,False,-142.05106904360477,-2.6404948801808668,False
66331,2026-04-25 21:00:00+00:00,1713,1706.0,1703.0,17.0,1694.0,21,2026-04-25,1514.0,13.0,556.92,0.1268681997422934,1.000038778282299,2.0,0.85,183.66,163.27,384.16,0.27650403652804156,0.7277820540087377,1.3533266653210916,64.50285714285715,False,False,False,False,-4.218692616177805,-0.2547149014545494,False
66331,2026-04-23 13:00:00+00:00,683,678.0,678.0,5.0,669.0,13,2026-04-23,549.0,3.0,528.72,0.1268681997422934,1.1155964303431323,2.0,0.85,81.57,66.05,139.3,-0.4772406904060512,-0.15937199640477218,-1.3517158079958713,-197.29714285714283,False,False,False,False,-172.24260186761666,-15.936506257404854,True
66335,2026-04-22 09:00:00+00:00,479,467.0,467.0,2.0,452.0,9,2026-04-22,451.0,2.0,521.67,0.5189040965171188,0.9947411425730011,0.9869193036452822,0.85,204.9,197.88,230.96,-0.8788151586023962,-0.9862920381283347,-1.351152299856214,-429.3457142857143,False,False,False,False,-230.83343958984472,-4.316242647095871,True
66340,2026-04-23 22:00:00+00:00,13,3.0,3.0,0.0,0.0,22,2026-04-23,1.0,0.0,516.98,0.5189040965171188,0.9989644695743897,2.0,0.85,1.32,0.44,1.04,-0.8699967077401742,-0.6816397712952812,-1.3496960755745802,-237.80428571428573,False,False,False,False,-53.1526211407579,-0.7186088023373438,False
66332,2026-04-20 05:00:00+00:00,248,243.0,243.0,6.0,239.0,5,2026-04-20,234.0,4.0,531.07,0.5189040965171188,0.9999982358498678,2.0,0.85,107.18,103.21,242.85,-0.5458690097716912,-0.23226138255417086,1.3479397582935675,53.68428571428571,False,False,False,False,0.7816906294657429,-0.06323178935289711,False
66342,2026-04-26 15:00:00+00:00,10221,10213.0,10174.0,87.0,10149.0,15,2026-04-26,8993.0,46.0,721.38,0.5189040965171188,0.5266127405031122,0.5,0.85,2363.14,2088.82,2333.25,1.6786228743595397,10.988529746997541,1.3470688715750987,1132.557142857143,False,True,False,False,-68.77631490144495,-0.6487874700074029,False
66331,2026-04-23 04:00:00+00:00,50,48.0,48.0,1.0,46.0,4,2026-04-23,27.0,0.0,519.33,0.1268681997422934,1.0000046314053592,2.0,0.85,5.18,2.91,6.85,-0.9667638549670327,-0.7355384924252311,-1.3462733752832596,-6.35,False,False,False,False,2.4274607447847387,0.36557533456357244,False
66335,2026-04-21 08:00:00+00:00,372,361.0,360.0,1.0,345.0,8,2026-04-21,349.0,1.0,519.33,0.5189040965171188,0.9989644695743897,1.518348623853211,0.85,158.62,153.77,274.97,-0.9847316391827097,-1.1462263878152725,-1.3462333949058103,-255.1814285714286,False,False,False,False,10.611362192866011,0.24097501820501147,False
66331,2026-04-26 22:00:00+00:00,1004,997.0,997.0,4.0,993.0,22,2026-04-26,943.0,4.0,526.37,0.1268681997422934,1.0000046314053592,2.0,0.85,107.51,101.69,239.27,-0.20092447905107216,0.1658509037879607,1.346169191607985,41.362857142857145,False,False,False,False,-44.54238644235093,-4.018154022115607,True
66335,2026-04-21 10:00:00+00:00,621,610.0,608.0,2.0,595.0,10,2026-04-21,593.0,2.0,521.67,0.5189040965171188,0.9792008154013185,0.6151309873508782,0.85,262.59,256.11,189.28,-0.7389938785255055,-0.7751612926676592,-1.3458195495416692,-738.9142857142857,False,False,False,False,-369.20729638448563,-6.9280188375307485,True
66335,2026-04-22 04:00:00+00:00,194,188.0,188.0,0.0,182.0,4,2026-04-22,186.0,0.0,516.98,0.5189040965171188,0.9999998722053931,1.6871095034528116,0.85,82.92,82.04,162.83,-1.1569689811012287,-1.4063055286686856,-1.344951782313791,-301.81571428571425,False,False,False,False,-30.602589988755653,-0.536929287674319,False
66335,2026-04-21 04:00:00+00:00,193,189.0,189.0,0.0,184.0,4,2026-04-21,186.0,0.0,516.98,0.5189040965171188,0.9999998722053931,1.6871095034528116,0.85,83.36,82.04,162.83,-1.1569689811012287,-1.4063055286686856,-1.344951782313791,-301.81571428571425,False,False,False,False,-37.06915191501071,-0.6589842253930148,False
66340,2026-04-20 03:00:00+00:00,622,616.0,612.0,0.0,608.0,3,2026-04-20,611.0,0.0,516.98,0.5189040965171188,0.9999999927903216,2.0,0.85,269.93,269.49,634.1,-0.5791652323626275,-0.15754123456027966,1.3425953511490543,143.1357142857143,False,False,False,False,8.027258680293244,0.10992199094946241,False
66336,2026-04-23 05:00:00+00:00,113,101.0,99.0,3.0,88.0,5,2026-04-23,88.0,3.0,524.02,0.5189040965171188,0.9999982358498678,2.0,0.85,43.67,38.81,91.33,-0.9463828917826288,-0.6929557704965138,-1.3363234254805232,-43.79428571428572,False,False,False,False,-12.698401531362265,-0.6690698212251925,False
66342,2026-04-25 09:00:00+00:00,4648,4639.0,4634.0,47.0,4620.0,9,2026-04-25,3851.0,23.0,627.4,0.5189040965171188,0.9947411425730011,0.7029045074667762,0.85,2033.16,1689.62,1404.61,1.2249234140412735,8.758660503245515,1.3361635613911576,892.9157142857141,False,True,False,False,321.489906189781,2.7166140059925534,False
66336,2026-04-23 23:00:00+00:00,52,47.0,47.0,3.0,42.0,23,2026-04-23,44.0,3.0,524.02,0.5189040965171188,0.9998411962659136,2.0,0.85,20.73,19.4,45.66,-0.9834923761018093,-0.7335683329777172,-1.3279685963994259,-55.568571428571424,False,False,False,False,-52.234731032541106,-2.4664073201856613,False
66336,2026-04-23 16:00:00+00:00,2595,2590.0,2583.0,98.0,2572.0,16,2026-04-23,2492.0,81.0,747.23,0.5189040965171188,0.5822372097709865,0.5,0.85,663.33,639.96,646.55,0.20294047238405188,0.5648619490076283,-1.3278287130015298,-208.71000000000004,False,False,False,False,-183.75360263004376,-8.445308313918787,True
66330,2026-04-26 00:00:00+00:00,624,612.0,612.0,1.0,612.0,0,2026-04-26,551.0,1.0,519.33,0.1268681997422934,1.0000000312061639,2.0,0.85,66.0,59.42,139.81,-0.8095285381540892,-0.5271635483121283,1.3260608975019013,29.68714285714286,False,False,False,False,1.0410330588337615,0.09726850952324284,False
66336,2026-04-22 03:00:00+00:00,90,83.0,81.0,1.0,76.0,3,2026-04-22,79.0,1.0,519.33,0.5189040965171188,0.9999999927903216,2.0,0.85,35.73,34.84,81.99,-0.9539730336037079,-0.7012624100148227,1.3253110358293063,12.912857142857145,False,False,False,False,14.348507058761243,0.5604935614488501,False
66335,2026-04-21 02:00:00+00:00,182,180.0,180.0,0.0,176.0,2,2026-04-21,178.0,0.0,516.98,0.5189040965171188,0.9999998722053931,1.6600873645041256,0.85,79.39,78.51,153.33,-1.1654451809753732,-1.4191046276121202,-1.3225866977860494,-312.34,False,False,False,False,-39.39030859746322,-0.7027955485571536,False
66331,2026-04-24 21:00:00+00:00,1599,1593.0,1591.0,4.0,1585.0,21,2026-04-24,1500.0,4.0,526.37,0.1268681997422934,1.000038778282299,2.0,0.85,171.58,161.76,380.6,0.2647970365520027,0.7140029692923788,1.3216455374586622,62.99285714285713,False,False,False,False,35.0975319410571,3.4146963933845376,False
66331,2026-04-23 12:00:00+00:00,1035,1028.0,1021.0,1.0,1008.0,12,2026-04-23,851.0,1.0,519.33,0.1268681997422934,1.10201349172765,1.7746012332467003,0.85,121.33,101.13,191.59,-0.20526614791635805,0.1607407796547415,-1.3210688498742864,-195.8485714285714,False,False,False,False,-173.9331402531928,-16.094285411335612,True
66340,2026-04-22 01:00:00+00:00,680,652.0,647.0,1.0,646.0,1,2026-04-22,642.0,1.0,519.33,0.5189040965171188,0.9999982358498678,2.0,0.85,285.37,283.17,666.27,-0.5643777408808774,-0.130893146909156,1.3207204744182612,151.14714285714288,False,False,False,False,45.35788734329549,0.6154734152170531,False
66333,2026-04-26 01:00:00+00:00,155,153.0,152.0,1.0,152.0,1,2026-04-26,124.0,0.0,519.33,0.5189040965171188,0.9999982358498678,2.0,0.85,67.04,54.69,128.69,-0.48166176254414916,0.3774955412727273,1.3194433911263566,33.02571428571429,False,False,False,False,13.237883003276409,0.1567377760270372,False
66336,2026-04-22 12:00:00+00:00,5457,5445.0,5436.0,96.0,5417.0,12,2026-04-22,5339.0,87.0,742.53,0.5189040965171188,0.846313658188328,0.5,0.85,2029.16,1992.95,1385.21,2.789687571251019,3.3957939897826575,1.3175306667230604,641.1342857142859,False,False,False,False,385.403532677968,17.42880481182055,True
66330,2026-04-21 15:00:00+00:00,3536,3530.0,3522.0,11.0,3497.0,15,2026-04-21,3159.0,9.0,542.82,0.1268681997422934,1.0701127791564455,0.9306234800502419,0.85,406.43,364.54,372.97,0.43454289216223757,0.6404333002723418,-1.3174214944348288,-209.40285714285716,False,False,False,False,-183.17235259872646,-23.492094608399846,True
66335,2026-04-22 01:00:00+00:00,205,203.0,203.0,0.0,201.0,1,2026-04-22,202.0,0.0,516.98,0.5189040965171188,0.9999982358498678,1.6807534807534807,0.85,89.54,89.1,176.17,-1.1400165813529402,-1.380707330781817,-1.3167779769089094,-295.63714285714286,False,False,False,False,-18.5481362261998,-0.30940411742148827,False
66338,2026-04-26 23:00:00+00:00,51,46.0,46.0,1.0,45.0,23,2026-04-26,46.0,1.0,519.33,0.1268681997422934,1.0000004307878039,2.0,0.85,4.96,4.96,11.67,0.10963390842763697,1.5738117721120555,1.315077181096662,2.5728571428571425,False,False,False,False,-0.15602986674318675,-0.21576731257377474,False
66335,2026-04-23 06:00:00+00:00,1500,1496.0,1491.0,6.0,1482.0,6,2026-04-23,1457.0,4.0,531.07,0.5189040965171188,0.9999810335986662,1.6706284597850862,0.85,657.62,642.62,1263.07,0.1890899779491473,0.6262493964617528,1.3137618594332172,260.4757142857143,False,False,False,False,322.8421337122627,6.134262333204928,True
66330,2026-04-23 17:00:00+00:00,6664,6658.0,6646.0,53.0,6621.0,17,2026-04-23,6518.0,47.0,641.5,0.1268681997422934,1.015644275641629,0.985064071737716,0.85,727.9,713.88,814.58,1.8589133479393272,1.9772459742514281,1.3112882830273471,201.5528571428572,False,False,False,False,-0.3998912769601475,-0.08724841502685796,False
66335,2026-04-21 06:00:00+00:00,284,281.0,281.0,1.0,277.0,6,2026-04-21,277.0,1.0,519.33,0.5189040965171188,0.9999810335986662,1.6706284597850862,0.85,123.94,122.17,240.13,-1.0606092357897805,-1.2608018911049401,-1.3112328031863445,-259.9742857142857,False,False,False,False,-14.062259495223998,-0.22473417823943465,False
66331,2026-04-23 15:00:00+00:00,817,810.0,809.0,4.0,792.0,15,2026-04-23,655.0,3.0,526.37,0.1268681997422934,1.0701127791564455,2.0,0.85,93.36,75.59,166.2,-0.40327726009385984,-0.07231738170671737,-1.310757824170844,-165.62714285714284,False,False,False,False,-162.12974826704945,-14.992666414111794,True
66340,2026-04-25 08:00:00+00:00,2416,2399.0,2387.0,24.0,2374.0,8,2026-04-25,2345.0,22.0,573.36,0.5189040965171188,0.9989644695743897,1.1152048690359744,0.85,1051.74,1033.23,1357.01,0.24640485128296813,1.330193448383374,1.3096481332635632,465.22,False,False,False,False,580.4789240554675,7.862369916949614,True
66335,2026-04-22 02:00:00+00:00,192,189.0,188.0,0.0,184.0,2,2026-04-22,186.0,0.0,516.98,0.5189040965171188,0.9999998722053931,1.6600873645041256,0.85,82.92,82.04,160.23,-1.1569689811012287,-1.4063055286686856,-1.3076391052804952,-308.80999999999995,False,False,False,False,-24.802905227367205,-0.4274615101424509,False
66335,2026-04-23 20:00:00+00:00,1394,1385.0,1373.0,5.0,1358.0,20,2026-04-23,1356.0,4.0,528.72,0.5189040965171188,0.9792008154013185,1.7315221059736754,0.85,592.99,585.65,1218.36,0.05229419697747517,0.41968716790439947,1.3072841099423695,227.67142857142858,False,False,False,False,130.99697637761892,2.5132270756528605,False
66332,2026-04-25 17:00:00+00:00,4490,4476.0,4473.0,30.0,4463.0,17,2026-04-25,4450.0,28.0,587.46,0.5189040965171188,0.7128761131977971,0.6600836281762624,0.85,1406.43,1399.2,1524.21,1.5762494491984005,5.483269409743937,1.3042487091240234,721.2042857142857,False,True,False,False,1120.5917959111196,22.88253754874573,True
66331,2026-04-25 07:00:00+00:00,359,355.0,355.0,1.0,349.0,7,2026-04-25,247.0,1.0,519.33,0.1268681997422934,1.001284160344515,2.0,0.85,38.33,26.67,62.67,-0.7825530473970466,-0.5187232256300758,-1.3034260842446843,-19.975714285714282,False,False,False,False,-14.39741333069415,-1.2047021694966886,False
66342,2026-04-23 20:00:00+00:00,2657,2651.0,2647.0,26.0,2641.0,20,2026-04-23,2352.0,21.0,578.06,0.5189040965171188,0.9792008154013185,1.1828242074927955,0.85,1143.23,1015.82,1443.59,0.45913509650007267,4.99491827769413,1.3000618006410916,600.3971428571429,False,True,False,False,735.992509456803,6.291014242170263,True
66335,2026-04-22 10:00:00+00:00,678,673.0,671.0,0.0,654.0,10,2026-04-22,655.0,0.0,516.98,0.5189040965171188,0.9792008154013185,0.6151309873508782,0.85,289.8,282.89,209.07,-0.6746900165907789,-0.6780621794367321,-1.297043868473484,-712.1342857142857,False,False,False,False,-496.2176380759767,-9.325311173330425,True
66332,2026-04-20 07:00:00+00:00,1375,1366.0,1363.0,24.0,1356.0,7,2026-04-20,1312.0,22.0,573.36,0.5189040965171188,0.9998411962659136,2.0,0.85,601.08,578.59,1361.6,0.2325418367820648,1.8642432417428336,1.2967611657504459,300.06857142857143,False,False,False,False,12.060180466462157,0.16787313197366807,False
66338,2026-04-24 18:00:00+00:00,4,0.0,0.0,0.0,0.0,18,2026-04-24,0.0,0.0,516.98,0.1268681997422934,1.0050789526870891,2.0,1.0,0.0,0.0,0.0,-0.609992265650498,-0.7254831880280903,-1.2963852146553743,-0.7,False,False,False,False,-0.3833141064329957,-0.6405799480178782,False
66335,2026-04-22 03:00:00+00:00,236,232.0,232.0,0.0,227.0,3,2026-04-22,229.0,0.0,516.98,0.5189040965171188,0.9999999927903216,1.6871095034528116,0.85,102.33,101.0,200.48,-1.1114424231369862,-1.3375602266948852,-1.2953541852027173,-282.6657142857143,False,False,False,False,-14.331286865813809,-0.2298120108398842,False
66332,2026-04-23 08:00:00+00:00,17,9.0,9.0,1.0,0.0,8,2026-04-23,5.0,0.0,519.33,0.5189040965171188,0.9989644695743897,1.3109748307141944,0.85,3.97,2.2,3.4,-0.7112678057041976,-0.677732231349325,-1.2940903224153912,-470.45,False,False,False,False,-388.4972390974933,-8.039856118394884,True
66335,2026-04-21 23:00:00+00:00,424,422.0,420.0,0.0,418.0,23,2026-04-21,419.0,0.0,516.98,0.5189040965171188,0.9998411962659136,1.4951187527320413,0.85,185.22,184.78,325.07,-0.9102707445376061,-1.033790110694621,-1.2902312720352678,-245.44571428571427,False,False,False,False,-173.737024828726,-3.238560344335487,False
66342,2026-04-23 03:00:00+00:00,361,359.0,359.0,0.0,359.0,3,2026-04-23,357.0,0.0,516.98,0.5189040965171188,0.9999999927903216,2.0,0.85,158.34,157.46,370.5,-0.5164096649197334,0.20025253604336185,1.2885523577382063,94.28714285714287,False,False,False,False,-33.77649613015035,-0.34697184931828257,False
66336,2026-04-22 13:00:00+00:00,4425,4413.0,4401.0,74.0,4381.0,13,2026-04-22,4319.0,72.0,690.84,0.5189040965171188,0.7128761131977971,0.5187825471459628,0.85,1383.79,1358.01,1162.67,1.57576196725203,2.067275678509332,1.2786940281764907,485.02571428571423,False,False,False,False,445.1257986453303,20.143803131096252,True
66332,2026-04-22 10:00:00+00:00,4581,4575.0,4571.0,49.0,4552.0,10,2026-04-22,4462.0,43.0,632.1,0.5189040965171188,0.9792008154013185,0.6413125,0.85,1974.19,1927.11,1484.86,2.440675529395702,7.8114400442103245,1.2758219917843023,977.0042857142856,False,True,False,False,767.5233749588663,15.647894362792833,True
66336,2026-04-24 23:00:00+00:00,301,293.0,291.0,1.0,281.0,23,2026-04-24,291.0,1.0,519.33,0.5189040965171188,0.9998411962659136,2.0,0.85,128.33,128.33,302.0,-0.7752318852780937,-0.5056483725924785,1.2752226587821425,53.36142857142859,False,False,False,False,14.029065643171634,0.5459716257455598,False
66336,2026-04-23 20:00:00+00:00,374,362.0,360.0,9.0,355.0,20,2026-04-23,331.0,7.0,538.12,0.5189040965171188,0.9792008154013185,1.6898880105401846,0.85,155.48,142.96,290.25,-0.7472611611364344,-0.475037255173622,-1.27310790295795,-224.3342857142857,False,False,False,False,-245.52121379555996,-11.253288851557755,True
66331,2026-04-23 07:00:00+00:00,361,356.0,356.0,2.0,348.0,7,2026-04-23,252.0,1.0,521.67,0.1268681997422934,1.001284160344515,2.0,0.85,38.44,27.21,63.94,-0.7783664381340922,-0.5137956059301859,-1.2681907942608117,-19.435714285714283,False,False,False,False,-5.316549963294946,-0.3571787111158562,False
66335,2026-04-21 13:00:00+00:00,1030,1020.0,1018.0,5.0,1001.0,13,2026-04-21,1004.0,3.0,528.72,0.5189040965171188,0.7128761131977971,0.5,0.85,320.09,315.68,260.49,-0.5959550041621123,-0.5591719657383712,-1.2678526940926458,-607.0728571428572,False,False,False,False,28.991443230669518,0.5878950155571264,False
66335,2026-04-21 11:00:00+00:00,937,926.0,925.0,2.0,910.0,11,2026-04-21,909.0,1.0,521.67,0.5189040965171188,0.9359340011553848,0.5,0.85,381.85,375.25,235.84,-0.4529161297987193,-0.3431826388090834,-1.2671676328406827,-836.5857142857144,False,False,False,False,-434.83801909595707,-8.166784330590946,True
66335,2026-04-26 10:00:00+00:00,4113,4107.0,4089.0,29.0,4068.0,10,2026-04-26,3914.0,20.0,585.11,0.5189040965171188,0.9792008154013185,0.6151309873508782,0.85,1766.02,1690.44,1249.33,2.7051046386080455,4.425442556492749,1.266593543308597,695.4157142857143,False,True,False,False,20.700608707534457,0.43140733278265686,False
66335,2026-04-22 19:00:00+00:00,461,454.0,451.0,0.0,447.0,19,2026-04-22,442.0,0.0,516.98,0.5189040965171188,0.9359340011553848,1.7627555402851744,0.85,186.18,182.46,404.3,-0.915841504794834,-1.0422019830880394,-1.2646073927110095,-153.09571428571425,False,False,False,False,-27.07784321300187,-0.47040046554364634,False
66335,2026-04-23 23:00:00+00:00,1540,1537.0,1529.0,1.0,1518.0,23,2026-04-23,1521.0,1.0,519.33,0.5189040965171188,0.9998411962659136,1.4951187527320413,0.85,674.29,670.76,1180.03,0.2566594579656972,0.728279607302615,1.2644134297817742,240.53428571428572,False,False,False,False,12.306223861704552,0.27296516038427215,False
66335,2026-04-24 21:00:00+00:00,1459,1454.0,1450.0,1.0,1447.0,21,2026-04-24,1419.0,1.0,519.33,0.5189040965171188,0.9947411425730011,1.6078031964901285,0.85,636.19,622.58,1183.87,0.1409701350375745,0.5535882228565334,1.2625276953864086,227.33000000000004,False,False,False,False,41.9688626057233,0.8328409592649441,False
66335,2026-04-22 00:00:00+00:00,238,231.0,231.0,0.0,227.0,0,2026-04-22,229.0,0.0,516.98,0.5189040965171188,0.9999810335986662,1.65127132281944,0.85,101.88,101.0,196.22,-1.1114424231369862,-1.3375602266948852,-1.2615358108344157,-289.3385714285714,False,False,False,False,-0.1716385166020018,0.037448245396857295,False
66335,2026-04-22 11:00:00+00:00,948,940.0,937.0,0.0,919.0,11,2026-04-22,919.0,0.0,516.98,0.5189040965171188,0.9359340011553848,0.5,0.85,386.8,379.37,238.44,-0.44302322796260746,-0.32824431369663304,-1.2609271119255472,-832.4657142857144,False,False,False,False,-626.7033299937984,-11.788199982227065,True
66335,2026-04-23 17:00:00+00:00,3149,3141.0,3125.0,19.0,3112.0,17,2026-04-23,3078.0,13.0,561.62,0.5189040965171188,0.7128761131977971,0.7285055023074193,0.85,982.58,967.81,1163.56,0.9699328779698254,1.8053255962961514,1.2598669859214933,348.2071428571428,False,False,False,False,292.94982998534476,5.570051658156116,True
66336,2026-04-24 21:00:00+00:00,898,891.0,890.0,1.0,885.0,21,2026-04-24,879.0,1.0,519.33,0.5189040965171188,0.9947411425730011,2.0,0.85,390.49,385.66,912.23,-0.28324921655812046,0.03277670228068271,1.2563778412681432,130.05714285714288,False,False,False,False,30.887966112236313,1.3123840465897534,False
66332,2026-04-23 18:00:00+00:00,26,17.0,15.0,2.0,0.0,18,2026-04-23,9.0,2.0,521.67,0.5189040965171188,0.846313658188328,0.9559344140115521,0.85,5.6,3.36,4.46,-0.7093683640322669,-0.672616439005969,-1.2562797816973326,-550.9114285714286,False,False,False,False,-73.24778096202097,-1.5801525345290024,False
66332,2026-04-22 12:00:00+00:00,6052,6038.0,6027.0,90.0,6015.0,12,2026-04-22,5902.0,84.0,728.43,0.5189040965171188,0.846313658188328,0.5,0.85,2249.77,2203.11,1531.29,2.8926116513378046,9.028645808663969,1.2557333082825923,1121.9785714285715,False,True,False,False,810.1964100806315,16.522297635492652,True
66335,2026-04-22 07:00:00+00:00,221,215.0,215.0,1.0,210.0,7,2026-04-22,213.0,1.0,519.33,0.5189040965171188,0.9998411962659136,2.0,0.85,94.81,93.93,221.05,-1.1284188347829351,-1.3631946826524153,-1.2551753936414656,-178.60571428571427,False,False,False,False,24.941700645241383,0.511457012692838,False
66338,2026-04-23 02:00:00+00:00,4,1.0,1.0,0.0,0.0,2,2026-04-23,1.0,0.0,516.98,0.1268681997422934,1.0000000312061639,2.0,0.85,0.11,0.11,0.25,-0.594032814209249,-0.6744907594765951,-1.2541619697610074,-2.0714285714285716,False,False,False,False,-3.446244102604958,-6.365443958080391,True
66332,2026-04-22 11:00:00+00:00,5877,5870.0,5853.0,74.0,5823.0,11,2026-04-22,5719.0,65.0,690.84,0.5189040965171188,0.9359340011553848,0.5121792951981631,0.85,2416.18,2360.87,1519.95,3.1509357187203624,9.72439356736037,1.2528338019260736,1216.4985714285713,True,True,False,True,756.2910964644143,15.417736347376321,True
66335,2026-04-21 07:00:00+00:00,220,217.0,216.0,2.0,212.0,7,2026-04-21,214.0,2.0,521.67,0.5189040965171188,0.9998411962659136,2.0,0.85,95.26,94.37,222.09,-1.1273623112858748,-1.3615993275433185,-1.2520832351659603,-178.16571428571427,False,False,False,False,24.04328175016883,0.4944995531441773,False
66342,2026-04-23 00:00:00+00:00,558,550.0,550.0,1.0,550.0,0,2026-04-23,549.0,1.0,519.33,0.5189040965171188,0.9999810335986662,2.0,0.85,242.58,242.14,569.76,-0.4201690078562296,0.67326187362082,1.2503597463788048,141.20285714285714,False,False,False,False,74.0114476351136,0.5825211107138022,False
66340,2026-04-20 07:00:00+00:00,1058,1053.0,1051.0,15.0,1048.0,7,2026-04-20,1027.0,14.0,552.22,0.5189040965171188,0.9998411962659136,2.0,0.85,463.49,452.91,1065.83,-0.3808961031533742,0.19975351960412835,1.2497328120086966,188.94142857142862,False,False,False,False,25.888589447490062,0.35180972582225317,False
66342,2026-04-26 07:00:00+00:00,1368,1366.0,1363.0,21.0,1363.0,7,2026-04-26,1149.0,13.0,566.32,0.5189040965171188,0.9998411962659136,2.0,0.85,601.08,506.71,1192.44,-0.11947946322596016,2.1511088320864333,1.2495118094217128,255.59285714285713,False,False,False,False,-20.74185799880229,-0.23456962735885226,False
66338,2026-04-21 16:00:00+00:00,4,4.0,3.0,0.0,2.0,16,2026-04-21,3.0,0.0,516.98,0.1268681997422934,1.0375286663287155,2.0,0.85,0.34,0.34,0.76,-0.5606630521048195,-0.5678702270507416,-1.2487119422394741,-16.083333333333332,False,False,False,False,-0.256261745259585,-0.40310880411835354,False
66336,2026-04-20 12:00:00+00:00,5362,5351.0,5340.0,64.0,5328.0,12,2026-04-20,5249.0,60.0,667.34,0.5189040965171188,0.846313658188328,0.5,0.85,1993.33,1959.36,1361.86,2.7254677063215356,3.325511868518174,1.2485032319385947,607.5442857142857,False,False,False,False,20.120539043698045,0.8228924655104124,False
66340,2026-04-25 22:00:00+00:00,1070,1060.0,1058.0,9.0,1052.0,22,2026-04-25,1038.0,8.0,538.12,0.5189040965171188,0.9989644695743897,2.0,0.85,466.17,457.35,1077.24,-0.3760966541636834,0.2084024603330018,1.2435693571254613,219.1057142857143,False,False,False,False,117.88763124561478,1.5977101640967117,False
66342,2026-04-23 17:00:00+00:00,7440,7430.0,7418.0,67.0,7403.0,17,2026-04-23,6913.0,55.0,674.39,0.5189040965171188,0.7128761131977971,0.5,0.85,2332.42,2173.64,1793.59,1.7750226444602288,11.462321102846854,1.24314077461811,1134.86,False,True,False,False,1238.4415294772514,10.623807044128611,True
66336,2026-04-26 06:00:00+00:00,227,219.0,216.0,10.0,212.0,6,2026-04-26,211.0,9.0,540.47,0.5189040965171188,0.9999810335986662,2.0,0.85,95.27,93.06,218.98,-0.8426636993913081,-0.5794456460964478,-1.238426119396233,-80.15,False,False,False,False,-9.721920026407645,-0.5337577704781015,False
66335,2026-04-22 23:00:00+00:00,450,446.0,446.0,0.0,442.0,23,2026-04-22,443.0,0.0,516.98,0.5189040965171188,0.9998411962659136,1.4951187527320413,0.85,196.69,195.36,343.69,-0.8848661568128334,-0.995429071934979,-1.2346155245863515,-234.86571428571426,False,False,False,False,-254.380247729458,-4.76068348501405,True
66332,2026-04-23 10:00:00+00:00,30,21.0,21.0,4.0,0.0,10,2026-04-23,11.0,2.0,526.37,0.5189040965171188,0.9792008154013185,0.6413125,0.85,9.07,4.75,3.66,-0.7070923089253845,-0.6664863085255686,-1.2344936741632517,-945.3557142857143,False,False,False,False,-649.0510022918842,-13.378802893596852,True
66333,2026-04-25 06:00:00+00:00,305,302.0,299.0,7.0,295.0,6,2026-04-25,259.0,6.0,533.42,0.5189040965171188,0.9999810335986662,2.0,0.85,131.88,114.23,268.79,-0.3199057825381458,1.5227737337505964,1.2338363282771485,58.59428571428571,False,False,False,False,-3.7042062584715723,-0.2843804420387513,False
66330,2026-04-23 18:00:00+00:00,5534,5529.0,5511.0,54.0,5495.0,18,2026-04-23,5387.0,46.0,643.85,0.1268681997422934,1.0050789526870891,1.230146954924403,0.85,597.31,583.87,840.73,1.3288211656653837,1.4797392022126663,1.2315181391146481,180.5385714285714,False,False,False,False,252.45883331577636,32.29246303026991,True
66340,2026-04-23 04:00:00+00:00,20,3.0,3.0,0.0,0.0,4,2026-04-23,2.0,0.0,516.98,0.5189040965171188,0.9999998722053931,2.0,0.85,1.32,0.88,2.08,-0.8695210866691239,-0.6807826690608882,-1.231209200284206,-122.36857142857143,False,False,False,False,2.9371266544787886,0.04098868905972081,False
66335,2026-04-21 12:00:00+00:00,987,975.0,970.0,3.0,950.0,12,2026-04-21,947.0,2.0,524.02,0.5189040965171188,0.846313658188328,0.5,0.85,362.08,353.5,245.7,-0.5051420072102318,-0.4220439424973831,-1.2308838785720095,-821.4871428571428,False,False,False,False,-318.961443407109,-5.979639385556941,True
66333,2026-04-24 23:00:00+00:00,207,206.0,204.0,3.0,203.0,23,2026-04-24,202.0,3.0,524.02,0.5189040965171188,0.9998411962659136,2.0,0.85,89.96,89.08,209.64,-0.38823233438817906,1.0390023776737,1.2303558561006749,49.07571428571429,False,False,False,False,-3.1574059628534314,-0.27014349827612383,False
66330,2026-04-23 23:00:00+00:00,792,790.0,786.0,2.0,785.0,23,2026-04-23,767.0,2.0,521.67,0.1268681997422934,1.0000004307878039,2.0,0.85,84.76,82.71,194.62,-0.7145677895565957,-0.4380401522596497,1.2301120273200323,36.58571428571428,False,False,False,False,3.9748641236444655,0.47295894085331996,False
66335,2026-04-23 16:00:00+00:00,3543,3537.0,3524.0,34.0,3506.0,16,2026-04-23,3463.0,33.0,596.86,0.5189040965171188,0.5822372097709865,0.627200488997555,0.85,904.99,889.32,1127.06,0.7814634932328317,1.5207359996757086,1.2267450545767737,303.36142857142863,False,False,False,False,248.45931771148673,4.730302999350117,True
66330,2026-04-23 19:00:00+00:00,4824,4816.0,4810.0,36.0,4798.0,19,2026-04-23,4694.0,32.0,601.56,0.1268681997422934,1.001284160344515,1.5151633816299004,0.85,519.37,506.84,902.31,1.0147453191877136,1.1849699794594486,1.2222231474808127,182.0171428571428,False,False,False,False,243.08516185683135,31.0921217032601,True
66332,2026-04-23 17:00:00+00:00,26,17.0,17.0,1.0,0.0,17,2026-04-23,8.0,1.0,519.33,0.5189040965171188,0.7128761131977971,0.6600836281762624,0.85,5.35,2.52,2.74,-0.7107438217946994,-0.6763209782890889,-1.2215517099003839,-675.4757142857144,False,False,False,False,-74.83678569280704,-1.6127124621969118,False
66332,2026-04-23 09:00:00+00:00,21,11.0,10.0,0.0,0.0,9,2026-04-23,6.0,0.0,516.98,0.5189040965171188,0.9947411425730011,0.9108743897026187,0.85,4.39,2.63,2.84,-0.7105637023258095,-0.6758358600496328,-1.219884362040326,-672.6057142857144,False,False,False,False,-459.60169934223654,-9.49684113397082,True
66342,2026-04-21 07:00:00+00:00,7,5.0,5.0,0.0,0.0,7,2026-04-21,4.0,0.0,516.98,0.5189040965171188,0.9998411962659136,2.0,0.85,2.2,1.76,4.15,-0.6933660927041874,-0.669463499157515,-1.2190273947660062,-249.35714285714286,False,False,False,False,33.78379704657192,0.23562407645819672,False
66331,2026-04-24 06:00:00+00:00,428,424.0,424.0,3.0,421.0,6,2026-04-24,381.0,2.0,524.02,0.1268681997422934,1.0002528661646692,2.0,0.85,45.73,41.1,96.67,-0.6706775443147698,-0.3870462769830181,1.2173526119932712,12.222857142857148,False,False,False,False,21.682308154776337,2.16264398401569,False
66336,2026-04-25 09:00:00+00:00,2816,2807.0,2804.0,16.0,2795.0,9,2026-04-25,2768.0,15.0,554.57,0.5189040965171188,0.9947411425730011,0.6525693207835156,0.85,1230.25,1214.46,937.3,1.301312380749282,1.7669184737604013,1.2150259641967895,247.9557142857144,False,False,False,False,-15.489202039652582,-0.7959407389091057,False
66333,2026-04-24 05:00:00+00:00,245,243.0,243.0,1.0,240.0,5,2026-04-24,238.0,1.0,519.33,0.5189040965171188,0.9999982358498678,2.0,0.85,107.18,104.97,247.0,-0.3450629940741819,1.3446535445946497,1.213129844044272,54.248571428571424,False,False,False,False,7.684206643103607,0.01213767494949383,False
66331,2026-04-24 22:00:00+00:00,981,974.0,973.0,2.0,968.0,22,2026-04-24,905.0,1.0,521.67,0.1268681997422934,1.0000046314053592,2.0,0.85,104.93,97.59,229.63,-0.23271169752905793,0.12843749495546342,1.2127332041825891,37.26285714285715,False,False,False,False,40.985044141665014,3.9641821085239415,True
66331,2026-04-23 10:00:00+00:00,912,905.0,904.0,2.0,885.0,10,2026-04-23,640.0,1.0,521.67,0.1268681997422934,1.0375286663287155,2.0,0.85,101.14,71.61,162.39,-0.4341341209578558,-0.1086357639392392,-1.2106690566264475,-132.77428571428572,False,False,False,False,-90.21491288990396,-8.280803508373262,True
66332,2026-04-25 16:00:00+00:00,5046,5035.0,5032.0,31.0,5014.0,16,2026-04-25,5013.0,30.0,589.81,0.5189040965171188,0.5822372097709865,0.6068724863969719,0.85,1292.25,1287.37,1578.64,1.3931334473259898,4.9900805668495485,1.2106634194826917,682.4514285714284,False,True,False,False,1199.430883260666,24.49801101573494,True
66338,2026-04-21 20:00:00+00:00,113,113.0,112.0,5.0,104.0,20,2026-04-21,109.0,3.0,528.72,0.1268681997422934,1.0002528661646692,2.0,0.8569766695446408,12.18,11.85,27.66,1.1092759123385947,4.767792069564798,1.2093853070147784,6.987142857142857,False,True,False,False,10.492283564944703,19.68679213511945,True
66332,2026-04-23 12:00:00+00:00,25,21.0,20.0,1.0,0.0,12,2026-04-23,9.0,1.0,519.33,0.5189040965171188,0.846313658188328,0.5,0.85,7.47,3.36,2.34,-0.7093683640322669,-0.672616439005969,-1.2062560872702164,-1077.7714285714287,False,False,False,False,-607.1171147721295,-12.519545323103639,True
66332,2026-04-22 13:00:00+00:00,5561,5553.0,5542.0,85.0,5526.0,13,2026-04-22,5406.0,78.0,716.68,0.5189040965171188,0.7128761131977971,0.5276120937885643,0.85,1742.56,1699.79,1480.06,2.0684504596859967,6.808921151545099,1.2052733802196893,853.9357142857143,False,True,False,False,1097.3569478091274,22.40643766123849,True
66330,2026-04-24 01:00:00+00:00,380,378.0,377.0,1.0,373.0,1,2026-04-24,355.0,0.0,519.33,0.1268681997422934,1.0000000017605313,2.0,0.85,40.65,38.28,90.08,-0.8957230519089633,-0.6080595806242538,1.2011727469252955,19.641428571428573,False,False,False,False,6.5638376195831825,0.8044887896771518,False
66332,2026-04-23 05:00:00+00:00,8,6.0,6.0,1.0,0.0,5,2026-04-23,4.0,0.0,519.33,0.5189040965171188,0.9999982358498678,2.0,0.85,2.65,1.76,4.15,-0.7119882835797574,-0.6796727043071497,-1.1993324398814158,-47.76571428571429,False,False,False,False,-5.433850633612394,-0.19059300484947753,False
66338,2026-04-26 16:00:00+00:00,265,264.0,264.0,0.0,263.0,16,2026-04-26,260.0,0.0,516.98,0.1268681997422934,1.0375286663287155,2.0,0.9312570207779372,32.36,31.87,65.97,4.013896074645906,14.04841406593692,1.1992810653549688,15.446666666666669,True,True,False,True,27.778386793607325,51.99591783230372,True
66332,2026-04-25 08:00:00+00:00,2086,2077.0,2073.0,12.0,2053.0,8,2026-04-25,2060.0,12.0,545.17,0.5189040965171188,0.9989644695743897,1.3109748307141944,0.85,913.39,907.66,1401.36,0.7713774152149908,3.315496505905009,1.196603743551747,435.01,False,False,False,False,668.7013051852808,13.622954234245013,True
66340,2026-04-22 04:00:00+00:00,560,553.0,552.0,2.0,548.0,4,2026-04-22,549.0,1.0,521.67,0.5189040965171188,0.9999998722053931,2.0,0.85,243.47,242.15,569.76,-0.6087185961865343,-0.21079845067005457,1.196324604226748,118.90142857142858,False,False,False,False,18.922579352145704,0.2574722755490401,False
66335,2026-04-24 15:00:00+00:00,4409,4402.0,4383.0,24.0,4368.0,15,2026-04-24,4275.0,18.0,573.36,0.5189040965171188,0.5266127405031122,0.5188874841972188,0.85,1018.05,992.96,1151.06,1.0303228005858964,1.896514644009289,1.1936287345152854,349.06857142857154,False,False,False,False,49.72428945606089,0.9792229396735116,False
66340,2026-04-20 02:00:00+00:00,628,617.0,613.0,0.0,611.0,2,2026-04-20,613.0,0.0,516.98,0.5189040965171188,0.9999998722053931,2.0,0.85,270.37,270.37,636.18,-0.5782139902205267,-0.15582703009149393,1.1934965427106896,140.79714285714286,False,False,False,False,2.4921988859714475,0.03496323824035073,False
66332,2026-04-25 14:00:00+00:00,5331,5317.0,5307.0,30.0,5281.0,14,2026-04-25,5273.0,28.0,587.46,0.5189040965171188,0.5822372097709865,0.5450440879634548,0.85,1362.87,1354.14,1491.34,1.5024659649422007,5.284547338199441,1.1929245628380394,683.8757142857144,False,True,False,False,1168.9426254026207,23.873283189979848,True
66335,2026-04-23 18:00:00+00:00,2514,2509.0,2500.0,17.0,2486.0,18,2026-04-23,2463.0,13.0,556.92,0.5189040965171188,0.846313658188328,0.9538018218999814,0.85,933.21,919.39,1219.02,0.8536672694978514,1.629764018154199,1.1922881187223056,357.49285714285713,False,False,False,False,345.839033010417,6.568323762379995,True
66332,2026-04-23 13:00:00+00:00,21,13.0,13.0,2.0,0.0,13,2026-04-23,6.0,2.0,521.67,0.5189040965171188,0.7128761131977971,0.5276120937885643,0.85,4.09,1.89,1.64,-0.7117754151165238,-0.6790993827514288,-1.1911993729860677,-843.9642857142857,False,False,False,False,-76.79242301190128,-1.652784973260408,False
66332,2026-04-23 07:00:00+00:00,18,11.0,11.0,0.0,0.0,7,2026-04-23,7.0,0.0,516.98,0.5189040965171188,0.9998411962659136,2.0,0.85,4.85,3.09,7.26,-0.709810475455906,-0.6738071837755433,-1.190290534920673,-275.4314285714286,False,False,False,False,-65.85542467392015,-1.4286774750954738,False
66333,2026-04-26 14:00:00+00:00,4401,4390.0,4382.0,40.0,4374.0,14,2026-04-26,3755.0,26.0,610.96,0.5189040965171188,0.5822372097709865,0.7747074367685919,0.85,1125.33,964.31,1509.51,1.9895588376080302,17.874437923565626,1.1895805399663109,521.9057142857142,False,True,False,False,11.152355830408055,0.10243726940058626,False
66342,2026-04-21 09:00:00+00:00,27,16.0,16.0,0.0,0.0,9,2026-04-21,5.0,0.0,516.98,0.5189040965171188,0.9947411425730011,0.7029045074667762,0.85,7.02,2.19,1.82,-0.6928773883756881,-0.6670615858939545,-1.1889151692501874,-794.5142857142857,False,False,False,False,-99.80787886391529,-0.9163834481319689,False
66342,2026-04-21 10:00:00+00:00,35,24.0,22.0,2.0,0.0,10,2026-04-21,11.0,0.0,521.67,0.5189040965171188,0.9792008154013185,0.5,0.85,9.5,4.75,2.85,-0.6899678928385771,-0.6527618232085708,-1.1887128542769503,-1342.7614285714285,False,False,False,False,-244.95323688971834,-2.168022395435066,False
66335,2026-04-24 01:00:00+00:00,1494,1490.0,1482.0,0.0,1480.0,1,2026-04-24,1477.0,0.0,516.98,0.5189040965171188,0.9999982358498678,1.6807534807534807,0.85,653.66,651.46,1288.17,0.2103164954809989,0.6583015309263308,1.1879927563555464,266.7228571428572,False,False,False,False,56.25513562293031,1.1024912283310773,False
66342,2026-04-21 08:00:00+00:00,22,17.0,16.0,0.0,0.0,8,2026-04-21,7.0,0.0,516.98,0.5189040965171188,0.9989644695743897,1.2675725756639902,0.85,7.05,3.08,4.6,-0.6918658840678643,-0.662090184022864,-1.1866322572979067,-431.67857142857144,False,False,False,False,-2.376419407593513,-0.07619805738433226,False
66336,2026-04-24 09:00:00+00:00,2851,2840.0,2832.0,48.0,2818.0,9,2026-04-24,2753.0,43.0,629.75,0.5189040965171188,0.9947411425730011,0.6525693207835156,0.85,1242.54,1207.88,932.22,1.2887322464463347,1.7531507941557485,1.1827828240560365,241.37571428571448,False,False,False,False,46.175533072848,2.0073630118312593,False
66340,2026-04-23 00:00:00+00:00,13,1.0,1.0,0.0,0.0,0,2026-04-23,1.0,0.0,516.98,0.5189040965171188,0.9999810335986662,2.0,0.85,0.44,0.44,1.04,-0.8699967077401742,-0.6816397712952812,-1.1811215789390392,-124.23714285714286,False,False,False,False,-12.750529930339098,-0.17146198251805864,False
66336,2026-04-25 21:00:00+00:00,881,864.0,863.0,10.0,858.0,21,2026-04-25,861.0,10.0,540.47,0.5189040965171188,0.9947411425730011,2.0,0.85,378.64,377.76,893.55,-0.2983530252197138,0.016247117345004815,1.1800622716041178,122.15714285714284,False,False,False,False,10.28310657219754,0.3756788142281903,False
66336,2026-04-23 12:00:00+00:00,2163,2151.0,2146.0,75.0,2131.0,12,2026-04-23,2086.0,64.0,693.19,0.5189040965171188,0.846313658188328,0.5,0.85,801.06,778.67,541.22,0.4681365862384313,0.8550921675428016,-1.1778141832346802,-573.1457142857142,False,False,False,False,-647.9611778841878,-29.548372074071576,True
66342,2026-04-21 18:00:00+00:00,25,12.0,12.0,0.0,0.0,18,2026-04-21,5.0,0.0,516.98,0.5189040965171188,0.846313658188328,0.5278835271118428,0.85,4.48,1.87,1.37,-0.6932410753178271,-0.6688490562296274,-1.1776599260058052,-894.8599999999999,False,False,False,False,-99.52320851856683,-0.913928636650385,False
66340,2026-04-24 18:00:00+00:00,4984,4970.0,4961.0,19.0,4941.0,18,2026-04-24,4933.0,18.0,561.62,0.5189040965171188,0.846313658188328,0.5087258304412494,0.85,1851.85,1841.4,1302.21,1.1200018535348617,2.9044759774044713,1.177189436171675,777.3314285714287,False,False,False,False,722.660520244031,9.78786946067969,True
66340,2026-04-23 03:00:00+00:00,11,2.0,2.0,0.0,0.0,3,2026-04-23,2.0,0.0,516.98,0.5189040965171188,0.9999999927903216,2.0,0.85,0.88,0.88,2.08,-0.8695210866691239,-0.6807826690608882,-1.1769333288300188,-125.47428571428573,False,False,False,False,-9.447794824421294,-0.1267345697587302,False
66332,2026-04-23 11:00:00+00:00,17,13.0,12.0,2.0,0.0,11,2026-04-23,6.0,1.0,521.67,0.5189040965171188,0.9359340011553848,0.5121792951981631,0.85,4.95,2.48,1.59,-0.7108093197833867,-0.6764973849216185,-1.1759982407245584,-1141.8914285714286,False,False,False,False,-795.4967829389561,-16.37958944429539,True
66330,2026-04-26 06:00:00+00:00,341,337.0,336.0,3.0,333.0,6,2026-04-26,264.0,2.0,524.02,0.1268681997422934,1.0002528661646692,2.0,0.85,36.24,28.48,66.99,-0.935680773517183,-0.6455610525570272,-1.1752422844606043,-25.007142857142863,False,False,False,False,4.327735558444374,0.5181457353944686,False
66342,2026-04-23 16:00:00+00:00,7364,7350.0,7335.0,77.0,7307.0,16,2026-04-23,6796.0,64.0,697.89,0.5189040965171188,0.5822372097709865,0.5,0.85,1883.68,1745.26,1763.24,1.2881594811056734,9.069456907860653,1.1716385457419056,891.89,False,True,False,False,1514.4272137886944,13.00372767046301,True
66333,2026-04-26 00:00:00+00:00,219,214.0,213.0,1.0,211.0,0,2026-04-26,170.0,1.0,519.33,0.5189040965171188,0.9999810335986662,2.0,0.85,93.95,74.98,176.43,-0.42653867160827735,0.767782651205142,1.1684198091872486,44.33571428571429,False,False,False,False,3.2459994445004554,-0.10341915045779872,False
66338,2026-04-21 18:00:00+00:00,12,12.0,12.0,0.0,11.0,18,2026-04-21,12.0,0.0,516.98,0.1268681997422934,1.0050789526870891,2.0,0.8673071622685629,1.33,1.33,3.04,-0.41702798913357875,-0.10893837008728507,1.1667466931898371,0.6300000000000001,False,False,False,False,-0.0657614806506821,-0.04704839459874109,False
66338,2026-04-23 23:00:00+00:00,10,1.0,1.0,0.0,0.0,23,2026-04-23,1.0,0.0,516.98,0.1268681997422934,1.0000004307878039,2.0,0.85,0.11,0.11,0.25,-0.594032814209249,-0.6744907594765951,-1.1639272774392448,-2.2771428571428576,False,False,False,False,-6.894071396504264,-12.809712162846505,True
66335,2026-04-24 09:00:00+00:00,2389,2379.0,2366.0,17.0,2353.0,9,2026-04-24,2272.0,12.0,556.92,0.5189040965171188,0.9947411425730011,0.9869193036452822,0.85,1038.08,996.84,1163.53,1.0396394168781569,1.9105827754258686,1.163177308135962,369.61428571428576,False,False,False,False,9.032922953859384,0.21118232384798521,False
66335,2026-04-24 04:00:00+00:00,1486,1482.0,1475.0,3.0,1471.0,4,2026-04-24,1462.0,1.0,524.02,0.5189040965171188,0.9999998722053931,1.6871095034528116,0.85,650.58,644.84,1279.91,0.19442061922977072,0.6342986881485587,1.162998689640908,260.98428571428576,False,False,False,False,51.55591123545855,1.0137943989370366,False
66342,2026-04-25 08:00:00+00:00,2428,2418.0,2414.0,37.0,2401.0,8,2026-04-25,1946.0,15.0,603.91,0.5189040965171188,0.9989644695743897,1.2675725756639902,0.85,1063.64,857.43,1279.98,0.2791214253582637,4.110176319984002,1.1618727094125312,422.6714285714285,False,True,False,False,144.53626146078489,1.1906811299947337,False
66332,2026-04-23 14:00:00+00:00,33,27.0,26.0,5.0,0.0,14,2026-04-23,21.0,5.0,528.72,0.5189040965171188,0.5822372097709865,0.5450440879634548,0.85,6.68,5.39,5.94,-0.7060443411063885,-0.6636638024050964,-1.1597792552940438,-664.8742857142857,False,False,False,False,-77.02046179927969,-1.6574576632018947,False
66342,2026-04-23 08:00:00+00:00,2034,2029.0,2023.0,28.0,2011.0,8,2026-04-23,1942.0,22.0,582.76,0.5189040965171188,0.9989644695743897,1.2675725756639902,0.85,891.36,855.67,1277.35,0.27712114717649977,4.1003452331378005,1.1570346819748178,420.91142857142853,False,True,False,False,245.2720044646237,2.059360507992517,False
66335,2026-04-24 22:00:00+00:00,1613,1605.0,1601.0,3.0,1597.0,22,2026-04-24,1585.0,2.0,524.02,0.5189040965171188,0.9989644695743897,1.4170694655434333,0.85,705.42,698.37,1165.49,0.32295630740624254,0.828388140398429,1.154638445173157,246.05142857142857,False,False,False,False,19.767225508503543,0.4137899296672781,False
66333,2026-04-20 06:00:00+00:00,12,7.0,7.0,0.0,0.0,6,2026-04-20,2.0,0.0,516.98,0.5189040965171188,0.9999810335986662,2.0,0.85,3.09,0.88,2.08,-0.6278506991266658,-0.6575635708743022,-1.1530064517879568,-54.75571428571429,False,False,False,False,-21.098904775444307,-0.7372831682050612,False
66340,2026-04-23 01:00:00+00:00,8,2.0,2.0,0.0,0.0,1,2026-04-23,1.0,0.0,516.98,0.5189040965171188,0.9999982358498678,2.0,0.85,0.88,0.44,1.04,-0.8699967077401742,-0.6816397712952812,-1.1497681677997522,-131.58285714285714,False,False,False,False,-17.70521244604049,-0.2385609543896221,False
66342,2026-04-21 11:00:00+00:00,32,23.0,23.0,1.0,0.0,11,2026-04-21,9.0,1.0,519.33,0.5189040965171188,0.9359340011553848,0.5,0.85,9.49,3.72,2.34,-0.6911385101835866,-0.6585152433515181,-1.1490734625228582,-1590.3200000000002,False,False,False,False,-304.55077548422844,-2.6819527166171415,False
66332,2026-04-20 14:00:00+00:00,5322,5312.0,5305.0,70.0,5285.0,14,2026-04-20,5172.0,65.0,681.44,0.5189040965171188,0.5822372097709865,0.5450440879634548,0.85,1362.36,1328.2,1462.77,1.4599905192785119,5.1701476370040504,1.1476758977464017,657.9357142857143,False,True,False,False,23.292759245381376,0.39803730044960384,False
66336,2026-04-21 04:00:00+00:00,146,132.0,131.0,2.0,125.0,4,2026-04-21,127.0,2.0,521.67,0.5189040965171188,0.9999998722053931,2.0,0.85,57.78,56.02,131.8,-0.9134795313945251,-0.6569463835670182,1.1461655486738176,18.15,False,False,False,False,6.141246874006242,0.1873882003822504,False
66342,2026-04-26 10:00:00+00:00,7084,7073.0,7057.0,72.0,7042.0,10,2026-04-26,6117.0,33.0,686.14,0.5189040965171188,0.9792008154013185,0.5,0.85,3047.88,2641.9,1587.07,2.3072102929788443,14.077948788416299,1.1458895828749762,1294.3885714285716,False,True,False,False,-126.71433538421593,-1.148407188834298,False
66342,2026-04-26 18:00:00+00:00,5620,5609.0,5594.0,55.0,5584.0,18,2026-04-26,4732.0,36.0,646.2,0.5189040965171188,0.846313658188328,0.5278835271118428,0.85,2088.14,1766.37,1296.19,1.312151454069898,9.18737409156708,1.1444697249309261,869.64,False,True,False,False,-59.33395219746262,-0.5673626895279235,False
66335,2026-04-24 03:00:00+00:00,1448,1444.0,1438.0,0.0,1435.0,3,2026-04-24,1436.0,0.0,516.98,0.5189040965171188,0.9999999927903216,1.6871095034528116,0.85,634.26,633.37,1257.14,0.1668789726132167,0.5927106811000622,1.144303943548354,249.70428571428573,False,False,False,False,42.505476588403326,0.842969430465238,False
66338,2026-04-21 21:00:00+00:00,94,92.0,92.0,2.0,86.0,21,2026-04-21,92.0,2.0,521.67,0.1268681997422934,1.000038778282299,2.0,0.8587032697711898,10.02,10.02,23.34,0.8437686747250892,3.9194634854808332,1.144231802978296,5.821428571428571,False,True,False,False,9.600408237025789,18.019804978166146,True
66333,2026-04-21 06:00:00+00:00,8,3.0,3.0,0.0,0.0,6,2026-04-21,3.0,0.0,516.98,0.5189040965171188,0.9999810335986662,2.0,0.85,1.32,1.32,3.11,-0.6266553240644783,-0.6490999765731557,-1.14374124823058,-54.31571428571429,False,False,False,False,9.387287119400968,0.056480483756618224,False
66336,2026-04-20 11:00:00+00:00,5058,5048.0,5042.0,88.0,5026.0,11,2026-04-20,4942.0,79.0,723.73,0.5189040965171188,0.9359340011553848,0.5,0.85,2081.39,2040.11,1282.21,2.8798515733371883,3.4944693347910833,1.1435781814683437,373.77,False,False,False,False,-0.7031688902637825,-0.12376170318256823,False
66335,2026-04-21 21:00:00+00:00,446,442.0,439.0,0.0,437.0,21,2026-04-21,432.0,0.0,516.98,0.5189040965171188,0.9947411425730011,1.6078031964901285,0.85,192.61,189.54,360.42,-0.8988410812512245,-1.0165312690598483,-1.1424562187917922,-205.71,False,False,False,False,-1.379531252875779,0.014649534988134585,False
66342,2026-04-21 12:00:00+00:00,47,34.0,32.0,5.0,0.0,12,2026-04-21,11.0,3.0,528.72,0.5189040965171188,0.846313658188328,0.5,0.85,11.95,4.11,2.85,-0.6906952667228549,-0.6563367638799167,-1.1407541251189095,-1655.3985714285714,False,False,False,False,-373.41675949105326,-3.2758080689321005,False
66336,2026-04-22 18:00:00+00:00,2422,2408.0,2404.0,33.0,2390.0,18,2026-04-22,2355.0,28.0,594.51,0.5189040965171188,0.846313658188328,0.7547072668431892,0.85,897.37,879.08,922.27,0.6601079062017957,1.0651852844277903,1.1389986887680448,168.51142857142872,False,False,False,False,1.1206599796629462,-0.04084970652116181,False
66335,2026-04-23 07:00:00+00:00,1011,1009.0,1003.0,11.0,997.0,7,2026-04-23,985.0,7.0,542.82,0.5189040965171188,0.9998411962659136,2.0,0.85,442.32,434.38,1022.24,-0.31093377893238666,-0.1287886669888921,1.1373822267807405,161.84428571428572,False,False,False,False,141.91474586119443,2.719297579506615,False
66332,2026-04-20 13:00:00+00:00,5426,5418.0,5411.0,71.0,5383.0,13,2026-04-20,5249.0,60.0,683.79,0.5189040965171188,0.7128761131977971,0.5276120937885643,0.85,1701.37,1650.43,1437.07,1.9876259416459163,6.59123536700368,1.1356050280798482,804.5757142857144,False,True,False,False,2.3962918444725574,-0.030147370059108194,False
66342,2026-04-21 17:00:00+00:00,29,14.0,14.0,0.0,0.0,17,2026-04-21,7.0,0.0,516.98,0.5189040965171188,0.7128761131977971,0.5,0.85,4.4,2.2,1.82,-0.6928660231587463,-0.6670057274459646,-1.1354835522915958,-1036.58,False,False,False,False,-100.45746576529004,-0.9219850621034886,False
66342,2026-04-26 21:00:00+00:00,1849,1841.0,1840.0,14.0,1836.0,21,2026-04-26,1584.0,8.0,549.87,0.5189040965171188,0.9947411425730011,1.6749918380672544,0.85,807.3,694.98,1376.75,0.09449347613806768,3.2027558323900243,1.1343959152568845,392.1542857142858,False,False,False,False,84.67663796491752,0.6744907594765952,False
66333,2026-04-21 05:00:00+00:00,7,0.0,0.0,0.0,0.0,5,2026-04-21,0.0,0.0,516.98,0.5189040965171188,0.9999982358498678,2.0,1.0,0.0,0.0,0.0,-0.6302414492510408,-0.6744907594765952,-1.1342543612153548,-50.721428571428575,False,False,False,False,7.572083176277118,0.009218335833418578,False
66333,2026-04-22 05:00:00+00:00,9,2.0,2.0,0.0,0.0,5,2026-04-22,0.0,0.0,516.98,0.5189040965171188,0.9999982358498678,2.0,0.85,0.88,0.0,0.0,-0.6302414492510408,-0.6744907594765952,-1.1342543612153548,-50.721428571428575,False,False,False,False,11.52355330295665,0.11210207313945325,False
66342,2026-04-21 15:00:00+00:00,45,35.0,33.0,3.0,0.0,15,2026-04-21,12.0,2.0,524.02,0.5189040965171188,0.5266127405031122,0.5,0.85,7.66,2.79,3.11,-0.6921954753591778,-0.6637100790145676,-1.134065167351051,-953.4728571428572,False,False,False,False,-75.11566117096459,-0.7034538596136128,False
66333,2026-04-25 07:00:00+00:00,383,380.0,379.0,9.0,376.0,7,2026-04-25,308.0,5.0,538.12,0.5189040965171188,0.9998411962659136,2.0,0.85,167.14,135.83,319.64,-0.26122373403076127,1.9382592721705156,1.1332849918789072,70.87571428571431,False,False,False,False,-15.26187857653565,-0.5853055368819068,False
66338,2026-04-23 03:00:00+00:00,1,0.0,0.0,0.0,0.0,3,2026-04-23,0.0,0.0,516.98,0.1268681997422934,1.0000004307878039,2.0,1.0,0.0,0.0,0.0,-0.609992265650498,-0.7254831880280903,-1.1323176865879112,-2.0185714285714282,False,False,False,False,-0.24763392231559145,-0.3869827048869014,False
66335,2026-04-21 22:00:00+00:00,492,487.0,483.0,0.0,478.0,22,2026-04-21,479.0,0.0,516.98,0.5189040965171188,0.9989644695743897,1.4170694655434333,0.85,212.82,211.05,352.22,-0.847191489383563,-0.9385401590674194,-1.1321940693490566,-241.26857142857142,False,False,False,False,-72.5713090871196,-1.3290796535258087,False
66342,2026-04-20 18:00:00+00:00,132,123.0,123.0,2.0,115.0,18,2026-04-20,102.0,0.0,521.67,0.5189040965171188,0.846313658188328,0.5278835271118428,0.85,45.91,38.07,27.94,-0.652098989988365,-0.46664147450662324,-1.1300197484122037,-858.6599999999999,False,False,False,False,45.31955699077983,0.3351009500509631,False
66332,2026-04-20 10:00:00+00:00,4359,4355.0,4345.0,57.0,4326.0,10,2026-04-20,4202.0,44.0,650.9,0.5189040965171188,0.9792008154013185,0.6413125,0.85,1876.58,1814.82,1398.34,2.256806300653388,7.316222525041848,1.129187986639974,864.7142857142857,False,True,False,False,2.8595720559516167,-0.020654402616355642,False
66335,2026-04-26 00:00:00+00:00,1531,1512.0,1507.0,2.0,1505.0,0,2026-04-26,1472.0,0.0,521.67,0.5189040965171188,0.9999810335986662,1.65127132281944,0.85,664.68,649.24,1261.29,0.2049858542003755,0.650252239239525,1.1288278019983116,258.9014285714286,False,False,False,False,-5.319190302329275,-0.05971066528484388,False
66340,2026-04-23 19:00:00+00:00,17,11.0,11.0,1.0,0.0,19,2026-04-23,10.0,1.0,519.33,0.5189040965171188,0.9359340011553848,0.7860425923088709,0.85,4.54,4.13,4.08,-0.8660079764852285,-0.6744518002841228,-1.1270386926382312,-765.63,False,False,False,False,-765.017730804773,-10.359068472220237,True
66333,2026-04-20 05:00:00+00:00,9,3.0,3.0,0.0,0.0,5,2026-04-20,1.0,0.0,516.98,0.5189040965171188,0.9999982358498678,2.0,0.85,1.32,0.44,1.04,-0.6290460741888533,-0.6660271651754488,-1.1244148923164863,-50.28142857142858,False,False,False,False,-18.998961604362286,-0.6826073147518166,False
66335,2026-04-25 09:00:00+00:00,2430,2423.0,2413.0,17.0,2398.0,9,2026-04-25,2241.0,11.0,556.92,0.5189040965171188,0.9947411425730011,0.9869193036452822,0.85,1058.7,983.24,1147.65,1.0069832360599238,1.8612717993265178,1.1203780657850388,356.01428571428573,False,False,False,False,-4.311735148882008,-0.04069517027981924,False
66342,2026-04-21 16:00:00+00:00,28,16.0,16.0,1.0,0.0,16,2026-04-21,6.0,1.0,519.33,0.5189040965171188,0.5822372097709865,0.5,0.85,4.11,1.54,1.56,-0.6936161274769078,-0.6706923850132901,-1.1190134012258548,-851.83,False,False,False,False,35.441131530246885,0.2499158486284599,False
66335,2026-04-23 19:00:00+00:00,1180,1170.0,1160.0,5.0,1151.0,19,2026-04-23,1141.0,4.0,528.72,0.5189040965171188,0.9359340011553848,1.7627555402851744,0.85,478.86,471.02,1043.67,-0.22295418590444105,0.004060903914064184,1.1189675554398417,135.46428571428572,False,False,False,False,5.723212809542588,0.14871227096078282,False
66331,2026-04-22 22:00:00+00:00,316,313.0,313.0,0.0,311.0,22,2026-04-22,241.0,0.0,516.98,0.1268681997422934,1.0000046314053592,2.0,0.85,33.75,25.99,61.15,-0.7878250738763223,-0.5249283763632705,-1.1175147713438391,-34.33714285714285,False,False,False,False,1.364999043485824,0.26641502578558285,False
66332,2026-04-23 06:00:00+00:00,10,4.0,4.0,0.0,0.0,6,2026-04-23,2.0,0.0,516.98,0.5189040965171188,0.9999810335986662,2.0,0.85,1.76,0.88,2.08,-0.7134292393308771,-0.683553650222799,-1.1172318473853657,-109.87142857142858,False,False,False,False,-28.754683950622223,-0.668454795469559,False
66338,2026-04-23 05:00:00+00:00,6,0.0,0.0,0.0,0.0,5,2026-04-23,0.0,0.0,516.98,0.1268681997422934,1.000038778282299,2.0,1.0,0.0,0.0,0.0,-0.609992265650498,-0.7254831880280903,-1.1151424248201862,-4.577142857142857,False,False,False,False,-0.41006332264948453,-0.6905763976287234,False
66342,2026-04-21 13:00:00+00:00,43,30.0,28.0,1.0,0.0,13,2026-04-21,17.0,1.0,519.33,0.5189040965171188,0.7128761131977971,0.5,0.85,8.8,5.35,4.41,-0.6892859798220666,-0.649410316329184,-1.110466800651532,-1405.0371428571427,False,False,False,False,-243.72524167716114,-2.157432965252496,False
66335,2026-04-24 02:00:00+00:00,1495,1487.0,1483.0,1.0,1481.0,2,2026-04-24,1480.0,1.0,519.33,0.5189040965171188,0.9999998722053931,1.6600873645041256,0.85,654.1,652.78,1274.91,0.2134860659721802,0.6630875962536205,1.1091283016939872,261.93,False,False,False,False,46.37899105384179,0.9160811662257828,False
66335,2026-04-22 20:00:00+00:00,406,396.0,393.0,1.0,386.0,20,2026-04-22,382.0,1.0,519.33,0.5189040965171188,0.9792008154013185,1.7315221059736754,0.85,169.73,164.98,343.22,-0.9578143019053277,-1.1055810906039696,-1.108193361166494,-192.9985714285714,False,False,False,False,-62.97615165421837,-1.1479731619728737,False
66331,2026-04-23 19:00:00+00:00,561,548.0,547.0,2.0,542.0,19,2026-04-23,455.0,2.0,521.67,0.1268681997422934,1.001284160344515,2.0,0.85,59.06,49.13,115.45,-0.6084211139786171,-0.31377074700132207,-1.1075305874655674,-106.78714285714287,False,False,False,False,-95.13543835895257,-8.740039661793489,True
66330,2026-04-26 12:00:00+00:00,6536,6524.0,6509.0,17.0,6486.0,12,2026-04-26,5936.0,9.0,556.92,0.1268681997422934,1.10201349172765,1.0286532951289398,0.85,773.52,705.43,774.67,1.824460006348566,1.9449105214114344,1.1068940619734664,184.45428571428567,False,False,False,False,7.109967257749986,0.8744231774426804,False
66333,2026-04-22 06:00:00+00:00,13,7.0,7.0,0.0,0.0,6,2026-04-22,7.0,0.0,516.98,0.5189040965171188,0.9999810335986662,2.0,0.85,3.09,3.09,7.26,-0.6218466562006788,-0.6150532449526346,-1.1064698611929513,-52.5457142857143,False,False,False,False,13.281512117843924,0.1578737396603574,False
66332,2026-04-23 15:00:00+00:00,28,19.0,19.0,3.0,0.0,15,2026-04-23,13.0,1.0,524.02,0.5189040965171188,0.5266127405031122,0.5198338315010892,0.85,4.41,3.02,3.51,-0.7099250969361087,-0.67411589538247,-1.1028052767409082,-633.4042857142857,False,False,False,False,-76.75752614760736,-1.6520699097019222,False
66342,2026-04-21 14:00:00+00:00,50,39.0,39.0,1.0,0.0,14,2026-04-21,15.0,0.0,519.33,0.5189040965171188,0.5822372097709865,0.5,0.85,10.02,3.85,3.89,-0.6909907623633427,-0.657789083527651,-1.1000824928586894,-1084.24,False,False,False,False,-128.8873208594004,-1.1671455990022712,False
66336,2026-04-26 03:00:00+00:00,83,75.0,75.0,5.0,72.0,3,2026-04-26,74.0,5.0,528.72,0.5189040965171188,0.9999999927903216,2.0,0.85,33.08,32.64,76.8,-0.9581791575347846,-0.7058655855665306,1.0995140455452999,10.712857142857143,False,False,False,False,12.473307742529187,0.47524624356142675,False
66342,2026-04-22 10:00:00+00:00,305,297.0,295.0,5.0,280.0,10,2026-04-22,249.0,3.0,528.72,0.5189040965171188,0.9792008154013185,0.5,0.85,127.41,107.54,64.6,-0.5731448278934004,-0.07859283632162062,-1.097715457649968,-1239.9714285714285,False,False,False,False,-629.4249286232767,-5.483455627710283,True
66342,2026-04-22 09:00:00+00:00,210,200.0,198.0,9.0,182.0,9,2026-04-22,145.0,3.0,538.12,0.5189040965171188,0.9947411425730011,0.7029045074667762,0.85,86.87,63.62,52.89,-0.6230608607019631,-0.3239231398927351,-1.0969910085897168,-733.0842857142858,False,False,False,False,-366.1771281357193,-3.213378207642001,False
66335,2026-04-23 03:00:00+00:00,1421,1417.0,1413.0,0.0,1410.0,3,2026-04-23,1412.0,0.0,516.98,0.5189040965171188,0.9999999927903216,1.6871095034528116,0.85,623.23,622.79,1236.13,0.14147438488844408,0.5543496423404202,1.0958196506652342,239.1242857142857,False,False,False,False,287.69195702359923,5.470810459479416,True
66332,2026-04-20 08:00:00+00:00,2062,2058.0,2053.0,30.0,2044.0,8,2026-04-20,1975.0,28.0,587.46,0.5189040965171188,0.9989644695743897,1.3109748307141944,0.85,904.58,870.21,1343.53,0.7100549233065426,3.1503357961992524,1.0935881572525519,397.56000000000006,False,False,False,False,3.1847325052475526,-0.01399161520961005,False
66338,2026-04-20 18:00:00+00:00,1,1.0,1.0,0.0,1.0,18,2026-04-20,1.0,0.0,516.98,0.1268681997422934,1.0050789526870891,2.0,0.85,0.11,0.11,0.25,-0.594032814209249,-0.6744907594765951,-1.0926675380666726,-0.59,False,False,False,False,-0.20265539782238662,-0.3029142030214716,False
66342,2026-04-20 10:00:00+00:00,329,319.0,318.0,9.0,298.0,10,2026-04-20,264.0,5.0,538.12,0.5189040965171188,0.9792008154013185,0.5,0.85,137.34,114.02,68.5,-0.5657801673150878,-0.04239656202424315,-1.0919788769500667,-1233.4914285714285,False,False,False,False,99.0461992305462,0.7984044883091871,False
66332,2026-04-22 09:00:00+00:00,3037,3024.0,3017.0,57.0,3001.0,9,2026-04-22,2911.0,50.0,650.9,0.5189040965171188,0.9947411425730011,0.9108743897026187,0.85,1323.71,1277.2,1375.9,1.3764805837022538,4.945229180528921,1.0917641688927118,601.9642857142857,False,True,False,False,384.6478075209309,7.802479846360335,True
66330,2026-04-21 11:00:00+00:00,3491,3486.0,3478.0,14.0,3459.0,11,2026-04-21,3067.0,10.0,549.87,0.1268681997422934,1.0701127791564455,1.0473082706766916,0.85,401.36,353.93,407.51,0.3912825425435425,0.5998322168839004,-1.089931029521413,-144.77428571428572,False,False,False,False,-1.0295934115983698,-0.16788464163487096,False
66332,2026-04-22 14:00:00+00:00,5180,5173.0,5155.0,70.0,5139.0,14,2026-04-22,5038.0,65.0,681.44,0.5189040965171188,0.5822372097709865,0.5450440879634548,0.85,1323.84,1293.79,1424.88,1.4036458745102953,5.0183938313705365,1.0876525143307019,623.5257142857142,False,True,False,False,680.3324013963809,13.861284331062642,True
66340,2026-04-23 02:00:00+00:00,11,3.0,3.0,0.0,0.0,2,2026-04-23,3.0,0.0,516.98,0.5189040965171188,0.9999998722053931,2.0,0.85,1.32,1.32,3.11,-0.8690454655980733,-0.6799255668264954,-1.087162271098618,-128.25285714285715,False,False,False,False,-13.268710116034299,-0.17847945691610123,False
66342,2026-04-22 08:00:00+00:00,126,122.0,120.0,6.0,109.0,8,2026-04-22,90.0,2.0,531.07,0.5189040965171188,0.9989644695743897,1.2675725756639902,0.85,52.87,39.66,59.2,-0.6502919204946125,-0.4577599812762483,-1.086078255211797,-395.0985714285714,False,False,False,False,-136.42859770102496,-1.232176654323339,False
66335,2026-04-23 02:00:00+00:00,1480,1474.0,1468.0,0.0,1465.0,2,2026-04-23,1467.0,0.0,516.98,0.5189040965171188,0.9999998722053931,1.6600873645041256,0.85,647.49,647.05,1263.71,0.1997272486127334,0.6423117217647029,1.084864929156643,256.2,False,False,False,False,317.8767190315073,6.040541220422192,True
66342,2026-04-20 17:00:00+00:00,204,190.0,190.0,6.0,180.0,17,2026-04-20,156.0,1.0,531.07,0.5189040965171188,0.7128761131977971,0.5,0.85,59.74,49.05,40.47,-0.6396199817862245,-0.4053088986138447,-1.08416343765996,-989.73,False,False,False,False,82.09952180498578,0.6522673897363013,False
66335,2026-04-21 17:00:00+00:00,1044,1036.0,1033.0,4.0,1024.0,17,2026-04-21,1019.0,2.0,526.37,0.5189040965171188,0.7128761131977971,0.7285055023074193,0.85,324.8,320.4,385.21,-0.5846213884663727,-0.5420581563862438,-1.082561944923463,-299.20285714285717,False,False,False,False,2.8517666274709654,0.09451435421427032,False
66335,2026-04-23 04:00:00+00:00,1435,1430.0,1426.0,0.0,1421.0,4,2026-04-23,1421.0,0.0,516.98,0.5189040965171188,0.9999998722053931,1.6871095034528116,0.85,628.96,626.76,1244.01,0.15100710825964894,0.5687440963929512,1.0824305579192641,242.90428571428572,False,False,False,False,282.4007765290636,5.370940588428334,True
66336,2026-04-25 04:00:00+00:00,66,53.0,48.0,2.0,40.0,4,2026-04-25,47.0,2.0,521.67,0.5189040965171188,0.9999998722053931,2.0,0.85,21.17,20.73,48.78,-0.9809495829980219,-0.7307855041214574,-1.0823844354969279,-17.140000000000004,False,False,False,False,-21.554352642345293,-1.0716649336585768,False
66335,2026-04-22 12:00:00+00:00,1262,1250.0,1246.0,4.0,1228.0,12,2026-04-22,1213.0,4.0,526.37,0.5189040965171188,0.846313658188328,0.5,0.85,465.11,452.79,314.72,-0.2667278753394696,-0.062037558901462266,-1.082111665438702,-722.1971428571428,False,False,False,False,-432.5748138141261,-8.124066827400116,True
66342,2026-04-22 18:00:00+00:00,250,242.0,241.0,7.0,229.0,18,2026-04-22,200.0,2.0,533.42,0.5189040965171188,0.846313658188328,0.5278835271118428,0.85,89.96,74.66,54.78,-0.6105136611981714,-0.2622554133120178,-1.0818663202865166,-822.0699999999999,False,False,False,False,-429.36511002759164,-3.7582701712092437,True
66335,2026-04-24 19:00:00+00:00,1185,1178.0,1171.0,6.0,1162.0,19,2026-04-24,1129.0,6.0,531.07,0.5189040965171188,0.9359340011553848,1.7627555402851744,0.85,483.4,466.06,1032.7,-0.2348640871440319,-0.013923099133934198,1.0779967634283774,130.50428571428574,False,False,False,False,9.21122622026519,0.21454775888508598,False
66332,2026-04-25 13:00:00+00:00,5171,5160.0,5154.0,34.0,5138.0,13,2026-04-25,5119.0,32.0,596.86,0.5189040965171188,0.7128761131977971,0.5276120937885643,0.85,1620.56,1609.55,1401.48,1.9206869972075353,6.410947788558516,1.077905631088829,763.6957142857143,False,True,False,False,1403.9416597418094,28.688593938820333,True
66332,2026-04-25 04:00:00+00:00,148,140.0,140.0,0.0,139.0,4,2026-04-25,136.0,0.0,516.98,0.5189040965171188,0.9999998722053931,2.0,0.85,61.75,59.99,141.14,-0.6166395865482769,-0.4228687490023102,1.0774498102372234,32.45,False,False,False,False,-8.48225269231952,-0.2530571049312369,False
66336,2026-04-22 14:00:00+00:00,4798,4786.0,4779.0,87.0,4755.0,14,2026-04-22,4687.0,77.0,721.38,0.5189040965171188,0.5822372097709865,0.5,0.85,1227.28,1203.65,1216.05,1.2806450172515829,1.7443001429813285,1.076834876164644,338.7257142857144,False,False,False,False,223.81358398958844,10.082860514587223,True
66332,2026-04-22 08:00:00+00:00,2050,2042.0,2041.0,37.0,2036.0,8,2026-04-22,1961.0,31.0,603.91,0.5189040965171188,0.9989644695743897,1.3109748307141944,0.85,899.29,864.04,1334.01,0.6999518585515325,3.1231250731315745,1.0766160299503877,391.39,False,False,False,False,299.2673225963363,6.052968117707023,True
66342,2026-04-22 07:00:00+00:00,86,84.0,84.0,4.0,82.0,7,2026-04-22,71.0,1.0,526.37,0.5189040965171188,0.9998411962659136,2.0,0.85,37.04,31.31,73.68,-0.6597818766410493,-0.5044017853477146,-1.074566886827107,-219.80714285714285,False,False,False,False,-24.87369179374022,-0.27019986846245064,False
66342,2026-04-20 09:00:00+00:00,239,231.0,229.0,5.0,215.0,9,2026-04-20,182.0,2.0,528.72,0.5189040965171188,0.9947411425730011,0.7029045074667762,0.85,100.47,79.85,66.38,-0.6046151136053562,-0.2332648788053219,-1.0727043550406457,-716.8542857142858,False,False,False,False,113.32163777214782,0.9215065641284077,False
66340,2026-04-25 18:00:00+00:00,4819,4807.0,4798.0,29.0,4783.0,18,2026-04-25,4748.0,26.0,585.11,0.5189040965171188,0.846313658188328,0.5087258304412494,0.85,1791.01,1772.34,1253.38,1.0453509645195358,2.769949885797263,1.0726050858239446,708.2714285714285,False,False,False,False,866.9966560924195,11.742546937722876,True
66342,2026-04-20 12:00:00+00:00,332,321.0,321.0,5.0,306.0,12,2026-04-20,276.0,2.0,528.72,0.5189040965171188,0.846313658188328,0.5,0.85,119.82,103.03,71.61,-0.5782705407341704,-0.1037849963650115,-1.0725872195745962,-1556.4785714285713,False,False,False,False,120.2803178851278,0.9815136850566629,False
66330,2026-04-26 11:00:00+00:00,6156,6146.0,6124.0,12.0,6106.0,11,2026-04-26,5555.0,8.0,545.17,0.1268681997422934,1.0701127791564455,1.0473082706766916,0.85,706.7,641.04,738.09,1.5619214661084366,1.6985105440898758,1.071572281249294,142.33571428571423,False,False,False,False,-1.8691823916849444,-0.2753978348285822,False
66333,2026-04-26 12:00:00+00:00,4176,4167.0,4160.0,50.0,4152.0,12,2026-04-26,3422.0,27.0,634.45,0.5189040965171188,0.846313658188328,0.8075076729361769,0.85,1552.85,1277.37,1433.88,2.8400681943544095,23.896285268831356,1.0706725868314155,669.7171428571428,False,True,False,False,-2.090839797580429,-0.24237350137634675,False
66342,2026-04-20 07:00:00+00:00,96,86.0,86.0,0.0,81.0,7,2026-04-20,73.0,0.0,516.98,0.5189040965171188,0.9998411962659136,2.0,0.85,37.93,32.19,75.76,-0.6587817375501671,-0.49948624192461405,-1.0702648480120063,-218.92714285714285,False,False,False,False,16.266543867913594,0.0845667045491344,False
66335,2026-04-22 22:00:00+00:00,520,515.0,515.0,0.0,512.0,22,2026-04-22,509.0,0.0,516.98,0.5189040965171188,0.9989644695743897,1.4170694655434333,0.85,226.92,224.27,374.28,-0.8154477606764278,-0.8906069896531976,-1.070156956482801,-228.04857142857142,False,False,False,False,-199.31890562549918,-3.7214127322017405,True
66342,2026-04-20 15:00:00+00:00,296,285.0,285.0,1.0,267.0,15,2026-04-20,244.0,0.0,519.33,0.5189040965171188,0.5266127405031122,0.5,0.85,66.2,56.67,63.31,-0.6309596864765421,-0.36274476124563226,-1.0699800381739342,-899.5928571428572,False,False,False,False,-25.451378830805247,-0.2751814648757109,False
66342,2026-04-22 15:00:00+00:00,319,310.0,310.0,7.0,285.0,15,2026-04-22,253.0,0.0,533.42,0.5189040965171188,0.5266127405031122,0.5,0.85,72.0,58.76,65.64,-0.6285843561356975,-0.3510703456157682,-1.0674941821980586,-897.5028571428571,False,False,False,False,-395.9525654526106,-3.4701421684445086,False
66333,2026-04-24 18:00:00+00:00,1625,1620.0,1616.0,22.0,1604.0,18,2026-04-24,1575.0,18.0,568.67,0.5189040965171188,0.846313658188328,1.7090273151232511,0.85,603.22,587.92,1396.74,0.9669969747518058,10.634410062182607,1.0666459008962088,297.1342857142857,False,True,False,False,171.29039466365157,4.271923407934969,True
66335,2026-04-23 08:00:00+00:00,1433,1429.0,1419.0,11.0,1408.0,8,2026-04-23,1387.0,10.0,542.82,0.5189040965171188,0.9989644695743897,1.518348623853211,0.85,625.23,611.13,1092.79,0.11347651221634136,0.5120727319493593,1.0666118851799826,202.1785714285714,False,False,False,False,223.86301587944433,4.266053198226079,True
66332,2026-04-23 16:00:00+00:00,37,29.0,25.0,4.0,0.0,16,2026-04-23,17.0,4.0,526.37,0.5189040965171188,0.5822372097709865,0.6068724863969719,0.85,6.42,4.37,5.35,-0.7077145398179135,-0.6681621715345989,-1.0653684007565416,-600.5485714285714,False,False,False,False,-76.01998818588497,-1.6369571902614086,False
66335,2026-04-21 16:00:00+00:00,1290,1280.0,1275.0,7.0,1255.0,16,2026-04-21,1257.0,6.0,533.42,0.5189040965171188,0.5822372097709865,0.627200488997555,0.85,327.43,322.81,409.1,-0.5788345211302005,-0.5333199613568735,-1.0641306976273468,-263.1485714285714,False,False,False,False,23.93899137218102,0.4925310951389614,False
66342,2026-04-20 08:00:00+00:00,136,132.0,132.0,4.0,125.0,8,2026-04-20,109.0,1.0,526.37,0.5189040965171188,0.9989644695743897,1.2675725756639902,0.85,58.16,48.03,71.69,-0.6407792339142921,-0.4110064603088023,-1.063070136090399,-386.7285714285714,False,False,False,False,81.07112634697097,0.6433991777177528,False
66335,2026-04-26 05:00:00+00:00,1638,1635.0,1633.0,2.0,1631.0,5,2026-04-26,1621.0,0.0,521.67,0.5189040965171188,0.9999982358498678,1.4131662305467567,0.85,720.26,714.97,1188.68,0.36281605752261537,0.8885765376961658,1.0626223103023789,259.2842857142857,False,False,False,False,39.57783353765433,0.7877108101509527,False
66342,2026-04-20 14:00:00+00:00,209,195.0,194.0,2.0,180.0,14,2026-04-20,160.0,0.0,521.67,0.5189040965171188,0.5822372097709865,0.5,0.85,49.82,41.09,41.51,-0.6486666944719293,-0.4497722232137097,-1.0622983564737032,-1047.0,False,False,False,False,84.01320311957436,0.6687697298637716,False
66342,2026-04-20 11:00:00+00:00,370,355.0,355.0,6.0,337.0,11,2026-04-20,300.0,1.0,531.07,0.5189040965171188,0.9359340011553848,0.5,0.85,146.55,123.84,77.84,-0.5546195242782006,0.012456433901720994,-1.0622816820521068,-1470.2000000000003,False,False,False,False,67.87783058530327,0.5296287957834126,False
66342,2026-04-22 17:00:00+00:00,282,271.0,271.0,6.0,262.0,17,2026-04-22,237.0,1.0,531.07,0.5189040965171188,0.7128761131977971,0.5,0.85,85.21,74.52,61.49,-0.6106727742353572,-0.2630374315838747,-1.0562632600790043,-964.26,False,False,False,False,-425.9154215713525,-3.7285223068157904,True
66336,2026-04-26 17:00:00+00:00,2046,2034.0,2027.0,20.0,2016.0,17,2026-04-26,1980.0,19.0,563.97,0.5189040965171188,0.7128761131977971,0.5524983846650873,0.85,637.34,622.57,567.65,0.16969297458340551,0.5284759386239021,-1.0557825385413624,-197.32285714285706,False,False,False,False,-0.5386465850126569,-0.11628245277227275,False
66332,2026-04-20 15:00:00+00:00,5533,5525.0,5513.0,64.0,5498.0,15,2026-04-20,5349.0,53.0,667.34,0.5189040965171188,0.5266127405031122,0.5198338315010892,0.85,1280.52,1242.42,1442.86,1.3195300825386802,4.791843613544509,1.0550848588639237,605.9957142857144,False,True,False,False,20.727067390317302,0.3454643032768991,False
66340,2026-04-20 08:00:00+00:00,2183,2177.0,2169.0,18.0,2160.0,8,2026-04-20,2139.0,15.0,559.27,0.5189040965171188,0.9989644695743897,1.1152048690359744,0.85,955.69,942.47,1237.81,0.14829719580901854,1.1533966329436092,1.0541482309055368,374.46000000000004,False,False,False,False,-29.248027256568776,-0.39487995239522133,False
66336,2026-04-22 02:00:00+00:00,72,66.0,64.0,2.0,62.0,2,2026-04-22,60.0,2.0,521.67,0.5189040965171188,0.9999998722053931,2.0,0.85,28.23,26.46,62.27,-0.9699945420320816,-0.7187963241617823,-1.0524430501601818,-10.464285714285715,False,False,False,False,-8.047921346340445,-0.45765711473044546,False
66335,2026-04-24 23:00:00+00:00,1455,1450.0,1444.0,1.0,1440.0,23,2026-04-24,1429.0,0.0,519.33,0.5189040965171188,0.9998411962659136,1.4951187527320413,0.85,636.8,630.19,1108.65,0.15924318915718877,0.581180614629773,1.05114964206887,199.96428571428578,False,False,False,False,15.298826815522602,0.329449884618032,False
66342,2026-04-25 10:00:00+00:00,7052,7048.0,7029.0,62.0,7003.0,10,2026-04-25,5864.0,26.0,662.65,0.5189040965171188,0.9792008154013185,0.5,0.85,3035.79,2532.63,1521.43,2.183022567455355,13.467583527231971,1.0491556055480926,1185.1185714285716,False,True,False,False,227.2154030885797,1.9036521488304856,False
66342,2026-04-22 12:00:00+00:00,452,444.0,443.0,10.0,422.0,12,2026-04-22,383.0,4.0,540.47,0.5189040965171188,0.846313658188328,0.5,0.85,165.36,142.97,99.37,-0.5328778642684601,0.11931364490617039,-1.0450641078940475,-1516.5385714285712,False,False,False,False,-779.6436088007277,-6.778843597948645,True
66333,2026-04-21 18:00:00+00:00,8,6.0,6.0,0.0,0.0,18,2026-04-21,1.0,0.0,516.98,0.5189040965171188,0.846313658188328,1.7090273151232511,0.85,2.24,0.37,0.89,-0.6292362474942013,-0.6673736460869948,-1.0425277259877266,-290.4157142857143,False,False,False,False,-40.27387859115932,-1.2365386112833765,False
66330,2026-04-26 02:00:00+00:00,240,236.0,235.0,2.0,234.0,2,2026-04-26,196.0,1.0,521.67,0.1268681997422934,1.0000000312061639,2.0,0.85,25.34,21.14,49.73,-0.9656082915380333,-0.6736488896985126,1.0425067727386494,8.924285714285716,False,False,False,False,12.885515602490898,1.6140084503743468,False
66342,2026-04-20 16:00:00+00:00,304,297.0,297.0,4.0,278.0,16,2026-04-20,239.0,1.0,526.37,0.5189040965171188,0.5822372097709865,0.5,0.85,76.27,61.38,62.01,-0.6256066692969353,-0.33643543224244576,-1.0404040989832064,-791.99,False,False,False,False,89.68313320902453,0.7176635107257124,False
66336,2026-04-26 15:00:00+00:00,4414,4404.0,4397.0,94.0,4383.0,15,2026-04-26,4280.0,83.0,737.83,0.5189040965171188,0.5266127405031122,0.5,0.85,1021.3,994.13,1110.45,0.8800690690519605,1.3059104422568704,1.0401668033698874,321.4685714285714,False,False,False,False,348.86364256832235,15.767686657187541,True
66335,2026-04-24 06:00:00+00:00,1371,1368.0,1363.0,4.0,1361.0,6,2026-04-24,1334.0,1.0,526.37,0.5189040965171188,0.9999810335986662,1.6706284597850862,0.85,601.16,588.37,1156.44,0.05882543314112186,0.4295493631242697,1.0401410304446281,206.22571428571428,False,False,False,False,64.02825820960686,1.2492072118809383,False
66333,2026-04-20 18:00:00+00:00,12,7.0,7.0,0.0,0.0,18,2026-04-20,3.0,0.0,516.98,0.5189040965171188,0.846313658188328,1.7090273151232511,0.85,2.61,1.12,2.66,-0.6271986763654727,-0.6529470648918587,-1.039835393045572,-289.6657142857143,False,False,False,False,22.26171364133271,0.39168967774875973,False
66333,2026-04-22 18:00:00+00:00,15,11.0,9.0,0.0,0.0,18,2026-04-22,3.0,0.0,516.98,0.5189040965171188,0.846313658188328,1.7090273151232511,0.85,3.36,1.12,2.66,-0.6271986763654727,-0.6529470648918587,-1.039835393045572,-289.6657142857143,False,False,False,False,-167.48349096083138,-4.5486730630859205,True
66332,2026-04-25 02:00:00+00:00,95,92.0,92.0,2.0,90.0,2,2026-04-25,92.0,2.0,521.67,0.5189040965171188,0.9999998722053931,2.0,0.85,40.58,40.58,95.48,-0.6484224855587704,-0.5084700674372568,1.0394689580482122,22.05142857142857,False,False,False,False,-34.022322002420026,-0.7763927459515673,False
66338,2026-04-20 23:00:00+00:00,42,41.0,41.0,1.0,39.0,23,2026-04-20,41.0,1.0,519.33,0.1268681997422934,1.0000004307878039,2.0,0.85,4.42,4.42,10.4,0.03128751044332388,1.3234853046774429,1.0390643135483342,2.0328571428571425,False,False,False,False,-0.1486106868460304,-0.20190026499825284,False
66333,2026-04-21 07:00:00+00:00,2,1.0,1.0,0.0,0.0,7,2026-04-21,0.0,0.0,516.98,0.5189040965171188,0.9998411962659136,2.0,0.85,0.44,0.0,0.0,-0.6302414492510408,-0.6744907594765952,-1.0386028260889308,-64.9542857142857,False,False,False,False,12.09214897129547,0.12690649921362382,False
66342,2026-04-26 17:00:00+00:00,7612,7595.0,7579.0,70.0,7566.0,17,2026-04-26,6319.0,41.0,681.44,0.5189040965171188,0.7128761131977971,0.5,0.85,2383.04,1986.87,1639.48,1.5627544876374773,10.419052869741732,1.038550426491095,948.0899999999999,False,True,False,False,-95.8780459086006,-0.882495130584861,False
66342,2026-04-20 13:00:00+00:00,392,381.0,379.0,6.0,361.0,13,2026-04-20,307.0,2.0,531.07,0.5189040965171188,0.7128761131977971,0.5,0.85,119.17,96.53,79.65,-0.5856579317463666,-0.14009298755836858,-1.0384029670382011,-1313.8571428571427,False,False,False,False,106.12456217381282,0.859443675944554,False
66333,2026-04-26 11:00:00+00:00,3740,3734.0,3729.0,37.0,3707.0,11,2026-04-26,2995.0,22.0,603.91,0.5189040965171188,0.9359340011553848,0.893815331010453,0.85,1539.37,1236.37,1389.09,2.7286809726505776,23.107632163497254,1.037670951682564,636.0885714285713,False,True,False,False,2.231763728665669,-0.12982662858848357,False
66330,2026-04-21 10:00:00+00:00,2496,2490.0,2479.0,7.0,2464.0,10,2026-04-21,2140.0,6.0,533.42,0.1268681997422934,1.0375286663287155,1.1796009620270316,0.85,277.36,239.43,320.26,-0.07557042930759612,0.16167726419996678,-1.0369896611599543,-189.74428571428575,False,False,False,False,-0.9395162012521894,-0.1563498445520164,False
66342,2026-04-22 13:00:00+00:00,380,374.0,372.0,7.0,346.0,13,2026-04-22,313.0,0.0,533.42,0.5189040965171188,0.7128761131977971,0.5,0.85,116.97,98.42,81.21,-0.5835099057443588,-0.12953574088830014,-1.036909211329392,-1311.9671428571426,False,False,False,False,-652.0335300662974,-5.67841746799943,True
66342,2026-04-22 11:00:00+00:00,492,483.0,482.0,9.0,447.0,11,2026-04-22,386.0,3.0,538.12,0.5189040965171188,0.9359340011553848,0.5,0.85,198.97,159.35,100.15,-0.5142616389177256,0.21080978271343023,-1.036624205158031,-1434.6900000000003,False,False,False,False,-653.3935789518796,-5.69014564297233,True
66342,2026-04-25 15:00:00+00:00,9327,9314.0,9303.0,94.0,9284.0,15,2026-04-25,7855.0,45.0,737.83,0.5189040965171188,0.5266127405031122,0.5,0.85,2160.83,1824.5,2038.0,1.378217460152816,9.512079249731672,1.0326854019370972,868.2371428571429,False,True,False,False,145.738291369669,1.201046652325218,False
66333,2026-04-22 07:00:00+00:00,4,2.0,2.0,0.0,0.0,7,2026-04-22,1.0,0.0,516.98,0.5189040965171188,0.9998411962659136,2.0,0.85,0.88,0.44,1.04,-0.6290460741888533,-0.6660271651754488,-1.0315673358444648,-64.5142857142857,False,False,False,False,12.887603748178215,0.14761761626119346,False
66333,2026-04-22 04:00:00+00:00,5,0.0,0.0,0.0,0.0,4,2026-04-22,0.0,0.0,516.98,0.5189040965171188,0.9999998722053931,2.0,1.0,0.0,0.0,0.0,-0.6302414492510408,-0.6744907594765952,-1.0311714184222338,-22.72714285714286,False,False,False,False,31.338620979136465,0.6280235282284947,False
66342,2026-04-22 16:00:00+00:00,338,328.0,326.0,5.0,297.0,16,2026-04-22,270.0,2.0,528.72,0.5189040965171188,0.5822372097709865,0.5,0.85,83.72,69.34,70.05,-0.6165599566112304,-0.2919721076425808,-1.0299473803025332,-784.03,False,False,False,False,-29.463152811388113,-0.3097763884073476,False
66342,2026-04-23 07:00:00+00:00,1093,1087.0,1086.0,19.0,1081.0,7,2026-04-23,1047.0,15.0,561.62,0.5189040965171188,0.9998411962659136,2.0,0.85,478.92,461.73,1086.59,-0.17060020903035789,1.8998575330284022,1.0296189618043974,210.61285714285717,False,False,False,False,33.100790567112426,0.2297342738315092,False
66333,2026-04-20 07:00:00+00:00,11,4.0,4.0,0.0,0.0,7,2026-04-20,2.0,0.0,516.98,0.5189040965171188,0.9998411962659136,2.0,0.85,1.76,0.88,2.08,-0.6278506991266658,-0.6575635708743022,-1.0245318455999985,-64.07428571428571,False,False,False,False,-20.578933665516395,-0.7237447712627808,False
66342,2026-04-22 14:00:00+00:00,373,366.0,366.0,9.0,342.0,14,2026-04-22,305.0,3.0,538.12,0.5189040965171188,0.5822372097709865,0.5,0.85,93.99,78.33,79.13,-0.606342626580516,-0.24175536289976846,-1.0245142200887165,-1009.7599999999999,False,False,False,False,-446.15750147367925,-3.9030768080742417,True
66331,2026-04-20 06:00:00+00:00,445,436.0,436.0,9.0,431.0,6,2026-04-20,363.0,7.0,538.12,0.1268681997422934,1.0002528661646692,2.0,0.85,47.03,39.16,92.11,-0.6857183257409386,-0.4047492070159559,1.0241355891920947,10.282857142857143,False,False,False,False,-3.14011145506187,-0.15405015198864044,False
66336,2026-04-24 07:00:00+00:00,873,864.0,861.0,26.0,856.0,7,2026-04-24,842.0,24.0,578.06,0.5189040965171188,0.9998411962659136,2.0,0.85,379.7,371.32,873.83,-0.3106654970906835,0.002772367093642142,1.0223092638320852,64.3857142857143,False,False,False,False,100.61033866727075,4.48199124813635,True
66335,2026-04-24 00:00:00+00:00,1457,1429.0,1420.0,0.0,1414.0,0,2026-04-24,1412.0,0.0,516.98,0.5189040965171188,0.9999810335986662,1.65127132281944,0.85,626.31,622.78,1209.87,0.14145037299078364,0.5543133842697588,1.0134604059754857,232.44142857142856,False,False,False,False,21.103742035194728,0.4390163859025425,False
66333,2026-04-20 04:00:00+00:00,6,1.0,1.0,0.0,0.0,4,2026-04-20,1.0,0.0,516.98,0.5189040965171188,0.9999998722053931,2.0,0.85,0.44,0.44,1.04,-0.6290460741888533,-0.6660271651754488,-1.0112078256839065,-22.287142857142857,False,False,False,False,-29.12088428146336,-0.946150047040659,False
66333,2026-04-21 04:00:00+00:00,6,3.0,3.0,0.0,0.0,4,2026-04-21,1.0,0.0,516.98,0.5189040965171188,0.9999998722053931,2.0,0.85,1.32,0.44,1.04,-0.6290460741888533,-0.6660271651754488,-1.0112078256839065,-22.287142857142857,False,False,False,False,10.023365114117707,0.0730419353724952,False
66335,2026-04-22 21:00:00+00:00,496,491.0,491.0,0.0,488.0,21,2026-04-22,486.0,0.0,516.98,0.5189040965171188,0.9947411425730011,1.6078031964901285,0.85,215.43,213.23,405.47,-0.8419568956935816,-0.9306358996632588,-1.010888536991308,-182.02,False,False,False,False,-104.53066562988778,-1.932305497002145,False
66330,2026-04-21 20:00:00+00:00,1542,1535.0,1527.0,8.0,1518.0,20,2026-04-21,1233.0,4.0,535.77,0.1268681997422934,1.0002528661646692,2.0,0.85,164.71,133.0,312.86,-0.5095194406099253,-0.24559637435157086,-1.0102028989315741,-87.87857142857143,False,False,False,False,-62.37442128158176,-8.023369273579897,True
66342,2026-04-23 18:00:00+00:00,4875,4863.0,4852.0,53.0,4841.0,18,2026-04-23,4458.0,39.0,641.5,0.5189040965171188,0.846313658188328,0.5278835271118428,0.85,1811.17,1664.09,1221.14,1.1959080151887553,8.616053885527608,1.0098664828239219,767.36,False,True,False,False,739.7032873092244,6.323013571312121,True
66342,2026-04-21 19:00:00+00:00,11,3.0,3.0,0.0,0.0,19,2026-04-21,1.0,0.0,516.98,0.5189040965171188,0.9359340011553848,0.9004826678367706,0.85,1.24,0.41,0.47,-0.6949003969913358,-0.6770043896361353,-1.0084735506503595,-538.78,False,False,False,False,-47.017041043680855,-0.4611496771365484,False
66330,2026-04-20 05:00:00+00:00,238,233.0,233.0,3.0,230.0,5,2026-04-20,186.0,3.0,524.02,0.1268681997422934,1.000038778282299,2.0,0.85,25.13,20.06,47.19,-0.9700117955520003,-0.6777817049727365,-1.0067944637736097,-16.45142857142857,False,False,False,False,-3.7693033345248352,-0.5187169765327726,False
66330,2026-04-22 11:00:00+00:00,3835,3823.0,3807.0,14.0,3779.0,11,2026-04-22,3164.0,6.0,549.87,0.1268681997422934,1.0701127791564455,1.0473082706766916,0.85,439.32,365.12,420.4,0.43690773691047907,0.6426527751418324,-1.0056872830565593,-133.58428571428573,False,False,False,False,-52.254247309732335,-6.72743489950412,True
66333,2026-04-20 14:00:00+00:00,16,10.0,9.0,0.0,0.0,14,2026-04-20,5.0,0.0,516.98,0.5189040965171188,0.5822372097709865,0.7747074367685919,0.85,2.31,1.28,2.01,-0.6267639945246771,-0.6498693942368963,-1.0054552989718375,-441.12428571428575,False,False,False,False,27.51554284408938,0.5284827107765477,False
66333,2026-04-20 17:00:00+00:00,15,3.0,3.0,0.0,0.0,17,2026-04-20,1.0,0.0,516.98,0.5189040965171188,0.7128761131977971,1.2273923444976076,0.85,0.94,0.31,0.64,-0.6293992531844995,-0.6685277725826055,-1.0053076713800357,-334.75714285714287,False,False,False,False,25.50847655769999,0.4762250765430316,False
66333,2026-04-22 14:00:00+00:00,18,12.0,11.0,0.0,0.0,14,2026-04-22,6.0,0.0,516.98,0.5189040965171188,0.5822372097709865,0.7747074367685919,0.85,2.82,1.54,2.41,-0.6260576365333846,-0.6448681794225825,-1.0048626805506833,-440.8642857142857,False,False,False,False,-213.40804275652204,-5.744402594468106,True
66333,2026-04-22 17:00:00+00:00,9,6.0,6.0,0.0,0.0,17,2026-04-22,2.0,0.0,516.98,0.5189040965171188,0.7128761131977971,1.2273923444976076,0.85,1.89,0.63,1.27,-0.6285298895029087,-0.6623724312726809,-1.0043466808180541,-334.4371428571429,False,False,False,False,-185.31885912177063,-5.013049427780454,True
66333,2026-04-21 23:00:00+00:00,6,0.0,0.0,0.0,0.0,23,2026-04-21,0.0,0.0,516.98,0.5189040965171188,0.9998411962659136,2.0,1.0,0.0,0.0,0.0,-0.6302414492510408,-0.6744907594765952,-1.0029300217852062,-40.00428571428571,False,False,False,False,23.962116517852905,0.4359627703583037,False
66333,2026-04-22 23:00:00+00:00,6,1.0,1.0,0.0,0.0,23,2026-04-22,0.0,0.0,516.98,0.5189040965171188,0.9998411962659136,2.0,0.85,0.44,0.0,0.0,-0.6302414492510408,-0.6744907594765952,-1.0029300217852062,-40.00428571428571,False,False,False,False,5.871704275185337,-0.03505413253208469,False
66330,2026-04-21 17:00:00+00:00,3687,3683.0,3676.0,11.0,3660.0,17,2026-04-21,3271.0,5.0,542.82,0.1268681997422934,1.015644275641629,0.985064071737716,0.85,402.61,358.26,408.79,0.40893733178472524,0.616401744788891,-1.0023496669406127,-154.0671428571428,False,False,False,False,-147.59935889985783,-18.936810731721565,True
66333,2026-04-21 17:00:00+00:00,17,9.0,9.0,0.0,0.0,17,2026-04-21,5.0,0.0,516.98,0.5189040965171188,0.7128761131977971,1.2273923444976076,0.85,2.83,1.57,3.18,-0.6259761336882355,-0.644291116174777,-1.0015237710422336,-333.4971428571429,False,False,False,False,-46.87403468844241,-1.408385722440031,False
66338,2026-04-22 23:00:00+00:00,6,4.0,4.0,1.0,3.0,23,2026-04-22,4.0,1.0,519.33,0.1268681997422934,1.0000004307878039,2.0,0.85,0.43,0.43,1.01,-0.5476053191074339,-0.5261491491449729,-1.0003640966698653,-1.9571428571428575,False,False,False,False,0.3757466101057281,0.7781659531276968,False
66338,2026-04-26 09:00:00+00:00,1,0.0,0.0,0.0,0.0,9,2026-04-26,0.0,0.0,516.98,0.1268681997422934,1.015644275641629,2.0,1.0,0.0,0.0,0.0,-0.609992265650498,-0.7254831880280903,-1.0,-0.13,False,False,False,False,-0.06793954586363249,-0.051119374727171284,False
66338,2026-04-24 09:00:00+00:00,3,2.0,2.0,0.0,2.0,9,2026-04-24,2.0,0.0,516.98,0.1268681997422934,1.015644275641629,2.0,1.0,0.26,0.26,0.51,-0.5722699258802733,-0.6049556296336472,1.0,0.13,False,False,False,False,-5.165381553314859,-9.578650963209471,True
66333,2026-04-21 14:00:00+00:00,28,23.0,23.0,0.0,0.0,14,2026-04-21,15.0,0.0,516.98,0.5189040965171188,0.5822372097709865,0.7747074367685919,0.85,5.91,3.85,6.03,-0.6197819174569005,-0.6004343093415633,-0.9995974938088923,-438.5542857142857,False,False,False,False,-60.80882768317163,-1.7712034930221456,False
66335,2026-04-24 08:00:00+00:00,1438,1430.0,1424.0,11.0,1414.0,8,2026-04-24,1358.0,7.0,542.82,0.5189040965171188,0.9989644695743897,1.518348623853211,0.85,627.43,598.35,1069.94,0.0827893070062665,0.4657349176442344,0.9991898048067616,189.39857142857142,False,False,False,False,19.004507987202942,0.3993938037782903,False
66342,2026-04-25 14:00:00+00:00,9566,9559.0,9542.0,82.0,9518.0,14,2026-04-25,8070.0,40.0,709.64,0.5189040965171188,0.5822372097709865,0.5,0.85,2450.45,2072.43,2093.78,1.659995283791863,10.89697775074229,0.9987227929430036,984.3399999999999,False,True,False,False,102.24307136562538,0.8259722295600082,False
66335,2026-04-23 01:00:00+00:00,1391,1385.0,1381.0,0.0,1378.0,1,2026-04-23,1380.0,0.0,516.98,0.5189040965171188,0.9999982358498678,1.6807534807534807,0.85,609.11,608.67,1203.57,0.10756958539186676,0.5031532465666826,0.9974046283301067,223.93285714285713,False,False,False,False,286.3902088255101,5.446240247819012,True
66335,2026-04-23 00:00:00+00:00,1432,1408.0,1404.0,0.0,1401.0,0,2026-04-23,1403.0,0.0,516.98,0.5189040965171188,0.9999810335986662,1.65127132281944,0.85,619.25,618.81,1202.16,0.13191764961957875,0.5399189302172277,0.9961509365041848,228.47142857142853,False,False,False,False,317.03553899625166,6.02466413179547,True
66335,2026-04-21 20:00:00+00:00,450,442.0,440.0,1.0,425.0,20,2026-04-21,428.0,1.0,519.33,0.5189040965171188,0.9792008154013185,1.7315221059736754,0.85,190.03,184.85,384.56,-0.9101026612539828,-1.0335363041999919,-0.9941002778685809,-173.1285714285714,False,False,False,False,27.41967621375892,0.5582282579284055,False
66338,2026-04-25 02:00:00+00:00,7,5.0,5.0,0.0,5.0,2,2026-04-25,5.0,0.0,516.98,0.1268681997422934,1.0000000312061639,2.0,0.85,0.54,0.54,1.27,-0.5316458676661849,-0.4751567205934777,-0.9938152436244121,-1.6414285714285715,False,False,False,False,-0.5870997856625659,-1.0214718724972425,False
66342,2026-04-25 13:00:00+00:00,10166,10158.0,10134.0,88.0,10113.0,13,2026-04-25,8481.0,41.0,723.73,0.5189040965171188,0.7128761131977971,0.5,0.85,3186.41,2666.66,2200.41,2.3353505701268404,14.216254305638994,0.9928914032692083,1256.2728571428572,False,True,False,False,74.23993411848369,0.5844914291959646,False
66330,2026-04-22 13:00:00+00:00,3708,3699.0,3684.0,16.0,3651.0,13,2026-04-22,3159.0,12.0,554.57,0.1268681997422934,1.1155964303431323,1.0,0.85,443.2,380.04,400.78,0.4977413293997279,0.6997468528190752,-0.9925249817015075,-172.32571428571424,False,False,False,False,-3.1202331630392734,-0.43560058458583834,False
66333,2026-04-20 23:00:00+00:00,6,1.0,1.0,0.0,0.0,23,2026-04-20,1.0,0.0,516.98,0.5189040965171188,0.9998411962659136,2.0,0.85,0.44,0.44,1.04,-0.6290460741888533,-0.6660271651754488,-0.9918989734436057,-39.56428571428571,False,False,False,False,-18.773147753157296,-0.6767278389611289,False
66335,2026-04-26 02:00:00+00:00,1422,1419.0,1419.0,0.0,1416.0,2,2026-04-26,1415.0,0.0,516.98,0.5189040965171188,0.9999998722053931,1.6600873645041256,0.85,625.88,624.11,1218.92,0.14464395537962565,0.5591357076677103,0.9877267500978868,233.26000000000005,False,False,False,False,-14.88636793552189,-0.24028904425650885,False
66330,2026-04-22 10:00:00+00:00,2720,2714.0,2698.0,13.0,2670.0,10,2026-04-22,2221.0,7.0,547.52,0.1268681997422934,1.0375286663287155,1.1796009620270316,0.85,301.87,248.5,332.38,-0.03858915022733565,0.19638525914182944,-0.9874203358371173,-180.67428571428576,False,False,False,False,-85.23699244052067,-10.951025648562936,True
66342,2026-04-23 01:00:00+00:00,483,476.0,476.0,0.0,475.0,1,2026-04-23,474.0,0.0,516.98,0.5189040965171188,0.9999982358498678,2.0,0.85,209.95,209.07,491.92,-0.45775378028289554,0.4885379861186171,0.9873511346702182,108.48333333333333,False,False,False,False,42.79565695313863,0.3133364814576934,False
66333,2026-04-26 05:00:00+00:00,285,283.0,282.0,2.0,281.0,5,2026-04-26,215.0,2.0,521.67,0.5189040965171188,0.9999982358498678,2.0,0.85,124.38,94.83,223.13,-0.3726109557345929,1.14960616683641,0.9863748107839821,44.10857142857142,False,False,False,False,20.589503596029147,0.34815063695988396,False
66336,2026-04-25 05:00:00+00:00,125,120.0,115.0,0.0,100.0,5,2026-04-25,114.0,0.0,516.98,0.5189040965171188,0.9999982358498678,2.0,0.85,50.72,50.28,118.31,-0.9244536911056068,-0.6689564870519285,-0.9863318811439132,-32.32428571428572,False,False,False,False,-19.415089993299944,-0.9744131900656348,False
66338,2026-04-21 19:00:00+00:00,2,2.0,2.0,0.0,2.0,19,2026-04-21,2.0,0.0,516.98,0.1268681997422934,1.001284160344515,2.0,0.85,0.22,0.22,0.51,-0.578073362768,-0.6234983309251,-0.9859701728720167,-0.808,False,False,False,False,-2.423105803898146,-4.453115687142538,True
66330,2026-04-21 13:00:00+00:00,3555,3547.0,3537.0,10.0,3509.0,13,2026-04-21,3169.0,6.0,540.47,0.1268681997422934,1.1155964303431323,1.0,0.85,425.51,381.24,402.05,0.5026341116374691,0.7043388697904351,-0.9856134770373395,-171.12571428571425,False,False,False,False,-40.67359990894363,-5.244480250455654,True
66336,2026-04-24 03:00:00+00:00,39,33.0,29.0,2.0,22.0,3,2026-04-24,28.0,2.0,521.67,0.5189040965171188,0.9999999927903216,2.0,0.85,12.79,12.35,29.06,-0.9969710914263955,-0.748319418268417,-0.9829500148467384,-9.577142857142858,False,False,False,False,-6.23743285403998,-0.375351577021109,False
66338,2026-04-21 23:00:00+00:00,49,48.0,42.0,1.0,39.0,23,2026-04-21,40.0,1.0,519.33,0.1268681997422934,1.0000004307878039,2.0,0.85,4.53,4.31,10.15,0.015328059002074877,1.2724928761259475,0.9828394701588599,1.9228571428571422,False,False,False,False,3.9919038164524556,7.537056385235473,True
66330,2026-04-22 08:00:00+00:00,1195,1185.0,1182.0,6.0,1167.0,8,2026-04-22,915.0,6.0,531.07,0.1268681997422934,1.0050789526870891,2.0,0.85,128.11,99.17,232.17,-0.6474551265289122,-0.37505298613582827,-0.9818817690040157,-51.949999999999974,False,False,False,False,-14.740899268240554,-1.923679811017904,False
66336,2026-04-26 22:00:00+00:00,169,159.0,157.0,4.0,153.0,22,2026-04-26,155.0,4.0,526.37,0.5189040965171188,0.9989644695743897,2.0,0.85,69.18,68.29,160.86,-0.8900208311062023,-0.6312732181036299,-0.9814503944918415,-52.87714285714284,False,False,False,False,-25.65598424705587,-1.2581267621357983,False
66336,2026-04-20 07:00:00+00:00,873,864.0,859.0,23.0,851.0,7,2026-04-20,836.0,22.0,571.01,0.5189040965171188,0.9998411962659136,2.0,0.85,378.82,368.67,867.61,-0.3157319645531166,-0.002772367093642142,0.9802328563679515,61.73571428571432,False,False,False,False,-4.841860235724994,-0.31190828243441293,False
66333,2026-04-24 22:00:00+00:00,509,501.0,499.0,3.0,499.0,22,2026-04-24,496.0,3.0,524.02,0.5189040965171188,0.9989644695743897,2.0,0.85,219.87,218.54,514.75,-0.03652038995456821,3.5292226463701213,0.977491124544148,109.5842857142857,False,True,False,False,0.34299993703308473,-0.17900404143527354,False
66333,2026-04-20 11:00:00+00:00,20,14.0,12.0,1.0,0.0,11,2026-04-20,3.0,0.0,519.33,0.5189040965171188,0.9359340011553848,0.893815331010453,0.85,4.95,1.24,1.39,-0.626872664984876,-0.6506388119006369,-0.9772348022020697,-599.0414285714286,False,False,False,False,35.579261449821445,0.7384363432589136,False
66342,2026-04-20 19:00:00+00:00,58,52.0,52.0,2.0,46.0,19,2026-04-20,42.0,1.0,521.67,0.5189040965171188,0.9359340011553848,0.9004826678367706,0.85,21.47,17.34,19.63,-0.6756590847088001,-0.5824360371894375,-0.976784443384851,-521.8499999999999,False,False,False,False,-15.528232773790315,-0.1896107221825201,False
66333,2026-04-21 11:00:00+00:00,22,16.0,15.0,2.0,0.0,11,2026-04-21,8.0,1.0,521.67,0.5189040965171188,0.9359340011553848,0.893815331010453,0.85,6.19,3.3,3.71,-0.6212761362846347,-0.6110138022179965,-0.9738742605157676,-596.9814285714286,False,False,False,False,-92.46259585166688,-2.5953671244274013,False
66332,2026-04-25 10:00:00+00:00,3978,3966.0,3961.0,21.0,3935.0,10,2026-04-25,3926.0,19.0,566.32,0.5189040965171188,0.9792008154013185,0.6413125,0.85,1710.73,1695.62,1306.49,2.0616222943653493,6.790530760103897,0.9735305513099898,745.5142857142856,False,True,False,False,1272.1188497256176,25.987443290272875,True
66333,2026-04-22 11:00:00+00:00,25,20.0,19.0,0.0,0.0,11,2026-04-22,9.0,0.0,516.98,0.5189040965171188,0.9359340011553848,0.893815331010453,0.85,7.84,3.72,4.17,-0.6201350964525467,-0.6029349167487204,-0.9731891015311817,-596.5614285714286,False,False,False,False,-273.8450023933202,-7.317989153269402,True
66336,2026-04-23 22:00:00+00:00,176,166.0,166.0,5.0,156.0,22,2026-04-23,156.0,4.0,528.72,0.5189040965171188,0.9989644695743897,2.0,0.85,73.14,68.74,161.9,-0.8891604875748458,-0.6303316594680534,-0.9730979636747202,-52.427142857142854,False,False,False,False,-67.05502657146843,-3.140143937971498,False
66335,2026-04-24 10:00:00+00:00,3708,3701.0,3682.0,35.0,3666.0,10,2026-04-24,3540.0,17.0,599.21,0.5189040965171188,0.9792008154013185,0.6151309873508782,0.85,1590.24,1528.91,1129.95,2.317240455698546,3.839765941100978,0.972391311682609,533.8857142857144,False,True,False,False,58.85309733331792,1.1515271856717892,False
66333,2026-04-21 22:00:00+00:00,6,0.0,0.0,0.0,0.0,22,2026-04-21,0.0,0.0,516.98,0.5189040965171188,0.9989644695743897,2.0,1.0,0.0,0.0,0.0,-0.6302414492510408,-0.6744907594765952,-0.9718842714395656,-108.9557142857143,False,False,False,False,8.811827957612898,0.04149735410266696,False
66333,2026-04-20 13:00:00+00:00,16,11.0,11.0,0.0,0.0,13,2026-04-20,4.0,0.0,516.98,0.5189040965171188,0.7128761131977971,0.767005531469577,0.85,3.46,1.26,1.59,-0.6268183297547767,-0.6502541030687666,-0.9713553302828394,-539.81,False,False,False,False,33.0365975388557,0.6722334472514069,False
66333,2026-04-22 13:00:00+00:00,20,16.0,15.0,0.0,0.0,13,2026-04-22,10.0,0.0,516.98,0.5189040965171188,0.7128761131977971,0.767005531469577,0.85,4.72,3.14,3.98,-0.6217108181254303,-0.6140914728729588,-0.9679723843927452,-537.93,False,False,False,False,-244.8325497709062,-6.562596993259205,True
66333,2026-04-21 12:00:00+00:00,22,21.0,20.0,0.0,0.0,12,2026-04-21,7.0,0.0,516.98,0.5189040965171188,0.846313658188328,0.8075076729361769,0.85,7.47,2.61,2.93,-0.6231507017230651,-0.6242862569175217,-0.9672782127651107,-605.0428571428571,False,False,False,False,-85.40810177605665,-2.411690494708843,False
66333,2026-04-22 12:00:00+00:00,19,16.0,14.0,0.0,0.0,12,2026-04-22,7.0,0.0,516.98,0.5189040965171188,0.846313658188328,0.8075076729361769,0.85,5.23,2.61,2.93,-0.6231507017230651,-0.6242862569175217,-0.9672782127651107,-605.0428571428571,False,False,False,False,-271.87884407720946,-7.266796632710783,True
66331,2026-04-24 05:00:00+00:00,255,253.0,251.0,3.0,250.0,5,2026-04-24,231.0,2.0,524.02,0.1268681997422934,1.000038778282299,2.0,0.85,27.07,24.91,58.61,-0.7961982924022307,-0.5347836157630502,0.9662160885353815,7.224285714285713,False,False,False,False,11.882791109171436,1.2480480650010355,False
66342,2026-04-22 19:00:00+00:00,82,74.0,74.0,5.0,67.0,19,2026-04-22,56.0,0.0,528.72,0.5189040965171188,0.9359340011553848,0.9004826678367706,0.85,30.55,23.12,26.17,-0.6690899893164164,-0.5501498542513445,-0.9659655987307083,-516.0699999999999,False,False,False,False,-347.7039878581431,-3.0540778885350166,False
66333,2026-04-21 13:00:00+00:00,28,22.0,20.0,1.0,0.0,13,2026-04-21,14.0,1.0,519.33,0.5189040965171188,0.7128761131977971,0.767005531469577,0.85,6.29,4.4,5.57,-0.6182876986291661,-0.5898548164651303,-0.9657050908706608,-536.67,False,False,False,False,-75.51042582534313,-2.1539864352556175,False
66330,2026-04-21 14:00:00+00:00,3825,3810.0,3796.0,18.0,3762.0,14,2026-04-21,3421.0,9.0,559.27,0.1268681997422934,1.10201349172765,0.9253314909786623,0.85,451.11,406.55,401.61,0.6058310436684937,0.8011921610780366,-0.9656426704877454,-186.14999999999992,False,False,False,False,-30.246581294360738,-3.9092530222129995,True
66333,2026-04-20 12:00:00+00:00,27,18.0,18.0,0.0,0.0,12,2026-04-20,11.0,0.0,516.98,0.5189040965171188,0.846313658188328,0.8075076729361769,0.85,6.72,4.11,4.61,-0.6190755594656078,-0.5954330945272496,-0.9648801721932425,-603.5428571428571,False,False,False,False,45.42245186004055,0.9947217722137442,False
66338,2026-04-21 17:00:00+00:00,3,3.0,3.0,0.0,3.0,17,2026-04-21,3.0,0.0,516.98,0.1268681997422934,1.015644275641629,2.0,0.85,0.33,0.33,0.76,-0.5621139113267511,-0.5725059023736048,-0.9645044799478106,-4.6033333333333335,False,False,False,False,0.10227753842532383,0.2670301294931379,False
66333,2026-04-20 22:00:00+00:00,6,3.0,3.0,0.0,0.0,22,2026-04-20,2.0,0.0,516.98,0.5189040965171188,0.9989644695743897,2.0,0.85,1.32,0.88,2.08,-0.6278506991266658,-0.6575635708743022,-0.96403467709315,-108.0757142857143,False,False,False,False,3.306850463056527,-0.10183478311925873,False
66333,2026-04-23 22:00:00+00:00,576,573.0,572.0,2.0,569.0,22,2026-04-23,492.0,0.0,521.67,0.5189040965171188,0.9989644695743897,2.0,0.85,252.03,216.78,510.6,-0.04130189020331803,3.4953682691655357,0.9617919358513168,107.82428571428571,False,False,False,False,71.55339503534265,1.6750885741932993,False
66335,2026-04-22 13:00:00+00:00,1515,1509.0,1504.0,3.0,1493.0,13,2026-04-22,1476.0,2.0,524.02,0.5189040965171188,0.7128761131977971,0.5,0.85,472.9,464.09,382.95,-0.23959443098314367,-0.021065939054207877,-0.9579030461774684,-458.66285714285726,False,False,False,False,-51.06242733994054,-0.9231042291829552,False
66333,2026-04-22 22:00:00+00:00,9,4.0,4.0,0.0,0.0,22,2026-04-22,4.0,0.0,516.98,0.5189040965171188,0.9989644695743897,2.0,0.85,1.76,1.76,4.15,-0.6254599490022908,-0.6406363822720093,-0.9561850827467343,-107.19571428571429,False,False,False,False,-46.22641665545579,-1.3915238048639424,False
66333,2026-04-21 10:00:00+00:00,19,14.0,14.0,0.0,0.0,10,2026-04-21,7.0,0.0,516.98,0.5189040965171188,0.9792008154013185,1.1640385706182643,0.85,6.05,3.02,4.23,-0.6220368295060268,-0.6163997258641806,-0.9560821544080927,-474.7871428571429,False,False,False,False,-51.964769112681005,-1.5409322852146983,False
66333,2026-04-22 10:00:00+00:00,19,15.0,14.0,0.0,0.0,10,2026-04-22,7.0,0.0,516.98,0.5189040965171188,0.9792008154013185,1.1640385706182643,0.85,6.05,3.02,4.23,-0.6220368295060268,-0.6163997258641806,-0.9560821544080927,-474.7871428571429,False,False,False,False,-191.29916947366402,-5.168757723560938,True
66330,2026-04-21 23:00:00+00:00,205,202.0,201.0,1.0,198.0,23,2026-04-21,164.0,0.0,519.33,0.1268681997422934,1.0000004307878039,2.0,0.85,21.68,17.69,41.61,-0.9796750404715392,-0.6868509384911725,-0.9560386486441984,-28.43428571428571,False,False,False,False,-6.860813224479159,-0.9145988996431198,False
66338,2026-04-20 22:00:00+00:00,118,117.0,109.0,4.0,103.0,22,2026-04-20,105.0,3.0,526.37,0.1268681997422934,1.0000046314053592,2.0,0.8547275776183382,11.82,11.39,26.64,1.0425363881297354,4.554551004713092,0.9533525790893804,6.525714285714287,False,True,False,False,-0.19450939287470348,-0.28768866061303705,False
66333,2026-04-20 10:00:00+00:00,24,20.0,20.0,0.0,0.0,10,2026-04-20,12.0,0.0,516.98,0.5189040965171188,0.9792008154013185,1.1640385706182643,0.85,8.64,5.18,7.25,-0.6161686246552883,-0.5748511720221887,-0.9517325474640335,-472.62714285714287,False,False,False,False,39.11781702738517,0.8305690965921128,False
66336,2026-04-22 04:00:00+00:00,134,127.0,123.0,4.0,118.0,4,2026-04-22,120.0,2.0,526.37,0.5189040965171188,0.9999998722053931,2.0,0.85,54.25,52.93,124.54,-0.9193872236431736,-0.663411752864644,0.9510332321227377,15.059999999999995,False,False,False,False,10.687719032768541,0.3940726600177759,False
66332,2026-04-21 18:00:00+00:00,413,406.0,403.0,16.0,386.0,18,2026-04-21,368.0,14.0,554.57,0.5189040965171188,0.846313658188328,0.9559344140115521,0.85,150.43,137.37,182.54,-0.48993372743277,-0.0816101183739662,-0.9506879119083552,-416.9014285714286,False,False,False,False,-329.76738883030856,-6.83643636790697,True
66330,2026-04-21 03:00:00+00:00,126,124.0,123.0,0.0,123.0,3,2026-04-21,57.0,0.0,516.98,0.1268681997422934,1.0000004307878039,2.0,0.85,13.26,6.15,14.46,-1.0267272963244836,-0.7310108350324178,-0.9501332185127127,-8.777142857142858,False,False,False,False,-2.1667696213284273,-0.31350523508214667,False
66331,2026-04-23 23:00:00+00:00,110,109.0,109.0,1.0,108.0,23,2026-04-23,90.0,1.0,519.33,0.1268681997422934,1.0000004307878039,2.0,0.85,11.75,9.71,22.84,-0.9140435901742756,-0.6734869850932843,-0.9489781908980394,-16.327142857142857,False,False,False,False,-2.6980106762592015,-0.11278857081026292,False
66331,2026-04-23 02:00:00+00:00,13,8.0,8.0,0.0,8.0,2,2026-04-23,2.0,0.0,516.98,0.1268681997422934,1.0000000312061639,2.0,0.85,0.86,0.22,0.51,-0.9876193714806379,-0.7600853387080159,-0.9482338197705504,-8.944285714285714,False,False,False,False,5.598309765350251,0.6615129364397289,False
66342,2026-04-25 12:00:00+00:00,9672,9665.0,9654.0,74.0,9625.0,12,2026-04-25,8129.0,38.0,690.84,0.5189040965171188,0.846313658188328,0.5,0.85,3603.67,3034.41,2109.09,2.7533064231630187,16.27044873046316,0.9474603297024863,1374.9014285714286,False,True,False,False,123.38864444177113,1.0083178669619477,False
66338,2026-04-26 04:00:00+00:00,33,27.0,27.0,1.0,25.0,4,2026-04-26,27.0,1.0,519.33,0.1268681997422934,1.0000046314053592,2.0,0.85,2.91,2.91,6.85,-0.18779223206836637,0.6234983309251001,0.9472888077140822,1.1528571428571428,False,False,False,False,-0.026716206331864,0.02593038258199284,False
66335,2026-04-21 18:00:00+00:00,769,757.0,754.0,1.0,746.0,18,2026-04-21,745.0,1.0,519.33,0.5189040965171188,0.846313658188328,0.9538018218999814,0.85,281.45,278.1,368.72,-0.6861917155701418,-0.6954297952834886,-0.9465027196912457,-283.79714285714283,False,False,False,False,19.463817038150296,0.40806316135134596,False
66338,2026-04-21 14:00:00+00:00,5,5.0,5.0,0.0,5.0,14,2026-04-21,5.0,0.0,516.98,0.1268681997422934,1.10201349172765,2.0,0.9156070420608747,0.64,0.64,1.27,-0.5171372754468677,-0.4287999673648457,0.9464458343267654,0.25999999999999995,False,False,False,False,-0.5072064344174327,-0.8721447341825648,False
66333,2026-04-21 16:00:00+00:00,15,13.0,13.0,0.0,0.0,16,2026-04-21,9.0,0.0,516.98,0.5189040965171188,0.5822372097709865,1.1323107481792098,0.85,3.34,2.31,5.29,-0.6239657301745565,-0.630056889395576,-0.9446553650070678,-304.88,False,False,False,False,-41.32326304225382,-1.2638612508929965,False
66333,2026-04-20 16:00:00+00:00,18,14.0,14.0,0.0,0.0,16,2026-04-20,9.0,0.0,516.98,0.5189040965171188,0.5822372097709865,1.1323107481792098,0.85,3.6,2.31,5.29,-0.6239657301745565,-0.630056889395576,-0.9446553650070678,-304.88,False,False,False,False,22.941297010277104,0.40938387119234726,False
66335,2026-04-26 01:00:00+00:00,1378,1373.0,1370.0,0.0,1368.0,1,2026-04-26,1353.0,0.0,516.98,0.5189040965171188,0.9999982358498678,1.6807534807534807,0.85,604.26,596.76,1180.02,0.0789714152782524,0.4599698844090896,0.9443570797256903,212.02285714285716,False,False,False,False,-18.44722980658173,-0.30749953088812576,False
66333,2026-04-22 16:00:00+00:00,25,18.0,16.0,0.0,0.0,16,2026-04-22,13.0,0.0,516.98,0.5189040965171188,0.5822372097709865,1.1323107481792098,0.85,4.11,3.34,7.64,-0.6211674658244358,-0.6102443845542559,-0.9414639617469088,-303.85,False,False,False,False,-168.5159795424851,-4.575555787894878,True
66332,2026-04-25 15:00:00+00:00,5097,5091.0,5088.0,35.0,5069.0,15,2026-04-25,5058.0,32.0,599.21,0.5189040965171188,0.5266127405031122,0.5198338315010892,0.85,1181.8,1174.83,1364.36,1.2088548561543804,4.493760506227763,0.9374055025096144,538.4057142857142,False,True,False,False,1034.7307740623971,21.123179249350226,True
66330,2026-04-20 19:00:00+00:00,1960,1958.0,1950.0,7.0,1942.0,19,2026-04-20,1719.0,5.0,533.42,0.1268681997422934,1.001284160344515,1.5151633816299004,0.85,210.55,185.61,330.44,-0.2950117126702885,-0.04427469696552934,-0.9347975347601307,-139.21285714285716,False,False,False,False,-2.350730186367315,-0.33706222336826114,False
66332,2026-04-22 00:00:00+00:00,159,154.0,154.0,2.0,154.0,0,2026-04-22,150.0,1.0,521.67,0.5189040965171188,0.9999810335986662,2.0,0.85,67.92,66.16,155.67,-0.6065365217932668,-0.3956580259346328,0.933395263412306,33.61571428571428,False,False,False,False,24.888140336808306,0.43072788464560813,False
66338,2026-04-25 05:00:00+00:00,23,11.0,7.0,0.0,7.0,5,2026-04-25,7.0,0.0,516.98,0.1268681997422934,1.000038778282299,2.0,0.85,0.75,0.75,1.78,-0.5011778240056187,-0.37780753881335055,-0.9324177765584516,-3.8271428571428574,False,False,False,False,-10.052154161561695,-18.71242439756026,True
66336,2026-04-20 13:00:00+00:00,3994,3986.0,3980.0,71.0,3966.0,13,2026-04-20,3901.0,66.0,683.79,0.5189040965171188,0.7128761131977971,0.5187825471459628,0.85,1251.42,1226.58,1050.14,1.3244842998604855,1.792277786345264,0.932199499797243,353.59571428571417,False,False,False,False,-19.72102477232852,-0.9883211086185658,False
66333,2026-04-26 10:00:00+00:00,2732,2726.0,2715.0,46.0,2706.0,10,2026-04-26,2177.0,30.0,625.05,0.5189040965171188,0.9792008154013185,1.1640385706182643,0.85,1172.59,940.23,1314.96,1.9241392205683165,17.411248489993792,0.9311841067223567,462.42285714285714,False,True,False,False,-4.056105757074647,-0.2935427878016503,False
66333,2026-04-26 13:00:00+00:00,4152,4141.0,4134.0,50.0,4123.0,13,2026-04-26,3362.0,26.0,634.45,0.5189040965171188,0.7128761131977971,0.767005531469577,0.85,1299.84,1057.1,1338.08,2.241647137654336,19.65929454902786,0.9285646636517546,516.03,False,True,False,False,10.339195467374566,0.08126515509984658,False
66332,2026-04-21 17:00:00+00:00,563,557.0,556.0,22.0,540.0,17,2026-04-21,526.0,21.0,568.67,0.5189040965171188,0.7128761131977971,0.6600836281762624,0.85,174.82,165.39,180.17,-0.4440523863573436,0.04196272771295798,-0.9270124351584922,-512.6057142857144,False,False,False,False,-518.4826606541037,-10.70335726585355,True
66338,2026-04-22 03:00:00+00:00,37,35.0,35.0,0.0,33.0,3,2026-04-22,34.0,0.0,516.98,0.1268681997422934,1.0000004307878039,2.0,0.85,3.77,3.67,8.63,-0.0775269312015554,0.975809655462703,0.9263688929197634,1.6514285714285717,False,False,False,False,-0.06283000848584575,-0.041569235912794586,False
66335,2026-04-23 05:00:00+00:00,1566,1561.0,1557.0,2.0,1553.0,5,2026-04-23,1545.0,1.0,521.67,0.5189040965171188,0.9999982358498678,1.4131662305467567,0.85,686.74,681.45,1132.95,0.282328176564735,0.7670394848395312,0.9252476146349923,225.76428571428573,False,False,False,False,319.7361223963628,6.075637051016488,True
66332,2026-04-20 06:00:00+00:00,490,486.0,485.0,9.0,477.0,6,2026-04-20,457.0,7.0,538.12,0.5189040965171188,0.9999810335986662,2.0,0.85,213.91,201.56,474.28,-0.38482583008688764,0.2014784251777707,0.9233904513184,90.80857142857143,False,False,False,False,25.454587987449372,0.44233483217395597,False
66331,2026-04-24 20:00:00+00:00,2318,2304.0,2301.0,12.0,2293.0,20,2026-04-24,2130.0,9.0,545.17,0.1268681997422934,1.0002528661646692,2.0,0.85,248.2,229.75,540.46,0.7919221546784064,1.3344267903951823,0.9227599142805208,71.15714285714284,False,False,False,False,59.33612123175445,5.676901229069447,True
66333,2026-04-21 08:00:00+00:00,12,11.0,11.0,0.0,0.0,8,2026-04-21,1.0,0.0,516.98,0.5189040965171188,0.9989644695743897,2.0,0.85,4.85,0.44,1.04,-0.6290460741888533,-0.6660271651754488,-0.921105439766681,-178.80714285714285,False,False,False,False,4.744691550770564,-0.06439796593129686,False
66333,2026-04-22 08:00:00+00:00,8,6.0,6.0,0.0,0.0,8,2026-04-22,1.0,0.0,516.98,0.5189040965171188,0.9989644695743897,2.0,0.85,2.64,0.44,1.04,-0.6290460741888533,-0.6660271651754488,-0.921105439766681,-178.80714285714285,False,False,False,False,-33.44246279018158,-1.058670231626235,False
66333,2026-04-20 08:00:00+00:00,5,3.0,3.0,0.0,0.0,8,2026-04-20,1.0,0.0,516.98,0.5189040965171188,0.9989644695743897,2.0,0.85,1.32,0.44,1.04,-0.6290460741888533,-0.6660271651754488,-0.921105439766681,-178.80714285714285,False,False,False,False,3.018231451184377,-0.10934950590521433,False
66335,2026-04-24 13:00:00+00:00,4465,4456.0,4441.0,37.0,4425.0,13,2026-04-24,4334.0,32.0,603.91,0.5189040965171188,0.7128761131977971,0.5,0.85,1396.37,1362.73,1124.47,1.9182107403769297,3.2372293228517064,0.918878515728706,439.9771428571428,False,False,False,False,20.287089951983944,0.42360225698970605,False
66332,2026-04-23 19:00:00+00:00,17,8.0,8.0,1.0,0.0,19,2026-04-23,7.0,1.0,519.33,0.5189040965171188,0.9359340011553848,0.8746909896854488,0.85,3.3,2.89,3.18,-0.7101379653993423,-0.674689216938191,-0.9175807686235432,-688.2814285714286,False,False,False,False,-71.30148339120836,-1.540271402082948,False
66336,2026-04-23 19:00:00+00:00,542,530.0,529.0,18.0,519.0,19,2026-04-23,509.0,15.0,559.27,0.5189040965171188,0.9359340011553848,1.3544086589229145,0.85,218.38,210.12,357.73,-0.6188596687677506,-0.3345148596951255,-0.9159362257465462,-229.64142857142855,False,False,False,False,-149.59179627416978,-6.89229880670574,True
66340,2026-04-24 02:00:00+00:00,65,53.0,53.0,1.0,49.0,2,2026-04-24,49.0,1.0,519.33,0.5189040965171188,0.9999998722053931,2.0,0.85,23.38,21.61,50.85,-0.8471128484807702,-0.6404014660632426,-0.9151698260802539,-107.96285714285715,False,False,False,False,9.717489633817877,0.13281200637377874,False
66332,2026-04-23 04:00:00+00:00,2,0.0,0.0,0.0,0.0,4,2026-04-23,0.0,0.0,516.98,0.5189040965171188,0.9999998722053931,2.0,1.0,0.0,0.0,0.0,-0.7148701950819969,-0.6874345961384483,-0.9144211948823768,-27.54,False,False,False,False,5.293582980765962,0.029220351133213942,False
66336,2026-04-22 11:00:00+00:00,4876,4867.0,4854.0,53.0,4834.0,11,2026-04-22,4760.0,49.0,641.5,0.5189040965171188,0.9359340011553848,0.5,0.85,2003.78,1964.98,1234.99,2.736212441090922,3.3372708897002648,0.9137121441359827,298.6400000000001,False,False,False,False,1.6452295226549722,-0.01700256334101373,False
66333,2026-04-20 15:00:00+00:00,20,12.0,12.0,0.0,0.0,15,2026-04-20,4.0,0.0,516.98,0.5189040965171188,0.5266127405031122,1.0,0.85,2.79,0.93,2.08,-0.6277148610514172,-0.6566017987946264,-0.9119431687188351,-307.5128571428571,False,False,False,False,21.490549904178014,0.3716110222585728,False
66342,2026-04-20 01:00:00+00:00,6,3.0,2.0,0.0,0.0,1,2026-04-20,1.0,0.0,516.98,0.5189040965171188,0.9999982358498678,2.0,0.85,0.88,0.44,1.04,-0.6948663013405102,-0.676836814292166,-0.9114757256116771,-100.14666666666666,False,False,False,False,-90.05971457762368,-0.8323216341588164,False
66338,2026-04-22 00:00:00+00:00,49,42.0,42.0,0.0,41.0,0,2026-04-22,42.0,0.0,516.98,0.1268681997422934,1.0000000312061639,2.0,0.85,4.53,4.53,10.66,0.04724696188457289,1.3744777332289382,0.9109400704983734,1.6185714285714283,False,False,False,False,3.0742093195331717,5.821811112176129,True
66330,2026-04-26 21:00:00+00:00,1016,1008.0,1006.0,7.0,1004.0,21,2026-04-26,775.0,2.0,533.42,0.1268681997422934,1.000038778282299,2.0,0.85,108.49,83.58,196.65,-0.7110205224342333,-0.43471093995541366,-0.9101439283323519,-62.46857142857142,False,False,False,False,0.3566328597050301,0.009627946609763103,False
66338,2026-04-25 04:00:00+00:00,14,7.0,6.0,0.0,6.0,4,2026-04-25,6.0,0.0,516.98,0.1268681997422934,1.0000046314053592,2.0,0.85,0.65,0.65,1.52,-0.5156864162249359,-0.4241642920419825,-0.9097259305804384,-1.1071428571428572,False,False,False,False,-0.39285097192215845,-0.6584051213244672,False
66333,2026-04-21 21:00:00+00:00,7,0.0,0.0,0.0,0.0,21,2026-04-21,0.0,0.0,516.98,0.5189040965171188,0.9947411425730011,2.0,1.0,0.0,0.0,0.0,-0.6302414492510408,-0.6744907594765952,-0.9088784036533757,-176.30285714285714,False,False,False,False,3.7041064661056176,-0.0914914979745745,False
66333,2026-04-22 15:00:00+00:00,21,16.0,15.0,0.0,0.0,15,2026-04-22,10.0,0.0,516.98,0.5189040965171188,0.5266127405031122,1.0,0.85,3.48,2.32,5.19,-0.6239385625595069,-0.6298645349796409,-0.9078210613822618,-306.12285714285713,False,False,False,False,-90.98639239884125,-2.556931473041521,False
66333,2026-04-21 15:00:00+00:00,25,23.0,20.0,0.0,0.0,15,2026-04-21,14.0,0.0,516.98,0.5189040965171188,0.5266127405031122,1.0,0.85,4.65,3.25,7.26,-0.6214119743598833,-0.6119755742976722,-0.905063104675058,-305.1928571428571,False,False,False,False,0.8163242589433892,-0.16668017876269964,False
66333,2026-04-22 21:00:00+00:00,9,4.0,3.0,0.0,0.0,21,2026-04-22,2.0,0.0,516.98,0.5189040965171188,0.9947411425730011,2.0,0.85,1.32,0.88,2.08,-0.6278506991266658,-0.6575635708743022,-0.9043418180972671,-175.42285714285714,False,False,False,False,-70.5908778065444,-2.025897023010502,False
66333,2026-04-20 21:00:00+00:00,10,3.0,3.0,0.0,0.0,21,2026-04-20,2.0,0.0,516.98,0.5189040965171188,0.9947411425730011,2.0,0.85,1.32,0.88,2.08,-0.6278506991266658,-0.6575635708743022,-0.9043418180972671,-175.42285714285714,False,False,False,False,12.982152965814878,0.1500793777216036,False
66332,2026-04-23 00:00:00+00:00,6,0.0,0.0,0.0,0.0,0,2026-04-23,0.0,0.0,516.98,0.5189040965171188,0.9999810335986662,2.0,1.0,0.0,0.0,0.0,-0.7148701950819969,-0.6874345961384483,-0.903645297513737,-32.544285714285714,False,False,False,False,-18.305887007381216,-0.45435091893780094,False
66342,2026-04-22 01:00:00+00:00,8,4.0,4.0,1.0,3.0,1,2026-04-22,3.0,1.0,519.33,0.5189040965171188,0.9999982358498678,2.0,0.85,1.76,1.32,3.11,-0.6938661622496283,-0.6719212708690654,-0.9034664861108956,-99.26666666666667,False,False,False,False,80.41066928369243,0.6377038265562373,False
66330,2026-04-22 01:00:00+00:00,65,62.0,60.0,0.0,58.0,1,2026-04-22,36.0,0.0,516.98,0.1268681997422934,1.0000000017605313,2.0,0.85,6.47,3.88,9.13,-1.0359828093908774,-0.7396974004699072,-0.9025613243497874,-14.758571428571429,False,False,False,False,-0.41827169016264065,-0.08960211065947109,False
66333,2026-04-20 09:00:00+00:00,17,11.0,9.0,0.0,0.0,9,2026-04-20,5.0,0.0,516.98,0.5189040965171188,0.9947411425730011,1.827426536064114,0.85,3.95,2.19,4.74,-0.6242917415551531,-0.6323651423867979,-0.902153674070694,-307.5628571428571,False,False,False,False,20.236349543173013,0.33895562658708794,False
66333,2026-04-21 09:00:00+00:00,14,12.0,12.0,0.0,0.0,9,2026-04-21,5.0,0.0,516.98,0.5189040965171188,0.9947411425730011,1.827426536064114,0.85,5.26,2.19,4.74,-0.6242917415551531,-0.6323651423867979,-0.902153674070694,-307.5628571428571,False,False,False,False,-6.342945432717885,-0.3530848328904749,False
66333,2026-04-22 09:00:00+00:00,17,12.0,10.0,0.0,0.0,9,2026-04-22,5.0,0.0,516.98,0.5189040965171188,0.9947411425730011,1.827426536064114,0.85,4.39,2.19,4.74,-0.6242917415551531,-0.6323651423867979,-0.902153674070694,-307.5628571428571,False,False,False,False,-78.95047676623025,-2.2435544405739356,False
66330,2026-04-23 14:00:00+00:00,6574,6568.0,6556.0,61.0,6538.0,14,2026-04-23,6449.0,59.0,660.3,0.1268681997422934,1.10201349172765,0.9253314909786623,0.85,779.11,766.39,757.08,2.0730133440258185,2.178184983556523,0.9010071202633179,173.69000000000005,False,False,False,False,290.935016830126,37.219513586731956,True
66340,2026-04-22 07:00:00+00:00,919,917.0,915.0,10.0,913.0,7,2026-04-22,907.0,10.0,540.47,0.5189040965171188,0.9998411962659136,2.0,0.85,403.51,399.99,941.29,-0.43810034651698604,0.09666749632214997,0.8996991486054488,136.0214285714286,False,False,False,False,64.69453563622812,0.8773406924414003,False
66336,2026-04-24 12:00:00+00:00,2525,2512.0,2505.0,76.0,2499.0,12,2026-04-24,2450.0,71.0,695.54,0.5189040965171188,0.846313658188328,0.5,0.85,935.07,914.54,635.66,0.7279029764726938,1.139380104911225,-0.8986013947808161,-437.27571428571423,False,False,False,False,-387.55910097562605,-17.710388539940244,True
66333,2026-04-22 20:00:00+00:00,7,3.0,2.0,0.0,0.0,20,2026-04-22,2.0,0.0,516.98,0.5189040965171188,0.9792008154013185,2.0,0.85,0.86,0.86,2.08,-0.6279050343567651,-0.6579482797061725,-0.898457141146699,-285.41714285714284,False,False,False,False,-92.26880740861142,-2.5903214885933736,False
66330,2026-04-21 16:00:00+00:00,4021,4013.0,4005.0,25.0,3987.0,16,2026-04-21,3586.0,15.0,575.71,0.1268681997422934,1.0375286663287155,0.936983721243105,0.85,448.1,401.22,426.28,0.58409893589586,0.7807959523635792,-0.8976898611882568,-151.90857142857146,False,False,False,False,-64.71189856024378,-8.322693886226416,True
66342,2026-04-21 20:00:00+00:00,11,7.0,7.0,0.0,0.0,20,2026-04-21,2.0,0.0,516.98,0.5189040965171188,0.9792008154013185,1.1828242074927955,0.85,3.02,0.86,1.23,-0.694388962228953,-0.6744907594765952,-0.8976680534675641,-414.5628571428571,False,False,False,False,64.71315212816647,0.5023386718240964,False
66333,2026-04-21 20:00:00+00:00,13,7.0,7.0,0.0,0.0,20,2026-04-21,3.0,0.0,516.98,0.5189040965171188,0.9792008154013185,2.0,0.85,3.02,1.3,3.11,-0.6267096592945777,-0.649484685405026,-0.89707207668229,-284.97714285714284,False,False,False,False,-5.784291412576792,-0.3385392557734705,False
66340,2026-04-25 07:00:00+00:00,932,925.0,920.0,13.0,916.0,7,2026-04-25,906.0,13.0,547.52,0.5189040965171188,0.9998411962659136,2.0,0.85,405.72,399.54,940.25,-0.43858677715783306,0.09579091449152091,0.8967226718758293,135.5714285714286,False,False,False,False,97.09525356309416,1.3161286175816418,False
66336,2026-04-26 12:00:00+00:00,2525,2516.0,2514.0,62.0,2508.0,12,2026-04-26,2453.0,58.0,662.65,0.5189040965171188,0.846313658188328,0.5,0.85,938.43,915.66,636.44,0.7300442759285146,1.141723539737549,-0.8962997952881516,-436.1557142857142,False,False,False,False,-13.717488210893123,-0.7153979130567145,False
66340,2026-04-26 18:00:00+00:00,1383,1368.0,1366.0,6.0,1360.0,18,2026-04-26,1267.0,3.0,531.07,0.5189040965171188,0.846313658188328,0.5087258304412494,0.85,509.9,472.95,334.46,-0.35923372528098607,0.23879063046147608,-0.8951889917656454,-591.1185714285714,False,False,False,False,-1.1200652349801885,-0.013955982693844715,False
66342,2026-04-22 20:00:00+00:00,19,12.0,12.0,1.0,9.0,20,2026-04-22,5.0,0.0,519.33,0.5189040965171188,0.9792008154013185,1.1828242074927955,0.85,5.18,2.16,3.07,-0.6929114840265137,-0.6672291612379239,-0.8948531161199432,-413.2628571428571,False,False,False,False,-118.19509201605553,-1.0749427877251176,False
66332,2026-04-21 15:00:00+00:00,594,586.0,584.0,31.0,558.0,15,2026-04-21,529.0,27.0,589.81,0.5189040965171188,0.5266127405031122,0.5198338315010892,0.85,135.65,122.87,142.69,-0.5136767483319022,-0.14555752266591487,-0.8941372658063922,-513.5542857142857,False,False,False,False,-763.3092993027415,-15.720043176935496,True
66342,2026-04-21 00:00:00+00:00,3,0.0,0.0,0.0,0.0,0,2026-04-21,0.0,0.0,516.98,0.5189040965171188,0.9999810335986662,2.0,1.0,0.0,0.0,0.0,-0.6953663708859512,-0.6792945860037163,-0.8938044377910283,-100.93714285714285,False,False,False,False,32.37806716448111,0.2235019783508645,False
66333,2026-04-20 20:00:00+00:00,17,10.0,9.0,0.0,0.0,20,2026-04-20,6.0,0.0,516.98,0.5189040965171188,0.9792008154013185,2.0,0.85,3.89,2.59,6.23,-0.6232050369531645,-0.6246709657493918,-0.8930113195025459,-283.6871428571429,False,False,False,False,13.72110926225987,0.16931945370516488,False
66340,2026-04-20 09:00:00+00:00,3647,3633.0,3622.0,31.0,3599.0,9,2026-04-20,3585.0,31.0,589.81,0.5189040965171188,0.9947411425730011,0.62161507239353,0.85,1589.15,1572.92,1156.37,0.8297865236357211,2.3814877776549332,0.8929290958520404,551.5114285714287,False,False,False,False,-7.442051862844323,-0.09957172125452335,False
66332,2026-04-26 06:00:00+00:00,71,66.0,66.0,4.0,66.0,6,2026-04-26,52.0,0.0,526.37,0.5189040965171188,0.9999810335986662,2.0,0.85,29.11,22.94,53.97,-0.6773070985698526,-0.5862653923827722,-0.8929138888972,-87.81142857142858,False,False,False,False,-45.71639788321656,-1.0160133445846629,False
66342,2026-04-20 20:00:00+00:00,25,20.0,19.0,0.0,12.0,20,2026-04-20,8.0,0.0,516.98,0.5189040965171188,0.9792008154013185,1.1828242074927955,0.85,8.21,3.46,4.91,-0.6914340058240744,-0.6599675629992524,-0.8920381787723225,-411.96285714285716,False,False,False,False,-31.250818689348378,-0.3251920535588441,False
66338,2026-04-25 03:00:00+00:00,11,6.0,4.0,0.0,4.0,3,2026-04-25,4.0,0.0,516.98,0.1268681997422934,1.0000004307878039,2.0,0.85,0.43,0.43,1.01,-0.5476053191074339,-0.5261491491449729,-0.8911091772722981,-1.5885714285714283,False,False,False,False,0.1922611351497916,0.43521675309462715,False
66332,2026-04-26 08:00:00+00:00,391,384.0,384.0,4.0,382.0,8,2026-04-26,338.0,1.0,526.37,0.5189040965171188,0.9989644695743897,1.3109748307141944,0.85,169.19,148.93,229.93,-0.47100480870215156,-0.030628601572936766,-0.890472779620173,-323.71999999999997,False,False,False,False,13.710609888517439,0.20169169875447668,False
66342,2026-04-22 00:00:00+00:00,6,2.0,2.0,0.0,1.0,0,2026-04-22,1.0,0.0,516.98,0.5189040965171188,0.9999810335986662,2.0,0.85,0.88,0.44,1.04,-0.6948663013405102,-0.676836814292166,-0.8899082114714003,-100.49714285714285,False,False,False,False,33.04836569307132,0.22928219589357307,False
66332,2026-04-26 07:00:00+00:00,210,206.0,206.0,5.0,204.0,7,2026-04-26,165.0,0.0,528.72,0.5189040965171188,0.9998411962659136,2.0,0.85,90.85,72.76,171.24,-0.5957293536598688,-0.36655093156726304,-0.8892081856839102,-205.7614285714286,False,False,False,False,-8.455851619167277,-0.25251612666003503,False
66338,2026-04-24 23:00:00+00:00,9,6.0,6.0,0.0,6.0,23,2026-04-24,6.0,0.0,516.98,0.1268681997422934,1.0000004307878039,2.0,0.85,0.65,0.65,1.52,-0.5156864162249359,-0.4241642920419825,-0.887914409890917,-1.7371428571428575,False,False,False,False,0.44395400957635855,0.905651101967986,False
66342,2026-04-25 17:00:00+00:00,7189,7170.0,7150.0,81.0,7123.0,17,2026-04-25,5874.0,41.0,707.29,0.5189040965171188,0.7128761131977971,0.5,0.85,2248.15,1846.95,1524.02,1.4037323721872477,9.637481465468728,0.8852801929957159,808.1700000000001,False,True,False,False,196.07402812100872,1.6351092321837657,False
66335,2026-04-26 03:00:00+00:00,1328,1324.0,1322.0,1.0,1319.0,3,2026-04-26,1307.0,0.0,519.33,0.5189040965171188,0.9999999927903216,1.6871095034528116,0.85,583.09,576.48,1144.21,0.030275286822828387,0.38643851710799926,0.8835977599830733,192.81428571428575,False,False,False,False,-13.724523274057447,-0.21835948115775,False
66342,2026-04-21 06:00:00+00:00,9,2.0,2.0,0.0,0.0,6,2026-04-21,1.0,0.0,516.98,0.5189040965171188,0.9999810335986662,2.0,0.85,0.88,0.44,1.04,-0.6948663013405102,-0.676836814292166,-0.8807675803884905,-148.12857142857143,False,False,False,False,30.674235406449622,0.20880924399814066,False
66342,2026-04-20 00:00:00+00:00,11,6.0,5.0,2.0,3.0,0,2026-04-20,4.0,1.0,521.67,0.5189040965171188,0.9999810335986662,2.0,0.85,2.21,1.76,4.15,-0.6933660927041874,-0.669463499157515,-0.8782195325125162,-99.17714285714284,False,False,False,False,-83.93894657622954,-0.7795401210456687,False
66342,2026-04-21 21:00:00+00:00,3,1.0,1.0,0.0,0.0,21,2026-04-21,0.0,0.0,516.98,0.5189040965171188,0.9947411425730011,1.6749918380672544,0.85,0.44,0.0,0.0,-0.6953663708859512,-0.6792945860037163,-0.8759926024899959,-302.82571428571424,False,False,False,False,74.66811089383825,0.5881837465780275,False
66330,2026-04-20 12:00:00+00:00,3587,3573.0,3561.0,11.0,3540.0,12,2026-04-20,3156.0,8.0,542.82,0.1268681997422934,1.10201349172765,1.0286532951289398,0.85,423.19,375.06,411.87,0.47743628311310193,0.6806899823879311,-0.8756274600290574,-145.91571428571427,False,False,False,False,-1.3092493817304671,-0.20369586243184543,False
66335,2026-04-22 15:00:00+00:00,1715,1708.0,1702.0,7.0,1690.0,15,2026-04-22,1671.0,7.0,533.42,0.5189040965171188,0.5266127405031122,0.5188874841972188,0.85,395.33,388.13,449.92,-0.4219888056120397,-0.29648224379734545,-0.8745679654692281,-255.7614285714285,False,False,False,False,-31.01791089065523,-0.5447683785842521,False
66335,2026-04-26 04:00:00+00:00,1328,1325.0,1323.0,2.0,1321.0,4,2026-04-26,1315.0,1.0,521.67,0.5189040965171188,0.9999998722053931,1.6871095034528116,0.85,583.53,580.0,1151.21,0.038727474799312205,0.3992013579807723,0.8740585535329783,196.14428571428573,False,False,False,False,-16.499596954248318,-0.2707383880735375,False
66332,2026-04-23 02:00:00+00:00,3,0.0,0.0,0.0,0.0,2,2026-04-23,0.0,0.0,516.98,0.5189040965171188,0.9999998722053931,2.0,1.0,0.0,0.0,0.0,-0.7148701950819969,-0.6874345961384483,-0.8734071252840965,-18.52857142857143,False,False,False,False,4.5503831286868035,0.01399161520961005,False
66332,2026-04-23 01:00:00+00:00,6,0.0,0.0,0.0,0.0,1,2026-04-23,0.0,0.0,516.98,0.5189040965171188,0.9999982358498678,2.0,1.0,0.0,0.0,0.0,-0.7148701950819969,-0.6874345961384483,-0.8719978313105465,-22.735714285714288,False,False,False,False,-6.097438375229785,-0.20419042746865695,False
66332,2026-04-26 10:00:00+00:00,794,784.0,783.0,35.0,771.0,10,2026-04-26,654.0,20.0,599.21,0.5189040965171188,0.9792008154013185,0.6413125,0.85,338.17,282.46,217.64,-0.25235614796690187,0.5582608394687119,-0.8718458019695444,-667.6457142857143,False,False,False,False,14.227945210658248,0.21229229694188834,False
66332,2026-04-23 20:00:00+00:00,12,8.0,8.0,1.0,0.0,20,2026-04-23,5.0,1.0,519.33,0.5189040965171188,0.9792008154013185,1.1836428653823972,0.85,3.46,2.16,3.07,-0.7113333036928847,-0.6779086379818545,-0.8717462883207463,-531.4357142857143,False,False,False,False,-69.05222764105291,-1.4941824237981183,False
66333,2026-04-26 06:00:00+00:00,280,275.0,271.0,8.0,271.0,6,2026-04-26,220.0,5.0,535.77,0.5189040965171188,0.9999810335986662,2.0,0.85,119.53,97.03,228.32,-0.36663408042365564,1.1919241383421426,0.8716510983069693,41.39428571428571,False,False,False,False,15.06394971695255,0.20428275600921456,False
66342,2026-04-21 04:00:00+00:00,4,2.0,2.0,0.0,0.0,4,2026-04-21,1.0,0.0,516.98,0.5189040965171188,0.9999998722053931,2.0,0.85,0.88,0.44,1.04,-0.6948663013405102,-0.676836814292166,-0.8716128256441941,-77.36571428571429,False,False,False,False,52.077837669872864,0.3933799569018407,False
66332,2026-04-21 11:00:00+00:00,783,781.0,780.0,35.0,755.0,11,2026-04-21,725.0,32.0,599.21,0.5189040965171188,0.9359340011553848,0.5121792951981631,0.85,321.99,299.29,192.68,-0.22479786922673664,0.6324839301055049,-0.8703229119709875,-845.0814285714287,False,False,False,False,-1768.3255303480846,-36.31359784289507,True
66342,2026-04-26 09:00:00+00:00,3726,3714.0,3704.0,39.0,3695.0,9,2026-04-26,3139.0,21.0,608.61,0.5189040965171188,0.9947411425730011,0.7029045074667762,0.85,1625.13,1377.23,1144.92,0.8698854019951238,7.013698446492775,0.8687015957599613,580.5257142857142,False,True,False,False,-234.62728107646353,-2.0789780839958882,False
66336,2026-04-22 15:00:00+00:00,4176,4164.0,4149.0,68.0,4131.0,15,2026-04-22,4051.0,66.0,676.74,0.5189040965171188,0.5266127405031122,0.5,0.85,963.7,940.94,1051.04,0.7783764636456132,1.1946182115317183,0.8680614183072688,268.27857142857147,False,False,False,False,312.70055865263646,14.123698264239268,True
66336,2026-04-25 01:00:00+00:00,198,190.0,186.0,0.0,161.0,1,2026-04-25,185.0,0.0,516.98,0.5189040965171188,0.9999982358498678,2.0,0.85,82.04,81.6,191.99,-0.864573781323189,-0.603424006015798,0.8679852752240564,26.02571428571428,False,False,False,False,-7.034262039935697,-0.41157575347213265,False
66330,2026-04-23 15:00:00+00:00,6347,6337.0,6321.0,52.0,6297.0,15,2026-04-23,6168.0,45.0,639.15,0.1268681997422934,1.0701127791564455,0.9306234800502419,0.85,729.44,711.78,728.23,1.85035097902328,1.9692099445515476,0.8671783050581847,137.8371428571428,False,False,False,False,-0.8030102594781852,-0.1388696369288474,False
66332,2026-04-21 00:00:00+00:00,8,5.0,5.0,0.0,4.0,0,2026-04-21,3.0,0.0,516.98,0.5189040965171188,0.9999810335986662,2.0,0.85,2.21,1.32,3.11,-0.7127087614553173,-0.6816131772649744,-0.8669933395266999,-31.224285714285713,False,False,False,False,-4.160505343879322,-0.16450118163037863,False
66342,2026-04-20 04:00:00+00:00,10,3.0,2.0,1.0,0.0,4,2026-04-20,2.0,1.0,519.33,0.5189040965171188,0.9999998722053931,2.0,0.85,0.88,0.88,2.08,-0.6943662317950693,-0.6743790425806157,-0.8666557248557605,-76.92571428571429,False,False,False,False,-75.93345014778384,-0.7105059386327721,False
66333,2026-04-21 01:00:00+00:00,3,0.0,0.0,0.0,0.0,1,2026-04-21,0.0,0.0,516.98,0.5189040965171188,0.9999982358498678,2.0,1.0,0.0,0.0,0.0,-0.6302414492510408,-0.6744907594765952,-0.8655315782693656,-21.66428571428571,False,False,False,False,3.9198292049286465,-0.08587476271390404,False
66332,2026-04-21 13:00:00+00:00,805,794.0,791.0,33.0,775.0,13,2026-04-21,741.0,28.0,594.51,0.5189040965171188,0.7128761131977971,0.5276120937885643,0.85,248.71,232.99,202.87,-0.3333607854758721,0.34008993668783605,-0.8650171165128652,-612.8642857142856,False,False,False,False,-881.3089878618771,-18.137947447378195,True
66342,2026-04-20 21:00:00+00:00,19,14.0,14.0,1.0,10.0,21,2026-04-20,9.0,0.0,519.33,0.5189040965171188,0.9947411425730011,1.6749918380672544,0.85,6.14,3.95,7.82,-0.6908771101939243,-0.6572304990477531,-0.8645663245466015,-298.87571428571425,False,False,False,False,-43.41465686390471,-0.43008506436570954,False
66331,2026-04-21 23:00:00+00:00,134,133.0,133.0,1.0,130.0,23,2026-04-21,104.0,1.0,519.33,0.1268681997422934,1.0000004307878039,2.0,0.85,14.34,11.22,26.39,-0.902336590198237,-0.6597079003769255,-0.8612128616672031,-14.817142857142857,False,False,False,False,1.3216090896020631,0.2623654104255973,False
66332,2026-04-21 14:00:00+00:00,745,736.0,735.0,24.0,711.0,14,2026-04-21,689.0,19.0,573.36,0.5189040965171188,0.5822372097709865,0.5450440879634548,0.85,188.75,176.94,194.87,-0.4251398421238969,0.09290014285585509,-0.8605345175735182,-493.32428571428574,False,False,False,False,-770.7753954675142,-15.87302922309182,True
66342,2026-04-22 21:00:00+00:00,23,17.0,17.0,0.0,12.0,21,2026-04-22,13.0,0.0,516.98,0.5189040965171188,0.9947411425730011,1.6749918380672544,0.85,7.46,5.7,11.3,-0.6888881972291022,-0.6474552706495417,-0.8595040495083889,-297.12571428571425,False,False,False,False,-93.05028513406324,-0.8581103650835231,False
66332,2026-04-26 09:00:00+00:00,560,551.0,549.0,22.0,542.0,9,2026-04-26,459.0,10.0,568.67,0.5189040965171188,0.9947411425730011,0.9108743897026187,0.85,240.87,201.39,216.95,-0.3851041965388085,0.2007286969895202,-0.859399443983059,-473.8457142857144,False,False,False,False,13.975039996596308,0.20711007481431776,False
66340,2026-04-26 13:00:00+00:00,9163,9147.0,9133.0,31.0,9113.0,13,2026-04-26,9036.0,27.0,589.81,0.5189040965171188,0.7128761131977971,0.5,0.85,2871.66,2841.16,2344.41,2.200699403519831,4.851968090714952,0.85863533083165,924.9971428571428,False,True,False,False,0.3446096022101983,0.005879430653061154,False
66342,2026-04-22 03:00:00+00:00,7,3.0,3.0,0.0,1.0,3,2026-04-22,1.0,0.0,516.98,0.5189040965171188,0.9999999927903216,2.0,0.85,1.32,0.44,1.04,-0.6948663013405102,-0.676836814292166,-0.8573233691210413,-62.73285714285714,False,False,False,False,89.59848009260912,0.7169335174351432,False
66342,2026-04-21 03:00:00+00:00,1,1.0,1.0,0.0,0.0,3,2026-04-21,1.0,0.0,516.98,0.5189040965171188,0.9999999927903216,2.0,0.85,0.44,0.44,1.04,-0.6948663013405102,-0.676836814292166,-0.8573233691210413,-62.73285714285714,False,False,False,False,53.173967264051086,0.4028322639547545,False
66331,2026-04-22 21:00:00+00:00,711,701.0,697.0,0.0,693.0,21,2026-04-22,537.0,0.0,516.98,0.1268681997422934,1.000038778282299,2.0,0.85,75.17,57.91,136.26,-0.5403499485550279,-0.23365130076977908,-0.8572187860600464,-40.85714285714286,False,False,False,False,-15.124822847857331,-1.2725918188287697,False
66330,2026-04-25 03:00:00+00:00,112,109.0,108.0,0.0,107.0,3,2026-04-25,65.0,0.0,516.98,0.1268681997422934,1.0000004307878039,2.0,0.85,11.65,7.01,16.49,-1.0232208023874358,-0.7277198895362765,-0.8570374832352627,-7.917142857142858,False,False,False,False,-10.80522616873327,-1.419698943795246,False
66335,2026-04-24 05:00:00+00:00,1541,1538.0,1533.0,2.0,1530.0,5,2026-04-24,1507.0,1.0,521.67,0.5189040965171188,0.9999982358498678,1.4131662305467567,0.85,676.16,664.69,1105.08,0.24208423608579482,0.7062709584112139,0.8565602668012989,209.00428571428574,False,False,False,False,37.458999391103475,0.7477182804662829,False
66331,2026-04-25 03:00:00+00:00,133,129.0,127.0,0.0,125.0,3,2026-04-25,122.0,0.0,516.98,0.1268681997422934,1.0000004307878039,2.0,0.85,13.7,13.16,30.96,-0.8872958087720682,-0.6420049703439877,0.8556989702638914,4.562857142857142,False,False,False,False,7.683624081726293,0.8561368097127238,False
66330,2026-04-26 07:00:00+00:00,646,639.0,637.0,3.0,637.0,7,2026-04-26,533.0,2.0,524.02,0.1268681997422934,1.001284160344515,2.0,0.85,68.78,57.55,135.24,-0.8171531238079026,-0.534319441425831,-0.8556955112548409,-38.78,False,False,False,False,-4.377296186466538,-0.5965732306065973,False
66332,2026-04-24 02:00:00+00:00,4,2.0,2.0,1.0,1.0,2,2026-04-24,1.0,1.0,519.33,0.5189040965171188,0.9999998722053931,2.0,0.85,0.88,0.44,1.04,-0.714149717206437,-0.6854941231806236,-0.8526662313297787,-18.088571428571427,False,False,False,False,20.52050066770218,0.3412315924380721,False
66333,2026-04-20 02:00:00+00:00,6,0.0,0.0,0.0,0.0,2,2026-04-20,0.0,0.0,516.98,0.5189040965171188,0.9999998722053931,2.0,1.0,0.0,0.0,0.0,-0.6302414492510408,-0.6744907594765952,-0.8519398980833252,-15.318571428571428,False,False,False,False,-28.220885800095598,-0.9227169438247985,False
66333,2026-04-22 02:00:00+00:00,8,1.0,1.0,0.0,0.0,2,2026-04-22,0.0,0.0,516.98,0.5189040965171188,0.9999998722053931,2.0,0.85,0.44,0.0,0.0,-0.6302414492510408,-0.6744907594765952,-0.8519398980833252,-15.318571428571428,False,False,False,False,36.01616314995547,0.7498118764918881,False
66333,2026-04-21 02:00:00+00:00,6,0.0,0.0,0.0,0.0,2,2026-04-21,0.0,0.0,516.98,0.5189040965171188,0.9999998722053931,2.0,1.0,0.0,0.0,0.0,-0.6302414492510408,-0.6744907594765952,-0.8519398980833252,-15.318571428571428,False,False,False,False,6.863983342090469,-0.009218335833418578,False
66336,2026-04-26 05:00:00+00:00,132,128.0,128.0,8.0,125.0,5,2026-04-26,124.0,7.0,535.77,0.5189040965171188,0.9999982358498678,2.0,0.85,56.46,54.69,128.69,-0.9160223244983123,-0.6597292124232779,-0.85176669278084,-27.914285714285725,False,False,False,False,14.282145446529398,0.5574767357682514,False
66330,2026-04-22 14:00:00+00:00,4296,4288.0,4272.0,14.0,4254.0,14,2026-04-22,3606.0,11.0,549.87,0.1268681997422934,1.10201349172765,0.9253314909786623,0.85,507.68,428.53,423.33,0.6954505049897863,0.8853026052701138,-0.8516226549233048,-164.16999999999996,False,False,False,False,-3.1207061986170004,-0.4356611589462241,False
66340,2026-04-22 17:00:00+00:00,6195,6178.0,6156.0,29.0,6142.0,17,2026-04-22,6111.0,26.0,585.11,0.5189040965171188,0.7128761131977971,0.5,0.85,1935.61,1921.46,1585.51,1.2065432693264482,3.0604296248715004,0.8481905966524197,644.0757142857142,False,False,False,False,16.54252002189901,0.22524023372864352,False
66333,2026-04-20 01:00:00+00:00,5,2.0,2.0,0.0,0.0,1,2026-04-20,1.0,0.0,516.98,0.5189040965171188,0.9999982358498678,2.0,0.85,0.88,0.44,1.04,-0.6290460741888533,-0.6660271651754488,-0.8479526975501459,-21.22428571428571,False,False,False,False,-24.77296055139122,-0.8329439165296044,False
66342,2026-04-20 03:00:00+00:00,7,5.0,4.0,1.0,1.0,3,2026-04-20,3.0,1.0,519.33,0.5189040965171188,0.9999999927903216,2.0,0.85,1.76,1.32,3.11,-0.6938661622496283,-0.6719212708690654,-0.8452970626655826,-61.85285714285714,False,False,False,False,-90.19735674754317,-0.8335085705032217,False
66331,2026-04-25 22:00:00+00:00,963,962.0,961.0,11.0,955.0,22,2026-04-25,800.0,8.0,542.82,0.1268681997422934,1.0000046314053592,2.0,0.85,103.63,86.27,202.99,-0.32047543244876514,0.02513998569110487,0.8443196974373491,25.942857142857143,False,False,False,False,0.30326701453270744,0.16732281784833666,False
66338,2026-04-25 06:00:00+00:00,17,0.0,0.0,0.0,0.0,6,2026-04-25,0.0,0.0,516.98,0.1268681997422934,1.0002528661646692,2.0,1.0,0.0,0.0,0.0,-0.609992265650498,-0.7254831880280903,-0.8425494272913837,-4.248333333333333,False,False,False,False,-2.608823076662093,-4.800236297872157,True
66342,2026-04-22 04:00:00+00:00,9,7.0,7.0,1.0,6.0,4,2026-04-22,7.0,1.0,519.33,0.5189040965171188,0.9999998722053931,2.0,0.85,3.09,3.09,7.26,-0.6918545188509225,-0.6620343255748742,-0.8417575595320369,-74.71571428571428,False,False,False,False,73.94565826269678,0.5819537860541952,False
66338,2026-04-23 20:00:00+00:00,2,0.0,0.0,0.0,0.0,20,2026-04-23,0.0,0.0,516.98,0.1268681997422934,1.0002528661646692,2.0,1.0,0.0,0.0,0.0,-0.609992265650498,-0.7254831880280903,-0.8416985453032726,-4.862857142857143,False,False,False,False,-0.6828274955468254,-1.2003947083984958,False
66342,2026-04-23 11:00:00+00:00,6880,6871.0,6861.0,72.0,6840.0,11,2026-04-23,6676.0,67.0,686.14,0.5189040965171188,0.9359340011553848,0.5,0.85,2832.3,2755.93,1732.1,2.436807861766649,14.714902670843761,0.8395146670925872,1161.8899999999996,False,True,False,False,1314.9229395889736,11.283332866673172,True
66336,2026-04-23 14:00:00+00:00,2431,2423.0,2421.0,78.0,2407.0,14,2026-04-23,2340.0,65.0,700.24,0.5189040965171188,0.5822372097709865,0.5,0.85,621.73,600.93,607.12,0.1283200100977246,0.48319743001528564,-0.8392579658877874,-263.99428571428575,False,False,False,False,-351.4560025901355,-16.06912711340932,True
66332,2026-04-21 01:00:00+00:00,6,2.0,2.0,0.0,2.0,1,2026-04-21,2.0,0.0,516.98,0.5189040965171188,0.9999982358498678,2.0,0.85,0.88,0.88,2.08,-0.7134292393308771,-0.683553650222799,-0.8382466114495791,-21.85571428571429,False,False,False,False,2.538394530622327,-0.027235576851190397,False
66331,2026-04-23 22:00:00+00:00,412,411.0,411.0,1.0,409.0,22,2026-04-23,321.0,1.0,519.33,0.1268681997422934,1.0000046314053592,2.0,0.85,44.32,34.62,81.45,-0.7209168554702204,-0.4461777133816968,-0.836648290494774,-25.707142857142856,False,False,False,False,-7.786765279317976,-0.5877256693596234,False
66342,2026-04-21 05:00:00+00:00,7,1.0,1.0,0.0,0.0,5,2026-04-21,1.0,0.0,516.98,0.5189040965171188,0.9999982358498678,2.0,0.85,0.44,0.44,1.04,-0.6948663013405102,-0.676836814292166,-0.8353585600665021,-123.25714285714285,False,False,False,False,37.50918246156586,0.2677493716970041,False
66340,2026-04-22 18:00:00+00:00,4382,4369.0,4356.0,26.0,4342.0,18,2026-04-22,4328.0,24.0,578.06,0.5189040965171188,0.846313658188328,0.5087258304412494,0.85,1626.02,1615.57,1142.51,0.8758893388182237,2.464568255602332,0.8351928558208509,551.5014285714285,False,False,False,False,16.353580201989757,0.2226815092046536,False
66342,2026-04-20 06:00:00+00:00,34,27.0,26.0,0.0,16.0,6,2026-04-20,19.0,0.0,516.98,0.5189040965171188,0.9999810335986662,2.0,0.85,11.47,8.38,19.72,-0.685842319088689,-0.6324852065882806,-0.8335566033241715,-140.18857142857144,False,False,False,False,-38.55156708260636,-0.3881489483417811,False
66332,2026-04-25 09:00:00+00:00,2608,2601.0,2600.0,11.0,2594.0,9,2026-04-25,2585.0,11.0,542.82,0.5189040965171188,0.9947411425730011,0.9108743897026187,0.85,1140.75,1134.17,1221.82,1.1422761506537795,4.314443164261513,0.8323550431645429,458.9342857142857,False,True,False,False,840.1330935197736,17.13572327766388,True
66333,2026-04-22 01:00:00+00:00,9,2.0,2.0,0.0,0.0,1,2026-04-22,2.0,0.0,516.98,0.5189040965171188,0.9999982358498678,2.0,0.85,0.88,0.88,2.08,-0.6278506991266658,-0.6575635708743022,-0.8303738168309265,-20.784285714285712,False,False,False,False,34.2771631851624,0.7045338382384855,False
66331,2026-04-25 19:00:00+00:00,2441,2438.0,2429.0,35.0,2416.0,19,2026-04-25,2183.0,24.0,599.21,0.1268681997422934,1.001284160344515,2.0,0.85,262.27,235.71,553.91,0.8381299161732346,1.3888131115273001,0.8275624535175351,79.79285714285714,False,False,False,False,-8.626615071176417,-0.6661094497688367,False
66335,2026-04-22 16:00:00+00:00,1532,1519.0,1517.0,5.0,1501.0,16,2026-04-22,1487.0,4.0,528.72,0.5189040965171188,0.5822372097709865,0.627200488997555,0.85,389.58,381.87,483.95,-0.43702025354749113,-0.31917979603131125,-0.8253015120433759,-204.0885714285714,False,False,False,False,16.633640724471604,0.35464420431693433,False
66338,2026-04-26 05:00:00+00:00,16,13.0,11.0,0.0,11.0,5,2026-04-26,11.0,0.0,516.98,0.1268681997422934,1.000038778282299,2.0,0.85,1.19,1.19,2.79,-0.4373400182406229,-0.1738378246073699,-0.8252193162449006,-3.3871428571428575,False,False,False,False,0.09880436551087168,0.26053848827263293,False
66340,2026-04-21 00:00:00+00:00,112,87.0,86.0,0.0,84.0,0,2026-04-21,86.0,0.0,516.98,0.5189040965171188,0.9999810335986662,2.0,0.85,37.93,37.93,89.25,-0.8294716305727176,-0.6086107650057617,-0.8247044320529318,-86.74714285714285,False,False,False,False,-77.97343939409325,-1.0547456548060783,False
66340,2026-04-26 17:00:00+00:00,2186,2169.0,2169.0,15.0,2159.0,17,2026-04-26,2074.0,7.0,552.22,0.5189040965171188,0.7128761131977971,0.5,0.85,681.99,652.12,538.1,-0.16555866323528806,0.5878065562254985,-0.8234176134922346,-625.2642857142858,False,False,False,False,-0.8231341764145554,-0.009934782812045925,False
66330,2026-04-24 09:00:00+00:00,3933,3925.0,3913.0,26.0,3899.0,9,2026-04-24,3668.0,20.0,578.06,0.1268681997422934,1.015644275641629,1.7256194251734391,0.85,428.57,401.74,803.02,0.5862191415322144,0.7827858263845019,0.8227594264449457,117.33571428571429,False,False,False,False,156.03743587008483,19.945263891808978,True
66332,2026-04-21 12:00:00+00:00,1003,993.0,990.0,44.0,962.0,12,2026-04-21,930.0,35.0,620.35,0.5189040965171188,0.846313658188328,0.5,0.85,369.55,347.15,241.29,-0.14642952576242865,0.8435544659270677,-0.8214817564157556,-733.9814285714286,False,False,False,False,-1503.7985506640046,-30.893236809442755,True
66338,2026-04-23 06:00:00+00:00,5,1.0,1.0,0.0,0.0,6,2026-04-23,1.0,0.0,516.98,0.1268681997422934,1.0002528661646692,2.0,0.85,0.11,0.11,0.25,-0.594032814209249,-0.6744907594765951,-0.8207337104607711,-4.138333333333333,False,False,False,False,-0.6243153978237062,-1.0910308630520482,False
66332,2026-04-23 22:00:00+00:00,4,4.0,4.0,1.0,0.0,22,2026-04-23,1.0,0.0,519.33,0.5189040965171188,0.9989644695743897,2.0,0.85,1.76,0.44,1.04,-0.714149717206437,-0.6854941231806236,-0.8193227918037596,-104.96285714285715,False,False,False,False,13.437222198027712,0.19608977494948032,False
66342,2026-04-26 22:00:00+00:00,1164,1160.0,1156.0,9.0,1153.0,22,2026-04-26,1046.0,6.0,538.12,0.5189040965171188,0.9989644695743897,2.0,0.85,509.35,460.88,1085.55,-0.17156625247041435,1.8951095649492709,0.8189957234486416,243.06142857142856,False,False,False,False,75.30963221241791,0.5937158082214787,False
66333,2026-04-26 15:00:00+00:00,3055,3048.0,3038.0,44.0,3028.0,15,2026-04-26,2515.0,23.0,620.35,0.5189040965171188,0.5266127405031122,1.0,0.85,705.64,584.16,1305.04,0.956781951493113,10.562084801790991,0.8176515520794606,275.71714285714285,False,True,False,False,-0.15770826375756997,-0.19204089337787228,False
66330,2026-04-21 00:00:00+00:00,149,135.0,131.0,0.0,127.0,0,2026-04-21,106.0,0.0,516.98,0.1268681997422934,1.0000000312061639,2.0,0.85,14.13,11.43,26.9,-1.0051990544784224,-0.7108059603584338,-0.817549310369778,-18.302857142857142,False,False,False,False,-1.157862979574503,-0.1843101440768752,False
66332,2026-04-26 16:00:00+00:00,666,653.0,651.0,31.0,638.0,16,2026-04-26,562.0,8.0,589.81,0.5189040965171188,0.5822372097709865,0.6068724863969719,0.85,167.18,144.33,176.98,-0.4785370774011866,-0.050915364313830806,-0.8170804712470456,-460.5885714285714,False,False,False,False,-4.7519161132876775,-0.17661964263988914,False
66332,2026-04-23 23:00:00+00:00,1,0.0,0.0,0.0,0.0,23,2026-04-23,0.0,0.0,516.98,0.5189040965171188,0.9998411962659136,2.0,1.0,0.0,0.0,0.0,-0.7148701950819969,-0.6874345961384483,-0.8133646823847703,-55.67285714285714,False,False,False,False,2.92064333637731,-0.019403005163143843,False
66330,2026-04-26 18:00:00+00:00,3059,3055.0,3045.0,6.0,3037.0,18,2026-04-26,2622.0,4.0,531.07,0.1268681997422934,1.0050789526870891,1.230146954924403,0.85,330.03,284.19,409.21,0.10693034816015025,0.3329594972316949,-0.8127062779146726,-119.1414285714286,False,False,False,False,-1.0671110566838706,-0.1726889469794154,False
66332,2026-04-26 11:00:00+00:00,1011,995.0,991.0,36.0,975.0,11,2026-04-26,861.0,15.0,601.56,0.5189040965171188,0.9359340011553848,0.5121792951981631,0.85,409.1,355.43,228.83,-0.13287144210416554,0.8800706388606772,-0.8125060831706591,-788.9414285714286,False,False,False,False,14.470525732499965,0.2172629581940438,False
66330,2026-04-22 22:00:00+00:00,573,566.0,566.0,0.0,563.0,22,2026-04-22,434.0,0.0,516.98,0.1268681997422934,1.0000046314053592,2.0,0.85,61.04,46.8,110.12,-0.8609842980210007,-0.5754562601275978,-0.8121182905109061,-55.73857142857143,False,False,False,False,-4.986359659595934,-0.6745665826001421,False
66342,2026-04-25 18:00:00+00:00,4931,4926.0,4920.0,61.0,4911.0,18,2026-04-25,4049.0,24.0,660.3,0.5189040965171188,0.846313658188328,0.5278835271118428,0.85,1836.55,1511.42,1109.11,1.0223952481376792,7.763262960067635,0.8089486399174269,614.6900000000002,False,True,False,False,20.184823878459156,0.11835539703192234,False
66340,2026-04-21 15:00:00+00:00,3040,3025.0,3017.0,32.0,2999.0,15,2026-04-21,2955.0,28.0,592.16,0.5189040965171188,0.5266127405031122,0.5,0.85,700.77,686.36,766.68,-0.12854669625172663,0.6545046937382525,-0.8088795137787432,-556.63,False,False,False,False,-822.2880627475733,-11.134654068255358,True
66342,2026-04-22 05:00:00+00:00,26,18.0,18.0,2.0,15.0,5,2026-04-22,10.0,1.0,521.67,0.5189040965171188,0.9999982358498678,2.0,0.85,7.94,4.41,10.38,-0.6903543102145997,-0.6546610104402233,-0.8084524237843417,-119.28714285714285,False,False,False,False,20.990202282455385,0.12530045536151277,False
66333,2026-04-20 00:00:00+00:00,5,0.0,0.0,0.0,0.0,0,2026-04-20,0.0,0.0,516.98,0.5189040965171188,0.9999810335986662,2.0,1.0,0.0,0.0,0.0,-0.6302414492510408,-0.6744907594765952,-0.8075970139157618,-30.64428571428571,False,False,False,False,-20.856587204490268,-0.73097398794672,False
66333,2026-04-21 00:00:00+00:00,6,1.0,1.0,0.0,0.0,0,2026-04-21,0.0,0.0,516.98,0.5189040965171188,0.9999810335986662,2.0,0.85,0.44,0.0,0.0,-0.6302414492510408,-0.6744907594765952,-0.8075970139157618,-30.64428571428571,False,False,False,False,2.122633633052801,-0.13266802982125753,False
66340,2026-04-26 11:00:00+00:00,7719,7709.0,7705.0,21.0,7685.0,11,2026-04-26,7583.0,16.0,566.32,0.5189040965171188,0.9359340011553848,0.5,0.85,3180.71,3130.35,1967.42,2.513301352467732,5.415298534269663,0.8045844333933634,940.7999999999997,False,True,False,False,0.9155506968587588,0.013611421618928369,False
66338,2026-04-23 21:00:00+00:00,4,1.0,1.0,0.0,0.0,21,2026-04-23,1.0,0.0,516.98,0.1268681997422934,1.000038778282299,2.0,0.85,0.11,0.11,0.25,-0.594032814209249,-0.6744907594765951,-0.8036297963494192,-4.088571428571428,False,False,False,False,0.393283755145295,0.8109442962833483,False
66332,2026-04-21 10:00:00+00:00,837,829.0,826.0,32.0,762.0,10,2026-04-21,775.0,28.0,592.16,0.5189040965171188,0.9792008154013185,0.6413125,0.85,356.74,334.72,257.9,-0.166783025746995,0.7887361048685215,-0.8036020304062476,-615.3857142857142,False,False,False,False,-1129.5903459688982,-23.225423214209805,True
66331,2026-04-23 00:00:00+00:00,55,47.0,47.0,0.0,47.0,0,2026-04-23,21.0,0.0,516.98,0.1268681997422934,1.0000000312061639,2.0,0.85,5.07,2.26,5.33,-0.9718032920428108,-0.7414698865084317,-0.8012248377385939,-19.487142857142857,False,False,False,False,2.284074515703381,0.3521929954798798,False
66330,2026-04-21 04:00:00+00:00,120,116.0,114.0,1.0,111.0,4,2026-04-21,98.0,1.0,519.33,0.1268681997422934,1.0000046314053592,2.0,0.85,12.29,10.57,24.87,-1.0087055484154703,-0.7140969058545752,-0.8011893599605032,-6.144285714285715,False,False,False,False,-0.28912299134978525,-0.0730640315094194,False
66332,2026-04-23 21:00:00+00:00,9,2.0,2.0,0.0,0.0,21,2026-04-23,1.0,0.0,516.98,0.5189040965171188,0.9947411425730011,2.0,0.85,0.88,0.44,1.04,-0.714149717206437,-0.6854941231806236,-0.8006008882037904,-222.01428571428573,False,False,False,False,-12.078745314427053,-0.32675200172116764,False
66340,2026-04-22 08:00:00+00:00,1969,1964.0,1957.0,21.0,1945.0,8,2026-04-22,1933.0,20.0,566.32,0.5189040965171188,0.9989644695743897,1.1152048690359744,0.85,862.28,851.7,1118.6,0.05017873076527237,0.9765803379076081,0.7986201773903535,283.69000000000005,False,False,False,False,107.02244248916838,1.4505679420799251,False
66336,2026-04-21 07:00:00+00:00,838,830.0,826.0,12.0,816.0,7,2026-04-21,810.0,12.0,545.17,0.5189040965171188,0.9998411962659136,2.0,0.85,364.26,357.21,840.62,-0.33764204648499746,-0.026750727012992574,0.798272241447583,50.27571428571429,False,False,False,False,6.683646042129681,0.21204588551825052,False
66332,2026-04-21 04:00:00+00:00,14,11.0,10.0,1.0,9.0,4,2026-04-21,8.0,0.0,519.33,0.5189040965171188,0.9999998722053931,2.0,0.85,4.41,3.53,8.3,-0.7090899975803461,-0.6718667108177186,-0.7972132494235972,-24.009999999999998,False,False,False,False,0.19018920526434613,-0.0753521079487615,False
66335,2026-04-22 18:00:00+00:00,897,886.0,881.0,4.0,870.0,18,2026-04-22,865.0,4.0,526.37,0.5189040965171188,0.846313658188328,0.9538018218999814,0.85,328.86,322.89,428.12,-0.5786424259489168,-0.5330298967915833,-0.7971218753734753,-239.00714285714287,False,False,False,False,2.3494445205836314,0.08503313464658509,False
66335,2026-04-22 17:00:00+00:00,1302,1296.0,1292.0,8.0,1283.0,17,2026-04-22,1270.0,8.0,535.77,0.5189040965171188,0.7128761131977971,0.7285055023074193,0.85,406.24,399.32,480.09,-0.3951194921299788,-0.2559094627273651,-0.7970172495645961,-220.28285714285715,False,False,False,False,5.013634226984607,0.13531913088290043,False
66333,2026-04-22 00:00:00+00:00,5,2.0,2.0,0.0,0.0,0,2026-04-22,1.0,0.0,516.98,0.5189040965171188,0.9999810335986662,2.0,0.85,0.88,0.44,1.04,-0.6290460741888533,-0.6660271651754488,-0.7960012896937648,-30.20428571428571,False,False,False,False,32.05544843757394,0.6466874395231013,False
66335,2026-04-25 22:00:00+00:00,673,671.0,668.0,3.0,666.0,22,2026-04-25,642.0,2.0,524.02,0.5189040965171188,0.9989644695743897,1.4170694655434333,0.85,294.33,282.87,472.08,-0.6747380403860997,-0.6781346955780546,-0.795166425925874,-169.44857142857143,False,False,False,False,-360.8130407053803,-6.7695791031259525,True
66342,2026-04-22 06:00:00+00:00,54,50.0,49.0,3.0,41.0,6,2026-04-22,34.0,2.0,524.02,0.5189040965171188,0.9999810335986662,2.0,0.85,21.61,15.0,35.29,-0.6783185454731907,-0.5955069140190461,-0.7941943025476235,-133.56857142857143,False,False,False,False,0.28622429524801873,-0.05323715386942045,False
66340,2026-04-22 00:00:00+00:00,513,482.0,482.0,1.0,478.0,0,2026-04-22,472.0,1.0,519.33,0.5189040965171188,0.9999810335986662,2.0,0.85,212.59,208.18,489.85,-0.6454387047855875,-0.2769706390844311,0.7938610322671472,83.50285714285715,False,False,False,False,3.2843087735078598,0.04569041579301155,False
66331,2026-04-21 20:00:00+00:00,1077,1068.0,1062.0,4.0,1052.0,20,2026-04-21,904.0,4.0,526.37,0.1268681997422934,1.0002528661646692,2.0,0.85,114.55,97.51,229.38,-0.23333193593838447,0.1277074772221464,-0.7921174144711207,-61.08285714285715,False,False,False,False,-16.063109596407486,-1.3601627906527722,False
66330,2026-04-23 21:00:00+00:00,1926,1920.0,1917.0,23.0,1911.0,21,2026-04-23,1858.0,19.0,571.01,0.1268681997422934,1.000038778282299,2.0,0.85,206.73,200.37,471.44,-0.23483049114607188,0.012207111782198667,0.7914430770864822,54.321428571428584,False,False,False,False,71.52357433986845,9.122878965665986,True
66331,2026-04-25 18:00:00+00:00,2712,2707.0,2700.0,35.0,2677.0,18,2026-04-25,2445.0,26.0,599.21,0.1268681997422934,1.0050789526870891,2.0,0.85,292.64,265.0,620.39,1.0652147037879185,1.6560908541379946,0.7908269559070843,72.10428571428571,False,False,False,False,-7.79218263752702,-0.5882312752672181,False
66330,2026-04-21 09:00:00+00:00,1840,1834.0,1824.0,7.0,1808.0,9,2026-04-21,1567.0,3.0,533.42,0.1268681997422934,1.015644275641629,1.7256194251734391,0.85,199.77,171.63,343.06,-0.35201262573997344,-0.09777169468187344,-0.7907746349597237,-112.77428571428572,False,False,False,False,-16.190505357970267,-2.1093084737045205,False
66330,2026-04-22 21:00:00+00:00,1138,1132.0,1127.0,1.0,1122.0,21,2026-04-22,852.0,1.0,519.33,0.1268681997422934,1.000038778282299,2.0,0.85,121.54,91.88,216.18,-0.6771787786231901,-0.4029494892368403,-0.7892160051798875,-54.168571428571425,False,False,False,False,-14.125972856207397,-1.8449356829922847,False
66338,2026-04-25 00:00:00+00:00,25,16.0,14.0,0.0,13.0,0,2026-04-25,14.0,0.0,516.98,0.1268681997422934,1.0000000312061639,2.0,0.85,1.51,1.51,3.55,-0.39091252313880775,-0.025496214275747556,-0.7887309877836759,-1.401428571428572,False,False,False,False,0.15486553219865007,0.3653213451887527,False
66335,2026-04-20 12:00:00+00:00,1800,1788.0,1784.0,5.0,1769.0,12,2026-04-20,1738.0,5.0,528.72,0.5189040965171188,0.846313658188328,0.5,0.85,665.94,648.76,450.93,0.2038332831126731,0.6485118518477831,-0.7884779600531212,-526.2271428571428,False,False,False,False,-10.65633971572646,-0.1604481895947401,False
66332,2026-04-24 01:00:00+00:00,6,5.0,5.0,0.0,5.0,1,2026-04-24,5.0,0.0,516.98,0.5189040965171188,0.9999982358498678,2.0,0.85,2.21,2.21,5.19,-0.7112514312070257,-0.6776881296911926,-0.7872362450687987,-20.525714285714287,False,False,False,False,19.85007736412726,0.32749410390304323,False
66335,2026-04-20 16:00:00+00:00,1558,1552.0,1548.0,5.0,1533.0,16,2026-04-20,1524.0,4.0,528.72,0.5189040965171188,0.5822372097709865,0.627200488997555,0.85,397.54,391.37,496.0,-0.4142089507700489,-0.28473462890308837,-0.7868850328180503,-194.5885714285714,False,False,False,False,-38.71224747160608,-0.6899972935601756,False
66340,2026-04-24 07:00:00+00:00,345,342.0,342.0,7.0,338.0,7,2026-04-24,329.0,6.0,533.42,0.5189040965171188,0.9998411962659136,2.0,0.85,150.82,145.09,341.44,-0.7136362806323425,-0.3998674117386264,-0.7863095589056597,-118.8785714285714,False,False,False,False,-24.960936547608526,-0.3368218673454181,False
66342,2026-04-23 10:00:00+00:00,5379,5364.0,5346.0,58.0,5325.0,10,2026-04-23,5176.0,45.0,653.25,0.5189040965171188,0.9792008154013185,0.5,0.85,2308.91,2235.49,1342.92,1.8453165112455112,11.807805603663644,0.786105051664042,887.9785714285713,False,True,False,False,833.2003275741394,7.12927109580236,True
66342,2026-04-20 05:00:00+00:00,33,25.0,25.0,1.0,19.0,5,2026-04-20,18.0,0.0,519.33,0.5189040965171188,0.9999982358498678,2.0,0.85,11.03,7.94,18.68,-0.6863423886341299,-0.6349429782998309,-0.784528327795418,-115.75714285714285,False,False,False,False,-64.44659970512208,-0.611450828697218,False
66332,2026-04-21 16:00:00+00:00,678,670.0,670.0,33.0,651.0,16,2026-04-21,634.0,26.0,594.51,0.5189040965171188,0.5822372097709865,0.6068724863969719,0.85,172.06,162.82,199.65,-0.4482606321305001,0.030628601572936766,-0.784279357953029,-442.09857142857146,False,False,False,False,-495.4903736238075,-10.23222764105003,True
66336,2026-04-24 20:00:00+00:00,1232,1217.0,1214.0,6.0,1205.0,20,2026-04-24,1169.0,4.0,531.07,0.5189040965171188,0.9792008154013185,1.6898880105401846,0.85,524.32,504.88,1025.08,-0.055315536984051374,0.2822269701327725,0.7808055716206692,137.5857142857143,False,False,False,False,111.62240245464989,4.98260411320798,True
66342,2026-04-21 02:00:00+00:00,4,0.0,0.0,0.0,0.0,2,2026-04-21,0.0,0.0,516.98,0.5189040965171188,0.9999998722053931,2.0,1.0,0.0,0.0,0.0,-0.6953663708859512,-0.6792945860037163,-0.7806814150010113,-69.27857142857142,False,False,False,False,39.875821890617615,0.28815772732004613,False
66333,2026-04-21 19:00:00+00:00,7,2.0,2.0,0.0,0.0,19,2026-04-21,0.0,0.0,516.98,0.5189040965171188,0.9359340011553848,2.0,0.85,0.83,0.0,0.0,-0.6302414492510408,-0.6744907594765952,-0.7798905141567758,-277.89285714285717,False,False,False,False,11.190732232299805,0.10343646907169686,False
66333,2026-04-24 21:00:00+00:00,765,761.0,758.0,7.0,757.0,21,2026-04-24,746.0,6.0,533.42,0.5189040965171188,0.9947411425730011,2.0,0.85,332.57,327.31,774.2,0.2589817589411823,5.621461628496722,0.7784736626760775,151.00714285714287,False,True,False,False,58.195586770896,1.3272936542254874,False
66332,2026-04-21 20:00:00+00:00,159,153.0,152.0,4.0,145.0,20,2026-04-21,137.0,4.0,526.37,0.5189040965171188,0.9792008154013185,1.1836428653823972,0.85,65.65,59.17,84.15,-0.6179822953163657,-0.42648508496916526,-0.7782293218068123,-474.42571428571426,False,False,False,False,-257.3248340651408,-5.352032767632235,True
66333,2026-04-22 19:00:00+00:00,8,5.0,5.0,0.0,0.0,19,2026-04-22,2.0,0.0,516.98,0.5189040965171188,0.9359340011553848,2.0,0.85,2.06,0.83,2.08,-0.6279865372019143,-0.658525342953978,-0.7775611663160095,-277.0628571428572,False,False,False,False,-54.68779997080624,-1.61183136391253,False
66333,2026-04-20 19:00:00+00:00,6,2.0,2.0,0.0,0.0,19,2026-04-20,2.0,0.0,516.98,0.5189040965171188,0.9359340011553848,2.0,0.85,0.83,0.83,2.08,-0.6279865372019143,-0.658525342953978,-0.7775611663160095,-277.0628571428572,False,False,False,False,8.473314698195477,0.03268354351066394,False
66331,2026-04-20 22:00:00+00:00,418,413.0,412.0,1.0,410.0,22,2026-04-20,338.0,0.0,519.33,0.1268681997422934,1.0000046314053592,2.0,0.85,44.43,36.45,85.76,-0.7067289018568755,-0.42947855773206994,-0.7770902765951458,-23.87714285714285,False,False,False,False,-5.6757190167384834,-0.39070021518458437,False
66342,2026-04-20 02:00:00+00:00,7,1.0,1.0,1.0,0.0,2,2026-04-20,1.0,1.0,519.33,0.5189040965171188,0.9999998722053931,2.0,0.85,0.44,0.44,1.04,-0.6948663013405102,-0.676836814292166,-0.775723174443834,-68.83857142857143,False,False,False,False,-92.4764868280389,-0.8531623025516926,False
66330,2026-04-24 16:00:00+00:00,4092,4090.0,4079.0,18.0,4062.0,16,2026-04-24,3771.0,14.0,559.27,0.1268681997422934,1.0375286663287155,0.936983721243105,0.85,456.38,421.92,448.27,0.6684994294968954,0.8600082451195393,-0.7753650973395336,-131.20857142857147,False,False,False,False,-81.85762869114043,-10.51828272759049,True
66330,2026-04-20 18:00:00+00:00,2983,2968.0,2960.0,6.0,2944.0,18,2026-04-20,2673.0,4.0,531.07,0.1268681997422934,1.0050789526870891,1.230146954924403,0.85,320.82,289.71,417.17,0.12943714645375964,0.3540827752999508,-0.7750523844883452,-113.62142857142862,False,False,False,False,-2.7954009773477253,-0.3940043436106534,False
66338,2026-04-21 04:00:00+00:00,26,26.0,25.0,0.0,20.0,4,2026-04-21,25.0,0.0,516.98,0.1268681997422934,1.0000046314053592,2.0,0.85,2.7,2.7,6.34,-0.21826027572893258,0.526149149144973,0.7747343408814056,0.9428571428571428,False,False,False,False,-0.05354797065642858,-0.024220356122501868,False
66335,2026-04-25 23:00:00+00:00,675,670.0,669.0,0.0,666.0,23,2026-04-25,643.0,0.0,516.98,0.5189040965171188,0.9998411962659136,1.4951187527320413,0.85,295.03,283.56,498.85,-0.6730812194475276,-0.6756328887024258,-0.7709757396152352,-146.66571428571427,False,False,False,False,-296.8967599061916,-5.563173325044496,True
66336,2026-04-20 08:00:00+00:00,1440,1430.0,1423.0,27.0,1410.0,8,2026-04-20,1378.0,24.0,580.41,0.5189040965171188,0.9989644695743897,1.1561690140845071,0.85,626.99,607.16,826.72,0.14023098832072792,0.49623278623671263,0.7709553192247373,61.5557142857142,False,False,False,False,3.2143212997775663,0.05432898225046238,False
66332,2026-04-21 02:00:00+00:00,8,5.0,5.0,0.0,5.0,2,2026-04-21,5.0,0.0,516.98,0.5189040965171188,0.9999998722053931,2.0,0.85,2.21,2.21,5.19,-0.7112514312070257,-0.6776881296911926,-0.7692312715590003,-16.318571428571428,False,False,False,False,7.980341183794508,0.08427409078350159,False
66336,2026-04-25 16:00:00+00:00,3821,3805.0,3802.0,51.0,3789.0,16,2026-04-25,3775.0,48.0,636.8,0.5189040965171188,0.5822372097709865,0.5,0.85,976.38,969.44,979.43,0.8328648872981964,1.2542502584515687,0.7683478207522145,120.76999999999998,False,False,False,False,226.29402863964276,10.195622529672756,True
66340,2026-04-24 01:00:00+00:00,113,103.0,103.0,0.0,101.0,1,2026-04-24,100.0,0.0,516.98,0.5189040965171188,0.9999982358498678,2.0,0.85,45.43,44.11,103.78,-0.8227913164384182,-0.5965723745317891,-0.768180649652896,-87.91285714285713,False,False,False,False,46.534692650578904,0.6314103447703564,False
66330,2026-04-20 23:00:00+00:00,273,268.0,265.0,1.0,260.0,23,2026-04-20,216.0,0.0,519.33,0.1268681997422934,1.0000004307878039,2.0,0.85,28.58,23.29,54.81,-0.9568420566954137,-0.6654215259581592,-0.7677512942086449,-22.834285714285713,False,False,False,False,5.833457602445577,0.7109603016314365,False
66330,2026-04-22 09:00:00+00:00,1981,1974.0,1964.0,8.0,1952.0,9,2026-04-22,1598.0,3.0,535.77,0.1268681997422934,1.015644275641629,1.7256194251734391,0.85,215.11,175.02,349.84,-0.33819051591835453,-0.08479924673778137,-0.7670039145731179,-109.38428571428571,False,False,False,False,-14.476117225778154,-1.8897732644091694,False
66336,2026-04-24 02:00:00+00:00,111,102.0,101.0,4.0,96.0,2,2026-04-24,101.0,4.0,526.37,0.5189040965171188,0.9999998722053931,2.0,0.85,44.55,44.55,104.82,-0.9354087320715472,-0.6809456670116035,0.7669544029699723,7.625714285714281,False,False,False,False,12.144162249179658,0.46028315656587465,False
66331,2026-04-22 19:00:00+00:00,981,973.0,969.0,3.0,962.0,19,2026-04-22,760.0,1.0,524.02,0.1268681997422934,1.001284160344515,2.0,0.85,104.63,82.06,192.84,-0.3531154787395749,-0.013277197524703304,-0.7660008745297031,-73.85714285714286,False,False,False,False,-28.772395135960764,-2.546329479681668,False
66331,2026-04-22 02:00:00+00:00,41,34.0,31.0,0.0,29.0,2,2026-04-22,18.0,0.0,516.98,0.1268681997422934,1.0000000312061639,2.0,0.85,3.34,1.94,4.57,-0.9742842456801171,-0.7443899574416999,-0.7658869871553545,-7.224285714285715,False,False,False,False,5.3267969169004346,0.6361724485364377,False
66342,2026-04-22 02:00:00+00:00,9,3.0,3.0,1.0,0.0,2,2026-04-22,3.0,1.0,519.33,0.5189040965171188,0.9999998722053931,2.0,0.85,1.32,1.32,3.11,-0.6938661622496283,-0.6719212708690654,-0.7658066933294795,-67.95857142857143,False,False,False,False,81.89089915869758,0.6504683640358905,False
66336,2026-04-22 17:00:00+00:00,3157,3143.0,3132.0,44.0,3121.0,17,2026-04-22,3061.0,41.0,620.35,0.5189040965171188,0.7128761131977971,0.5524983846650873,0.85,984.79,962.46,877.57,0.8195200031895987,1.239645637837514,0.7628102601886136,142.56714285714293,False,False,False,False,162.68932460305405,7.304127008525943,True
66340,2026-04-20 10:00:00+00:00,5323,5305.0,5288.0,24.0,5263.0,10,2026-04-20,5231.0,24.0,573.36,0.5189040965171188,0.9792008154013185,0.5,0.85,2283.86,2259.24,1357.19,1.5716689179160324,3.718411426537914,0.7627654327343705,666.3528571428571,False,True,False,False,33.43299142132207,0.4539800695780246,False
66331,2026-04-22 03:00:00+00:00,73,66.0,63.0,0.0,62.0,3,2026-04-22,42.0,0.0,516.98,0.1268681997422934,1.0000004307878039,2.0,0.85,6.79,4.53,10.66,-0.9542040271781699,-0.7207556333255614,-0.7627348053667187,-4.067142857142858,False,False,False,False,7.004625918433533,0.7927654265847636,False
66338,2026-04-25 21:00:00+00:00,6,3.0,3.0,0.0,2.0,21,2026-04-25,3.0,0.0,516.98,0.1268681997422934,1.000038778282299,2.0,0.85,0.32,0.32,0.76,-0.5635647705486829,-0.577141577696468,-0.762353213518055,-3.8785714285714286,False,False,False,False,-0.21223312829341268,-0.32081575628588965,False
66332,2026-04-21 09:00:00+00:00,644,639.0,637.0,19.0,620.0,9,2026-04-21,581.0,17.0,561.62,0.5189040965171188,0.9947411425730011,0.9108743897026187,0.85,279.48,254.91,274.61,-0.297467887675253,0.4367607713140094,-0.7623318608957934,-420.3257142857144,False,False,False,False,-895.8184813726094,-18.435258116159993,True
66330,2026-04-20 14:00:00+00:00,4133,4124.0,4110.0,13.0,4098.0,14,2026-04-20,3751.0,10.0,547.52,0.1268681997422934,1.10201349172765,0.9253314909786623,0.85,488.43,445.76,440.35,0.765702703286687,0.9512363156172245,-0.7622429975904879,-146.93999999999994,False,False,False,False,0.796139977940669,0.06590883503686827,False
66336,2026-04-21 12:00:00+00:00,4699,4687.0,4673.0,85.0,4641.0,12,2026-04-21,4615.0,78.0,716.68,0.5189040965171188,0.846313658188328,0.5,0.85,1744.35,1722.7,1197.37,2.2730034838085413,2.830335720305831,0.7621670391403946,370.88428571428585,False,False,False,False,-50.799700517767405,-2.4011702536977766,False
66332,2026-04-21 19:00:00+00:00,316,310.0,308.0,14.0,299.0,19,2026-04-21,290.0,10.0,549.87,0.5189040965171188,0.9359340011553848,0.8746909896854488,0.85,127.15,119.72,131.63,-0.5188347149410241,-0.1594495449776141,-0.7618291287445029,-571.4514285714286,False,False,False,False,-280.7167248054176,-5.831350579444082,True
66332,2026-04-25 03:00:00+00:00,77,76.0,76.0,1.0,76.0,3,2026-04-25,75.0,1.0,519.33,0.5189040965171188,0.9999999927903216,2.0,0.85,33.52,33.08,77.84,-0.6607033584376318,-0.5415463110365405,0.7605295161535126,16.938571428571425,False,False,False,False,-29.698062097437656,-0.687785338436918,False
66340,2026-04-22 21:00:00+00:00,1305,1295.0,1292.0,6.0,1285.0,21,2026-04-22,1277.0,4.0,531.07,0.5189040965171188,0.9947411425730011,1.7101666666666666,0.85,566.86,560.28,1133.23,-0.26483375224727057,0.4089059443922238,0.7591702257991648,189.4142857142857,False,False,False,False,379.346364559173,5.1385247645449414,True
66342,2026-04-21 23:00:00+00:00,3,0.0,0.0,0.0,0.0,23,2026-04-21,0.0,0.0,516.98,0.5189040965171188,0.9998411962659136,2.0,1.0,0.0,0.0,0.0,-0.6953663708859512,-0.6792945860037163,-0.7566884121258295,-124.49571428571429,False,False,False,False,59.94658206587279,0.4612348789356244,False
66330,2026-04-23 13:00:00+00:00,5820,5817.0,5802.0,52.0,5784.0,13,2026-04-23,5683.0,50.0,639.15,0.1268681997422934,1.1155964303431323,1.0,0.85,698.0,683.69,720.99,1.7358191014748219,1.8617184806136295,0.7563736776940225,131.3242857142858,False,False,False,False,265.8508282204077,34.00736897779957,True
66342,2026-04-20 23:00:00+00:00,3,1.0,1.0,0.0,0.0,23,2026-04-20,1.0,0.0,516.98,0.5189040965171188,0.9998411962659136,2.0,0.85,0.44,0.44,1.04,-0.6948663013405102,-0.676836814292166,-0.7540140798948318,-124.05571428571429,False,False,False,False,-56.019661641064616,-0.5387824083567603,False
66342,2026-04-22 23:00:00+00:00,5,2.0,2.0,1.0,0.0,23,2026-04-22,1.0,1.0,519.33,0.5189040965171188,0.9998411962659136,2.0,0.85,0.88,0.44,1.04,-0.6948663013405102,-0.676836814292166,-0.7540140798948318,-124.05571428571429,False,False,False,False,-123.0747747489549,-1.1170219905467023,False
66336,2026-04-21 20:00:00+00:00,577,561.0,558.0,16.0,544.0,20,2026-04-21,543.0,15.0,554.57,0.5189040965171188,0.9792008154013185,1.6898880105401846,0.85,241.0,234.52,476.15,-0.5722099306230829,-0.2834614581216396,-0.7535004821676693,-132.7742857142857,False,False,False,False,-54.6520190045851,-2.576298207194058,False
66333,2026-04-26 09:00:00+00:00,1609,1603.0,1600.0,26.0,1591.0,9,2026-04-26,1290.0,13.0,578.06,0.5189040965171188,0.9947411425730011,1.827426536064114,0.85,702.0,565.99,1223.25,0.9074183949477809,10.212576828036825,0.7516033698262103,256.2371428571429,False,True,False,False,5.580034833117622,-0.04264827883608537,False
66335,2026-04-24 12:00:00+00:00,4631,4621.0,4605.0,33.0,4588.0,12,2026-04-24,4490.0,26.0,594.51,0.5189040965171188,0.846313658188328,0.5,0.85,1718.96,1676.04,1164.94,2.670527505976975,4.373230934740495,0.7507578049542746,501.0528571428572,False,True,False,False,-57.90575253975703,-1.0522704910355043,False
66330,2026-04-23 11:00:00+00:00,3640,3629.0,3612.0,19.0,3587.0,11,2026-04-23,3458.0,18.0,561.62,0.1268681997422934,1.0701127791564455,1.0473082706766916,0.85,416.82,399.05,459.46,0.5752511546826112,0.7724920550070365,-0.7502457890840396,-99.65428571428572,False,False,False,False,-98.15826206668476,-12.605653080050383,True
66336,2026-04-22 01:00:00+00:00,90,81.0,80.0,2.0,70.0,1,2026-04-22,75.0,1.0,521.67,0.5189040965171188,0.9999982358498678,2.0,0.85,35.29,33.08,77.84,-0.9573379327485693,-0.704944950456189,-0.7502083732395431,-22.494285714285716,False,False,False,False,-8.451463726345082,-0.47600231422551903,False
66330,2026-04-22 00:00:00+00:00,197,184.0,182.0,0.0,180.0,0,2026-04-22,120.0,0.0,516.98,0.1268681997422934,1.0000000312061639,2.0,0.85,19.63,12.94,30.45,-0.9990423034959314,-0.7050276723361392,-0.7501008541521028,-16.792857142857144,False,False,False,False,-2.0609657210745524,-0.29995656372217955,False
66336,2026-04-20 05:00:00+00:00,262,248.0,247.0,7.0,243.0,5,2026-04-20,243.0,7.0,533.42,0.5189040965171188,0.9999982358498678,2.0,0.85,108.94,107.18,252.19,-0.8156680312518529,-0.549901628464578,0.7498946988694363,24.575714285714284,False,False,False,False,-4.193276503408811,-0.2824234041461324,False
66332,2026-04-21 23:00:00+00:00,12,12.0,12.0,0.0,11.0,23,2026-04-21,10.0,0.0,516.98,0.5189040965171188,0.9998411962659136,2.0,0.85,5.29,4.41,10.38,-0.7076490418292263,-0.6679857649020694,-0.7489358308150958,-51.26285714285714,False,False,False,False,-41.032810560544476,-0.92004304223251,False
66331,2026-04-22 23:00:00+00:00,178,175.0,174.0,0.0,171.0,23,2026-04-22,122.0,0.0,516.98,0.1268681997422934,1.0000004307878039,2.0,0.85,18.76,13.16,30.96,-0.8872958087720682,-0.6420049703439877,-0.748454756562685,-12.877142857142857,False,False,False,False,13.335086571900518,1.3835918369271476,False
66338,2026-04-22 20:00:00+00:00,7,6.0,5.0,0.0,4.0,20,2026-04-22,5.0,0.0,516.98,0.1268681997422934,1.0002528661646692,2.0,0.85,0.54,0.54,1.27,-0.5316458676661849,-0.4751567205934777,-0.7482314330457411,-4.322857142857143,False,False,False,False,-0.3878886741184857,-0.6491301851884917,False
66330,2026-04-20 01:00:00+00:00,78,75.0,72.0,0.0,71.0,1,2026-04-20,60.0,0.0,516.98,0.1268681997422934,1.0000000017605313,2.0,0.85,7.76,6.47,15.22,-1.0254225543944193,-0.7297862971733885,-0.7441697184020414,-12.168571428571429,False,False,False,False,-2.214437374748968,-0.31960930803232324,False
66330,2026-04-23 01:00:00+00:00,68,64.0,63.0,1.0,63.0,1,2026-04-23,60.0,1.0,519.33,0.1268681997422934,1.0000000017605313,2.0,0.85,6.79,6.47,15.22,-1.0254225543944193,-0.7297862971733885,-0.7441697184020414,-12.168571428571429,False,False,False,False,-1.9513124995262956,-0.28591496923696497,False
66332,2026-04-21 08:00:00+00:00,506,501.0,498.0,23.0,487.0,8,2026-04-21,459.0,21.0,571.01,0.5189040965171188,0.9989644695743897,1.3109748307141944,0.85,219.42,202.24,312.24,-0.3837123642792042,0.20447733793077247,-0.7438302988295162,-270.40999999999997,False,False,False,False,-482.76549601798786,-9.97148512316997,True
66338,2026-04-21 15:00:00+00:00,151,151.0,148.0,3.0,142.0,15,2026-04-21,147.0,2.0,524.02,0.1268681997422934,1.0701127791564455,2.0,0.85,17.08,16.96,37.3,1.8506649747457056,7.136622159547893,-0.7436619962149059,-10.486666666666668,False,True,False,False,-0.0626726477467563,-0.041275115958066294,False
66333,2026-04-22 03:00:00+00:00,7,1.0,1.0,0.0,0.0,3,2026-04-22,0.0,0.0,516.98,0.5189040965171188,0.9999999927903216,2.0,0.85,0.44,0.0,0.0,-0.6302414492510408,-0.6744907594765952,-0.743236819079035,-16.782857142857143,False,False,False,False,36.68835023253366,0.7673134941196031,False
66333,2026-04-21 03:00:00+00:00,5,0.0,0.0,0.0,0.0,3,2026-04-21,0.0,0.0,516.98,0.5189040965171188,0.9999999927903216,2.0,1.0,0.0,0.0,0.0,-0.6302414492510408,-0.6744907594765952,-0.743236819079035,-16.782857142857143,False,False,False,False,9.025559003221694,0.04706223199509771,False
66330,2026-04-24 17:00:00+00:00,3922,3920.0,3916.0,15.0,3898.0,17,2026-04-24,3638.0,10.0,552.22,0.1268681997422934,1.015644275641629,0.985064071737716,0.85,428.9,398.45,454.65,0.5728047635637405,0.7701960465213564,-0.7408764393122108,-113.87714285714281,False,False,False,False,-244.3741717673479,-31.329266324736658,True
66340,2026-04-26 05:00:00+00:00,176,171.0,170.0,1.0,165.0,5,2026-04-26,162.0,1.0,519.33,0.5189040965171188,0.9999982358498678,2.0,0.85,74.98,71.45,168.12,-0.7932379526145114,-0.5433151584220143,-0.7398516728593907,-76.43142857142858,False,False,False,False,2.2131430443434965,0.031184114147403942,False
66330,2026-04-20 22:00:00+00:00,601,597.0,594.0,1.0,589.0,22,2026-04-20,480.0,0.0,519.33,0.1268681997422934,1.0000046314053592,2.0,0.85,64.06,51.76,121.79,-0.8407607981050039,-0.5564759233126431,-0.7398504404800512,-50.77857142857143,False,False,False,False,-2.2193485673125792,-0.32023820861037583,False
66332,2026-04-24 04:00:00+00:00,21,18.0,18.0,2.0,18.0,4,2026-04-24,12.0,1.0,521.67,0.5189040965171188,0.9999998722053931,2.0,0.85,7.94,5.29,12.45,-0.7062080860781066,-0.6641048189864202,-0.7387752936141206,-22.25,False,False,False,False,6.5028947982153795,0.05400007931226254,False
66332,2026-04-26 15:00:00+00:00,1054,1044.0,1041.0,26.0,1017.0,15,2026-04-26,917.0,10.0,578.06,0.5189040965171188,0.5266127405031122,0.5198338315010892,0.85,241.8,212.99,247.36,-0.3661097798195027,0.25188662042307924,-0.7372314573339801,-423.4342857142857,False,False,False,False,-4.66867452950666,-0.17491395863885323,False
66336,2026-04-21 22:00:00+00:00,198,190.0,189.0,4.0,186.0,22,2026-04-21,185.0,4.0,526.37,0.5189040965171188,0.9989644695743897,2.0,0.85,83.28,81.51,191.99,-0.8647458500294604,-0.6036123177429135,-0.7360745380421871,-39.657142857142844,False,False,False,False,-22.95127151854433,-1.1351694296721329,False
66336,2026-04-20 01:00:00+00:00,87,77.0,77.0,1.0,66.0,1,2026-04-20,76.0,1.0,519.33,0.5189040965171188,0.9999982358498678,2.0,0.85,33.96,33.52,78.87,-0.956496707962354,-0.7040243153458474,-0.7355339048693043,-22.05428571428571,False,False,False,False,-2.3847827040085576,-0.20020854598124763,False
66336,2026-04-24 18:00:00+00:00,2287,2277.0,2274.0,18.0,2270.0,18,2026-04-24,2195.0,13.0,559.27,0.5189040965171188,0.846313658188328,0.7547072668431892,0.85,848.84,819.35,859.61,0.5459116414730659,0.9402090681989249,0.7352730052528894,108.7814285714287,False,False,False,False,109.21108679569295,4.872984729963396,True
66330,2026-04-22 20:00:00+00:00,1881,1874.0,1867.0,7.0,1852.0,20,2026-04-22,1455.0,3.0,533.42,0.1268681997422934,1.0002528661646692,2.0,0.85,201.38,156.94,369.19,-0.41190843496698853,-0.1539856357729388,-0.7350020506783786,-63.938571428571436,False,False,False,False,-52.58947734965636,-6.770362633075576,True
66330,2026-04-25 02:00:00+00:00,64,64.0,62.0,2.0,62.0,2,2026-04-25,55.0,0.0,521.67,0.1268681997422934,1.0000000312061639,2.0,0.85,6.69,5.93,13.96,-1.0276243064014028,-0.7318527048105005,-0.7342772210741244,-6.285714285714285,False,False,False,False,-9.24044902245754,-1.2193221027184382,False
66330,2026-04-22 02:00:00+00:00,75,69.0,66.0,1.0,64.0,2,2026-04-22,55.0,0.0,519.33,0.1268681997422934,1.0000000312061639,2.0,0.85,7.12,5.93,13.96,-1.0276243064014028,-0.7318527048105005,-0.7342772210741244,-6.285714285714285,False,False,False,False,2.8236028383422536,0.325534689322084,False
66332,2026-04-21 05:00:00+00:00,52,47.0,47.0,0.0,43.0,5,2026-04-21,46.0,0.0,516.98,0.5189040965171188,0.9999982358498678,2.0,0.85,20.73,20.29,47.74,-0.6816463403203836,-0.5979523317878526,-0.7340692182729147,-29.235714285714288,False,False,False,False,-27.810942035664766,-0.6491167986135092,False
66335,2026-04-24 11:00:00+00:00,4265,4259.0,4237.0,28.0,4225.0,11,2026-04-24,4108.0,16.0,582.76,0.5189040965171188,0.9359340011553848,0.5,0.85,1749.08,1695.83,1065.83,2.718047051447036,4.444985656579183,0.7331010832053615,483.9942857142855,False,True,False,False,-118.67074097148873,-2.199196317014173,False
66342,2026-04-25 11:00:00+00:00,7621,7614.0,7606.0,68.0,7579.0,11,2026-04-25,6319.0,31.0,676.74,0.5189040965171188,0.9359340011553848,0.5,0.85,3139.84,2608.55,1639.48,2.269307294477807,13.891660864370383,0.7330263836611907,1014.51,False,True,False,False,-121.99356176246874,-1.1076983145943828,False
66333,2026-04-24 06:00:00+00:00,212,209.0,208.0,2.0,204.0,6,2026-04-24,205.0,2.0,521.67,0.5189040965171188,0.9999810335986662,2.0,0.85,91.74,90.42,212.75,-0.38459187397151734,1.06477786940901,0.7324624721381969,34.78428571428571,False,False,False,False,-16.179563588566907,-0.6091991412065451,False
66342,2026-04-20 22:00:00+00:00,2,2.0,2.0,0.0,2.0,22,2026-04-20,1.0,0.0,516.98,0.5189040965171188,0.9989644695743897,2.0,0.85,0.88,0.44,1.04,-0.6948663013405102,-0.676836814292166,-0.7324573109593845,-217.37857142857143,False,False,False,False,-39.996961665642246,-0.40061308897263076,False
66342,2026-04-21 22:00:00+00:00,5,3.0,2.0,1.0,0.0,22,2026-04-21,2.0,1.0,519.33,0.5189040965171188,0.9989644695743897,2.0,0.85,0.88,0.88,2.08,-0.6943662317950693,-0.6743790425806157,-0.7309747305251487,-216.93857142857144,False,False,False,False,81.10339757446197,0.6436774637460103,False
66331,2026-04-25 20:00:00+00:00,2287,2279.0,2277.0,20.0,2268.0,20,2026-04-25,1992.0,11.0,563.97,0.1268681997422934,1.0002528661646692,2.0,0.85,245.61,214.87,505.44,0.6765578105436677,1.1986434919982163,0.7297973110453089,56.27714285714285,False,False,False,False,3.6488598990012235,0.4795693892435796,False
66338,2026-04-25 19:00:00+00:00,4,4.0,4.0,0.0,4.0,19,2026-04-25,4.0,0.0,516.98,0.1268681997422934,1.001284160344515,2.0,0.85,0.43,0.43,1.01,-0.5476053191074339,-0.5261491491449729,-0.7297155487344876,-0.5980000000000001,False,False,False,False,-3.1202451610072237,-5.75612555694036,True
66333,2026-04-25 04:00:00+00:00,102,98.0,96.0,2.0,96.0,4,2026-04-25,88.0,1.0,521.67,0.5189040965171188,0.9999998722053931,2.0,0.85,42.34,38.81,91.33,-0.5248039352430967,0.07203672876771289,0.7297082047015846,16.082857142857144,False,False,False,False,-18.601308102195787,-0.6722536799920615,False
66331,2026-04-23 01:00:00+00:00,17,16.0,16.0,0.0,15.0,1,2026-04-23,7.0,0.0,516.98,0.1268681997422934,1.0000000017605313,2.0,0.85,1.73,0.75,1.78,-0.9835102920188495,-0.7552489712247906,-0.7297027222637944,-13.248571428571429,False,False,False,False,4.451284728196228,0.5544602711801476,False
66342,2026-04-22 22:00:00+00:00,11,7.0,6.0,2.0,2.0,22,2026-04-22,3.0,1.0,521.67,0.5189040965171188,0.9989644695743897,2.0,0.85,2.64,1.32,3.11,-0.6938661622496283,-0.6719212708690654,-0.729492150090913,-216.49857142857144,False,False,False,False,-75.98345140168112,-0.7109371168505467,False
66338,2026-04-24 20:00:00+00:00,10,6.0,6.0,0.0,6.0,20,2026-04-24,6.0,0.0,516.98,0.1268681997422934,1.0002528661646692,2.0,0.85,0.65,0.65,1.52,-0.5156864162249359,-0.4241642920419825,-0.7291918361043921,-4.212857142857143,False,False,False,False,-6.558184030093069,-12.181911495575175,True
66336,2026-04-24 04:00:00+00:00,119,115.0,112.0,9.0,99.0,4,2026-04-24,112.0,9.0,538.12,0.5189040965171188,0.9999998722053931,2.0,0.85,49.4,49.4,116.23,-0.9261361406780374,-0.6707977572726116,0.7281150840886562,11.529999999999994,False,False,False,False,17.21930485643543,0.6910011882010779,False
66332,2026-04-23 03:00:00+00:00,2,0.0,0.0,0.0,0.0,3,2026-04-23,0.0,0.0,516.98,0.5189040965171188,0.9999999927903216,2.0,1.0,0.0,0.0,0.0,-0.7148701950819969,-0.6874345961384483,-0.7247383826447281,-16.141428571428573,False,False,False,False,10.8709512865085,0.1435049124651565,False
66333,2026-04-20 03:00:00+00:00,5,1.0,1.0,0.0,0.0,3,2026-04-20,1.0,0.0,516.98,0.5189040965171188,0.9999999927903216,2.0,0.85,0.44,0.44,1.04,-0.6290460741888533,-0.6660271651754488,-0.7237512095900716,-16.34285714285714,False,False,False,False,-30.015029776003622,-0.9694307570610983,False
66340,2026-04-26 12:00:00+00:00,8674,8654.0,8641.0,25.0,8625.0,12,2026-04-26,8516.0,21.0,575.71,0.5189040965171188,0.846313658188328,0.5,0.85,3225.53,3178.87,2209.49,2.5657493851208395,5.509813535207714,0.7228569619923346,879.3457142857146,False,True,False,False,0.6309328365408646,0.009756973681427882,False
66330,2026-04-21 22:00:00+00:00,601,596.0,594.0,0.0,589.0,22,2026-04-21,491.0,0.0,516.98,0.1268681997422934,1.0000046314053592,2.0,0.85,64.06,52.95,124.58,-0.8359087890525773,-0.5519221731493777,-0.7225119845250678,-49.58857142857143,False,False,False,False,2.7645171504001382,0.3179684978481929,False
66332,2026-04-26 12:00:00+00:00,1328,1319.0,1315.0,45.0,1291.0,12,2026-04-26,1167.0,25.0,622.7,0.5189040965171188,0.846313658188328,0.5,0.85,490.87,435.62,302.78,-0.0015643492833786372,1.2337218354242194,-0.7224649582229805,-645.5114285714286,False,False,False,False,14.694892454624409,0.22186040469745597,False
66342,2026-04-23 15:00:00+00:00,6992,6980.0,6959.0,66.0,6941.0,15,2026-04-23,6725.0,54.0,672.04,0.5189040965171188,0.5266127405031122,0.5,0.85,1616.38,1562.03,1744.82,1.079914611080333,8.045962565343912,0.7205023311294164,605.7671428571429,False,True,False,False,651.5224138892951,5.562599204081947,True
66335,2026-04-26 22:00:00+00:00,1401,1395.0,1394.0,1.0,1392.0,22,2026-04-26,1375.0,1.0,519.33,0.5189040965171188,0.9989644695743897,1.4170694655434333,0.85,614.21,605.84,1011.07,0.10077421835395518,0.4928922125695386,0.7204255818210673,153.5214285714286,False,False,False,False,-7.942511475818492,-0.10922527692822022,False
66332,2026-04-22 23:00:00+00:00,245,244.0,244.0,3.0,243.0,23,2026-04-22,238.0,2.0,524.02,0.5189040965171188,0.9998411962659136,2.0,0.85,107.6,104.96,247.0,-0.5430034727666235,-0.22454359238100463,0.7200712044073019,49.287142857142854,False,False,False,False,108.53943537434986,2.144807184083512,False
66332,2026-04-21 22:00:00+00:00,38,36.0,36.0,0.0,33.0,22,2026-04-21,30.0,0.0,516.98,0.5189040965171188,0.9989644695743897,2.0,0.85,15.86,13.22,31.13,-0.693223109820857,-0.629132204087444,-0.7195642146815608,-92.18285714285715,False,False,False,False,-34.439851414363204,-0.7849482443643186,False
66338,2026-04-26 21:00:00+00:00,7,5.0,5.0,0.0,5.0,21,2026-04-26,5.0,0.0,516.98,0.1268681997422934,1.000038778282299,2.0,0.85,0.54,0.54,1.27,-0.5316458676661849,-0.4751567205934777,-0.7191110791232923,-3.6585714285714284,False,False,False,False,-0.15815135982658202,-0.21973255481434348,False
66342,2026-04-26 05:00:00+00:00,641,637.0,635.0,6.0,633.0,5,2026-04-26,521.0,3.0,531.07,0.5189040965171188,0.9999982358498678,2.0,0.85,280.08,229.8,540.7,-0.4341936855624606,0.6043325488014314,0.719097716426278,106.10285714285716,False,False,False,False,22.158486553279545,0.13537497730816134,False
66336,2026-04-25 10:00:00+00:00,2909,2899.0,2894.0,5.0,2881.0,10,2026-04-25,2854.0,5.0,528.72,0.5189040965171188,0.9792008154013185,0.5,0.85,1249.9,1232.63,740.48,1.3360511406709465,1.8049365191124604,-0.7189140101684085,-224.7071428571428,False,False,False,False,-656.8622607693776,-29.953018895178978,True
66330,2026-04-21 18:00:00+00:00,3095,3083.0,3072.0,12.0,3056.0,18,2026-04-21,2749.0,5.0,545.17,0.1268681997422934,1.0050789526870891,1.230146954924403,0.85,332.96,297.95,429.03,0.16303425115291587,0.3856146251699562,-0.7188443986490446,-105.38142857142861,False,False,False,False,2.8022420288564547,0.32279934036980984,False
66336,2026-04-22 23:00:00+00:00,107,103.0,103.0,1.0,100.0,23,2026-04-22,102.0,1.0,519.33,0.5189040965171188,0.9998411962659136,2.0,0.85,45.42,44.98,105.86,-0.934586626030473,-0.680045955426497,-0.7166619562861007,-29.988571428571426,False,False,False,False,-10.905432585271228,-0.5875607291587436,False
66340,2026-04-22 16:00:00+00:00,7229,7211.0,7196.0,44.0,7172.0,16,2026-04-22,7142.0,42.0,620.35,0.5189040965171188,0.5822372097709865,0.5,0.85,1847.98,1834.11,1853.01,1.1121216771531393,2.8902753517482798,0.7138913757882808,561.7442857142858,False,False,False,False,376.7147173860076,5.102885585023645,True
66342,2026-04-23 12:00:00+00:00,7454,7445.0,7430.0,63.0,7409.0,12,2026-04-23,7220.0,55.0,665.0,0.5189040965171188,0.846313658188328,0.5,0.85,2773.49,2695.1,1873.24,2.3676732471094346,14.375115731721928,0.7136379204804792,1035.5914285714287,False,True,False,False,1233.7505647933708,10.5833552227364,True
66340,2026-04-21 10:00:00+00:00,2297,2285.0,2281.0,18.0,2269.0,10,2026-04-21,2245.0,15.0,559.27,0.5189040965171188,0.9792008154013185,0.5,0.85,985.15,969.6,582.47,0.17762355866719673,1.2062447775324239,-0.7134686707545305,-623.2871428571426,False,False,False,False,-1010.9103756936515,-13.689078742411597,True
66330,2026-04-22 15:00:00+00:00,4719,4713.0,4703.0,19.0,4681.0,15,2026-04-22,3993.0,11.0,561.62,0.1268681997422934,1.0701127791564455,0.9306234800502419,0.85,542.72,460.79,471.44,0.8269848008143956,1.0087513281835088,-0.7118814336664768,-113.15285714285716,False,False,False,False,-158.9985410782932,-20.396527932480986,True
66338,2026-04-24 22:00:00+00:00,15,0.0,0.0,0.0,0.0,22,2026-04-24,0.0,0.0,516.98,0.1268681997422934,1.0000046314053592,2.0,1.0,0.0,0.0,0.0,-0.609992265650498,-0.7254831880280903,-0.7106316838439884,-4.864285714285714,False,False,False,False,0.11493912355033409,0.2906956566462582,False
66338,2026-04-23 22:00:00+00:00,5,0.0,0.0,0.0,0.0,22,2026-04-23,0.0,0.0,516.98,0.1268681997422934,1.0000046314053592,2.0,1.0,0.0,0.0,0.0,-0.609992265650498,-0.7254831880280903,-0.7106316838439884,-4.864285714285714,False,False,False,False,-0.8174802880104999,-1.4520716733938226,False
66336,2026-04-21 05:00:00+00:00,261,250.0,245.0,6.0,240.0,5,2026-04-21,240.0,6.0,531.07,0.5189040965171188,0.9999982358498678,2.0,0.85,108.06,105.86,249.07,-0.8181917056104988,-0.5526635337956026,0.7096166833049787,23.255714285714276,False,False,False,False,5.28748818498309,0.14857598573802333,False
66340,2026-04-26 20:00:00+00:00,748,735.0,735.0,5.0,729.0,20,2026-04-26,708.0,3.0,528.72,0.5189040965171188,0.9792008154013185,1.0934569479965899,0.85,317.44,305.78,401.72,-0.539937303570763,-0.08684977981910448,-0.7078749760250019,-264.87428571428575,False,False,False,False,5.657671511566264,0.07783176876514118,False
66332,2026-04-24 14:00:00+00:00,1176,1166.0,1162.0,50.0,1142.0,14,2026-04-24,1030.0,32.0,634.45,0.5189040965171188,0.5822372097709865,0.5450440879634548,0.85,298.41,264.51,291.31,-0.2817483703903103,0.47909836312109266,-0.7077810248181325,-405.75428571428574,False,False,False,False,63.13372797349405,1.2144093570419487,False
66340,2026-04-24 08:00:00+00:00,756,746.0,745.0,5.0,736.0,8,2026-04-24,719.0,4.0,528.72,0.5189040965171188,0.9989644695743897,1.1152048690359744,0.85,328.26,316.8,416.07,-0.5280251576549088,-0.06538326476681035,-0.7071852189440258,-251.20999999999998,False,False,False,False,-103.55190624882039,-1.4011429915807625,False
66330,2026-04-24 13:00:00+00:00,3912,3905.0,3886.0,18.0,3872.0,13,2026-04-24,3573.0,11.0,559.27,0.1268681997422934,1.1155964303431323,1.0,0.85,467.5,429.84,453.3,0.7007917922659872,0.8903155571305151,-0.7056975381385326,-122.52571428571429,False,False,False,False,-124.06454769631915,-15.923070957001487,True
66332,2026-04-21 03:00:00+00:00,2,1.0,1.0,0.0,1.0,3,2026-04-21,1.0,0.0,516.98,0.5189040965171188,0.9999999927903216,2.0,0.85,0.44,0.44,1.04,-0.714149717206437,-0.6854941231806236,-0.7049827032169401,-15.701428571428574,False,False,False,False,8.839021416711034,0.1018691084269008,False
66342,2026-04-26 08:00:00+00:00,1939,1938.0,1935.0,22.0,1928.0,8,2026-04-26,1568.0,12.0,568.67,0.5189040965171188,0.9989644695743897,1.2675725756639902,0.85,852.58,690.88,1031.35,0.08983373719191312,3.179853868714214,0.7040468743266491,256.12142857142857,False,False,False,False,-172.112811431718,-1.5398940509849897,False
66338,2026-04-22 18:00:00+00:00,10,10.0,10.0,0.0,10.0,18,2026-04-22,10.0,0.0,516.98,0.1268681997422934,1.0050789526870891,2.0,0.85,1.08,1.08,2.54,-0.45329946968187185,-0.224830253158865,0.7037519736700606,0.3800000000000001,False,False,False,False,-6.080866378504509,-11.289766181003156,True
66336,2026-04-21 10:00:00+00:00,2933,2921.0,2910.0,34.0,2898.0,10,2026-04-21,2865.0,34.0,596.86,0.5189040965171188,0.9792008154013185,0.5,0.85,1256.81,1237.38,743.33,1.3451325446130438,1.8148751935991023,-0.7037171565887654,-219.9571428571428,False,False,False,False,-7.43278273143153,-0.4296926649804647,False
66330,2026-04-20 04:00:00+00:00,143,139.0,135.0,0.0,135.0,4,2026-04-20,105.0,0.0,516.98,0.1268681997422934,1.0000046314053592,2.0,0.85,14.56,11.32,26.64,-1.0056475595168821,-0.7112268952474752,-0.7033924722647896,-5.394285714285715,False,False,False,False,-2.9519747983767672,-0.41405433458080304,False
66330,2026-04-24 10:00:00+00:00,5377,5365.0,5357.0,47.0,5329.0,10,2026-04-24,4986.0,34.0,627.4,0.1268681997422934,1.0375286663287155,1.1796009620270316,0.85,599.37,557.86,746.17,1.2227701106623434,1.3802072343584384,0.703292616960335,128.68571428571425,False,False,False,False,2.7141776435522615,0.3115222947019179,False
66335,2026-04-22 14:00:00+00:00,2011,2001.0,1996.0,6.0,1973.0,14,2026-04-22,1960.0,6.0,531.07,0.5189040965171188,0.5822372097709865,0.5,0.85,512.59,503.34,508.53,-0.14534773266581652,0.12124698829134443,-0.7030927811933291,-262.3085714285715,False,False,False,False,16.93949935158139,0.3604172188041288,False
66340,2026-04-26 04:00:00+00:00,127,124.0,124.0,0.0,119.0,4,2026-04-26,121.0,0.0,516.98,0.5189040965171188,0.9999998722053931,2.0,0.85,54.69,53.37,125.57,-0.8127816548067658,-0.5785342684170666,-0.7030820008861045,-69.87857142857143,False,False,False,False,-5.56829140607374,-0.0741962507204443,False
66340,2026-04-22 09:00:00+00:00,3371,3358.0,3349.0,18.0,3332.0,9,2026-04-22,3317.0,18.0,559.27,0.5189040965171188,0.9947411425730011,0.62161507239353,0.85,1469.37,1455.33,1069.93,0.7026767923974913,2.1524272055134395,0.7025440431737665,433.9214285714286,False,False,False,False,14.498225465663154,0.19755529882285128,False
66340,2026-04-26 14:00:00+00:00,8252,8227.0,8223.0,46.0,8209.0,14,2026-04-26,8125.0,41.0,625.05,0.5189040965171188,0.5822372097709865,0.5,0.85,2111.72,2086.55,2108.05,1.3849984570985323,3.382018279134951,0.702510431017281,611.3071428571429,False,False,False,False,0.055934908092808655,0.0019700428932537236,False
66335,2026-04-26 21:00:00+00:00,1239,1228.0,1224.0,0.0,1220.0,21,2026-04-26,1189.0,0.0,516.98,0.5189040965171188,0.9947411425730011,1.6078031964901285,0.85,537.03,521.67,991.98,-0.10133392425418326,0.18770803181348383,0.7021015759061703,126.41999999999996,False,False,False,False,-18.826357271961683,-0.3146554786238951,False
66330,2026-04-20 00:00:00+00:00,157,143.0,142.0,0.0,142.0,0,2026-04-20,130.0,0.0,516.98,0.1268681997422934,1.0000000312061639,2.0,0.85,15.31,14.02,32.99,-0.9946387994819643,-0.7008948570619151,-0.701859574208335,-15.712857142857143,False,False,False,False,3.5015449941903682,0.41234827037735655,False
66332,2026-04-26 14:00:00+00:00,1180,1164.0,1162.0,35.0,1148.0,14,2026-04-26,1047.0,21.0,599.21,0.5189040965171188,0.5822372097709865,0.5450440879634548,0.85,298.41,268.88,296.12,-0.274592715126227,0.49837078772494203,-0.7001581772294487,-401.38428571428574,False,False,False,False,-4.699716087116087,-0.17555002400158012,False
66330,2026-04-22 12:00:00+00:00,4130,4120.0,4106.0,10.0,4083.0,12,2026-04-22,3404.0,5.0,540.47,0.1268681997422934,1.10201349172765,1.0286532951289398,0.85,487.95,404.53,444.23,0.5975948602349626,0.7934622658429138,-0.6987805633574035,-116.4457142857143,False,False,False,False,5.262174269086358,0.6378048686224616,False
66332,2026-04-22 20:00:00+00:00,2280,2275.0,2275.0,25.0,2273.0,20,2026-04-22,2221.0,19.0,575.71,0.5189040965171188,0.9792008154013185,1.1836428653823972,0.85,982.56,959.24,1364.13,0.8558370716272143,3.542972858551817,0.6982101809154573,425.64428571428573,False,True,False,False,765.0600196271303,15.597418319601944,True
66335,2026-04-25 10:00:00+00:00,3379,3368.0,3355.0,32.0,3336.0,10,2026-04-25,3191.0,27.0,592.16,0.5189040965171188,0.9792008154013185,0.6151309873508782,0.85,1449.01,1378.18,1018.55,1.955309122262349,3.293248042023395,0.6978596310475246,383.15571428571434,False,False,False,False,-151.04183711364203,-2.810193655101151,False
66340,2026-04-21 14:00:00+00:00,3474,3463.0,3452.0,48.0,3421.0,14,2026-04-21,3382.0,45.0,629.75,0.5189040965171188,0.5822372097709865,0.5,0.85,886.5,868.52,877.47,0.06836042716315499,1.0093450187768989,-0.6972421979029138,-606.7228571428573,False,False,False,False,-790.1853491814499,-10.699901878231485,True
66340,2026-04-24 05:00:00+00:00,186,181.0,177.0,6.0,172.0,5,2026-04-24,172.0,6.0,531.07,0.5189040965171188,0.9999982358498678,2.0,0.85,78.07,75.86,178.5,-0.7884709323342104,-0.5347246564818494,-0.6971631357184065,-72.02142857142859,False,False,False,False,20.664087492364047,0.2810567141774085,False
66342,2026-04-24 02:00:00+00:00,21,20.0,20.0,0.0,20.0,2,2026-04-24,17.0,0.0,516.98,0.5189040965171188,0.9999998722053931,2.0,0.85,8.82,7.5,17.64,-0.686842458179571,-0.6374007500113812,-0.696165950958217,-61.778571428571425,False,False,False,False,-96.01475638813292,-0.8836740326387366,False
66336,2026-04-24 10:00:00+00:00,4000,3989.0,3977.0,98.0,3961.0,10,2026-04-24,3878.0,87.0,747.23,0.5189040965171188,0.9792008154013185,0.5,0.85,1717.64,1674.89,1006.16,2.1815967632881907,2.7303003461571276,0.6960250349122126,217.5528571428572,False,False,False,False,-40.37585970600958,-1.9272982425489356,False
66335,2026-04-20 15:00:00+00:00,1948,1943.0,1939.0,5.0,1911.0,15,2026-04-20,1896.0,3.0,528.72,0.5189040965171188,0.5266127405031122,0.5188874841972188,0.85,450.38,440.39,510.5,-0.29650262843844694,-0.10699756652145853,-0.6958665790611619,-203.5014285714285,False,False,False,False,49.62511108195076,0.9773509696200116,False
66332,2026-04-24 00:00:00+00:00,22,20.0,20.0,2.0,19.0,0,2026-04-24,17.0,0.0,521.67,0.5189040965171188,0.9999810335986662,2.0,0.85,8.82,7.5,17.64,-0.7025893222031354,-0.6543583525391644,-0.6953955362237533,-25.044285714285714,False,False,False,False,14.907977646202028,0.2262266839730612,False
66330,2026-04-24 14:00:00+00:00,4220,4215.0,4206.0,26.0,4177.0,14,2026-04-24,3860.0,16.0,578.06,0.1268681997422934,1.10201349172765,0.9253314909786623,0.85,499.84,458.72,453.15,0.8185447514542921,1.0008300989079129,-0.6950137254469412,-133.9799999999999,False,False,False,False,-147.24811111186244,-18.89183185254938,True
66340,2026-04-26 22:00:00+00:00,275,268.0,268.0,1.0,265.0,22,2026-04-26,263.0,1.0,519.33,0.5189040965171188,0.9989644695743897,2.0,0.85,118.08,115.88,272.94,-0.7452110340082136,-0.45676731234457096,-0.6944979806524013,-122.36428571428573,False,False,False,False,-73.41176949274586,-0.9929690708518315,False
66336,2026-04-25 13:00:00+00:00,1964,1961.0,1955.0,18.0,1948.0,13,2026-04-25,1939.0,16.0,559.27,0.5189040965171188,0.7128761131977971,0.5187825471459628,0.85,614.71,609.67,521.98,0.14502979335118346,0.5014845910707064,-0.6941867096103619,-263.3142857142858,False,False,False,False,208.67021969309974,9.39443706066779,True
66332,2026-04-26 13:00:00+00:00,1288,1276.0,1274.0,32.0,1261.0,13,2026-04-26,1126.0,17.0,592.16,0.5189040965171188,0.7128761131977971,0.5276120937885643,0.85,400.58,354.05,308.28,-0.13513112271387606,0.8739846100384089,-0.69414899029631,-491.80428571428564,False,False,False,False,14.897177506998958,0.226005380823711,False
66338,2026-04-25 20:00:00+00:00,13,8.0,8.0,0.0,7.0,20,2026-04-25,8.0,0.0,516.98,0.1268681997422934,1.0002528661646692,2.0,0.85,0.86,0.86,2.03,-0.4852183725643698,-0.3268151102618554,-0.6928435146709077,-4.002857142857143,False,False,False,False,-0.28579572756393334,-0.4583102068860629,False
66342,2026-04-23 09:00:00+00:00,2975,2966.0,2962.0,27.0,2953.0,9,2026-04-23,2871.0,23.0,580.41,0.5189040965171188,0.9947411425730011,0.7029045074667762,0.85,1299.57,1259.65,1047.17,0.7362531811929653,6.35691481502894,0.6927542929688475,462.9457142857143,False,True,False,False,259.5065106781718,2.1821096100984034,False
66335,2026-04-25 19:00:00+00:00,1111,1102.0,1098.0,13.0,1092.0,19,2026-04-25,1016.0,5.0,547.52,0.5189040965171188,0.9359340011553848,1.7627555402851744,0.85,453.27,419.42,929.34,-0.34685557783244303,-0.1830307406981777,0.6927391546754119,83.86428571428576,False,False,False,False,14.28104965075454,0.3102395639137782,False
66331,2026-04-21 05:00:00+00:00,255,245.0,244.0,0.0,242.0,5,2026-04-21,212.0,0.0,516.98,0.1268681997422934,1.000038778282299,2.0,0.85,26.31,22.86,53.79,-0.8120919016412236,-0.5534903201792989,0.6920377047014339,5.174285714285713,False,False,False,False,6.491464743517753,0.7448717279269063,False
66330,2026-04-22 23:00:00+00:00,304,302.0,300.0,0.0,297.0,23,2026-04-22,237.0,0.0,516.98,0.1268681997422934,1.0000004307878039,2.0,0.85,32.35,25.56,60.14,-0.9475865436290198,-0.6567349605206698,-0.6914276701785187,-20.564285714285713,False,False,False,False,-13.009358004909899,-1.7019480651484489,False
66330,2026-04-22 19:00:00+00:00,2428,2418.0,2412.0,9.0,2405.0,19,2026-04-22,2055.0,6.0,538.12,0.1268681997422934,1.001284160344515,1.5151633816299004,0.85,260.44,221.89,395.02,-0.14708659634924662,0.09455728280192131,-0.6911817132250893,-102.93285714285719,False,False,False,False,0.08771893984570056,-0.02480770572018175,False
66340,2026-04-26 08:00:00+00:00,817,809.0,808.0,6.0,796.0,8,2026-04-26,733.0,3.0,531.07,0.5189040965171188,0.9989644695743897,1.1152048690359744,0.85,356.01,322.97,424.18,-0.521355653090406,-0.053364353889073984,-0.6898159549780822,-245.03999999999996,False,False,False,False,40.70252866363978,0.5524280475051246,False
66340,2026-04-24 03:00:00+00:00,134,130.0,128.0,1.0,125.0,3,2026-04-24,120.0,0.0,519.33,0.5189040965171188,0.9999999927903216,2.0,0.85,56.46,52.93,124.54,-0.8132572758778163,-0.5793913706514594,-0.6887107466740651,-73.42428571428573,False,False,False,False,36.48738660256379,0.49534432968980785,False
66335,2026-04-20 17:00:00+00:00,1395,1388.0,1382.0,2.0,1371.0,17,2026-04-20,1370.0,2.0,521.67,0.5189040965171188,0.7128761131977971,0.7285055023074193,0.85,434.54,430.77,517.89,-0.31960207398781476,-0.14187783049761685,-0.6832263135656559,-188.83285714285716,False,False,False,False,-17.87777668323082,-0.29675122811194493,False
66333,2026-04-24 16:00:00+00:00,2083,2080.0,2080.0,32.0,2068.0,16,2026-04-24,2050.0,31.0,592.16,0.5189040965171188,0.5822372097709865,1.1323107481792098,0.85,534.16,526.45,1204.5,0.7999976450412077,9.452007467429254,0.6793660959441411,219.26000000000005,False,True,False,False,121.19684396897134,2.967646380607718,False
66340,2026-04-26 21:00:00+00:00,498,489.0,489.0,6.0,486.0,21,2026-04-26,460.0,4.0,531.07,0.5189040965171188,0.9947411425730011,1.7101666666666666,0.85,214.55,201.82,408.21,-0.6523135911762258,-0.2893596622906553,-0.6775332314598896,-169.04571428571427,False,False,False,False,-9.693339625238991,-0.1300598693376767,False
66332,2026-04-21 21:00:00+00:00,83,83.0,82.0,2.0,78.0,21,2026-04-21,80.0,2.0,521.67,0.5189040965171188,0.9947411425730011,2.0,0.85,35.98,35.1,83.02,-0.6573957100089252,-0.5326377760938001,-0.6756142158558053,-187.35428571428574,False,False,False,False,-75.8507314821648,-1.6334889903727203,False
66340,2026-04-21 11:00:00+00:00,3466,3454.0,3449.0,24.0,3433.0,11,2026-04-21,3399.0,22.0,573.36,0.5189040965171188,0.9359340011553848,0.5,0.85,1423.79,1403.14,881.88,0.6462616476290314,2.050763192756704,-0.672548091267937,-786.4100000000001,False,False,False,False,-1156.8449821824574,-15.66540356743298,True
66331,2026-04-21 22:00:00+00:00,454,449.0,447.0,1.0,443.0,22,2026-04-21,368.0,1.0,519.33,0.1268681997422934,1.0000046314053592,2.0,0.85,48.2,39.68,93.37,-0.6816867760803159,-0.4000040917493952,-0.6719687547941632,-20.647142857142853,False,False,False,False,7.716457879933529,0.8592012115303171,False
66332,2026-04-24 15:00:00+00:00,1177,1166.0,1164.0,36.0,1136.0,15,2026-04-24,1079.0,24.0,601.56,0.5189040965171188,0.5266127405031122,0.5198338315010892,0.85,270.36,250.62,291.05,-0.30449254696196176,0.41784115997521915,-0.6717147510222085,-385.8042857142857,False,False,False,False,69.22514583743904,1.3392271887339569,False
66330,2026-04-21 08:00:00+00:00,1263,1256.0,1246.0,2.0,1239.0,8,2026-04-21,1067.0,0.0,521.67,0.1268681997422934,1.0050789526870891,2.0,0.85,135.05,115.65,270.74,-0.5802609171305999,-0.3119892863958176,-0.6704012771236271,-35.46999999999997,False,False,False,False,2.5698169194494938,0.293036246423337,False
66330,2026-04-20 08:00:00+00:00,1288,1283.0,1277.0,6.0,1260.0,8,2026-04-20,1067.0,4.0,531.07,0.1268681997422934,1.0050789526870891,2.0,0.85,138.41,115.65,270.74,-0.5802609171305999,-0.3119892863958176,-0.6704012771236271,-35.46999999999997,False,False,False,False,1.1781112170051813,0.11482199206252329,False
66338,2026-04-22 15:00:00+00:00,159,157.0,157.0,5.0,152.0,15,2026-04-22,156.0,5.0,528.72,0.1268681997422934,1.0701127791564455,2.0,0.85,18.12,18.0,39.58,2.0015543338266046,7.618732393125664,-0.6699103932845021,-9.446666666666669,False,True,False,False,16.58116941780556,31.067412496664563,True
66340,2026-04-24 17:00:00+00:00,5767,5752.0,5738.0,27.0,5719.0,17,2026-04-24,5680.0,22.0,580.41,0.5189040965171188,0.7128761131977971,0.5,0.85,1804.18,1785.95,1473.69,1.0600627890127097,2.7964616162747338,0.6697359441899573,508.5657142857142,False,False,False,False,441.4832787027275,5.980016230666439,True
66332,2026-04-25 12:00:00+00:00,4544,4535.0,4529.0,36.0,4508.0,12,2026-04-25,4497.0,33.0,601.56,0.5189040965171188,0.846313658188328,0.5,0.85,1690.6,1678.65,1166.76,2.033834772664779,6.715690246253252,0.668750715537223,597.5185714285715,False,True,False,False,1213.5613033422742,24.787554178735295,True
66332,2026-04-24 13:00:00+00:00,1298,1291.0,1291.0,34.0,1272.0,13,2026-04-24,1184.0,22.0,596.86,0.5189040965171188,0.7128761131977971,0.5276120937885643,0.85,405.93,372.28,324.16,-0.10528041436965682,0.9543819328137346,-0.6684185595931232,-473.5742857142857,False,False,False,False,205.89342293063763,4.139665180162091,True
66332,2026-04-24 17:00:00+00:00,1083,1077.0,1074.0,41.0,1055.0,17,2026-04-24,982.0,24.0,613.31,0.5189040965171188,0.7128761131977971,0.6600836281762624,0.85,337.69,308.77,336.35,-0.20927484590785578,0.6742923020149995,-0.6677194946998908,-369.2257142857144,False,False,False,False,56.23688991410543,1.0730878467907556,False
66336,2026-04-23 15:00:00+00:00,2112,2105.0,2098.0,80.0,2083.0,15,2026-04-23,2008.0,65.0,704.94,0.5189040965171188,0.5266127405031122,0.5,0.85,487.31,466.4,520.98,-0.12888446828760938,0.20171324502835694,-0.6673942956918895,-206.2614285714286,False,False,False,False,6.026726772551115,0.1821820703411721,False
66338,2026-04-22 02:00:00+00:00,13,12.0,12.0,1.0,10.0,2,2026-04-22,10.0,0.0,519.33,0.1268681997422934,1.0000000312061639,2.0,0.85,1.29,1.08,2.54,-0.45329946968187185,-0.224830253158865,-0.6668681921970597,-1.1014285714285714,False,False,False,False,-0.7443570693783279,-1.3153984607606757,False
66332,2026-04-24 03:00:00+00:00,5,5.0,5.0,0.0,5.0,3,2026-04-24,3.0,0.0,516.98,0.5189040965171188,0.9999999927903216,2.0,0.85,2.21,1.32,3.11,-0.7127087614553173,-0.6816131772649744,-0.6654713443613642,-14.821428571428573,False,False,False,False,20.051859118794766,0.3316287670726285,False
66336,2026-04-25 07:00:00+00:00,617,608.0,606.0,2.0,603.0,7,2026-04-25,601.0,2.0,521.67,0.5189040965171188,0.9998411962659136,2.0,0.85,267.25,265.04,623.72,-0.5138595204519656,-0.21960285910431207,-0.6651928438238227,-41.89428571428567,False,False,False,False,12.325490613550414,0.4685264172079383,False
66331,2026-04-22 09:00:00+00:00,1232,1227.0,1221.0,5.0,1212.0,9,2026-04-22,944.0,4.0,528.72,0.1268681997422934,1.015644275641629,2.0,0.85,133.73,103.39,239.53,-0.18774441285288293,0.1813637806209474,-0.6617493208688044,-47.39571428571428,False,False,False,False,-18.66604177835798,-1.6030963087031898,False
66336,2026-04-21 13:00:00+00:00,3658,3647.0,3639.0,56.0,3624.0,13,2026-04-21,3573.0,55.0,648.55,0.5189040965171188,0.7128761131977971,0.5187825471459628,0.85,1144.2,1123.45,961.85,1.1273126812186995,1.5764934705963458,0.6603134714037884,250.46571428571428,False,False,False,False,39.87871509049717,1.7211071244841474,False
66330,2026-04-23 00:00:00+00:00,158,148.0,145.0,0.0,144.0,0,2026-04-23,139.0,0.0,516.98,0.1268681997422934,1.0000000312061639,2.0,0.85,15.64,14.99,35.27,-0.9906838005064568,-0.6971829766767325,-0.6585317579625436,-14.742857142857142,False,False,False,False,-9.89506226783007,-1.3031483105250747,False
66331,2026-04-22 20:00:00+00:00,1241,1235.0,1231.0,5.0,1213.0,20,2026-04-22,1000.0,3.0,528.72,0.1268681997422934,1.0002528661646692,2.0,0.85,132.78,107.87,253.74,-0.15301106193059597,0.22224477368670062,-0.6577697955519812,-50.72285714285715,False,False,False,False,-4.245860318942917,-0.25725048254108046,False
66340,2026-04-21 19:00:00+00:00,801,795.0,793.0,17.0,788.0,19,2026-04-21,783.0,14.0,556.92,0.5189040965171188,0.9359340011553848,0.7860425923088709,0.85,327.36,323.23,319.37,-0.5210746042756944,-0.052857884386932764,-0.657310433791452,-446.53,False,False,False,False,-414.81209414689647,-5.616395639217665,True
66332,2026-04-24 05:00:00+00:00,73,69.0,69.0,1.0,67.0,5,2026-04-24,53.0,0.0,519.33,0.5189040965171188,0.9999982358498678,2.0,0.85,30.43,23.38,55.0,-0.6765866206942927,-0.5843249194249476,-0.656483500260488,-26.145714285714288,False,False,False,False,7.315399370461392,0.0706489221946174,False
66332,2026-04-26 05:00:00+00:00,64,61.0,61.0,3.0,60.0,5,2026-04-26,53.0,0.0,524.02,0.5189040965171188,0.9999982358498678,2.0,0.85,26.91,23.38,55.0,-0.6765866206942927,-0.5843249194249476,-0.656483500260488,-26.145714285714288,False,False,False,False,-25.363811978786885,-0.5989732237693397,False
66342,2026-04-24 01:00:00+00:00,80,77.0,77.0,1.0,77.0,1,2026-04-24,65.0,1.0,519.33,0.5189040965171188,0.9999982358498678,2.0,0.85,33.96,28.67,67.46,-0.662782293913695,-0.5191484156170166,-0.6545429629900125,-71.91666666666666,False,False,False,False,-116.54821551224893,-1.0607411983556785,False
66340,2026-04-26 16:00:00+00:00,3007,2999.0,2997.0,12.0,2983.0,16,2026-04-26,2951.0,12.0,545.17,0.5189040965171188,0.5822372097709865,0.5,0.85,769.65,757.84,765.64,-0.05127989134562351,0.7937448476346208,-0.6538837677410754,-514.5257142857141,False,False,False,False,-0.528071779766492,-0.005938889353624841,False
66340,2026-04-21 06:00:00+00:00,842,829.0,828.0,4.0,822.0,6,2026-04-21,810.0,4.0,526.37,0.5189040965171188,0.9999810335986662,2.0,0.85,365.2,357.26,840.62,-0.48428963825786164,0.013431181604860901,0.6537107130022868,113.27999999999997,False,False,False,False,154.67634122185666,2.095922634434484,False
66335,2026-04-20 13:00:00+00:00,1995,1985.0,1983.0,4.0,1961.0,13,2026-04-20,1943.0,3.0,526.37,0.5189040965171188,0.7128761131977971,0.5,0.85,623.51,610.93,504.12,0.11299627426313194,0.5113475705361334,-0.6512322942074886,-311.8228571428573,False,False,False,False,345.3275905062844,6.558670397315146,True
66333,2026-04-25 05:00:00+00:00,206,204.0,203.0,7.0,201.0,5,2026-04-25,181.0,5.0,533.42,0.5189040965171188,0.9999982358498678,2.0,0.85,89.54,79.83,187.84,-0.4133623783091655,0.8610745429336885,0.6509383710498258,29.108571428571423,False,False,False,False,-26.334124321217985,-0.8735916648453749,False
66335,2026-04-20 19:00:00+00:00,644,634.0,631.0,2.0,628.0,19,2026-04-20,622.0,0.0,521.67,0.5189040965171188,0.9359340011553848,1.7627555402851744,0.85,260.48,256.77,568.94,-0.7374090932799148,-0.7727682600040143,-0.6507889341682812,-78.78571428571428,False,False,False,False,-25.619082692919733,-0.44286668075110974,False
66340,2026-04-24 06:00:00+00:00,327,310.0,309.0,5.0,305.0,6,2026-04-24,298.0,5.0,528.72,0.5189040965171188,0.9999810335986662,2.0,0.85,136.29,131.44,309.27,-0.7283913434047027,-0.42645706060104144,-0.6494403570028018,-112.54000000000002,False,False,False,False,33.49779189617425,0.45485763241390587,False
66340,2026-04-21 09:00:00+00:00,1459,1447.0,1440.0,18.0,1431.0,9,2026-04-21,1415.0,16.0,559.27,0.5189040965171188,0.9947411425730011,0.62161507239353,0.85,631.8,620.83,456.42,-0.19938180712885217,0.526854899602424,-0.6485600172056821,-400.5785714285713,False,False,False,False,-832.6551501519939,-11.275050734224335,True
66330,2026-04-20 03:00:00+00:00,121,115.0,114.0,0.0,112.0,3,2026-04-20,83.0,0.0,516.98,0.1268681997422934,1.0000004307878039,2.0,0.85,12.29,8.95,21.06,-1.015310804436421,-0.7202961287659112,-0.6470308245861314,-5.977142857142859,False,False,False,False,-1.5878745733790538,-0.23937508734885232,False
66332,2026-04-24 16:00:00+00:00,1025,1013.0,1008.0,36.0,994.0,16,2026-04-24,939.0,24.0,601.56,0.5189040965171188,0.5822372097709865,0.6068724863969719,0.85,258.86,241.14,295.7,-0.32001557028084265,0.3760327880657243,-0.6453402993706933,-363.77857142857147,False,False,False,False,81.72202936940079,1.5952979328869166,False
66342,2026-04-24 00:00:00+00:00,78,76.0,76.0,2.0,76.0,0,2026-04-24,64.0,1.0,521.67,0.5189040965171188,0.9999810335986662,2.0,0.85,33.52,28.23,66.42,-0.6632823634591359,-0.5216061873285669,-0.643826099147622,-72.70714285714284,False,False,False,False,-162.04996742551072,-1.4531186442471078,False
66335,2026-04-25 08:00:00+00:00,1287,1280.0,1274.0,8.0,1265.0,8,2026-04-25,1205.0,7.0,535.77,0.5189040965171188,0.9989644695743897,1.518348623853211,0.85,561.34,530.94,949.39,-0.07907489512293149,0.22131926331649743,0.6435620710071656,121.98857142857145,False,False,False,False,16.324316438919254,0.34880577628693527,False
66330,2026-04-21 19:00:00+00:00,2388,2377.0,2373.0,12.0,2357.0,19,2026-04-21,2123.0,7.0,545.17,0.1268681997422934,1.001284160344515,1.5151633816299004,0.85,256.23,229.23,408.1,-0.11715907832839631,0.12264511994340668,-0.6418944990556513,-95.59285714285718,False,False,False,False,26.577826382327686,3.3673712136506473,False
66330,2026-04-21 21:00:00+00:00,1143,1135.0,1130.0,5.0,1128.0,21,2026-04-21,946.0,3.0,528.72,0.1268681997422934,1.000038778282299,2.0,0.85,121.86,102.02,240.03,-0.635834768714277,-0.36414694582884827,-0.6414799641237442,-44.028571428571425,False,False,False,False,-6.199283405964337,-0.8298869931409038,False
66333,2026-04-24 17:00:00+00:00,1791,1787.0,1786.0,33.0,1778.0,17,2026-04-24,1744.0,25.0,594.51,0.5189040965171188,0.7128761131977971,1.2273923444976076,0.85,561.57,548.36,1110.75,0.8595218896151333,9.873455992743162,0.6405388207886152,213.29285714285714,False,True,False,False,56.93602408855821,1.2944986407303403,False
66330,2026-04-20 02:00:00+00:00,118,111.0,111.0,0.0,110.0,2,2026-04-20,63.0,0.0,516.98,0.1268681997422934,1.0000000312061639,2.0,0.85,11.97,6.79,15.99,-1.024117812464355,-0.7285617593143592,-0.6338147467362556,-5.425714285714284,False,False,False,False,-3.6247496932010392,-0.5002062243253089,False
66330,2026-04-23 02:00:00+00:00,71,67.0,65.0,0.0,62.0,2,2026-04-23,63.0,0.0,516.98,0.1268681997422934,1.0000000312061639,2.0,0.85,7.01,6.79,15.99,-1.024117812464355,-0.7285617593143592,-0.6338147467362556,-5.425714285714284,False,False,False,False,0.5430407695960469,0.03349832855174884,False
66331,2026-04-20 19:00:00+00:00,1019,1018.0,1011.0,5.0,1005.0,19,2026-04-20,879.0,3.0,528.72,0.1268681997422934,1.001284160344515,2.0,0.85,109.16,94.91,223.03,-0.2534896842414975,0.10398190088934314,-0.632728575373133,-61.00714285714287,False,False,False,False,1.2687197611576835,0.2574292116589091,False
66338,2026-04-22 22:00:00+00:00,7,6.0,5.0,0.0,5.0,22,2026-04-22,5.0,0.0,516.98,0.1268681997422934,1.0000046314053592,2.0,0.85,0.54,0.54,1.27,-0.5316458676661849,-0.4751567205934777,-0.6317421753291492,-4.324285714285714,False,False,False,False,-11.029994225791002,-20.540086602801622,True
66335,2026-04-20 11:00:00+00:00,2002,1990.0,1982.0,13.0,1969.0,11,2026-04-20,1926.0,11.0,547.52,0.5189040965171188,0.9359340011553848,0.5,0.85,818.19,795.07,499.7,0.5551513577829442,1.1790036836930766,-0.6312706691047103,-416.76571428571435,False,False,False,False,-16.663068820273736,-0.2738238836821826,False
66335,2026-04-25 21:00:00+00:00,679,675.0,674.0,5.0,670.0,21,2026-04-25,643.0,2.0,528.72,0.5189040965171188,0.9947411425730011,1.6078031964901285,0.85,295.72,282.12,536.45,-0.6765389327106347,-0.6808540508776512,-0.6282926062511079,-113.13,False,False,False,False,-270.7204539017124,-5.069101291788254,True
66340,2026-04-21 20:00:00+00:00,821,809.0,805.0,16.0,797.0,20,2026-04-21,777.0,12.0,554.57,0.5189040965171188,0.9792008154013185,1.0934569479965899,0.85,347.68,335.58,440.87,-0.5077247855768924,-0.02880058303522397,-0.6282346506961045,-235.07428571428574,False,False,False,False,-448.7286024489771,-6.075711211775758,True
66331,2026-04-25 15:00:00+00:00,1557,1553.0,1551.0,16.0,1538.0,15,2026-04-25,1406.0,13.0,554.57,0.1268681997422934,1.0701127791564455,2.0,0.85,178.98,162.25,356.75,0.26859599680912793,0.7184743279089456,-0.6249386336495203,-78.96714285714285,False,False,False,False,-138.97829256900164,-12.831924532431024,True
66330,2026-04-26 03:00:00+00:00,220,217.0,215.0,1.0,212.0,3,2026-04-26,192.0,0.0,519.33,0.1268681997422934,1.0000004307878039,2.0,0.85,23.19,20.7,48.72,-0.9674023116918717,-0.6753326292546779,0.6249167213557733,5.772857142857141,False,False,False,False,11.881439032739934,1.4854318720898358,False
66335,2026-04-24 14:00:00+00:00,4042,4030.0,4011.0,27.0,3996.0,14,2026-04-24,3888.0,21.0,580.41,0.5189040965171188,0.5822372097709865,0.5,0.85,1030.05,998.46,1008.75,1.0435293442991525,1.9164565828729971,0.6240285398087009,232.81142857142856,False,False,False,False,-127.6975898890704,-2.369576110016414,False
66340,2026-04-24 00:00:00+00:00,155,136.0,135.0,1.0,132.0,0,2026-04-24,134.0,1.0,519.33,0.5189040965171188,0.9999810335986662,2.0,0.85,59.54,59.1,139.07,-0.8065877713133135,-0.5673724597737231,-0.6234414019227934,-65.57714285714286,False,False,False,False,59.239122918574026,0.803460563224317,False
66340,2026-04-21 16:00:00+00:00,3116,3104.0,3101.0,37.0,3081.0,16,2026-04-21,3045.0,35.0,603.91,0.5189040965171188,0.5822372097709865,0.5,0.85,796.36,781.98,790.03,-0.025185589856628995,0.8407685929488112,-0.6232055067426283,-490.38571428571413,False,False,False,False,-803.9876335506603,-10.886819826600144,True
66331,2026-04-22 13:00:00+00:00,1803,1799.0,1790.0,7.0,1772.0,13,2026-04-22,1433.0,3.0,533.42,0.1268681997422934,1.1155964303431323,2.0,0.85,215.34,172.4,363.6,0.3472887449924343,0.8110953278235428,-0.6230941254991829,-90.94714285714284,False,False,False,False,-57.911142214562005,-5.265869538570746,True
66331,2026-04-22 05:00:00+00:00,185,180.0,178.0,3.0,178.0,5,2026-04-22,121.0,2.0,524.02,0.1268681997422934,1.000038778282299,2.0,0.85,19.2,13.05,30.7,-0.8881486365848921,-0.6430087447272986,-0.6200061711088222,-4.635714285714286,False,False,False,False,6.883320102665309,0.7814438682326487,False
66330,2026-04-20 17:00:00+00:00,4238,4225.0,4215.0,17.0,4197.0,17,2026-04-20,3810.0,10.0,556.92,0.1268681997422934,1.015644275641629,0.985064071737716,0.85,461.65,417.29,476.15,0.6496214446962774,0.8422907129717087,-0.6183047645543331,-95.03714285714278,False,False,False,False,0.536996297952129,0.03272430642542289,False
66335,2026-04-26 23:00:00+00:00,1267,1259.0,1259.0,0.0,1254.0,23,2026-04-26,1242.0,0.0,516.98,0.5189040965171188,0.9998411962659136,1.4951187527320413,0.85,555.22,547.72,963.57,-0.03878293084867042,0.2821603058861373,0.6176306730601627,117.49428571428575,False,False,False,False,-0.1287906120886646,0.03825699019454003,False
66330,2026-04-26 14:00:00+00:00,6549,6536.0,6525.0,16.0,6508.0,14,2026-04-26,5988.0,12.0,554.57,0.1268681997422934,1.10201349172765,0.9253314909786623,0.85,775.42,711.61,702.96,1.8496578348729333,1.9685594088139389,0.6168389468047163,118.91000000000008,False,False,False,False,0.3812271753474761,0.012777360753884847,False
66331,2026-04-20 01:00:00+00:00,63,57.0,56.0,0.0,55.0,1,2026-04-20,26.0,0.0,516.98,0.1268681997422934,1.0000000017605313,2.0,0.85,6.04,2.8,6.6,-0.9676166827798566,-0.736542266808542,-0.6167931464121075,-11.19857142857143,False,False,False,False,-5.3718579382107805,-0.362340643883724,False
66338,2026-04-26 22:00:00+00:00,9,6.0,6.0,0.0,6.0,22,2026-04-26,6.0,0.0,516.98,0.1268681997422934,1.0000046314053592,2.0,0.85,0.65,0.65,1.52,-0.5156864162249359,-0.4241642920419825,-0.6156720902613115,-4.2142857142857135,False,False,False,False,0.163512093980684,0.381482468824818,False
66340,2026-04-21 18:00:00+00:00,1815,1800.0,1796.0,22.0,1789.0,18,2026-04-21,1763.0,19.0,568.67,0.5189040965171188,0.846313658188328,0.5087258304412494,0.85,670.41,658.1,465.4,-0.1590945404969207,0.599455354774747,-0.6147981364676112,-405.9685714285714,False,False,False,False,-742.2323304727618,-10.050496342499528,True
66340,2026-04-24 23:00:00+00:00,240,232.0,230.0,2.0,226.0,23,2026-04-24,228.0,1.0,521.67,0.5189040965171188,0.9998411962659136,2.0,0.85,101.43,100.55,236.62,-0.7617821045064029,-0.48662953337466786,-0.6140449124002695,-65.33000000000003,False,False,False,False,-74.99614365222283,-1.0144255167136764,False
66330,2026-04-22 16:00:00+00:00,4730,4720.0,4703.0,18.0,4681.0,16,2026-04-22,4018.0,12.0,559.27,0.1268681997422934,1.0375286663287155,0.936983721243105,0.85,526.2,449.55,477.63,0.7811557405208864,0.9657394358851034,-0.6120881299414552,-103.57857142857148,False,False,False,False,-3.0918503910006336,-0.4319660413439193,False
66335,2026-04-20 18:00:00+00:00,1043,1036.0,1032.0,4.0,1024.0,18,2026-04-20,1014.0,3.0,526.37,0.5189040965171188,0.846313658188328,0.9538018218999814,0.85,385.23,378.51,501.86,-0.44508825116140754,-0.3313625077735038,-0.61162148330037,-183.38714285714286,False,False,False,False,-28.87864163572783,-0.5043901407120449,False
66335,2026-04-20 14:00:00+00:00,2141,2127.0,2119.0,9.0,2108.0,14,2026-04-20,2094.0,7.0,538.12,0.5189040965171188,0.5822372097709865,0.5,0.85,544.17,537.75,543.29,-0.06272279281615462,0.24601100943683382,-0.6108601009225262,-227.89857142857147,False,False,False,False,18.844769038964955,0.3963787661739526,False
66336,2026-04-21 16:00:00+00:00,3752,3739.0,3733.0,53.0,3719.0,16,2026-04-21,3678.0,48.0,641.5,0.5189040965171188,0.5822372097709865,0.5,0.85,958.66,944.53,954.26,0.7852400931513244,1.2021297570910956,0.6098685277577811,95.8599999999999,False,False,False,False,67.77291740460612,2.9891888218820566,False
66340,2026-04-21 17:00:00+00:00,2636,2626.0,2624.0,25.0,2612.0,17,2026-04-21,2590.0,23.0,575.71,0.5189040965171188,0.7128761131977971,0.5,0.85,825.06,814.37,671.98,0.009826606714561242,0.9038630051578679,-0.6097487524337554,-463.01428571428585,False,False,False,False,-898.9826413951266,-12.17329324625829,True
66336,2026-04-21 15:00:00+00:00,3771,3764.0,3757.0,44.0,3730.0,15,2026-04-21,3707.0,44.0,620.35,0.5189040965171188,0.5266127405031122,0.5,0.85,872.65,861.03,961.79,0.6255985712218262,1.0274183213785517,0.6094988817335915,188.36857142857139,False,False,False,False,135.91602083403518,6.0870018114668065,True
66332,2026-04-21 07:00:00+00:00,343,340.0,340.0,16.0,333.0,7,2026-04-21,312.0,13.0,554.57,0.5189040965171188,0.9998411962659136,2.0,0.85,149.94,137.59,323.8,-0.48957348849499016,-0.08063988189505389,-0.6090421357195165,-140.9314285714286,False,False,False,False,-263.87413478523064,-5.486232970809743,True
66335,2026-04-20 10:00:00+00:00,1595,1589.0,1581.0,5.0,1563.0,10,2026-04-20,1530.0,4.0,528.72,0.5189040965171188,0.9792008154013185,0.6151309873508782,0.85,682.83,660.8,488.37,0.23274360789587348,0.6921665689239728,-0.6087385050501128,-334.22428571428577,False,False,False,False,-10.562922131055359,-0.1586849531780952,False
66336,2026-04-25 18:00:00+00:00,2165,2157.0,2157.0,17.0,2147.0,18,2026-04-25,2144.0,17.0,556.92,0.5189040965171188,0.846313658188328,0.7547072668431892,0.85,805.17,800.32,839.63,0.5095286694692535,0.900391599676653,0.6066458537830519,89.75142857142873,False,False,False,False,166.6895383392881,7.485978339762341,True
66330,2026-04-26 13:00:00+00:00,5919,5909.0,5898.0,13.0,5883.0,13,2026-04-26,5464.0,9.0,547.52,0.1268681997422934,1.1155964303431323,1.0,0.85,709.55,657.34,693.21,1.6283817581710882,1.7608854412841826,0.6046085544433318,104.97428571428577,False,False,False,False,0.4803969621622741,0.02547650366986156,False
66342,2026-04-23 14:00:00+00:00,7257,7247.0,7237.0,69.0,7218.0,14,2026-04-23,6551.0,52.0,679.09,0.5189040965171188,0.5822372097709865,0.5,0.85,1858.51,1682.34,1699.67,1.216649536107614,8.717995553108956,0.602932949698661,594.25,False,True,False,False,669.7579601193428,5.719850667010691,True
66331,2026-04-25 16:00:00+00:00,2680,2675.0,2671.0,33.0,2660.0,16,2026-04-25,2435.0,22.0,594.51,0.1268681997422934,1.0375286663287155,2.0,0.85,298.84,272.44,617.85,1.1228968758552877,1.7239825033364775,0.6028628265742199,44.06857142857143,False,False,False,False,-6.742778663451844,-0.490289653489298,False
66336,2026-04-25 03:00:00+00:00,77,66.0,64.0,2.0,55.0,3,2026-04-25,63.0,2.0,521.67,0.5189040965171188,0.9999999927903216,2.0,0.85,28.23,27.79,65.38,-0.9674517489282943,-0.7160134953055226,0.6017343169646499,5.862857142857141,False,False,False,False,-6.292300152216853,-0.3778458665447988,False
66330,2026-04-24 11:00:00+00:00,5451,5443.0,5423.0,25.0,5399.0,11,2026-04-24,5014.0,19.0,575.71,0.1268681997422934,1.0701127791564455,1.0473082706766916,0.85,625.81,578.61,666.21,1.3073744701899515,1.4596108611548717,0.6015689665217848,79.90571428571428,False,False,False,False,11.441411543455615,1.4290843477796782,False
66331,2026-04-21 00:00:00+00:00,112,96.0,94.0,1.0,90.0,0,2026-04-21,66.0,0.0,519.33,0.1268681997422934,1.0000000312061639,2.0,0.85,10.14,7.12,16.75,-0.9341238086762227,-0.6971213092094227,-0.6014032045748452,-14.627142857142857,False,False,False,False,-3.998517674636261,-0.2341658170388535,False
66332,2026-04-22 22:00:00+00:00,419,416.0,416.0,4.0,415.0,22,2026-04-22,414.0,4.0,526.37,0.5189040965171188,0.9989644695743897,2.0,0.85,183.29,182.41,429.65,-0.4161829921709139,0.11702374985426606,0.6011050860465152,77.00714285714285,False,False,False,False,187.99475627157096,3.772907749878712,True
66338,2026-04-25 07:00:00+00:00,15,0.0,0.0,0.0,0.0,7,2026-04-25,0.0,0.0,516.98,0.1268681997422934,1.001284160344515,2.0,1.0,0.0,0.0,0.0,-0.609992265650498,-0.7254831880280903,-0.5998564160598423,-2.815,False,False,False,False,-0.4998453621739798,-0.8583862945137894,False
66338,2026-04-24 07:00:00+00:00,7,0.0,0.0,0.0,0.0,7,2026-04-24,0.0,0.0,516.98,0.1268681997422934,1.001284160344515,2.0,1.0,0.0,0.0,0.0,-0.609992265650498,-0.7254831880280903,-0.5998564160598423,-2.815,False,False,False,False,-4.686025420539856,-8.682695562349473,True
66342,2026-04-23 19:00:00+00:00,2286,2279.0,2273.0,25.0,2269.0,19,2026-04-23,2082.0,21.0,575.71,0.5189040965171188,0.9359340011553848,0.9004826678367706,0.85,938.32,859.47,972.84,0.2814399296143992,4.1215714433739175,0.5994912743648563,320.2800000000001,False,True,False,False,157.12668241745473,1.2992527126250761,False
66335,2026-04-26 07:00:00+00:00,890,886.0,880.0,4.0,876.0,7,2026-04-26,810.0,3.0,526.37,0.5189040965171188,0.9998411962659136,2.0,0.85,388.08,357.21,840.62,-0.49623359317819915,-0.40859219828204557,0.5950597959745084,84.6742857142857,False,False,False,False,37.274874566701214,0.7442429647991369,False
66330,2026-04-20 09:00:00+00:00,2184,2173.0,2164.0,15.0,2147.0,9,2026-04-20,1824.0,9.0,552.22,0.1268681997422934,1.015644275641629,1.7256194251734391,0.85,237.01,199.77,399.32,-0.23727688226494245,0.009911103296518687,-0.5934566197151563,-84.63428571428571,False,False,False,False,11.004216789270146,1.3730995681019214,False
66335,2026-04-26 06:00:00+00:00,1164,1159.0,1153.0,3.0,1150.0,6,2026-04-26,1133.0,1.0,524.02,0.5189040965171188,0.9999810335986662,1.6706284597850862,0.85,508.54,499.72,982.19,-0.15404003961890492,0.10812156671195865,0.5930168555167309,117.5757142857143,False,False,False,False,29.875883372346948,0.604588629202124,False
66330,2026-04-20 15:00:00+00:00,4638,4626.0,4611.0,17.0,4584.0,15,2026-04-20,4157.0,7.0,556.92,0.1268681997422934,1.0701127791564455,0.9306234800502419,0.85,532.1,479.71,490.8,0.9041276674294482,1.081152129098618,-0.5928495588640124,-94.2328571428572,False,False,False,False,0.7073865940992619,0.05454355996792576,False
66330,2026-04-23 12:00:00+00:00,3749,3747.0,3729.0,19.0,3711.0,12,2026-04-23,3556.0,18.0,561.62,0.1268681997422934,1.10201349172765,1.0286532951289398,0.85,443.15,422.59,464.07,0.6712312329129675,0.8625721212618818,-0.5904040803614728,-98.3857142857143,False,False,False,False,-1.3524356458094644,-0.20922606025883583,False
66340,2026-04-24 04:00:00+00:00,165,159.0,159.0,1.0,154.0,4,2026-04-24,147.0,1.0,519.33,0.5189040965171188,0.9999998722053931,2.0,0.85,70.13,64.84,152.56,-0.8003830782500645,-0.5561911715341434,-0.587676800331785,-58.40857142857142,False,False,False,False,45.407565394465905,0.6161461820689259,False
66342,2026-04-25 07:00:00+00:00,1005,1001.0,1001.0,13.0,999.0,7,2026-04-25,842.0,7.0,547.52,0.5189040965171188,0.9998411962659136,2.0,0.85,441.44,371.32,873.83,-0.2733531354015363,1.3948413047527999,0.5876333603574981,120.20285714285714,False,False,False,False,-40.09603233974269,-0.4014674098818647,False
66340,2026-04-25 23:00:00+00:00,534,526.0,523.0,4.0,520.0,23,2026-04-25,517.0,4.0,526.37,0.5189040965171188,0.9998411962659136,2.0,0.85,230.64,228.0,536.55,-0.6240141374487246,-0.23836207934427972,0.5838737174086134,62.119999999999976,False,False,False,False,-14.584998232099224,-0.1963053375845038,False
66332,2026-04-24 12:00:00+00:00,1654,1651.0,1645.0,52.0,1630.0,12,2026-04-24,1501.0,26.0,639.15,0.5189040965171188,0.846313658188328,0.5,0.85,614.05,560.3,389.44,0.20259288145481447,1.7835813090187131,-0.5829214474433355,-520.8314285714287,False,False,False,False,-27.310774908660846,-0.6388679899337155,False
66340,2026-04-21 22:00:00+00:00,332,315.0,315.0,0.0,313.0,22,2026-04-21,309.0,0.0,516.98,0.5189040965171188,0.9989644695743897,2.0,0.85,138.79,136.15,320.68,-0.7233000360305037,-0.41728217077379054,-0.5794523692172612,-102.09428571428572,False,False,False,False,-54.700361967174786,-0.7395691399265053,False
66336,2026-04-21 18:00:00+00:00,2192,2183.0,2173.0,54.0,2155.0,18,2026-04-21,2133.0,44.0,643.85,0.5189040965171188,0.846313658188328,0.7547072668431892,0.85,811.14,796.21,835.33,0.5016708652161966,0.8917920308050535,0.5788656334708588,85.64142857142872,False,False,False,False,2.703271935017483,0.031096471830499465,False
66331,2026-04-20 18:00:00+00:00,1462,1449.0,1442.0,4.0,1436.0,18,2026-04-20,1296.0,3.0,526.37,0.1268681997422934,1.0050789526870891,2.0,0.85,156.29,140.47,328.84,0.09973608986997405,0.5197270000133867,-0.5749958914246862,-52.42571428571429,False,False,False,False,-3.30955293850829,-0.16986424655582008,False
66331,2026-04-22 01:00:00+00:00,49,42.0,41.0,0.0,40.0,1,2026-04-22,33.0,0.0,516.98,0.1268681997422934,1.0000000017605313,2.0,0.85,4.42,3.56,8.37,-0.9617244178912543,-0.7296070983420302,-0.5749339865841648,-10.438571428571429,False,False,False,False,5.339924226064511,0.6373976296686541,False
66340,2026-04-21 02:00:00+00:00,155,141.0,140.0,0.0,136.0,2,2026-04-21,140.0,0.0,516.98,0.5189040965171188,0.9999998722053931,2.0,0.85,61.75,61.75,145.29,-0.8037232353172142,-0.5622103667711297,-0.574914688424407,-67.82285714285715,False,False,False,False,-61.63100555041751,-0.8334276378968851,False
66336,2026-04-26 14:00:00+00:00,4197,4184.0,4175.0,106.0,4171.0,14,2026-04-26,4072.0,87.0,766.02,0.5189040965171188,0.5822372097709865,0.5,0.85,1072.17,1045.72,1056.49,0.9787026752357068,1.4138549089444172,0.5747633627830728,180.79571428571433,False,False,False,False,160.8040145437065,7.218420052175033,True
66338,2026-04-24 02:00:00+00:00,36,31.0,30.0,0.0,29.0,2,2026-04-24,29.0,0.0,516.98,0.1268681997422934,1.0000000312061639,2.0,0.85,3.24,3.13,7.36,-0.1558733291858685,0.7254831880280903,0.5743196882215922,0.9485714285714284,False,False,False,False,0.4639286475656075,0.9429853166844815,False
66330,2026-04-25 06:00:00+00:00,453,449.0,448.0,3.0,441.0,6,2026-04-25,383.0,2.0,524.02,0.1268681997422934,1.0002528661646692,2.0,0.85,48.32,41.31,97.18,-0.8833687767586668,-0.5964647377715697,-0.572280218951282,-12.177142857142861,False,False,False,False,-3.1057849337303765,-0.4337504230117378,False
66332,2026-04-24 20:00:00+00:00,476,469.0,467.0,19.0,464.0,20,2026-04-24,429.0,12.0,561.62,0.5189040965171188,0.9792008154013185,1.1836428653823972,0.85,201.69,185.28,263.49,-0.4114835114826029,0.12968092573825868,-0.5713634272782696,-348.3157142857143,False,False,False,False,22.210292975881686,0.3758567349956381,False
66330,2026-04-20 10:00:00+00:00,3355,3346.0,3333.0,16.0,3313.0,10,2026-04-20,2902.0,10.0,554.57,0.1268681997422934,1.0375286663287155,1.1796009620270316,0.85,372.91,324.69,434.3,0.2720617486839154,0.487940070015095,-0.5710270727338141,-104.48428571428576,False,False,False,False,175.60163392427822,22.450548566774135,True
66336,2026-04-22 00:00:00+00:00,121,101.0,100.0,1.0,96.0,0,2026-04-22,96.0,1.0,519.33,0.5189040965171188,0.9999810335986662,2.0,0.85,44.11,42.34,99.63,-0.939633974747765,-0.6855697660885463,-0.5695939830209765,-18.021428571428565,False,False,False,False,-3.4156656884398444,-0.24707290259541909,False
66331,2026-04-21 04:00:00+00:00,98,93.0,89.0,0.0,87.0,4,2026-04-21,61.0,0.0,516.98,0.1268681997422934,1.0000046314053592,2.0,0.85,9.6,6.58,15.48,-0.938310417939177,-0.7020489289093127,-0.5681909678360844,-2.6799999999999997,False,False,False,False,-1.1324920233385,0.033322402254962274,False
66336,2026-04-21 11:00:00+00:00,4559,4553.0,4543.0,82.0,4530.0,11,2026-04-21,4486.0,77.0,709.64,0.5189040965171188,0.9359340011553848,0.5,0.85,1875.4,1851.87,1163.9,2.519960314798161,3.100604895766781,0.5676433635867559,185.52999999999997,False,False,False,False,-153.65469969677872,-7.077000036391013,True
66340,2026-04-21 04:00:00+00:00,168,158.0,155.0,0.0,151.0,4,2026-04-21,152.0,0.0,516.98,0.5189040965171188,0.9999998722053931,2.0,0.85,68.37,67.04,157.75,-0.7980049728948124,-0.551905660362179,-0.5655415395454291,-56.20857142857142,False,False,False,False,-59.050920767843536,-0.7984867439640126,False
66333,2026-04-23 06:00:00+00:00,195,192.0,192.0,0.0,189.0,6,2026-04-23,187.0,0.0,516.98,0.5189040965171188,0.9999810335986662,2.0,0.85,84.68,82.48,194.07,-0.4061629603209911,0.9120484631565027,0.5652676624891724,26.84428571428571,False,False,False,False,36.982173369420934,0.7749637157993373,False
66335,2026-04-26 08:00:00+00:00,1314,1307.0,1297.0,12.0,1292.0,8,2026-04-26,1171.0,3.0,545.17,0.5189040965171188,0.9989644695743897,1.518348623853211,0.85,571.47,515.96,922.6,-0.11504471781830888,0.16700467346588913,0.5645336857183664,107.00857142857143,False,False,False,False,-13.342100962487848,-0.21114134392297698,False
66340,2026-04-26 03:00:00+00:00,163,156.0,155.0,2.0,151.0,3,2026-04-26,151.0,2.0,521.67,0.5189040965171188,0.9999999927903216,2.0,0.85,68.37,66.6,156.71,-0.7984805939658628,-0.552762762596572,-0.5604878322058251,-59.75428571428573,False,False,False,False,9.233811157196783,0.12626177265147026,False
66336,2026-04-21 09:00:00+00:00,2006,1990.0,1975.0,27.0,1957.0,9,2026-04-21,1944.0,22.0,580.41,0.5189040965171188,0.9947411425730011,0.6525693207835156,0.85,866.53,852.93,658.28,0.6101123876574077,1.010470265938173,-0.5565336794333843,-113.57428571428568,False,False,False,False,-145.45938084913826,-6.704437533330062,True
66338,2026-04-24 04:00:00+00:00,16,12.0,10.0,0.0,10.0,4,2026-04-24,10.0,0.0,516.98,0.1268681997422934,1.0000046314053592,2.0,0.85,1.08,1.08,2.54,-0.45329946968187185,-0.224830253158865,-0.5564001175421005,-0.6771428571428573,False,False,False,False,0.258091156432525,0.5582583897282354,False
66335,2026-04-20 21:00:00+00:00,687,682.0,682.0,0.0,678.0,21,2026-04-20,673.0,0.0,516.98,0.5189040965171188,0.9947411425730011,1.6078031964901285,0.85,299.23,295.28,561.48,-0.6449392753894622,-0.6331384298873973,-0.5552056204978634,-99.97000000000003,False,False,False,False,8.538312959029838,0.20184666870350162,False
66332,2026-04-20 16:00:00+00:00,3698,3693.0,3682.0,64.0,3659.0,16,2026-04-20,3573.0,57.0,667.34,0.5189040965171188,0.5822372097709865,0.6068724863969719,0.85,945.56,917.57,1125.17,0.7876045419122599,3.3592012491141965,0.554641153602358,312.6514285714286,False,False,False,False,14.414089893511573,0.2161065444970054,False
66332,2026-04-25 11:00:00+00:00,4114,4105.0,4104.0,25.0,4084.0,11,2026-04-25,4075.0,23.0,575.71,0.5189040965171188,0.9359340011553848,0.5121792951981631,0.85,1694.18,1682.2,1083.02,2.0396477191607736,6.731346334890246,0.5538928115107037,537.8285714285714,False,True,False,False,1156.9076930655983,23.62667818069974,True
66335,2026-04-20 07:00:00+00:00,460,451.0,450.0,2.0,445.0,7,2026-04-20,440.0,2.0,521.67,0.5189040965171188,0.9998411962659136,2.0,0.85,198.45,194.04,456.64,-0.888035727304015,-1.0002151372622692,-0.551639064135027,-78.49571428571429,False,False,False,False,-68.61745018740083,-1.2544514341942474,False
66340,2026-04-21 03:00:00+00:00,165,158.0,155.0,1.0,153.0,3,2026-04-21,154.0,0.0,519.33,0.5189040965171188,0.9999999927903216,2.0,0.85,68.37,67.92,159.82,-0.7970537307527116,-0.5501914558933934,-0.5481063949638297,-58.43428571428572,False,False,False,False,-56.38625439282248,-0.7624004006760152,False
66331,2026-04-20 23:00:00+00:00,207,202.0,201.0,3.0,199.0,23,2026-04-20,154.0,3.0,524.02,0.1268681997422934,1.0000004307878039,2.0,0.85,21.68,16.61,39.08,-0.8605480273698605,-0.6105229555946912,-0.5479313222273307,-9.427142857142858,False,False,False,False,-6.074014648272907,-0.42787343070811146,False
66335,2026-04-26 17:00:00+00:00,1582,1573.0,1566.0,5.0,1562.0,17,2026-04-26,1490.0,4.0,528.72,0.5189040965171188,0.7128761131977971,0.7285055023074193,0.85,492.39,468.5,563.26,-0.22900518411487833,-0.005076129892580127,-0.5467133719046061,-151.10285714285715,False,False,False,False,-42.54941433962165,-0.7624229763933275,False
66331,2026-04-22 04:00:00+00:00,108,97.0,93.0,1.0,93.0,4,2026-04-22,62.0,1.0,519.33,0.1268681997422934,1.0000046314053592,2.0,0.85,10.03,6.69,15.73,-0.937457590126353,-0.7010451545260018,-0.5448696967681853,-2.5699999999999994,False,False,False,False,7.722875520120013,0.8598001744686892,False
66333,2026-04-23 05:00:00+00:00,178,176.0,172.0,1.0,166.0,5,2026-04-23,170.0,1.0,519.33,0.5189040965171188,0.9999982358498678,2.0,0.85,75.86,74.98,176.43,-0.42653867160827735,0.767782651205142,0.5424805888691153,24.25857142857143,False,False,False,False,33.91457307968574,0.6950931430122315,False
66340,2026-04-22 20:00:00+00:00,1830,1821.0,1817.0,11.0,1811.0,20,2026-04-22,1791.0,9.0,542.82,0.5189040965171188,0.9792008154013185,1.0934569479965899,0.85,784.75,773.52,1016.21,-0.03433048590455338,0.8242888545329847,0.542157432342062,202.86571428571426,False,False,False,False,110.56782727690381,1.4985814471616836,False
66331,2026-04-21 02:00:00+00:00,70,60.0,57.0,0.0,54.0,2,2026-04-21,38.0,0.0,516.98,0.1268681997422934,1.0000000312061639,2.0,0.85,6.15,4.1,9.64,-0.9575378086283002,-0.7246794786421403,-0.5368932903827827,-5.064285714285715,False,False,False,False,-2.463601882558322,-0.09091103081494994,False
66331,2026-04-22 08:00:00+00:00,714,706.0,704.0,4.0,696.0,8,2026-04-22,561.0,3.0,526.37,0.1268681997422934,1.0050789526870891,2.0,0.85,76.3,60.8,142.35,-0.5179438360181062,-0.2072794101537017,-0.5359316610849526,-26.821428571428584,False,False,False,False,-3.5469778914536647,-0.1920232868458186,False
66332,2026-04-26 22:00:00+00:00,93,90.0,90.0,1.0,89.0,22,2026-04-26,84.0,0.0,519.33,0.5189040965171188,0.9989644695743897,2.0,0.85,39.66,37.01,87.18,-0.6542681810491084,-0.5242143593905159,-0.533863389193524,-68.39285714285714,False,False,False,False,-6.065804156906438,-0.20354221803259726,False
66331,2026-04-26 21:00:00+00:00,1252,1242.0,1238.0,14.0,1236.0,21,2026-04-26,1151.0,11.0,549.87,0.1268681997422934,1.000038778282299,2.0,0.85,133.51,124.13,292.05,-0.026947605234974276,0.37062087798338506,0.5321350464234287,25.362857142857138,False,False,False,False,-114.85127951317217,-10.580133186369562,True
66338,2026-04-21 07:00:00+00:00,3,3.0,3.0,1.0,3.0,7,2026-04-21,3.0,1.0,519.33,0.1268681997422934,1.001284160344515,2.0,0.85,0.32,0.32,0.76,-0.5635647705486829,-0.577141577696468,-0.531666699136521,-2.495,False,False,False,False,0.1250078735747442,0.3095149651884392,False
66338,2026-04-24 21:00:00+00:00,19,14.0,14.0,1.0,14.0,21,2026-04-24,14.0,1.0,519.33,0.1268681997422934,1.000038778282299,2.0,0.85,1.51,1.51,3.55,-0.39091252313880775,-0.025496214275747556,-0.5284525774736573,-2.6885714285714286,False,False,False,False,-3.9508968586943567,-7.308680794875814,True
66331,2026-04-22 10:00:00+00:00,1647,1645.0,1639.0,5.0,1619.0,10,2026-04-22,1309.0,4.0,528.72,0.1268681997422934,1.0375286663287155,2.0,0.85,183.38,146.46,332.14,0.14617644076829972,0.5743870777954987,-0.5281680858926271,-57.9242857142857,False,False,False,False,-18.352879918469498,-1.573868688840688,False
66340,2026-04-21 13:00:00+00:00,4371,4357.0,4346.0,45.0,4325.0,13,2026-04-21,4296.0,43.0,622.7,0.5189040965171188,0.7128761131977971,0.5,0.85,1366.5,1350.78,1114.61,0.5896627401740291,1.9487680268639527,-0.5248207525159622,-565.3828571428571,False,False,False,False,-645.0934560439828,-8.73498953004955,True
66336,2026-04-20 14:00:00+00:00,4090,4085.0,4078.0,63.0,4066.0,14,2026-04-20,4009.0,59.0,665.0,0.5189040965171188,0.5822372097709865,0.5,0.85,1047.26,1029.54,1040.14,0.9477685455971524,1.38000064511413,0.5233259089331783,164.61571428571426,False,False,False,False,8.200692706803466,0.28101143928848105,False
66340,2026-04-26 19:00:00+00:00,1058,1050.0,1050.0,4.0,1042.0,19,2026-04-26,1004.0,3.0,526.37,0.5189040965171188,0.9359340011553848,0.7860425923088709,0.85,433.45,414.46,409.51,-0.4224588990213046,0.12485447207593348,-0.5230161402953954,-355.3,False,False,False,False,-1.4187182540723597,-0.018000502289988063,False
66340,2026-04-20 22:00:00+00:00,354,337.0,334.0,1.0,331.0,22,2026-04-20,332.0,1.0,519.33,0.5189040965171188,0.9989644695743897,2.0,0.85,147.16,146.28,344.55,-0.712349941826547,-0.3975493397865184,-0.5219579417955558,-91.96428571428572,False,False,False,False,61.125848988525945,0.8290116210561482,False
66332,2026-04-24 06:00:00+00:00,159,151.0,150.0,10.0,148.0,6,2026-04-24,135.0,8.0,540.47,0.5189040965171188,0.9999810335986662,2.0,0.85,66.16,59.54,140.1,-0.6173764389210086,-0.42485332361826733,-0.520745381160715,-51.21142857142858,False,False,False,False,0.9685963605835752,-0.05940194733417397,False
66330,2026-04-24 15:00:00+00:00,4615,4612.0,4606.0,20.0,4579.0,15,2026-04-24,4257.0,13.0,563.97,0.1268681997422934,1.0701127791564455,0.9306234800502419,0.85,531.53,491.25,502.61,0.9511799232823928,1.1253120256398634,-0.5202476648248768,-82.69285714285718,False,False,False,False,-220.85781901762607,-28.317890239105335,True
66338,2026-04-26 18:00:00+00:00,12,11.0,9.0,0.0,9.0,18,2026-04-26,9.0,0.0,516.98,0.1268681997422934,1.0050789526870891,2.0,0.85,0.98,0.98,2.28,-0.4678080619011891,-0.27118700638749704,0.5185540858621498,0.28,False,False,False,False,-0.2995215832869915,-0.48396494190594697,False
66336,2026-04-25 00:00:00+00:00,199,178.0,175.0,1.0,169.0,0,2026-04-25,174.0,1.0,519.33,0.5189040965171188,0.9999810335986662,2.0,0.85,77.19,76.74,180.58,-0.87386549146184,-0.6135928392800252,0.5176690460036065,16.378571428571426,False,False,False,False,-12.25993055651827,-0.6491367537089132,False
66331,2026-04-21 19:00:00+00:00,1131,1120.0,1115.0,7.0,1106.0,19,2026-04-21,983.0,6.0,533.42,0.1268681997422934,1.001284160344515,2.0,0.85,120.39,106.14,249.42,-0.1664237175322827,0.20645814020372,-0.5162579201569241,-49.77714285714286,False,False,False,False,4.416721549976586,0.5512344650918732,False
66340,2026-04-26 06:00:00+00:00,367,361.0,359.0,1.0,354.0,6,2026-04-26,351.0,1.0,519.33,0.5189040965171188,0.9999810335986662,2.0,0.85,158.34,154.81,364.27,-0.7031293787900466,-0.3809332441970385,-0.5145778979379761,-89.17000000000002,False,False,False,False,2.8154523701477956,0.03934091054799065,False
66332,2026-04-24 09:00:00+00:00,1029,1016.0,1016.0,36.0,997.0,9,2026-04-24,895.0,24.0,601.56,0.5189040965171188,0.9947411425730011,0.9108743897026187,0.85,445.77,392.68,423.03,-0.07187644013915355,1.0443493154037866,-0.5124626358970529,-282.5557142857144,False,False,False,False,-33.753834666212356,-0.7708912341704495,False
66332,2026-04-21 06:00:00+00:00,159,154.0,153.0,11.0,150.0,6,2026-04-21,137.0,9.0,542.82,0.5189040965171188,0.9999810335986662,2.0,0.85,67.48,60.43,142.18,-0.6159191086727169,-0.42092827604448557,-0.5116953819288715,-50.32142857142858,False,False,False,False,-43.050160836678515,-0.9613800991960015,False
66338,2026-04-21 02:00:00+00:00,30,29.0,29.0,0.0,24.0,2,2026-04-21,28.0,0.0,516.98,0.1268681997422934,1.0000000312061639,2.0,0.85,3.13,3.02,7.1,-0.17183278062711743,0.6744907594765952,0.5077193629308353,0.8385714285714285,False,False,False,False,-0.09541454464859367,-0.10247237068761333,False
66336,2026-04-21 19:00:00+00:00,776,768.0,766.0,14.0,762.0,19,2026-04-21,757.0,13.0,549.87,0.5189040965171188,0.9359340011553848,1.3544086589229145,0.85,316.21,312.5,532.03,-0.42312195601155866,-0.12029980833883498,-0.5075885187352928,-127.26142857142855,False,False,False,False,-33.447793575713035,-1.6123455595769707,False
66330,2026-04-20 13:00:00+00:00,4360,4349.0,4338.0,16.0,4323.0,13,2026-04-20,3859.0,8.0,554.57,0.1268681997422934,1.1155964303431323,1.0,0.85,521.88,464.25,489.58,0.8410923229332159,1.0219916437842633,-0.507510141893513,-88.11571428571426,False,False,False,False,0.877773819545439,0.07636242029318432,False
66340,2026-04-24 09:00:00+00:00,1666,1656.0,1653.0,13.0,1637.0,9,2026-04-24,1614.0,11.0,547.52,0.5189040965171188,0.9947411425730011,0.62161507239353,0.85,725.25,708.14,520.61,-0.10500345323472994,0.6969312543406992,-0.5072000465505239,-313.26857142857136,False,False,False,False,-374.0886893004663,-5.064897417556515,True
66330,2026-04-26 15:00:00+00:00,6126,6120.0,6102.0,13.0,6076.0,15,2026-04-26,5672.0,7.0,547.52,0.1268681997422934,1.0701127791564455,0.9306234800502419,0.85,704.16,654.54,669.67,1.6169652662830252,1.7501707350176756,0.5070628445035823,80.59714285714279,False,False,False,False,0.2813110325174648,-1.7356449461187335e-05,False
66342,2026-04-25 00:00:00+00:00,450,444.0,442.0,2.0,439.0,0,2026-04-25,358.0,2.0,521.67,0.5189040965171188,0.9999810335986662,2.0,0.85,194.95,157.9,371.54,-0.5159095953742925,0.20271030775491217,0.5044095073663876,56.96285714285716,False,False,False,False,16.085862475440535,0.0830086260067119,False
66330,2026-04-26 19:00:00+00:00,2822,2808.0,2802.0,6.0,2793.0,19,2026-04-26,2313.0,3.0,531.07,0.1268681997422934,1.001284160344515,1.5151633816299004,0.85,302.55,249.75,444.62,-0.03349250206302191,0.20116861015366277,-0.5041051755192937,-75.07285714285717,False,False,False,False,-0.6363706302781225,-0.11753067337305215,False
66336,2026-04-20 15:00:00+00:00,3659,3650.0,3639.0,57.0,3613.0,15,2026-04-20,3565.0,50.0,650.9,0.5189040965171188,0.5266127405031122,0.5,0.85,845.24,828.05,924.95,0.5625449497459597,0.9584125351534054,0.502786424516724,155.38857142857137,False,False,False,False,11.040983317239693,0.4101321969938755,False
66340,2026-04-20 05:00:00+00:00,476,457.0,457.0,1.0,447.0,5,2026-04-20,453.0,1.0,519.33,0.5189040965171188,0.9999982358498678,2.0,0.85,201.57,199.8,470.13,-0.6544971242751392,-0.2932945407303679,0.5025686768107516,51.918571428571425,False,False,False,False,-49.708943938437415,-0.6719726760061421,False
66331,2026-04-22 16:00:00+00:00,2097,2092.0,2086.0,9.0,2072.0,16,2026-04-22,1714.0,4.0,538.12,0.1268681997422934,1.0375286663287155,2.0,0.85,233.39,191.77,434.9,0.4974639698506258,0.9878508715029265,-0.5007115041382936,-36.601428571428556,False,False,False,False,-18.349500811628303,-1.5735533143877953,False
66336,2026-04-21 02:00:00+00:00,110,96.0,95.0,0.0,91.0,2,2026-04-21,95.0,0.0,516.98,0.5189040965171188,0.9999998722053931,2.0,0.85,41.9,41.9,98.59,-0.9404751995339804,-0.6864904011988879,0.5004312824174622,4.975714285714282,False,False,False,False,2.5387965885950052,0.023619356187510442,False
66331,2026-04-20 03:00:00+00:00,82,76.0,75.0,0.0,73.0,3,2026-04-20,55.0,0.0,516.98,0.1268681997422934,1.0000004307878039,2.0,0.85,8.09,5.93,13.96,-0.9433498550149552,-0.7079803229925136,-0.5001847143026569,-2.667142857142858,False,False,False,False,-5.727112865748538,-0.3954968397884604,False
66330,2026-04-21 01:00:00+00:00,151,145.0,144.0,0.0,143.0,1,2026-04-21,97.0,0.0,516.98,0.1268681997422934,1.0000000017605313,2.0,0.85,15.53,10.46,24.61,-1.0091540534539298,-0.7145178407436165,-0.5001610281582162,-8.178571428571427,False,False,False,False,3.980143648772099,0.4736350080939355,False
66338,2026-04-22 06:00:00+00:00,17,16.0,16.0,0.0,15.0,6,2026-04-22,16.0,0.0,516.98,0.1268681997422934,1.0002528661646692,2.0,0.85,1.73,1.73,4.06,-0.3589936202563098,0.07648864282724277,-0.4994476989553867,-2.518333333333333,False,False,False,False,-0.2975732467361003,-0.4803233432361678,False
66342,2026-04-24 07:00:00+00:00,913,912.0,912.0,21.0,904.0,7,2026-04-24,800.0,13.0,566.32,0.5189040965171188,0.9998411962659136,2.0,0.85,402.19,352.8,830.25,-0.29440151717782453,1.2913914590757272,0.49709499802151136,101.68285714285716,False,False,False,False,59.59484407926186,0.45820171983721253,False
66330,2026-04-23 09:00:00+00:00,2090,2087.0,2076.0,14.0,2067.0,9,2026-04-23,1950.0,11.0,549.87,0.1268681997422934,1.015644275641629,1.7256194251734391,0.85,227.37,213.57,426.91,-0.18100988653091885,0.06271929846715865,-0.49669085530950496,-70.83428571428573,False,False,False,False,-0.613385956186761,-0.1145873811613985,False
66335,2026-04-26 18:00:00+00:00,1179,1170.0,1164.0,4.0,1160.0,18,2026-04-26,1107.0,3.0,526.37,0.5189040965171188,0.846313658188328,0.9538018218999814,0.85,434.5,413.22,547.89,-0.36174295438193166,-0.20551074450817575,-0.4958588330152659,-148.67714285714283,False,False,False,False,-20.220587872870965,-0.3409712753486677,False
66332,2026-04-26 21:00:00+00:00,211,210.0,210.0,2.0,206.0,21,2026-04-26,195.0,0.0,521.67,0.5189040965171188,0.9947411425730011,2.0,0.85,92.14,85.56,202.37,-0.5747699972799452,-0.3101008091578187,-0.49365150706528804,-136.89428571428573,False,False,False,False,-4.433641558323757,-0.17009795249801346,False
66331,2026-04-22 18:00:00+00:00,1735,1730.0,1727.0,3.0,1717.0,18,2026-04-22,1365.0,2.0,524.02,0.1268681997422934,1.0050789526870891,2.0,0.85,187.18,147.95,346.35,0.1577283811420066,0.587983658078528,-0.49295658444611373,-44.9457142857143,False,False,False,False,-7.019013520374244,-0.5160708498130633,False
66333,2026-04-26 08:00:00+00:00,862,860.0,857.0,10.0,854.0,8,2026-04-26,624.0,3.0,540.47,0.5189040965171188,0.9989644695743897,2.0,0.85,377.6,274.94,647.59,0.11670495892582464,4.614101552244354,0.4929512873628501,95.69285714285715,False,True,False,False,0.4164294658622225,-0.17709216962241203,False
66333,2026-04-26 22:00:00+00:00,151,150.0,150.0,2.0,150.0,22,2026-04-26,122.0,2.0,521.67,0.5189040965171188,0.9989644695743897,2.0,0.85,66.09,53.75,126.61,-0.48421551835882237,0.35941422617482344,-0.49243461675793015,-55.20571428571429,False,False,False,False,-19.31440922410428,-0.6908205693135109,False
66332,2026-04-24 21:00:00+00:00,225,222.0,222.0,9.0,217.0,21,2026-04-24,196.0,6.0,538.12,0.5189040965171188,0.9947411425730011,2.0,0.85,97.4,85.99,203.41,-0.574065893901557,-0.30820443785812646,-0.49210089341526975,-136.46428571428572,False,False,False,False,22.72043736163303,0.3863099853720777,False
66342,2026-04-26 06:00:00+00:00,635,630.0,627.0,17.0,626.0,6,2026-04-26,524.0,5.0,556.92,0.5189040965171188,0.9999810335986662,2.0,0.85,276.54,231.12,543.81,-0.43269347692613763,0.6117058639360824,0.490848060568322,82.55142857142857,False,False,False,False,6.460521799378512,5.962779423360933e-06,False
66331,2026-04-21 21:00:00+00:00,840,830.0,826.0,4.0,823.0,21,2026-04-21,699.0,3.0,526.37,0.1268681997422934,1.000038778282299,2.0,0.85,89.08,75.38,177.36,-0.4049053859183421,-0.07423367825667462,-0.49068282330730845,-23.387142857142862,False,False,False,False,3.247956092899244,0.4421527509264125,False
66335,2026-04-25 20:00:00+00:00,685,682.0,679.0,9.0,672.0,20,2026-04-25,631.0,5.0,538.12,0.5189040965171188,0.9792008154013185,1.7315221059736754,0.85,293.26,272.53,566.95,-0.6995663425670212,-0.7156255406418257,-0.4906437331498581,-85.44857142857143,False,False,False,False,-86.06685398392551,-1.5838051027899192,False
66335,2026-04-26 09:00:00+00:00,1900,1895.0,1887.0,13.0,1877.0,9,2026-04-26,1784.0,5.0,547.52,0.5189040965171188,0.9947411425730011,0.9869193036452822,0.85,827.92,782.73,913.62,0.5255206760699297,1.134261224497048,0.48937247138918516,155.50428571428574,False,False,False,False,-283.6111621350477,-5.312410581718893,True
66332,2026-04-24 22:00:00+00:00,127,121.0,121.0,6.0,108.0,22,2026-04-24,97.0,3.0,531.07,0.5189040965171188,0.9989644695743897,2.0,0.85,53.31,42.74,100.67,-0.6448855941696583,-0.49894410928066296,-0.4891359520331016,-62.66285714285714,False,False,False,False,14.522126795074456,0.21832030360810153,False
66331,2026-04-26 06:00:00+00:00,354,348.0,347.0,8.0,344.0,6,2026-04-26,313.0,6.0,535.77,0.1268681997422934,1.0002528661646692,2.0,0.85,37.43,33.76,79.42,-0.7275844183704809,-0.4540254040148548,0.4863150102609865,4.882857142857144,False,False,False,False,-7.022060818868908,-0.5163552563561886,False
66330,2026-04-21 05:00:00+00:00,382,372.0,369.0,1.0,366.0,5,2026-04-21,265.0,1.0,519.33,0.1268681997422934,1.000038778282299,2.0,0.85,39.79,28.58,67.24,-0.9352730416640379,-0.6451783844760806,-0.4853875358519521,-7.931428571428569,False,False,False,False,3.909227018964117,0.46455381062466156,False
66332,2026-04-24 23:00:00+00:00,56,54.0,54.0,2.0,53.0,23,2026-04-24,51.0,1.0,521.67,0.5189040965171188,0.9998411962659136,2.0,0.85,23.81,22.49,52.93,-0.6780439509425842,-0.5882499669987292,-0.4847921490963395,-33.182857142857145,False,False,False,False,5.586184306120288,0.03521597707723382,False
66335,2026-04-20 08:00:00+00:00,748,741.0,737.0,3.0,724.0,8,2026-04-20,720.0,3.0,524.02,0.5189040965171188,0.9989644695743897,1.518348623853211,0.85,324.73,317.24,567.27,-0.5922091481270797,-0.5535157067152104,-0.48383218374693204,-91.7114285714286,False,False,False,False,-21.788577338124753,-0.3705667325185886,False
66335,2026-04-23 15:00:00+00:00,3451,3444.0,3429.0,26.0,3418.0,15,2026-04-23,3379.0,25.0,578.06,0.5189040965171188,0.5266127405031122,0.5188874841972188,0.85,796.46,784.85,909.81,0.5306111983739484,1.1419479354772408,0.48200329392242935,140.95857142857153,False,False,False,False,-4.877947579594547,-0.051382305693396454,False
66331,2026-04-22 14:00:00+00:00,1956,1951.0,1945.0,5.0,1931.0,14,2026-04-22,1544.0,1.0,528.72,0.1268681997422934,1.10201349172765,2.0,0.85,231.14,183.49,391.77,0.43326929448532764,0.9122940361046148,-0.4815140260669823,-69.45000000000002,False,False,False,False,-43.10948814173375,-3.8844206011716356,True
66340,2026-04-21 12:00:00+00:00,4684,4667.0,4661.0,36.0,4643.0,12,2026-04-21,4595.0,35.0,601.56,0.5189040965171188,0.846313658188328,0.5,0.85,1739.87,1715.23,1192.18,0.9836175114111482,2.6587019116923165,-0.4803130161656499,-584.2942857142853,False,False,False,False,-886.3038403089413,-12.001590111950264,True
66340,2026-04-26 01:00:00+00:00,189,178.0,176.0,2.0,172.0,1,2026-04-26,175.0,2.0,521.67,0.5189040965171188,0.9999982358498678,2.0,0.85,77.63,77.19,181.62,-0.7870332595512625,-0.5321338701824346,-0.4791283231061133,-54.83285714285714,False,False,False,False,13.88328814046406,0.18922748727174782,False
66340,2026-04-20 16:00:00+00:00,6488,6479.0,6465.0,45.0,6446.0,16,2026-04-20,6421.0,45.0,622.7,0.5189040965171188,0.5822372097709865,0.5,0.85,1660.25,1648.95,1665.94,0.9119716827992775,2.529591147838773,0.4785812346750885,376.5842857142859,False,False,False,False,-4.519939533544289,-0.05999890657509565,False
66330,2026-04-21 07:00:00+00:00,837,832.0,830.0,9.0,817.0,7,2026-04-21,692.0,3.0,538.12,0.1268681997422934,1.001284160344515,2.0,0.85,89.62,74.72,175.59,-0.7471455646228891,-0.4686153319272884,-0.4768329035125609,-21.61,False,False,False,False,-1.2506140018994643,-0.19618733496271737,False
66330,2026-04-21 12:00:00+00:00,4236,4229.0,4213.0,15.0,4185.0,12,2026-04-21,3716.0,11.0,552.22,0.1268681997422934,1.10201349172765,1.0286532951289398,0.85,500.67,441.61,484.95,0.7487818313811655,0.935355590257938,-0.4762667211930009,-79.36571428571426,False,False,False,False,54.814445019953524,6.983198846847042,True
66336,2026-04-23 07:00:00+00:00,662,651.0,649.0,16.0,644.0,7,2026-04-23,628.0,14.0,554.57,0.5189040965171188,0.9998411962659136,2.0,0.85,286.21,276.95,651.74,-0.49108909498872827,-0.1946829405493852,-0.47608717857935706,-29.984285714285704,False,False,False,False,-1.0389425964921202,-0.13902611141123633,False
66331,2026-04-20 05:00:00+00:00,181,174.0,174.0,1.0,169.0,5,2026-04-20,131.0,0.0,519.33,0.1268681997422934,1.000038778282299,2.0,0.85,18.76,14.13,33.24,-0.8797754180589836,-0.6331535053275189,-0.4755609737719132,-3.555714285714286,False,False,False,False,-8.197364177235471,-0.6260471575145609,False
66340,2026-04-22 15:00:00+00:00,6859,6851.0,6830.0,38.0,6816.0,15,2026-04-22,6760.0,34.0,606.26,0.5189040965171188,0.5266127405031122,0.5,0.85,1586.42,1570.16,1753.9,0.8268030823718593,2.3761114090937414,0.4754345086017489,327.1700000000001,False,False,False,False,16.583152731039604,0.22579050370034204,False
66332,2026-04-20 17:00:00+00:00,3080,3066.0,3062.0,37.0,3053.0,17,2026-04-20,2991.0,34.0,603.91,0.5189040965171188,0.7128761131977971,0.6600836281762624,0.85,962.78,940.45,1024.48,0.8250693914413734,3.4601058429210783,0.47463065615022354,262.4542857142857,False,False,False,False,19.14825214665234,0.31311316602805417,False
66332,2026-04-24 18:00:00+00:00,1008,999.0,997.0,29.0,980.0,18,2026-04-24,928.0,18.0,585.11,0.5189040965171188,0.846313658188328,0.9559344140115521,0.85,372.16,346.41,460.32,-0.14764123855314293,0.8402909432252719,-0.4740001687497264,-207.86142857142858,False,False,False,False,112.48020276675439,2.2255565354018514,False
66333,2026-04-25 02:00:00+00:00,63,60.0,60.0,3.0,59.0,2,2026-04-25,54.0,2.0,524.02,0.5189040965171188,0.9999998722053931,2.0,0.85,26.46,23.82,56.04,-0.5655281902026195,-0.21630254071907348,0.47280558924684035,8.501428571428573,False,False,False,False,-20.266337445275667,-0.7156057580917179,False
66336,2026-04-20 06:00:00+00:00,496,485.0,482.0,19.0,473.0,6,2026-04-20,462.0,17.0,561.62,0.5189040965171188,0.9999810335986662,2.0,0.85,212.59,203.77,479.47,-0.631000071932449,-0.34780129821937283,0.47219341495631784,30.560000000000002,False,False,False,False,-3.8629552708435995,-0.26740686757121856,False
66336,2026-04-24 01:00:00+00:00,167,161.0,161.0,6.0,141.0,1,2026-04-24,158.0,6.0,531.07,0.5189040965171188,0.9999982358498678,2.0,0.85,71.01,69.69,163.97,-0.8873442067864264,-0.6283439245707251,0.470774097293276,14.115714285714283,False,False,False,False,14.203432927894028,0.5538984328967934,False
66332,2026-04-24 10:00:00+00:00,1536,1527.0,1523.0,35.0,1495.0,10,2026-04-24,1369.0,20.0,599.21,0.5189040965171188,0.9792008154013185,0.6413125,0.85,657.78,591.26,455.58,0.25328832469875473,1.9201200425965568,-0.46859902319522284,-358.8457142857143,False,False,False,False,-31.493401155935004,-0.72457321499354,False
66342,2026-04-24 23:00:00+00:00,158,156.0,156.0,5.0,152.0,23,2026-04-24,108.0,4.0,528.72,0.5189040965171188,0.9998411962659136,2.0,0.85,68.8,47.63,112.08,-0.6412338425919658,-0.41324079822839344,-0.4671919481203298,-76.86571428571429,False,False,False,False,-42.044549341366064,-0.4182701502649261,False
66330,2026-04-22 05:00:00+00:00,368,362.0,358.0,2.0,357.0,5,2026-04-22,268.0,0.0,521.67,0.1268681997422934,1.000038778282299,2.0,0.85,38.61,28.9,68.0,-0.9339682997339736,-0.6439538466170511,-0.46580417705677246,-7.6114285714285685,False,False,False,False,2.4515505020612522,0.277891692978056,False
66332,2026-04-26 23:00:00+00:00,57,56.0,56.0,0.0,56.0,23,2026-04-26,54.0,0.0,516.98,0.5189040965171188,0.9998411962659136,2.0,0.85,24.7,23.81,56.04,-0.6758825173159047,-0.5824285481252552,-0.46550732277616474,-31.86285714285714,False,False,False,False,-4.604193504921454,-0.1735926929083174,False
66336,2026-04-20 10:00:00+00:00,3820,3807.0,3798.0,48.0,3780.0,10,2026-04-20,3711.0,44.0,629.75,0.5189040965171188,0.9792008154013185,0.5,0.85,1640.34,1602.76,962.83,2.043693254584302,2.5793789586368185,0.46525681413333736,145.42285714285708,False,False,False,False,507.104219127943,22.96136714538893,True
66333,2026-04-24 15:00:00+00:00,2050,2045.0,2042.0,28.0,2021.0,15,2026-04-24,2002.0,26.0,582.76,0.5189040965171188,0.5266127405031122,1.0,0.85,474.3,465.01,1038.85,0.6330798181757584,8.270181935923706,0.4643068836242767,156.56714285714287,False,True,False,False,43.60752225658581,0.9474667672245778,False
66330,2026-04-23 04:00:00+00:00,139,137.0,135.0,0.0,133.0,4,2026-04-23,122.0,0.0,516.98,0.1268681997422934,1.0000046314053592,2.0,0.85,14.56,13.16,30.96,-0.9981452934190121,-0.7041858025580565,-0.463464107784639,-3.554285714285715,False,False,False,False,-1.049464803951281,-0.17042926393904448,False
66331,2026-04-20 21:00:00+00:00,902,890.0,883.0,3.0,872.0,21,2026-04-20,711.0,3.0,524.02,0.1268681997422934,1.000038778282299,2.0,0.85,95.22,76.68,180.41,-0.3948265117667855,-0.062370890090272926,-0.4634076801144885,-22.08714285714285,False,False,False,False,1.9375888451714758,0.31985524058943204,False
66342,2026-04-24 09:00:00+00:00,2914,2900.0,2893.0,40.0,2875.0,9,2026-04-24,2518.0,20.0,610.96,0.5189040965171188,0.9947411425730011,0.7029045074667762,0.85,1269.3,1104.77,918.42,0.5602287011977423,5.491779172563224,0.4609910827605829,308.0657142857142,False,True,False,False,24.022393328312774,0.15144809425454667,False
66332,2026-04-24 07:00:00+00:00,446,444.0,444.0,25.0,435.0,7,2026-04-24,390.0,10.0,575.71,0.5189040965171188,0.9998411962659136,2.0,0.85,195.8,171.99,404.75,-0.43324521822394546,0.07106982208032783,-0.46038083510598654,-106.53142857142859,False,False,False,False,50.37041756414672,0.9528793214920588,False
66342,2026-04-23 13:00:00+00:00,6875,6865.0,6852.0,71.0,6834.0,13,2026-04-23,6338.0,54.0,683.79,0.5189040965171188,0.7128761131977971,0.5,0.85,2154.46,1992.84,1644.41,1.5695395221517559,10.45240036319163,0.4603398309360818,582.4528571428573,False,True,False,False,657.7398869974056,5.616214638993323,True
66330,2026-04-20 07:00:00+00:00,860,847.0,842.0,8.0,837.0,7,2026-04-20,699.0,5.0,535.77,0.1268681997422934,1.001284160344515,2.0,0.85,90.92,75.48,177.36,-0.7440468025389863,-0.46570705451209365,-0.46006321324557575,-20.849999999999994,False,False,False,False,-0.46747935025592824,-0.09590337567330509,False
66336,2026-04-20 20:00:00+00:00,689,682.0,681.0,10.0,676.0,20,2026-04-20,665.0,8.0,540.47,0.5189040965171188,0.9792008154013185,1.6898880105401846,0.85,294.12,287.21,583.13,-0.47147326247379834,-0.1732154036582391,-0.4544821881370896,-80.08428571428573,False,False,False,False,10.905571002054444,0.4039762984829567,False
66330,2026-04-24 22:00:00+00:00,768,761.0,761.0,3.0,760.0,22,2026-04-24,662.0,2.0,524.02,0.1268681997422934,1.0000046314053592,2.0,0.85,82.07,71.39,167.97,-0.760723035332621,-0.48135817902281236,-0.4538387678780992,-31.14857142857143,False,False,False,False,-33.096332800445964,-4.274176683069312,True
66331,2026-04-21 07:00:00+00:00,581,575.0,575.0,5.0,563.0,7,2026-04-21,496.0,4.0,528.72,0.1268681997422934,1.001284160344515,2.0,0.85,62.09,53.56,125.85,-0.5740754120621592,-0.27334601501889205,0.4511608558781575,6.914285714285718,False,False,False,False,5.66305903134905,0.6675560316418803,False
66333,2026-04-24 03:00:00+00:00,18,17.0,16.0,1.0,16.0,3,2026-04-24,15.0,1.0,519.33,0.5189040965171188,0.9999999927903216,2.0,0.85,7.06,6.62,15.57,-0.6122564880881294,-0.5471521361275274,-0.45006696722235745,-10.162857142857142,False,False,False,False,-32.664829747013414,-1.0384231359456622,False
66332,2026-04-26 20:00:00+00:00,652,647.0,647.0,3.0,645.0,20,2026-04-26,609.0,0.0,524.02,0.5189040965171188,0.9792008154013185,1.1836428653823972,0.85,279.44,263.02,374.05,-0.2841881704689108,0.47252721605936826,-0.44384178235995303,-270.5757142857143,False,False,False,False,6.040624333573589,0.04452780235793171,False
66333,2026-04-24 01:00:00+00:00,26,26.0,24.0,0.0,24.0,1,2026-04-24,24.0,0.0,516.98,0.5189040965171188,0.9999982358498678,2.0,0.85,10.59,10.59,24.91,-0.6014709449133925,-0.47078743300127385,-0.4424398809590584,-11.074285714285711,False,False,False,False,-30.812865964245674,-0.9902038785001612,False
66332,2026-04-24 08:00:00+00:00,800,796.0,790.0,16.0,782.0,8,2026-04-24,711.0,12.0,554.57,0.5189040965171188,0.9989644695743897,1.3109748307141944,0.85,348.08,313.27,483.67,-0.20190632218053892,0.6941380481745697,-0.4384145298896058,-159.38,False,False,False,False,-36.11900936568898,-0.8193554807802327,False
66338,2026-04-26 14:00:00+00:00,5,4.0,4.0,0.0,4.0,14,2026-04-26,4.0,0.0,516.98,0.1268681997422934,1.10201349172765,2.0,0.8854674932955561,0.5,0.5,1.01,-0.5374493045539118,-0.4936994218849305,0.43682115430466084,0.11999999999999994,False,False,False,False,-0.3213524469794251,-0.5247685926644009,False
66331,2026-04-26 04:00:00+00:00,124,119.0,118.0,1.0,118.0,4,2026-04-26,105.0,1.0,519.33,0.1268681997422934,1.0000046314053592,2.0,0.85,12.72,11.32,26.64,-0.9015612921865789,-0.6587953782102791,0.4367438036351994,2.0600000000000005,False,False,False,False,-15.112304648217787,-1.2714234863231517,False
66336,2026-04-21 08:00:00+00:00,1364,1349.0,1343.0,17.0,1323.0,8,2026-04-21,1317.0,16.0,556.92,0.5189040965171188,0.9989644695743897,1.1561690140845071,0.85,591.74,580.29,790.12,0.08885892012616962,0.440011273930173,0.43442166564033974,34.6857142857142,False,False,False,False,1.6865237981752443,-0.01512530890638602,False
66340,2026-04-24 19:00:00+00:00,2606,2597.0,2591.0,16.0,2582.0,19,2026-04-24,2578.0,15.0,554.57,0.5189040965171188,0.9359340011553848,0.7860425923088709,0.85,1069.59,1064.23,1051.52,0.27991451765243086,1.3905801967155986,0.4334718908887844,294.47,False,False,False,False,331.3035221383881,4.487902787857932,True
66331,2026-04-22 00:00:00+00:00,145,131.0,131.0,0.0,130.0,0,2026-04-22,104.0,0.0,516.98,0.1268681997422934,1.0000000312061639,2.0,0.85,14.13,11.22,26.39,-0.902336590198237,-0.6597079003769255,-0.4328293988194193,-10.527142857142858,False,False,False,False,8.332657935466457,0.9167116024469576,False
66340,2026-04-24 14:00:00+00:00,4347,4333.0,4327.0,22.0,4302.0,14,2026-04-24,4282.0,19.0,568.67,0.5189040965171188,0.5822372097709865,0.5,0.85,1111.2,1099.65,1110.97,0.31820201387199126,1.4595769265842244,-0.4316290150401561,-375.59285714285716,False,False,False,False,-811.0050119065993,-10.981852933449092,True
66330,2026-04-24 18:00:00+00:00,3436,3431.0,3419.0,17.0,3404.0,18,2026-04-24,3138.0,10.0,556.92,0.1268681997422934,1.0050789526870891,1.230146954924403,0.85,370.57,340.11,489.74,0.3349340004388898,0.546947488097071,-0.4312559662479627,-63.22142857142859,False,False,False,False,6.181789283447813,0.7555657600203994,False
66336,2026-04-25 02:00:00+00:00,84,76.0,75.0,1.0,63.0,2,2026-04-25,74.0,1.0,519.33,0.5189040965171188,0.9999998722053931,2.0,0.85,33.08,32.64,76.8,-0.9581791575347846,-0.7058655855665306,-0.4308910180792336,-4.284285714285716,False,False,False,False,-18.28487700442861,-0.9230332513525563,False
66330,2026-04-26 17:00:00+00:00,4600,4589.0,4571.0,9.0,4558.0,17,2026-04-26,4073.0,5.0,538.12,0.1268681997422934,1.015644275641629,0.985064071737716,0.85,500.64,446.1,509.02,0.7670889915873805,0.9525373870924434,-0.4308689922733115,-66.22714285714278,False,False,False,False,0.08107024353722636,-0.025659101567022894,False
66336,2026-04-24 00:00:00+00:00,123,107.0,107.0,2.0,105.0,0,2026-04-24,106.0,2.0,521.67,0.5189040965171188,0.9999810335986662,2.0,0.85,47.19,46.75,110.01,-0.9312026081404706,-0.6763424914598958,-0.43020939121869717,-13.611428571428569,False,False,False,False,-5.617562081543838,-0.3471720014769581,False
66332,2026-04-25 05:00:00+00:00,158,156.0,156.0,1.0,155.0,5,2026-04-25,151.0,1.0,519.33,0.5189040965171188,0.9999982358498678,2.0,0.85,68.81,66.6,156.71,-0.605816043917707,-0.39371755297680816,0.4287122060492486,17.074285714285708,False,False,False,False,-1.6021517243802066,-0.11207855054191261,False
66333,2026-04-25 03:00:00+00:00,85,83.0,80.0,1.0,79.0,3,2026-04-25,60.0,1.0,519.33,0.5189040965171188,0.9999999927903216,2.0,0.85,35.29,26.46,62.27,-0.5583559398294947,-0.1655209749121945,0.4285568788254498,9.677142857142858,False,False,False,False,-22.21277311646594,-0.7662847635903912,False
66332,2026-04-20 03:00:00+00:00,20,19.0,19.0,0.0,18.0,3,2026-04-20,15.0,0.0,516.98,0.5189040965171188,0.9999999927903216,2.0,0.85,8.38,6.62,15.57,-0.7040302779542551,-0.6582392984548138,-0.42750520579937273,-9.521428571428572,False,False,False,False,-21.1001518532928,-0.5116075522914698,False
66342,2026-04-24 18:00:00+00:00,3743,3732.0,3725.0,41.0,3703.0,18,2026-04-24,3270.0,20.0,613.31,0.5189040965171188,0.846313658188328,0.5278835271118428,0.85,1390.48,1220.63,895.72,0.6919061046859044,6.138955150972818,0.4262611470322515,323.9000000000002,False,True,False,False,133.7699307390419,1.0978393124253165,False
66340,2026-04-24 12:00:00+00:00,4857,4841.0,4833.0,16.0,4810.0,12,2026-04-24,4773.0,13.0,554.57,0.5189040965171188,0.846313658188328,0.5,0.85,1804.07,1781.68,1238.36,1.055447102709561,2.788143828681876,-0.42568848755984645,-517.8442857142852,False,False,False,False,-1092.3062123795962,-14.791384881895777,True
66330,2026-04-21 06:00:00+00:00,542,536.0,536.0,6.0,533.0,6,2026-04-21,412.0,2.0,531.07,0.1268681997422934,1.0002528661646692,2.0,0.85,57.82,44.44,104.54,-0.8706067697552251,-0.5844872268379391,-0.42518191302422237,-9.047142857142866,False,False,False,False,-4.985175428022586,-0.6744149363530484,False
66335,2026-04-25 11:00:00+00:00,3825,3814.0,3802.0,31.0,3782.0,11,2026-04-25,3615.0,24.0,589.81,0.5189040965171188,0.9359340011553848,0.5,0.85,1569.51,1492.31,937.92,2.2293569102612416,3.7070614024806656,0.42483146751400547,280.47428571428554,False,True,False,False,-490.28966894727444,-9.213422056508632,True
66340,2026-04-20 19:00:00+00:00,1187,1182.0,1181.0,17.0,1177.0,19,2026-04-20,1167.0,16.0,556.92,0.5189040965171188,0.9359340011553848,0.7860425923088709,0.85,487.53,481.75,476.0,-0.34972130385997724,0.25593267514933343,-0.4239625065197771,-288.01,False,False,False,False,-3.2494236843512,-0.04279289852973162,False
66335,2026-04-20 20:00:00+00:00,679,672.0,670.0,0.0,660.0,20,2026-04-20,658.0,0.0,516.98,0.5189040965171188,0.9792008154013185,1.7315221059736754,0.85,289.37,284.19,591.21,-0.6715684698949184,-0.6733486302507647,-0.4236922811491701,-73.7885714285714,False,False,False,False,-19.372880145744205,-0.32497097796992847,False
66330,2026-04-20 11:00:00+00:00,4305,4297.0,4284.0,22.0,4261.0,11,2026-04-20,3834.0,12.0,568.67,0.1268681997422934,1.0701127791564455,1.0473082706766916,0.85,494.37,442.44,509.42,0.7521660057622698,0.9385317353297953,-0.42358482759074095,-56.264285714285734,False,False,False,False,147.66476148962522,18.873104800200167,True
66340,2026-04-26 02:00:00+00:00,189,185.0,185.0,0.0,178.0,2,2026-04-26,181.0,0.0,516.98,0.5189040965171188,0.9999998722053931,2.0,0.85,81.6,79.83,187.84,-0.7841795331249598,-0.5269912567760774,-0.42165577241001456,-49.74285714285715,False,False,False,False,9.775696910076135,0.13360028057298245,False
66333,2026-04-23 15:00:00+00:00,745,739.0,739.0,11.0,731.0,15,2026-04-23,720.0,10.0,542.82,0.5189040965171188,0.5266127405031122,1.0,0.85,171.65,167.24,373.61,-0.17589025515960632,2.5424444926228142,-0.4187434053048053,-141.2028571428571,False,False,False,False,-65.09872886259703,-1.882898900519439,False
66342,2026-04-24 03:00:00+00:00,82,81.0,81.0,1.0,81.0,3,2026-04-24,74.0,1.0,519.33,0.5189040965171188,0.9999999927903216,2.0,0.85,35.73,32.64,76.8,-0.6582703027877844,-0.4969726117650739,-0.4172698829099359,-30.53285714285714,False,False,False,False,-42.71770330711706,-0.4240749912362488,False
66333,2026-04-24 10:00:00+00:00,1631,1630.0,1623.0,15.0,1615.0,10,2026-04-24,1586.0,14.0,552.22,0.5189040965171188,0.9792008154013185,1.1640385706182643,0.85,700.96,684.98,957.98,1.2306858464243402,12.501402023249147,0.4171854157635031,207.17285714285714,False,True,False,False,50.60839298106174,1.1297472151184726,False
66332,2026-04-20 02:00:00+00:00,26,23.0,23.0,0.0,23.0,2,2026-04-20,22.0,0.0,516.98,0.5189040965171188,0.9999998722053931,2.0,0.85,10.14,9.7,22.83,-0.6989869328253361,-0.6446559877500413,-0.41616469038209075,-8.82857142857143,False,False,False,False,-19.081267254523482,-0.4702390558784561,False
66336,2026-04-26 08:00:00+00:00,1218,1211.0,1208.0,22.0,1202.0,8,2026-04-26,1163.0,17.0,568.67,0.5189040965171188,0.9989644695743897,1.1561690140845071,0.85,532.26,512.43,697.73,-0.04088088440240223,0.29802423168522396,-0.4154917594522251,-33.174285714285816,False,False,False,False,14.882233515690587,0.5847569816330079,False
66335,2026-04-23 11:00:00+00:00,3695,3689.0,3672.0,18.0,3657.0,11,2026-04-23,3600.0,15.0,559.27,0.5189040965171188,0.9359340011553848,0.5,0.85,1515.84,1486.12,934.03,2.2144935456094137,3.6846176567413287,0.41545553924587697,274.2842857142855,False,True,False,False,2.179845098774649,0.08183198276679318,False
66333,2026-04-24 12:00:00+00:00,2382,2379.0,2375.0,32.0,2366.0,12,2026-04-24,2323.0,31.0,592.16,0.5189040965171188,0.846313658188328,0.8075076729361769,0.85,886.55,867.13,973.38,1.7255439545548996,16.005137709507864,0.414824477362591,259.4771428571429,False,True,False,False,44.46353608571894,0.9697546497349974,False
66332,2026-04-24 11:00:00+00:00,1957,1950.0,1945.0,47.0,1917.0,11,2026-04-24,1797.0,25.0,627.4,0.5189040965171188,0.9359340011553848,0.5121792951981631,0.85,802.92,741.82,477.59,0.499822754117606,2.584114607437646,-0.4145751162992859,-402.5514285714286,False,False,False,False,-29.343823795148836,-0.6805267234836314,False
66332,2026-04-26 17:00:00+00:00,1556,1551.0,1548.0,18.0,1537.0,17,2026-04-26,1429.0,4.0,559.27,0.5189040965171188,0.7128761131977971,0.6600836281762624,0.85,486.73,449.32,489.46,0.02086871184200831,1.2941411070655777,-0.4135444160176726,-228.67571428571438,False,False,False,False,-2.3197080451975296,-0.12678183080962172,False
66338,2026-04-26 17:00:00+00:00,32,29.0,28.0,2.0,28.0,17,2026-04-26,27.0,2.0,521.67,0.1268681997422934,1.015644275641629,2.0,0.85,3.07,2.96,6.85,-0.1805379359587078,0.6466767075394161,-0.41345883571984354,-1.9733333333333336,False,False,False,False,0.5163671423008211,1.0409971065806496,False
66330,2026-04-26 05:00:00+00:00,329,325.0,325.0,2.0,319.0,5,2026-04-26,276.0,1.0,521.67,0.1268681997422934,1.000038778282299,2.0,0.85,35.05,29.76,70.03,-0.9304618057969257,-0.6406629011209098,-0.413173900294727,-6.751428571428566,False,False,False,False,0.5484986497107798,0.03419723496086213,False
66342,2026-04-24 22:00:00+00:00,348,340.0,340.0,8.0,331.0,22,2026-04-24,217.0,6.0,535.77,0.5189040965171188,0.9989644695743897,2.0,0.85,149.81,95.61,225.2,-0.5867035317050159,-0.14523196477342837,-0.4117819020361549,-122.20857142857143,False,False,False,False,19.710896318306595,0.11426855470671464,False
66330,2026-04-26 16:00:00+00:00,4680,4670.0,4659.0,11.0,4643.0,16,2026-04-26,4321.0,4.0,542.82,0.1268681997422934,1.0375286663287155,0.936983721243105,0.85,521.27,483.46,513.65,0.9194176119223894,1.095502182134118,-0.4117000747670493,-69.66857142857151,False,False,False,False,0.1813325557516805,-0.012820055797211499,False
66330,2026-04-20 16:00:00+00:00,4793,4781.0,4771.0,16.0,4750.0,16,2026-04-20,4322.0,12.0,554.57,0.1268681997422934,1.0375286663287155,0.936983721243105,0.85,533.8,483.57,513.77,0.9198661169608491,1.0959231170231594,-0.4110500397900753,-69.5585714285715,False,False,False,False,0.6221774633600035,0.043632142652641995,False
66335,2026-04-26 19:00:00+00:00,969,961.0,957.0,4.0,952.0,19,2026-04-26,933.0,2.0,526.37,0.5189040965171188,0.9359340011553848,1.7627555402851744,0.85,395.06,385.15,853.42,-0.4291443511148585,-0.3072871488544091,0.4096607187413609,49.59428571428572,False,False,False,False,-6.552182615979518,-0.08298312471018264,False
66330,2026-04-24 12:00:00+00:00,4179,4173.0,4163.0,15.0,4148.0,12,2026-04-24,3810.0,9.0,552.22,0.1268681997422934,1.10201349172765,1.0286532951289398,0.85,494.73,452.78,497.22,0.7943254793774729,0.9780996148996806,-0.40923652656041287,-68.1957142857143,False,False,False,False,-106.61573223157643,-13.688670658097065,True
66330,2026-04-24 23:00:00+00:00,381,379.0,378.0,5.0,376.0,23,2026-04-24,315.0,4.0,528.72,0.1268681997422934,1.0000004307878039,2.0,0.85,40.76,33.97,79.93,-0.913296294779517,-0.6245525749130552,-0.4086604111065535,-12.154285714285713,False,False,False,False,-49.2668083233431,-6.344879729634011,True
66338,2026-04-24 01:00:00+00:00,20,17.0,16.0,0.0,15.0,1,2026-04-24,14.0,0.0,516.98,0.1268681997422934,1.0000000017605313,2.0,0.85,1.73,1.51,3.55,-0.39091252313880775,-0.025496214275747556,-0.4062421660520448,-0.4314285714285715,False,False,False,False,0.34736019816080166,0.7251094522212378,False
66342,2026-04-24 04:00:00+00:00,129,127.0,127.0,0.0,127.0,4,2026-04-24,95.0,0.0,516.98,0.5189040965171188,0.9999998722053931,2.0,0.85,56.02,41.9,98.59,-0.6477461118996403,-0.44524768892653754,-0.4045187377158796,-35.90571428571429,False,False,False,False,-37.96791685401183,-0.38311592925217713,False
66336,2026-04-21 14:00:00+00:00,3934,3920.0,3911.0,53.0,3887.0,14,2026-04-21,3863.0,47.0,641.5,0.5189040965171188,0.5822372097709865,0.5,0.85,1004.37,992.04,1002.26,0.8760732513174376,1.3015374254827479,0.4041105492687136,127.11571428571426,False,False,False,False,-12.056650027552564,-0.6398955388028181,False
66330,2026-04-26 22:00:00+00:00,808,803.0,801.0,2.0,800.0,22,2026-04-26,695.0,0.0,521.67,0.1268681997422934,1.0000046314053592,2.0,0.85,86.38,74.95,176.35,-0.7462077813606554,-0.467735195341111,-0.40196910132369523,-27.588571428571427,False,False,False,False,-0.10717276027989442,-0.04976447564502439,False
66331,2026-04-25 11:00:00+00:00,2319,2315.0,2310.0,3.0,2295.0,11,2026-04-25,1818.0,1.0,524.02,0.1268681997422934,1.0701127791564455,1.91272108096232,0.85,266.57,209.79,441.16,0.6371726715514315,1.1522873659325854,-0.4016788215295234,-53.25142857142859,False,False,False,False,-100.27353589758141,-9.219581971731795,True
66336,2026-04-26 23:00:00+00:00,148,140.0,139.0,6.0,136.0,23,2026-04-26,132.0,6.0,531.07,0.5189040965171188,0.9998411962659136,2.0,0.85,61.3,58.21,136.99,-0.9092925262085898,-0.6523641315405455,-0.40049358847142935,-16.758571428571422,False,False,False,False,-5.060788940558609,-0.3218608697322442,False
66332,2026-04-20 01:00:00+00:00,41,39.0,38.0,0.0,37.0,1,2026-04-20,28.0,0.0,516.98,0.5189040965171188,0.9999982358498678,2.0,0.85,16.76,12.35,29.06,-0.694647691074805,-0.6329690483449609,-0.398330143489015,-10.385714285714288,False,False,False,False,-16.85168438825417,-0.4245531900979139,False
66340,2026-04-26 15:00:00+00:00,6669,6653.0,6633.0,39.0,6618.0,15,2026-04-26,6529.0,32.0,608.61,0.5189040965171188,0.5266127405031122,0.5,0.85,1540.66,1516.51,1693.96,0.7688097404130955,2.2716033752865203,0.39747179384647224,273.52,False,False,False,False,-0.2350065715194205,-0.0019700428932537236,False
66342,2026-04-24 10:00:00+00:00,4814,4806.0,4782.0,57.0,4759.0,10,2026-04-24,4159.0,30.0,650.9,0.5189040965171188,0.9792008154013185,0.5,0.85,2065.32,1796.25,1079.06,1.3461107222921171,9.354279134160542,0.3972569487898742,448.7385714285715,False,True,False,False,22.42801884306357,0.1376992480670615,False
66330,2026-04-26 08:00:00+00:00,1484,1475.0,1471.0,9.0,1461.0,8,2026-04-26,1201.0,2.0,538.12,0.1268681997422934,1.0050789526870891,2.0,0.85,159.44,130.17,304.74,-0.5210582520539316,-0.2564258810423616,-0.39596579519988695,-20.94999999999999,False,False,False,False,0.39716954324876497,0.014818853580481678,False
66335,2026-04-20 09:00:00+00:00,1196,1185.0,1182.0,4.0,1167.0,9,2026-04-20,1144.0,3.0,526.37,0.5189040965171188,0.9947411425730011,0.9869193036452822,0.85,518.6,501.93,585.86,-0.14873341023594208,0.11613460032810305,-0.3943060030328172,-125.29571428571427,False,False,False,False,6.6978491799375774,0.1671083186355058,False
66330,2026-04-20 20:00:00+00:00,2103,2090.0,2084.0,10.0,2067.0,20,2026-04-20,1730.0,7.0,540.47,0.1268681997422934,1.0002528661646692,2.0,0.85,224.79,186.61,438.96,-0.2909343941388375,-0.040448016156062666,-0.3939323277179646,-34.26857142857142,False,False,False,False,0.2815821115035533,1.7356449461187335e-05,False
66335,2026-04-23 09:00:00+00:00,1772,1765.0,1748.0,12.0,1733.0,9,2026-04-23,1714.0,10.0,545.17,0.5189040965171188,0.9947411425730011,0.9869193036452822,0.85,766.93,752.02,877.77,0.45178013835464004,1.0229126894962348,0.3927280057570637,124.7942857142857,False,False,False,False,17.541227832936556,0.37177471188204686,False
66333,2026-04-23 04:00:00+00:00,74,71.0,71.0,0.0,70.0,4,2026-04-23,71.0,0.0,516.98,0.5189040965171188,0.9999998722053931,2.0,0.85,31.32,31.32,73.68,-0.5451524789153332,-0.07203672876771275,0.3898734101332413,8.592857142857142,False,False,False,False,29.11767380643414,0.5701971147263137,False
66332,2026-04-24 19:00:00+00:00,1049,1036.0,1034.0,24.0,1022.0,19,2026-04-24,966.0,11.0,573.36,0.5189040965171188,0.9359340011553848,0.8746909896854488,0.85,426.85,398.78,438.45,-0.06188799686434626,1.0712513268645374,-0.38980094570380286,-292.3914285714286,False,False,False,False,216.0082012310141,4.346924758095681,True
66340,2026-04-26 07:00:00+00:00,502,486.0,486.0,6.0,483.0,7,2026-04-26,465.0,5.0,531.07,0.5189040965171188,0.9998411962659136,2.0,0.85,214.33,205.06,482.58,-0.648811290562127,-0.283048273110126,-0.3896444267383738,-58.908571428571406,False,False,False,False,-22.818776811191583,-0.30781158960456695,False
66336,2026-04-20 19:00:00+00:00,859,849.0,848.0,16.0,846.0,19,2026-04-20,829.0,14.0,554.57,0.5189040965171188,0.9359340011553848,1.3544086589229145,0.85,350.06,342.22,582.63,-0.366301045451742,-0.05811509134031027,-0.3890488249242509,-97.54142857142853,False,False,False,False,7.965875183095704,0.2703365398707085,False
66332,2026-04-26 03:00:00+00:00,21,21.0,21.0,0.0,21.0,3,2026-04-26,17.0,0.0,516.98,0.5189040965171188,0.9999999927903216,2.0,0.85,9.26,7.5,17.64,-0.7025893222031354,-0.6543583525391644,-0.38799384694379685,-8.641428571428573,False,False,False,False,-15.657734461048406,-0.4000882388515484,False
66335,2026-04-25 12:00:00+00:00,4066,4052.0,4045.0,31.0,4030.0,12,2026-04-25,3841.0,23.0,589.81,0.5189040965171188,0.846313658188328,0.5,0.85,1509.93,1433.78,996.56,2.088815273254537,3.494842914900152,0.387764992448734,258.7928571428572,False,False,False,False,-538.9022138551123,-10.130973176986286,True
66330,2026-04-23 08:00:00+00:00,1280,1273.0,1270.0,10.0,1257.0,8,2026-04-23,1206.0,8.0,540.47,0.1268681997422934,1.0050789526870891,2.0,0.85,137.65,130.71,306.01,-0.5188565000469479,-0.2543594734052495,-0.38575951694652433,-20.409999999999968,False,False,False,False,0.7436299729363895,0.05918468971513513,False
66342,2026-04-25 23:00:00+00:00,240,237.0,236.0,5.0,235.0,23,2026-04-25,139.0,2.0,528.72,0.5189040965171188,0.9998411962659136,2.0,0.85,104.08,61.3,144.26,-0.6256975910324701,-0.33688229982636403,-0.38410530812546984,-63.19571428571429,False,False,False,False,-145.3261570372366,-1.3089034057166766,False
66331,2026-04-21 18:00:00+00:00,1683,1673.0,1667.0,9.0,1653.0,18,2026-04-21,1457.0,6.0,538.12,0.1268681997422934,1.0050789526870891,2.0,0.85,180.68,157.92,369.69,0.23502559290432817,0.6789621180931618,-0.3836074012139789,-34.975714285714304,False,False,False,False,8.520902308256296,0.934280584094709,False
66340,2026-04-24 11:00:00+00:00,4318,4305.0,4298.0,20.0,4269.0,11,2026-04-24,4227.0,18.0,563.97,0.5189040965171188,0.9359340011553848,0.5,0.85,1774.26,1744.95,1096.7,1.015743552846646,2.7165952717063075,-0.3802277201176547,-444.60000000000014,False,False,False,False,-1073.3846990320812,-14.535139585078289,True
66332,2026-04-26 19:00:00+00:00,1057,1049.0,1049.0,16.0,1045.0,19,2026-04-26,985.0,2.0,554.57,0.5189040965171188,0.9359340011553848,0.8746909896854488,0.85,433.04,406.62,447.07,-0.04905039108164302,1.105827026840322,-0.3793490681325311,-284.5514285714286,False,False,False,False,16.163450138714666,0.25195227984654817,False
66333,2026-04-24 19:00:00+00:00,1013,1010.0,1010.0,10.0,1007.0,19,2026-04-24,998.0,8.0,540.47,0.5189040965171188,0.9359340011553848,2.0,0.85,416.94,411.99,1035.73,0.4890371231821693,7.2503188226355535,0.37633601224967594,134.09714285714284,False,True,False,False,106.58389789453133,2.587171656772898,False
66333,2026-04-26 17:00:00+00:00,1901,1898.0,1892.0,28.0,1887.0,17,2026-04-26,1463.0,17.0,582.76,0.5189040965171188,0.7128761131977971,1.2273923444976076,0.85,594.9,460.01,931.78,0.6194960106509009,8.174004727956131,0.3752153328165318,124.94285714285712,False,True,False,False,-13.65011292975646,-0.5433402763368483,False
66336,2026-04-21 00:00:00+00:00,135,115.0,113.0,0.0,107.0,0,2026-04-21,110.0,0.0,516.98,0.5189040965171188,0.9999810335986662,2.0,0.85,49.84,48.52,114.16,-0.9278185902504681,-0.6726390274932946,-0.37426591559737404,-11.841428571428565,False,False,False,False,-7.479337869947244,-0.4318090803705453,False
66331,2026-04-20 20:00:00+00:00,1478,1460.0,1456.0,9.0,1442.0,20,2026-04-20,1203.0,4.0,538.12,0.1268681997422934,1.0002528661646692,2.0,0.85,157.05,129.76,305.24,0.016701672821381804,0.42199587596557037,-0.3739020949593208,-28.832857142857165,False,False,False,False,11.041393726290721,1.169519846817319,False
66336,2026-04-23 13:00:00+00:00,2421,2409.0,2402.0,66.0,2384.0,13,2026-04-23,2327.0,58.0,672.04,0.5189040965171188,0.7128761131977971,0.5187825471459628,0.85,755.25,731.67,626.42,0.37827848407452214,0.756751598938136,-0.37255289341719305,-141.3142857142858,False,False,False,False,5.60539144825259,0.1630279964159275,False
66331,2026-04-20 00:00:00+00:00,154,140.0,139.0,1.0,139.0,0,2026-04-20,118.0,1.0,519.33,0.1268681997422934,1.0000000312061639,2.0,0.85,14.99,12.72,29.94,-0.8907071200233642,-0.6460200678772313,-0.37115605525036105,-9.027142857142858,False,False,False,False,-0.7435159410576944,0.0696258175960163,False
66340,2026-04-24 13:00:00+00:00,4905,4894.0,4883.0,15.0,4860.0,13,2026-04-24,4823.0,11.0,552.22,0.5189040965171188,0.7128761131977971,0.5,0.85,1535.35,1516.48,1251.34,0.7687773117037057,2.2715449364978118,-0.37100852139993845,-399.6828571428571,False,False,False,False,-910.6517451540894,-12.331322517035524,True
66333,2026-04-24 11:00:00+00:00,2065,2061.0,2060.0,23.0,2044.0,11,2026-04-24,2005.0,19.0,571.01,0.5189040965171188,0.9359340011553848,0.893815331010453,0.85,850.39,827.69,929.93,1.6183948807988238,15.246491893059641,0.37097863306219864,227.40857142857146,False,True,False,False,19.46106685897138,0.31876972679228294,False
66335,2026-04-26 16:00:00+00:00,2023,2012.0,2002.0,12.0,1992.0,16,2026-04-26,1925.0,7.0,545.17,0.5189040965171188,0.5822372097709865,0.627200488997555,0.85,514.13,494.35,626.5,-0.1669344286625749,0.0886509827668474,-0.370450398015522,-91.6085714285714,False,False,False,False,-32.639775775734506,-0.5753807224841476,False
66332,2026-04-20 23:00:00+00:00,82,80.0,80.0,0.0,79.0,23,2026-04-20,69.0,0.0,516.98,0.5189040965171188,0.9998411962659136,2.0,0.85,35.28,30.43,71.61,-0.6650426001881629,-0.5532332504416207,-0.3687909968371068,-25.24285714285714,False,False,False,False,-14.818843675303015,-0.38289872218369464,False
66331,2026-04-22 11:00:00+00:00,2321,2315.0,2310.0,11.0,2294.0,11,2026-04-22,1856.0,9.0,542.82,0.1268681997422934,1.0701127791564455,1.91272108096232,0.85,266.57,214.18,450.38,0.6712082542632263,1.1923470890483572,-0.36856477982547176,-48.861428571428576,False,False,False,False,-32.089501683107116,-2.8559174008861636,False
66332,2026-04-26 18:00:00+00:00,1133,1131.0,1128.0,11.0,1119.0,18,2026-04-26,1052.0,4.0,542.82,0.5189040965171188,0.846313658188328,0.9559344140115521,0.85,421.06,392.69,521.83,-0.07186006564198175,1.044393417061919,-0.36846482262754243,-161.5814285714286,False,False,False,False,-2.7552908232934215,-0.13570725656412735,False
66335,2026-04-20 23:00:00+00:00,1146,1141.0,1137.0,1.0,1135.0,23,2026-04-20,1132.0,1.0,519.33,0.5189040965171188,0.9998411962659136,1.4951187527320413,0.85,501.42,499.21,878.23,-0.15526464639958876,0.10627240510823283,0.36262879132604847,68.9842857142857,False,False,False,False,12.769308847178138,0.281705787893143,False
66330,2026-04-22 07:00:00+00:00,920,913.0,909.0,10.0,905.0,7,2026-04-22,740.0,7.0,540.47,0.1268681997422934,1.001284160344515,2.0,0.85,98.15,79.9,187.76,-0.7260250546299729,-0.448793125334251,-0.3625342251138997,-16.429999999999993,False,False,False,False,2.8666335909941836,0.33104497320249027,False
66336,2026-04-24 15:00:00+00:00,2490,2480.0,2472.0,54.0,2463.0,15,2026-04-24,2414.0,47.0,643.85,0.5189040965171188,0.5266127405031122,0.5,0.85,574.18,560.71,626.32,0.05142441713958803,0.3990430115199742,-0.36223808465117496,-111.95142857142855,False,False,False,False,1.3596609473044055,-0.029984626053410644,False
66340,2026-04-20 11:00:00+00:00,6420,6402.0,6379.0,28.0,6353.0,11,2026-04-20,6322.0,26.0,582.76,0.5189040965171188,0.9359340011553848,0.5,0.85,2633.32,2609.79,1640.26,1.9505983871358765,4.401268672597959,0.3593947303244334,420.2399999999998,False,True,False,False,-6.611591781740344,-0.08832518478203173,False
66332,2026-04-26 04:00:00+00:00,49,46.0,46.0,0.0,46.0,4,2026-04-26,38.0,0.0,516.98,0.5189040965171188,0.9999998722053931,2.0,0.85,20.29,16.76,39.44,-0.6874265378220344,-0.6135202171085821,-0.35793247933304356,-10.779999999999998,False,False,False,False,-23.294607379759,-0.5565736318932826,False
66342,2026-04-26 16:00:00+00:00,5054,5048.0,5034.0,56.0,5022.0,16,2026-04-26,4377.0,33.0,648.55,0.5189040965171188,0.5822372097709865,0.5,0.85,1292.76,1124.04,1135.62,0.5821294742446685,5.5994184018395305,0.35556784488665816,270.66999999999996,False,True,False,False,9.549618455524978,0.02664431855880233,False
66336,2026-04-25 12:00:00+00:00,3210,3198.0,3194.0,22.0,3180.0,12,2026-04-25,3158.0,20.0,568.67,0.5189040965171188,0.846313658188328,0.5,0.85,1192.26,1178.83,819.35,1.233192291810982,1.6923679533479707,-0.3554855644984009,-172.98571428571427,False,False,False,False,28.64629722032464,1.2104768738572447,False
66333,2026-04-23 00:00:00+00:00,46,40.0,39.0,0.0,39.0,0,2026-04-23,39.0,0.0,516.98,0.5189040965171188,0.9999810335986662,2.0,0.85,17.2,17.2,40.47,-0.5835131513655308,-0.34364116406814127,-0.35430961251042997,-13.444285714285712,False,False,False,False,21.49206975783106,0.37165059442259546,False
66331,2026-04-24 00:00:00+00:00,150,133.0,133.0,0.0,132.0,0,2026-04-24,122.0,0.0,516.98,0.1268681997422934,1.0000000312061639,2.0,0.85,14.34,13.16,30.96,-0.8872958087720682,-0.6420049703439877,-0.3530652078034373,-8.587142857142858,False,False,False,False,-7.690268376550634,-0.5787195445620603,False
66331,2026-04-24 07:00:00+00:00,588,580.0,578.0,2.0,568.0,7,2026-04-24,482.0,2.0,521.67,0.1268681997422934,1.001284160344515,2.0,0.85,62.41,52.04,122.3,-0.5858599418393637,-0.28721635195191547,0.3519800396272566,5.394285714285715,False,False,False,False,13.369459120836524,1.386799851448343,False
66331,2026-04-24 16:00:00+00:00,2445,2442.0,2439.0,5.0,2428.0,16,2026-04-24,2271.0,4.0,528.72,0.1268681997422934,1.0375286663287155,2.0,0.85,272.89,254.09,576.24,0.9806296907160099,1.5565346857568856,0.3518328405995748,25.718571428571437,False,False,False,False,5.409752056168287,0.6439147108828968,False
66332,2026-04-22 19:00:00+00:00,2388,2383.0,2382.0,32.0,2375.0,19,2026-04-22,2312.0,26.0,592.16,0.5189040965171188,0.9359340011553848,0.8746909896854488,0.85,983.32,954.42,1049.37,0.8479445639903991,3.5217158593320104,0.35094921420709296,263.2485714285714,False,True,False,False,730.04233797233,14.879879120575055,True
66342,2026-04-24 21:00:00+00:00,614,609.0,608.0,9.0,601.0,21,2026-04-24,414.0,4.0,538.12,0.5189040965171188,0.9947411425730011,1.6749918380672544,0.85,266.76,181.64,359.83,-0.4889285703543636,0.33531826328265013,-0.35055738080945353,-121.18571428571425,False,False,False,False,-6.491906009137892,-0.11168733094884595,False
66338,2026-04-24 03:00:00+00:00,17,14.0,13.0,0.0,13.0,3,2026-04-24,13.0,0.0,516.98,0.1268681997422934,1.0000004307878039,2.0,0.85,1.4,1.4,3.3,-0.4068719745800567,-0.07648864282724277,-0.3469876562580081,-0.6185714285714283,False,False,False,False,0.2276327837574561,0.5013292265575131,False
66340,2026-04-26 00:00:00+00:00,239,216.0,216.0,1.0,213.0,0,2026-04-26,200.0,1.0,519.33,0.5189040965171188,0.9999810335986662,2.0,0.85,95.27,88.21,207.56,-0.7751211136354083,-0.5106673551301406,-0.34669285175329273,-36.46714285714286,False,False,False,False,-22.653592034035228,-0.30557456862877275,False
66340,2026-04-24 22:00:00+00:00,699,686.0,685.0,5.0,682.0,22,2026-04-24,679.0,4.0,528.72,0.5189040965171188,0.9989644695743897,2.0,0.85,301.82,299.18,704.67,-0.5470716196365195,-0.0997063133349974,0.3458503457443018,60.93571428571428,False,False,False,False,35.66276591319013,0.48417687339656446,False
66333,2026-04-24 07:00:00+00:00,204,202.0,201.0,3.0,197.0,7,2026-04-24,196.0,3.0,524.02,0.5189040965171188,0.9998411962659136,2.0,0.85,88.64,86.44,203.41,-0.3954045847613039,0.9882208118668211,0.34355121193757215,21.485714285714295,False,False,False,False,-35.46957922245667,-1.1114499080051097,False
66335,2026-04-25 00:00:00+00:00,736,715.0,712.0,0.0,709.0,0,2026-04-25,707.0,0.0,516.98,0.5189040965171188,0.9999810335986662,1.65127132281944,0.85,314.03,311.83,605.79,-0.6051995847613917,-0.573131322942967,-0.34230270034717686,-78.50857142857143,False,False,False,False,-299.57521043655095,-5.6137284912044745,True
66333,2026-04-23 19:00:00+00:00,396,391.0,391.0,1.0,389.0,19,2026-04-23,378.0,1.0,519.33,0.5189040965171188,0.9359340011553848,2.0,0.85,161.41,156.04,392.29,-0.20631798401528723,2.3270075467754485,-0.34197312009269,-121.85285714285718,False,False,False,False,-21.19779169991753,-0.739857869780511,False
66331,2026-04-22 12:00:00+00:00,2528,2517.0,2508.0,7.0,2489.0,12,2026-04-22,2073.0,4.0,533.42,0.1268681997422934,1.10201349172765,1.7746012332467003,0.85,298.05,246.35,466.72,0.9206216246136659,1.4859054700584637,-0.3415078708006528,-50.628571428571405,False,False,False,False,-11.042285705608876,-0.8915657139554857,False
66340,2026-04-20 20:00:00+00:00,1670,1651.0,1645.0,10.0,1638.0,20,2026-04-20,1617.0,10.0,540.47,0.5189040965171188,0.9792008154013185,1.0934569479965899,0.85,710.47,698.37,917.48,-0.11556440292600897,0.6778996888179304,0.34131949782975857,127.71571428571428,False,False,False,False,-33.74646770291224,-0.4558002491081934,False
66340,2026-04-25 01:00:00+00:00,253,223.0,219.0,1.0,213.0,1,2026-04-25,211.0,0.0,519.33,0.5189040965171188,0.9999982358498678,2.0,0.85,96.59,93.07,218.98,-0.7698676627142603,-0.5012002713593466,-0.3403692255981657,-38.95285714285714,False,False,False,False,-22.53640996036154,-0.3039876260466063,False
66330,2026-04-22 18:00:00+00:00,3849,3844.0,3838.0,9.0,3826.0,18,2026-04-22,3263.0,6.0,538.12,0.1268681997422934,1.0050789526870891,1.230146954924403,0.85,415.98,353.66,509.25,0.3901816665400508,0.5987990130653444,-0.338826572058336,-49.67142857142858,False,False,False,False,51.64833067730774,6.577763483749308,True
66335,2026-04-25 03:00:00+00:00,718,714.0,712.0,0.0,710.0,3,2026-04-25,703.0,0.0,516.98,0.5189040965171188,0.9999999927903216,1.6871095034528116,0.85,314.04,310.07,615.44,-0.6094256787496336,-0.5795127433793534,-0.33726239757759485,-73.59571428571428,False,False,False,False,-252.0687084755698,-4.7170536887041825,True
66340,2026-04-22 11:00:00+00:00,6355,6344.0,6323.0,36.0,6303.0,11,2026-04-22,6257.0,35.0,601.56,0.5189040965171188,0.9359340011553848,0.5,0.85,2610.2,2582.96,1623.39,1.9215963113715964,4.34900491589623,0.3364493643083366,393.40999999999985,False,True,False,False,15.470268851108017,0.210719232449519,False
66331,2026-04-21 06:00:00+00:00,365,360.0,358.0,4.0,356.0,6,2026-04-21,299.0,3.0,526.37,0.1268681997422934,1.0002528661646692,2.0,0.85,38.62,32.25,75.87,-0.7392914183465196,-0.46780448873121355,0.33592444096728785,3.3728571428571463,False,False,False,False,-0.20908218629581654,0.11950490131148528,False
66336,2026-04-22 20:00:00+00:00,737,721.0,721.0,12.0,716.0,20,2026-04-22,714.0,12.0,545.17,0.5189040965171188,0.9792008154013185,1.6898880105401846,0.85,311.4,308.37,626.1,-0.4310179977548979,-0.1289412242609045,-0.33439816646908666,-58.9242857142857,False,False,False,False,13.140382152786287,0.5055717155331301,False
66338,2026-04-24 06:00:00+00:00,59,55.0,55.0,1.0,55.0,6,2026-04-24,55.0,1.0,519.33,0.1268681997422934,1.0002528661646692,2.0,0.85,5.93,5.93,13.96,0.25036725295501416,2.023472278429786,0.3335160345770915,1.6816666666666666,False,False,False,False,4.426634182114613,8.349602616318474,True
66338,2026-04-25 22:00:00+00:00,31,26.0,24.0,0.0,24.0,22,2026-04-25,24.0,0.0,516.98,0.1268681997422934,1.0000046314053592,2.0,0.85,2.59,2.59,6.09,-0.23421972717018158,0.4751567205934777,-0.33225422633762985,-2.274285714285714,False,False,False,False,-0.03433962875924257,0.0116815891905187,False
66331,2026-04-21 09:00:00+00:00,1335,1330.0,1323.0,1.0,1312.0,9,2026-04-21,1160.0,1.0,519.33,0.1268681997422934,1.015644275641629,2.0,0.85,144.9,127.05,294.33,-0.004308903294555105,0.3972665252494563,-0.3314032301363953,-23.73571428571428,False,False,False,False,-9.737510833501958,-0.7697901440260398,False
66336,2026-04-24 16:00:00+00:00,3196,3189.0,3179.0,40.0,3163.0,16,2026-04-24,3102.0,35.0,610.96,0.5189040965171188,0.5822372097709865,0.5,0.85,816.39,796.61,804.82,0.502435615021847,0.8926289718144549,-0.3312096344155034,-52.06000000000006,False,False,False,False,1.0724482118761216,-0.04304143294664727,False
66335,2026-04-25 02:00:00+00:00,715,712.0,712.0,0.0,710.0,2,2026-04-25,709.0,0.0,516.98,0.5189040965171188,0.9999998722053931,1.6600873645041256,0.85,314.04,312.72,610.75,-0.6030625258696101,-0.5699043546541123,-0.3308372244926169,-78.12999999999994,False,False,False,False,-285.0971540226951,-5.340458352600185,True
66330,2026-04-20 21:00:00+00:00,1397,1387.0,1378.0,5.0,1367.0,21,2026-04-20,1144.0,4.0,528.72,0.1268681997422934,1.000038778282299,2.0,0.85,148.61,123.37,290.27,-0.5487840180677983,-0.2824473105467349,-0.3304183786652964,-22.678571428571416,False,False,False,False,6.533274029318875,0.8005749827278977,False
66336,2026-04-24 14:00:00+00:00,3885,3871.0,3859.0,107.0,3834.0,14,2026-04-24,3766.0,94.0,768.37,0.5189040965171188,0.5822372097709865,0.5,0.85,991.02,967.13,977.1,0.8284484571705658,1.2494169241222752,0.32491975968893194,102.2057142857143,False,False,False,False,1.5993124939221843,-0.019089970002773373,False
66342,2026-04-25 22:00:00+00:00,507,506.0,505.0,6.0,500.0,22,2026-04-25,276.0,2.0,531.07,0.5189040965171188,0.9989644695743897,2.0,0.85,222.51,121.61,286.44,-0.557153967656231,0.0,-0.32417487637676673,-96.20857142857143,False,False,False,False,-113.49131347005766,-1.0343804679393687,False
66342,2026-04-24 19:00:00+00:00,2129,2122.0,2118.0,29.0,2113.0,19,2026-04-24,1725.0,21.0,585.11,0.5189040965171188,0.9359340011553848,0.9004826678367706,0.85,874.33,712.1,806.03,0.11395072754249831,3.2983854953485277,0.3236481711328441,172.91000000000008,False,False,False,False,-108.19615705574552,-0.9887184909367237,False
66331,2026-04-20 17:00:00+00:00,1979,1969.0,1963.0,9.0,1948.0,17,2026-04-20,1764.0,7.0,538.12,0.1268681997422934,1.015644275641629,2.0,0.85,215.0,193.2,447.59,0.5085507314173378,1.000899938485968,-0.32264733171175153,-32.138571428571424,False,False,False,False,-5.670097317315623,-0.3901755379656819,False
66340,2026-04-21 21:00:00+00:00,676,670.0,669.0,7.0,665.0,21,2026-04-21,664.0,7.0,533.42,0.5189040965171188,0.9947411425730011,1.7101666666666666,0.85,293.52,291.33,589.24,-0.5555571319268513,-0.11499779638041563,-0.31877820590820194,-79.53571428571428,False,False,False,False,-47.110226879919196,-0.6367794537847216,False
66340,2026-04-20 23:00:00+00:00,315,302.0,301.0,0.0,299.0,23,2026-04-20,300.0,0.0,516.98,0.5189040965171188,0.9998411962659136,2.0,0.85,132.74,132.3,311.34,-0.727461720402195,-0.4247818153247281,-0.31562265664168143,-33.58000000000001,False,False,False,False,14.894973541433387,0.2029282743650461,False
66335,2026-04-23 10:00:00+00:00,2809,2803.0,2782.0,21.0,2757.0,10,2026-04-23,2704.0,18.0,566.32,0.5189040965171188,0.9792008154013185,0.6151309873508782,0.85,1201.53,1167.84,863.1,1.450242866872117,2.5305957837338795,0.3147574370265354,172.8157142857142,False,False,False,False,-16.130021528013003,-0.26376273298108943,False
66342,2026-04-24 20:00:00+00:00,1119,1109.0,1103.0,22.0,1093.0,20,2026-04-24,627.0,4.0,568.67,0.5189040965171188,0.9792008154013185,1.1828242074927955,0.85,476.38,270.8,384.84,-0.3875962961009152,0.83335218555953,-0.313157139916202,-144.62285714285713,False,False,False,False,-66.45229700034452,-0.6287466546564237,False
66342,2026-04-24 08:00:00+00:00,1499,1494.0,1486.0,21.0,1479.0,8,2026-04-24,1245.0,8.0,566.32,0.5189040965171188,0.9989644695743897,1.2675725756639902,0.85,654.75,548.56,818.9,-0.07191603032435843,2.384876436923663,0.3128263828861041,113.80142857142852,False,False,False,False,6.4598303302003615,0.0,False
66333,2026-04-24 13:00:00+00:00,2313,2309.0,2307.0,32.0,2297.0,13,2026-04-24,2269.0,31.0,592.16,0.5189040965171188,0.7128761131977971,0.767005531469577,0.85,725.38,713.44,903.07,1.3080048788558294,13.048842691000578,0.31016935269975204,172.37000000000012,False,True,False,False,-10.14105314716744,-0.45197549986403884,False
66330,2026-04-23 20:00:00+00:00,2395,2390.0,2388.0,26.0,2380.0,20,2026-04-23,2296.0,23.0,578.06,0.1268681997422934,1.0002528661646692,2.0,0.85,257.58,247.66,582.58,-0.0420140977937545,0.19317084726187742,0.3078643216495198,26.781428571428563,False,False,False,False,0.23832087159570392,-0.005522442373925575,False
66338,2026-04-20 00:00:00+00:00,37,33.0,32.0,2.0,27.0,0,2026-04-20,32.0,2.0,521.67,0.1268681997422934,1.0000000312061639,2.0,0.85,3.45,3.45,8.12,-0.10944583408405328,0.8738247983597128,0.3031106854173757,0.5385714285714283,False,False,False,False,0.25194427678756703,0.5467693742764993,False
66331,2026-04-25 05:00:00+00:00,230,227.0,225.0,0.0,222.0,5,2026-04-25,143.0,0.0,516.98,0.1268681997422934,1.000038778282299,2.0,0.85,24.26,15.42,36.28,-0.8697740737085929,-0.6213819693777818,-0.303029210286161,-2.265714285714287,False,False,False,False,2.8485758480631773,0.40487830766943944,False
66333,2026-04-24 08:00:00+00:00,550,547.0,546.0,14.0,545.0,8,2026-04-24,540.0,13.0,549.87,0.5189040965171188,0.9989644695743897,2.0,0.85,240.57,237.93,560.42,0.016157615626829297,3.902197858868373,0.3022983202551491,58.68285714285716,False,True,False,False,4.02625609764641,-0.08310374430261898,False
66330,2026-04-24 20:00:00+00:00,2074,2065.0,2057.0,13.0,2049.0,20,2026-04-24,1804.0,7.0,547.52,0.1268681997422934,1.0002528661646692,2.0,0.85,221.88,194.59,457.74,-0.2583973922578586,-0.009911103296518687,-0.3021987116335662,-26.28857142857143,False,False,False,False,-57.19985836295439,-7.360742921926219,True
66335,2026-04-25 01:00:00+00:00,732,729.0,726.0,0.0,722.0,1,2026-04-25,719.0,0.0,516.98,0.5189040965171188,0.9999982358498678,1.6807534807534807,0.85,320.22,317.13,627.08,-0.5924732790013449,-0.5539145454924846,-0.30112453372964015,-67.60714285714283,False,False,False,False,-267.5260811416864,-5.008808206726735,True
66338,2026-04-25 01:00:00+00:00,24,22.0,21.0,0.0,20.0,1,2026-04-25,21.0,0.0,516.98,0.1268681997422934,1.0000000017605313,2.0,0.85,2.26,2.26,5.33,-0.28209808149392845,0.32217943493899215,0.2999735199655824,0.3185714285714283,False,False,False,False,0.2532215021102213,0.5491566117554957,False
66330,2026-04-25 05:00:00+00:00,449,443.0,441.0,1.0,440.0,5,2026-04-25,384.0,1.0,519.33,0.1268681997422934,1.000038778282299,2.0,0.85,47.56,41.41,97.43,-0.8829610449055216,-0.5960820696906232,0.2997827558422811,4.8985714285714295,False,False,False,False,-0.3431388360763208,-0.07998100646662606,False
66332,2026-04-22 21:00:00+00:00,739,735.0,734.0,9.0,729.0,21,2026-04-22,696.0,8.0,538.12,0.5189040965171188,0.9947411425730011,2.0,0.85,322.04,305.37,722.31,-0.21484217494627295,0.6592977382499908,0.2990005543545215,82.91571428571427,False,False,False,False,263.95541552937385,5.329400013949734,True
66331,2026-04-22 07:00:00+00:00,514,511.0,509.0,6.0,506.0,7,2026-04-22,390.0,3.0,531.07,0.1268681997422934,1.001284160344515,2.0,0.85,54.96,42.11,98.96,-0.662847034397022,-0.3778298030998907,-0.2959577928539564,-4.535714285714285,False,False,False,False,8.1954609605978,0.9039069108757226,False
66331,2026-04-21 17:00:00+00:00,2035,2028.0,2021.0,6.0,2008.0,17,2026-04-21,1789.0,6.0,531.07,0.1268681997422934,1.015644275641629,2.0,0.85,221.35,195.94,453.93,0.5297938969367723,1.0259030458520761,-0.29513977149380505,-29.398571428571415,False,False,False,False,0.2682135538207433,0.16405125334517762,False
66330,2026-04-24 19:00:00+00:00,2829,2822.0,2818.0,17.0,2803.0,19,2026-04-24,2602.0,13.0,556.92,0.1268681997422934,1.001284160344515,1.5151633816299004,0.85,304.28,280.95,500.17,0.093719836118249,0.3205610514090228,-0.2946009409026096,-43.872857142857185,False,False,False,False,4.611865625864084,0.554529884728453,False
66335,2026-04-25 05:00:00+00:00,1219,1217.0,1215.0,3.0,1212.0,5,2026-04-25,1196.0,3.0,524.02,0.5189040965171188,0.9999982358498678,1.4131662305467567,0.85,535.9,527.52,877.02,-0.08728696412281088,0.20891900315033693,0.2943977666612201,71.83428571428567,False,False,False,False,-89.10554577716391,-1.6411597437567327,False
66331,2026-04-21 15:00:00+00:00,2022,2017.0,2013.0,6.0,1997.0,15,2026-04-21,1768.0,4.0,531.07,0.1268681997422934,1.0701127791564455,2.0,0.85,232.3,204.03,448.61,0.5925155060799199,1.09972608913376,-0.2942955944159535,-37.187142857142845,False,False,False,False,-26.03575151232242,-2.2909165773591322,False
66338,2026-04-20 04:00:00+00:00,13,13.0,13.0,0.0,12.0,4,2026-04-20,13.0,0.0,516.98,0.1268681997422934,1.0000046314053592,2.0,0.85,1.4,1.4,3.3,-0.4068719745800567,-0.07648864282724277,-0.29345997760659326,-0.35714285714285743,False,False,False,False,0.10229703530882883,0.26706657074606427,False
66335,2026-04-20 22:00:00+00:00,894,888.0,886.0,0.0,881.0,22,2026-04-20,885.0,0.0,516.98,0.5189040965171188,0.9989644695743897,1.4170694655434333,0.85,390.38,389.94,650.76,-0.41764265213549545,-0.2899195330076525,-0.2927221237632429,-62.37857142857143,False,False,False,False,27.592886084782435,0.5614975562450586,False
66330,2026-04-21 02:00:00+00:00,119,111.0,110.0,0.0,107.0,2,2026-04-21,90.0,0.0,516.98,0.1268681997422934,1.0000000312061639,2.0,0.85,11.86,9.71,22.84,-1.012212042352518,-0.7173878513507165,-0.29270960131000306,-2.5057142857142836,False,False,False,False,2.981896720432104,0.3458049419458783,False
66340,2026-04-21 01:00:00+00:00,248,229.0,226.0,1.0,221.0,1,2026-04-21,224.0,0.0,519.33,0.5189040965171188,0.9999982358498678,2.0,0.85,99.68,98.8,232.47,-0.763673779220808,-0.4900384627160031,-0.29030060917999556,-33.22285714285714,False,False,False,False,-50.08082159307605,-0.6770088429470482,False
66336,2026-04-22 21:00:00+00:00,671,663.0,663.0,8.0,660.0,21,2026-04-22,651.0,8.0,535.77,0.5189040965171188,0.9947411425730011,2.0,0.85,290.89,285.63,675.61,-0.47449402420611697,-0.17652132064537462,0.29006816614252073,30.02714285714285,False,False,False,False,26.70227951813888,1.1221010443640882,False
66340,2026-04-25 05:00:00+00:00,423,416.0,415.0,8.0,409.0,5,2026-04-25,403.0,7.0,535.77,0.5189040965171188,0.9999982358498678,2.0,0.85,183.04,177.75,418.24,-0.6783322256766441,-0.3362470504311923,0.28912599110583026,29.868571428571414,False,False,False,False,9.61852572158216,0.13147178391908845,False
66332,2026-04-25 07:00:00+00:00,800,791.0,791.0,5.0,787.0,7,2026-04-25,783.0,5.0,528.72,0.5189040965171188,0.9998411962659136,2.0,0.85,348.83,345.3,812.6,-0.14945880773921444,0.8353956591725779,0.2885868977233993,66.77857142857141,False,False,False,False,234.39624477261492,4.723709896660191,True
66338,2026-04-21 03:00:00+00:00,14,14.0,14.0,1.0,14.0,3,2026-04-21,14.0,1.0,519.33,0.1268681997422934,1.0000004307878039,2.0,0.85,1.51,1.51,3.55,-0.39091252313880775,-0.025496214275747556,-0.28528315387494424,-0.5085714285714282,False,False,False,False,-0.05152651374912054,-0.020442089589801673,False
66340,2026-04-26 09:00:00+00:00,2019,2006.0,2005.0,8.0,1997.0,9,2026-04-26,1927.0,5.0,535.77,0.5189040965171188,0.9947411425730011,0.62161507239353,0.85,879.69,845.47,621.57,0.043444368781990005,0.9644445494524546,-0.28485478518214785,-175.93857142857132,False,False,False,False,1.4986654009336462,0.021508274142298806,False
66338,2026-04-25 23:00:00+00:00,17,17.0,17.0,0.0,17.0,23,2026-04-25,17.0,0.0,516.98,0.1268681997422934,1.0000004307878039,2.0,0.85,1.83,1.83,4.31,-0.34448502803699255,0.12284539605587479,-0.28477518080383035,-0.5571428571428574,False,False,False,False,-0.03307292440611098,0.014049162126137764,False
66336,2026-04-25 08:00:00+00:00,1224,1215.0,1211.0,2.0,1206.0,8,2026-04-25,1187.0,2.0,521.67,0.5189040965171188,0.9989644695743897,1.1561690140845071,0.85,533.58,523.01,712.13,-0.02065325204295196,0.3201613213838913,-0.28298241613540565,-22.594285714285775,False,False,False,False,-15.352669584480054,-0.7897339183821923,False
66336,2026-04-21 06:00:00+00:00,456,449.0,446.0,10.0,441.0,6,2026-04-21,434.0,10.0,540.47,0.5189040965171188,0.9999810335986662,2.0,0.85,196.71,191.42,450.41,-0.6546117221819018,-0.3736418518846414,0.2813691782184077,18.20999999999998,False,False,False,False,-0.0899180765127312,-0.09588307363528256,False
66330,2026-04-26 09:00:00+00:00,2619,2605.0,2596.0,6.0,2575.0,9,2026-04-26,2232.0,0.0,531.07,0.1268681997422934,1.015644275641629,1.7256194251734391,0.85,284.33,244.46,488.64,-0.055061517094397626,0.18092546867158413,-0.2800898073029418,-39.94428571428571,False,False,False,False,0.4199050022616575,0.01773023266617283,False
66342,2026-04-25 05:00:00+00:00,256,249.0,248.0,6.0,244.0,5,2026-04-25,187.0,3.0,531.07,0.5189040965171188,0.9999982358498678,2.0,0.85,109.38,82.48,194.07,-0.6016260615496521,-0.21857410698400967,-0.2793435926638701,-41.217142857142846,False,False,False,False,-70.97491845032323,-0.66774679374248,False
66340,2026-04-22 14:00:00+00:00,6784,6773.0,6753.0,36.0,6735.0,14,2026-04-22,6687.0,33.0,601.56,0.5189040965171188,0.5822372097709865,0.5,0.85,1734.21,1717.26,1734.96,0.9858118540798582,2.662656269728265,0.27812462086979783,242.01714285714274,False,False,False,False,16.442399066239886,0.22388434197044588,False
66331,2026-04-21 01:00:00+00:00,116,109.0,109.0,0.0,108.0,1,2026-04-21,83.0,0.0,516.98,0.1268681997422934,1.0000000017605313,2.0,0.85,11.75,8.95,21.06,-0.9199358550628779,-0.6804221535597959,-0.2780644188570466,-5.04857142857143,False,False,False,False,2.902118270775375,0.40987546019020543,False
66340,2026-04-20 12:00:00+00:00,7145,7129.0,7110.0,37.0,7091.0,12,2026-04-20,7063.0,34.0,603.91,0.5189040965171188,0.846313658188328,0.5,0.85,2654.04,2636.49,1832.51,1.9794599384928007,4.4532791945486165,0.27699914671444675,336.9657142857145,False,True,False,False,-6.1962723937785995,-0.08270070655517302,False
66331,2026-04-20 07:00:00+00:00,573,558.0,554.0,5.0,550.0,7,2026-04-20,471.0,4.0,528.72,0.1268681997422934,1.001284160344515,2.0,0.85,59.82,50.86,119.51,-0.5950084583769303,-0.29798411351834153,0.27498440595879425,4.214285714285715,False,False,False,False,-7.50673889045467,-0.5615906066540939,False
66330,2026-04-22 17:00:00+00:00,5009,5003.0,4990.0,13.0,4977.0,17,2026-04-22,4292.0,6.0,547.52,0.1268681997422934,1.015644275641629,0.985064071737716,0.85,546.53,470.08,536.39,0.8648630899715751,1.044301192903454,-0.2748568499859497,-42.24714285714282,False,False,False,False,-128.97193635578142,-16.5514844278012,True
66340,2026-04-26 23:00:00+00:00,321,315.0,315.0,3.0,312.0,23,2026-04-26,310.0,2.0,524.02,0.5189040965171188,0.9998411962659136,2.0,0.85,138.91,136.71,321.72,-0.722694700121894,-0.4161913133845632,-0.27417251025127604,-29.170000000000016,False,False,False,False,44.24058307809071,0.6003422807345966,False
66333,2026-04-24 00:00:00+00:00,54,48.0,46.0,1.0,45.0,0,2026-04-24,46.0,1.0,519.33,0.5189040965171188,0.9999810335986662,2.0,0.85,20.29,20.29,47.74,-0.5751183583151689,-0.28420364954418065,-0.27287600376958837,-10.354285714285712,False,False,False,False,-31.65657527847324,-1.0121713905057717,False
66330,2026-04-23 10:00:00+00:00,3626,3618.0,3605.0,14.0,3579.0,10,2026-04-23,3395.0,12.0,549.87,0.1268681997422934,1.0375286663287155,1.1796009620270316,0.85,403.35,379.85,508.07,0.49696663887875225,0.6990197834652765,-0.2695668759523701,-49.324285714285736,False,False,False,False,-63.6376459155305,-8.185130941893815,True
66335,2026-04-20 05:00:00+00:00,908,902.0,896.0,1.0,889.0,5,2026-04-20,885.0,1.0,519.33,0.5189040965171188,0.9999982358498678,1.4131662305467567,0.85,395.2,390.34,648.97,-0.4166821762290769,-0.2884692101812011,-0.26780571638329387,-65.34571428571434,False,False,False,False,27.700301717564116,0.563525002748888,False
66336,2026-04-21 23:00:00+00:00,159,151.0,150.0,4.0,145.0,23,2026-04-21,145.0,4.0,526.37,0.5189040965171188,0.9998411962659136,2.0,0.85,66.15,63.94,150.48,-0.8983374852426493,-0.6403749515808703,-0.26355898925917953,-11.028571428571425,False,False,False,False,4.444276942824786,0.11024326228601525,False
66336,2026-04-21 17:00:00+00:00,2822,2809.0,2806.0,54.0,2786.0,17,2026-04-21,2764.0,50.0,643.85,0.5189040965171188,0.7128761131977971,0.5524983846650873,0.85,882.28,869.08,792.42,0.6409891610605384,1.0442617591927552,0.26317745091089095,49.18714285714293,False,False,False,False,68.67358465113603,3.0301335184863634,False
66333,2026-04-23 12:00:00+00:00,1217,1213.0,1209.0,3.0,1187.0,12,2026-04-23,1188.0,3.0,524.02,0.5189040965171188,0.846313658188328,0.8075076729361769,0.85,451.3,443.46,497.79,0.5745336077436225,7.855658169583462,-0.26249408869302765,-164.19285714285712,False,True,False,False,-57.50352860311884,-1.685143998361158,False
66333,2026-04-23 10:00:00+00:00,833,827.0,824.0,5.0,802.0,10,2026-04-23,806.0,5.0,528.72,0.5189040965171188,0.9792008154013185,1.1640385706182643,0.85,355.88,348.11,486.84,0.31549039824458963,6.02155881364183,-0.261172033887071,-129.69714285714286,False,True,False,False,-42.95312489567365,-1.306297679208673,False
66340,2026-04-20 15:00:00+00:00,6192,6180.0,6166.0,35.0,6143.0,15,2026-04-20,6124.0,32.0,599.21,0.5189040965171188,0.5266127405031122,0.5,0.85,1432.19,1422.44,1588.88,0.667124117336471,2.088358813492573,0.26077183900902845,179.45000000000005,False,False,False,False,-4.9408450553694365,-0.06569903522713973,False
66336,2026-04-20 16:00:00+00:00,3556,3548.0,3537.0,75.0,3519.0,16,2026-04-20,3464.0,69.0,693.19,0.5189040965171188,0.5822372097709865,0.5,0.85,908.32,889.58,898.74,0.6801825886001158,1.0871549859245773,0.2602724960418405,40.90999999999997,False,False,False,False,-13.981387855306252,-0.7273948974214848,False
66340,2026-04-22 12:00:00+00:00,7102,7081.0,7065.0,41.0,7049.0,12,2026-04-22,7005.0,39.0,613.31,0.5189040965171188,0.846313658188328,0.5,0.85,2637.24,2614.84,1817.46,1.9560572198831603,4.41110586869724,0.2592019902913373,315.3157142857149,False,True,False,False,15.874517022854889,0.2161937783198581,False
66340,2026-04-21 23:00:00+00:00,459,446.0,443.0,1.0,438.0,23,2026-04-21,438.0,1.0,519.33,0.5189040965171188,0.9998411962659136,2.0,0.85,195.36,193.16,454.56,-0.6616746786200821,-0.3062289926312058,0.2564081617982447,27.279999999999973,False,False,False,False,-9.118849195823486,-0.12227981137398768,False
66335,2026-04-23 12:00:00+00:00,3694,3686.0,3665.0,22.0,3647.0,12,2026-04-23,3606.0,19.0,568.67,0.5189040965171188,0.846313658188328,0.5,0.85,1368.08,1346.06,935.58,1.8781829069769336,3.17678711905934,0.25632881019418924,171.07285714285717,False,False,False,False,2.1737506252608227,0.08171695091623003,False
66336,2026-04-22 09:00:00+00:00,2389,2380.0,2371.0,40.0,2353.0,9,2026-04-22,2322.0,37.0,610.96,0.5189040965171188,0.9947411425730011,0.6525693207835156,0.85,1040.27,1018.78,786.28,0.9271967758251596,1.3574869319612322,0.25616005800490377,52.27571428571434,False,False,False,False,-28.082073872701244,-1.368417775869923,False
66331,2026-04-24 19:00:00+00:00,1793,1786.0,1784.0,4.0,1775.0,19,2026-04-24,1670.0,1.0,526.37,0.1268681997422934,1.001284160344515,2.0,0.85,192.63,180.32,423.74,0.4086923475157629,0.8833670834219277,0.253091430149253,24.40285714285713,False,False,False,False,-7.2403172540929575,-0.536725285208185,False
66340,2026-04-25 00:00:00+00:00,372,348.0,346.0,2.0,342.0,0,2026-04-25,343.0,2.0,521.67,0.5189040965171188,0.9999810335986662,2.0,0.85,152.61,151.28,355.97,-0.7069451569282466,-0.38780954166841763,0.25291316195987845,26.602857142857147,False,False,False,False,19.8307951546567,0.26977182176474107,False
66331,2026-04-20 12:00:00+00:00,2443,2432.0,2422.0,10.0,2408.0,12,2026-04-20,2184.0,3.0,540.47,0.1268681997422934,1.10201349172765,1.7746012332467003,0.85,287.83,259.54,491.71,1.0228834323513816,1.606267143839108,-0.25253659057767214,-37.43857142857138,False,False,False,False,-0.4959206245787726,0.0927340651723932,False
66342,2026-04-25 06:00:00+00:00,362,360.0,359.0,6.0,355.0,6,2026-04-25,242.0,3.0,531.07,0.5189040965171188,0.9999810335986662,2.0,0.85,158.34,106.74,251.15,-0.5740540452487476,-0.0830615121608031,-0.2487113005475456,-41.828571428571436,False,False,False,False,-77.51731940713194,-0.7241641946004467,False
66333,2026-04-23 09:00:00+00:00,532,527.0,523.0,4.0,518.0,9,2026-04-23,513.0,4.0,526.37,0.5189040965171188,0.9947411425730011,1.827426536064114,0.85,229.47,225.08,486.46,-0.018752769712054515,3.6550224343917086,-0.24836526060105757,-84.67285714285711,False,True,False,False,10.833594263510008,0.09413773017578714,False
66333,2026-04-24 14:00:00+00:00,2194,2186.0,2184.0,32.0,2174.0,14,2026-04-24,2145.0,27.0,592.16,0.5189040965171188,0.5822372097709865,0.7747074367685919,0.85,560.87,550.85,862.29,0.8662866257625124,9.921352242311015,0.2471804922342914,108.4457142857143,False,True,False,False,-122.47585940563539,-3.3768172238054928,False
66336,2026-04-26 04:00:00+00:00,85,79.0,79.0,3.0,76.0,4,2026-04-26,77.0,3.0,524.02,0.5189040965171188,0.9999998722053931,2.0,0.85,34.84,33.96,79.91,-0.9556554831761387,-0.703103680235506,-0.24691500249667392,-3.9100000000000037,False,False,False,False,14.450295797158901,0.5651209185859999,False
66333,2026-04-26 18:00:00+00:00,1232,1230.0,1225.0,13.0,1219.0,18,2026-04-26,963.0,11.0,547.52,0.5189040965171188,0.846313658188328,1.7090273151232511,0.85,457.27,359.47,854.01,0.34635280894106596,6.240073430144158,0.24656128671590938,68.68428571428575,False,True,False,False,-1.1864400210224062,-0.21882580240659102,False
66332,2026-04-25 06:00:00+00:00,316,314.0,314.0,1.0,312.0,6,2026-04-25,306.0,0.0,519.33,0.5189040965171188,0.9999810335986662,2.0,0.85,138.49,134.96,317.57,-0.49387998125117755,-0.09223861798386938,0.24616578969955022,24.20857142857143,False,False,False,False,46.88030567421404,0.8813642476301309,False
66336,2026-04-20 22:00:00+00:00,257,247.0,246.0,4.0,240.0,22,2026-04-20,245.0,4.0,526.37,0.5189040965171188,0.9989644695743897,2.0,0.85,108.39,107.95,254.26,-0.8141958878759761,-0.5482905170214804,-0.2453228251428787,-13.217142857142846,False,False,False,False,16.816913853985398,0.6727083307944193,False
66336,2026-04-22 07:00:00+00:00,754,748.0,746.0,22.0,740.0,7,2026-04-22,731.0,21.0,568.67,0.5189040965171188,0.9998411962659136,2.0,0.85,328.98,322.37,758.64,-0.40425175455713774,-0.09964828893185522,0.24508656746629012,15.435714285714312,False,False,False,False,1.4887224488023776,-0.024117438096381612,False
66332,2026-04-20 22:00:00+00:00,181,180.0,180.0,5.0,177.0,22,2026-04-20,168.0,4.0,528.72,0.5189040965171188,0.9989644695743897,2.0,0.85,79.31,74.02,174.35,-0.59366616701622,-0.3609941226425834,-0.2449694189828374,-31.382857142857148,False,False,False,False,9.670323646683755,0.11890312975715427,False
66335,2026-04-25 04:00:00+00:00,752,749.0,748.0,1.0,743.0,4,2026-04-25,746.0,1.0,519.33,0.5189040965171188,0.9999998722053931,1.6871095034528116,0.85,329.92,329.04,653.08,-0.5638751088877304,-0.5107311833348915,-0.24426989430240048,-54.81571428571425,False,False,False,False,-234.5160721974744,-4.385751529666085,True
66338,2026-04-21 00:00:00+00:00,25,24.0,23.0,0.0,18.0,0,2026-04-21,23.0,0.0,516.98,0.1268681997422934,1.0000000312061639,2.0,0.85,2.48,2.48,5.84,-0.2501791786114305,0.4241642920419826,-0.24281015118315016,-0.43142857142857194,False,False,False,False,-0.032302031848529644,0.015490022695604944,False
66336,2026-04-20 23:00:00+00:00,161,151.0,149.0,4.0,146.0,23,2026-04-20,147.0,4.0,526.37,0.5189040965171188,0.9998411962659136,2.0,0.85,65.71,64.83,152.56,-0.8966359169250775,-0.6385127578349522,-0.2422899153850255,-10.138571428571424,False,False,False,False,7.821421167689664,0.2637696020178421,False
66332,2026-04-20 00:00:00+00:00,62,59.0,59.0,1.0,59.0,0,2026-04-20,54.0,0.0,519.33,0.5189040965171188,0.9999810335986662,2.0,0.85,26.02,23.82,56.04,-0.6758661428187328,-0.582384446467123,-0.24224405565674867,-8.724285714285713,False,False,False,False,-9.965873421462561,-0.283457633445467,False
66336,2026-04-22 06:00:00+00:00,457,448.0,440.0,17.0,433.0,6,2026-04-22,428.0,16.0,556.92,0.5189040965171188,0.9999810335986662,2.0,0.85,194.07,188.77,444.18,-0.6596781896443349,-0.3791865860719257,0.240423086934565,15.560000000000002,False,False,False,False,19.391249092456064,0.7897386499306636,False
66330,2026-04-22 03:00:00+00:00,163,158.0,156.0,0.0,154.0,3,2026-04-22,118.0,0.0,516.98,0.1268681997422934,1.0000004307878039,2.0,0.85,16.82,12.72,29.94,-0.9999393135728506,-0.7058695421142218,-0.23892510133498393,-2.2071428571428573,False,False,False,False,6.512027842689946,0.7978543117545482,False
66331,2026-04-22 15:00:00+00:00,2234,2232.0,2223.0,8.0,2205.0,15,2026-04-22,1830.0,7.0,535.77,0.1268681997422934,1.0701127791564455,2.0,0.85,256.53,211.18,464.34,0.6479493139134805,1.1649714240489686,-0.23771115854903138,-30.03714285714284,False,False,False,False,-9.70200121653015,-0.7664760061336267,False
66331,2026-04-22 17:00:00+00:00,2271,2265.0,2257.0,8.0,2245.0,17,2026-04-22,1843.0,6.0,535.77,0.1268681997422934,1.015644275641629,2.0,0.85,247.2,201.85,467.64,0.5756140094257712,1.079833105900871,-0.2358077711696945,-23.48857142857142,False,False,False,False,11.675486135072205,1.2287001438310192,False
66336,2026-04-24 19:00:00+00:00,962,955.0,953.0,8.0,946.0,19,2026-04-24,923.0,8.0,535.77,0.5189040965171188,0.9359340011553848,1.3544086589229145,0.85,393.41,381.02,648.69,-0.2921203143036639,0.02306818657162628,-0.23429310083715754,-58.74142857142857,False,False,False,False,-34.307594160808094,-1.6514324412555905,False
66333,2026-04-24 09:00:00+00:00,930,925.0,918.0,10.0,910.0,9,2026-04-24,888.0,9.0,540.47,0.5189040965171188,0.9947411425730011,1.827426536064114,0.85,402.77,389.61,842.05,0.42823600070090706,6.819829639772693,0.2342396461608397,79.85714285714289,False,True,False,False,3.174974082355334,-0.10526842540275322,False
66338,2026-04-22 21:00:00+00:00,30,28.0,28.0,2.0,26.0,21,2026-04-22,28.0,2.0,521.67,0.1268681997422934,1.000038778282299,2.0,0.85,3.02,3.02,7.1,-0.17183278062711743,0.6744907594765952,-0.2316542914005139,-1.1785714285714284,False,False,False,False,0.911609296200905,1.7797366745597096,False
66342,2026-04-24 16:00:00+00:00,4610,4593.0,4587.0,75.0,4572.0,16,2026-04-24,4003.0,38.0,693.19,0.5189040965171188,0.5822372097709865,0.5,0.85,1177.97,1028.0,1038.59,0.47297793073523414,5.062953867345683,0.2294041184932099,174.63,False,True,False,False,522.7223345833846,4.451911284966091,True
66333,2026-04-23 18:00:00+00:00,981,972.0,971.0,11.0,967.0,18,2026-04-23,949.0,11.0,542.82,0.5189040965171188,0.846313658188328,1.7090273151232511,0.85,362.46,354.24,841.59,0.33214414627006494,6.139472070610076,0.22778675166595103,63.45428571428573,False,True,False,False,4.059723226606565,-0.08223236651310317,False
66330,2026-04-22 06:00:00+00:00,609,600.0,598.0,7.0,591.0,6,2026-04-22,451.0,1.0,533.42,0.1268681997422934,1.0002528661646692,2.0,0.85,64.5,48.65,114.44,-0.8534412587378164,-0.5683769006300844,-0.2273276421127456,-4.837142857142865,False,False,False,False,3.0888019644981455,0.3594946453975696,False
66336,2026-04-20 04:00:00+00:00,108,96.0,96.0,5.0,90.0,4,2026-04-20,94.0,5.0,528.72,0.5189040965171188,0.9999998722053931,2.0,0.85,42.34,41.46,97.55,-0.9413164243201957,-0.6874110363092295,0.22670712505449042,3.5899999999999963,False,False,False,False,-7.736382479577173,-0.4434944320868636,False
66336,2026-04-20 00:00:00+00:00,188,160.0,158.0,1.0,157.0,0,2026-04-20,153.0,0.0,519.33,0.5189040965171188,0.9999810335986662,2.0,0.85,69.69,67.48,158.78,-0.8915694494626443,-0.6329680236476678,0.2249930097022219,7.118571428571435,False,False,False,False,9.265092354658123,0.3293994769517257,False
66330,2026-04-26 04:00:00+00:00,169,164.0,163.0,1.0,163.0,4,2026-04-26,139.0,0.0,519.33,0.1268681997422934,1.0000046314053592,2.0,0.85,17.58,14.99,35.27,-0.9906838005064568,-0.6971829766767325,-0.2248397018070978,-1.724285714285715,False,False,False,False,6.6890016122517295,0.8205166090552505,False
66333,2026-04-23 23:00:00+00:00,140,134.0,134.0,0.0,133.0,23,2026-04-23,111.0,0.0,516.98,0.5189040965171188,0.9998411962659136,2.0,0.85,59.09,48.95,115.2,-0.49725597358268553,0.2670841065259526,0.22427410621786845,8.945714285714295,False,False,False,False,-4.578862413760646,-0.3071537115381933,False
66338,2026-04-20 03:00:00+00:00,17,16.0,16.0,0.0,14.0,3,2026-04-20,15.0,0.0,516.98,0.1268681997422934,1.0000004307878039,2.0,0.85,1.73,1.62,3.81,-0.37495307169755876,0.02549621427574766,-0.22357865149188036,-0.39857142857142813,False,False,False,False,0.06260664798709392,0.19288202516140418,False
66336,2026-04-26 21:00:00+00:00,663,652.0,649.0,7.0,643.0,21,2026-04-26,635.0,7.0,533.42,0.5189040965171188,0.9947411425730011,2.0,0.85,284.75,278.61,659.01,-0.48791538329527956,-0.1912096353603693,0.22225357132714688,23.007142857142867,False,False,False,False,-15.217112274163924,-0.7835714283340928,False
66338,2026-04-26 06:00:00+00:00,35,30.0,30.0,0.0,29.0,6,2026-04-26,29.0,0.0,516.98,0.1268681997422934,1.0002528661646692,2.0,0.85,3.24,3.13,7.36,-0.1558733291858685,0.7254831880280903,-0.22179312111122731,-1.1183333333333332,False,False,False,False,0.2122244925073593,0.47252988339770036,False
66333,2026-04-26 20:00:00+00:00,684,679.0,678.0,3.0,675.0,20,2026-04-26,500.0,1.0,524.02,0.5189040965171188,0.9792008154013185,2.0,0.85,292.82,215.95,518.9,-0.04355680225244441,3.4794028526429184,-0.2213809692155384,-70.32714285714286,False,False,False,False,-1.6527958880568576,-0.23096822863705807,False
66342,2026-04-25 01:00:00+00:00,220,213.0,212.0,2.0,209.0,1,2026-04-25,173.0,1.0,521.67,0.5189040965171188,0.9999982358498678,2.0,0.85,93.51,76.3,179.54,-0.6086497656197096,-0.25309462784169384,-0.22104287501020767,-24.28666666666666,False,False,False,False,-45.64468291710796,-0.44931535529374317,False
66335,2026-04-20 02:00:00+00:00,780,773.0,770.0,0.0,765.0,2,2026-04-20,768.0,0.0,516.98,0.5189040965171188,0.9999998722053931,1.6600873645041256,0.85,339.62,338.74,661.58,-0.5405835681570789,-0.47556085479344296,-0.22065695338935448,-52.10999999999996,False,False,False,False,16.582249683160057,0.35367420968638535,False
66330,2026-04-26 23:00:00+00:00,437,434.0,432.0,0.0,431.0,23,2026-04-26,367.0,0.0,516.98,0.1268681997422934,1.0000004307878039,2.0,0.85,46.59,39.58,93.12,-0.890422537818077,-0.6030848955719472,-0.220036829252365,-6.544285714285714,False,False,False,False,-6.939915904917882,-0.9247283581827874,False
66331,2026-04-21 10:00:00+00:00,1804,1797.0,1794.0,1.0,1783.0,10,2026-04-21,1612.0,1.0,519.33,0.1268681997422934,1.0375286663287155,2.0,0.85,200.72,180.36,409.02,0.4090024667204263,0.8837320922885864,-0.2190594298087727,-24.024285714285696,False,False,False,False,-4.287447261956501,-0.2611318216098847,False
66332,2026-04-26 00:00:00+00:00,63,61.0,61.0,0.0,61.0,0,2026-04-26,56.0,0.0,516.98,0.5189040965171188,0.9999810335986662,2.0,0.85,26.9,24.7,58.12,-0.6744251870676131,-0.5785035005514737,-0.21780941699872394,-7.844285714285714,False,False,False,False,-38.50566254600767,-0.8682598379630588,False
66330,2026-04-23 05:00:00+00:00,345,340.0,336.0,0.0,331.0,5,2026-04-23,306.0,0.0,516.98,0.1268681997422934,1.000038778282299,2.0,0.85,36.23,33.0,77.64,-0.9172512937550245,-0.6282644552982378,-0.21489239249353334,-3.511428571428567,False,False,False,False,-4.464143489641771,-0.6076944233641164,False
66336,2026-04-20 17:00:00+00:00,2550,2540.0,2531.0,47.0,2512.0,17,2026-04-20,2480.0,44.0,627.4,0.5189040965171188,0.7128761131977971,0.5524983846650873,0.85,795.82,779.78,711.0,0.4702587669491109,0.8574146788438906,-0.21462518207797898,-40.11285714285714,False,False,False,False,-13.473634637921236,-0.7043122311917656,False
66331,2026-04-25 00:00:00+00:00,290,281.0,281.0,0.0,279.0,0,2026-04-25,250.0,0.0,516.98,0.1268681997422934,1.0000000312061639,2.0,0.85,30.3,26.96,63.43,-0.7803046831632378,-0.5160769113468016,0.21432955303189863,5.212857142857143,False,False,False,False,-9.701832313801361,-0.7664602423214162,False
66336,2026-04-21 03:00:00+00:00,59,49.0,45.0,2.0,40.0,3,2026-04-21,45.0,2.0,521.67,0.5189040965171188,0.9999999927903216,2.0,0.85,19.85,19.85,46.7,-0.9826320325704526,-0.7326267743421405,-0.21318754796944467,-2.0771428571428565,False,False,False,False,-5.982436098044559,-0.36375932155768315,False
66336,2026-04-20 03:00:00+00:00,53,46.0,46.0,1.0,42.0,3,2026-04-20,45.0,1.0,519.33,0.5189040965171188,0.9999999927903216,2.0,0.85,20.29,19.85,46.7,-0.9826320325704526,-0.7326267743421405,-0.21318754796944467,-2.0771428571428565,False,False,False,False,-2.0903179554119333,-0.18682205964192017,False
66331,2026-04-21 12:00:00+00:00,2534,2525.0,2518.0,8.0,2504.0,12,2026-04-21,2234.0,5.0,535.77,0.1268681997422934,1.10201349172765,1.7746012332467003,0.85,299.24,265.49,502.96,1.0690136640450436,1.6605622127545614,-0.21240170677731332,-31.48857142857139,False,False,False,False,6.206658535846515,0.7182905613210497,False
66331,2026-04-22 06:00:00+00:00,354,348.0,347.0,5.0,342.0,6,2026-04-22,248.0,3.0,528.72,0.1268681997422934,1.0002528661646692,2.0,0.85,37.43,26.75,62.93,-0.78193280898772,-0.5179932078967587,-0.2118557783143966,-2.1271428571428537,False,False,False,False,8.097124583557388,0.8947291066315651,False
66331,2026-04-24 18:00:00+00:00,2137,2128.0,2115.0,11.0,2108.0,18,2026-04-24,1957.0,8.0,542.82,0.1268681997422934,1.0050789526870891,2.0,0.85,229.24,212.11,496.56,0.6551595854219018,1.1734578801987792,0.21073886150912943,19.214285714285722,False,False,False,False,-12.13091290683144,-0.9931680675136189,False
66331,2026-04-20 09:00:00+00:00,1740,1733.0,1727.0,7.0,1715.0,9,2026-04-20,1514.0,6.0,533.42,0.1268681997422934,1.015644275641629,2.0,0.85,189.15,165.82,384.16,0.29627413582532525,0.7510513692582176,0.20991198278395576,15.034285714285716,False,False,False,False,13.729289740310392,1.42038309994679,False
66330,2026-04-24 21:00:00+00:00,1399,1396.0,1396.0,3.0,1393.0,21,2026-04-24,1222.0,1.0,524.02,0.1268681997422934,1.000038778282299,2.0,0.85,150.55,131.78,310.07,-0.5144937692182955,-0.25026492493912017,-0.20788779629032944,-14.26857142857142,False,False,False,False,1.9804640322064415,0.21756692473345482,False
66338,2026-04-24 19:00:00+00:00,8,8.0,8.0,1.0,8.0,19,2026-04-24,8.0,1.0,519.33,0.1268681997422934,1.001284160344515,2.0,0.85,0.86,0.86,2.03,-0.4852183725643698,-0.3268151102618554,-0.2050036993100233,-0.16800000000000004,False,False,False,False,-0.42216239547898704,-0.7131905437839773,False
66331,2026-04-24 10:00:00+00:00,1821,1816.0,1809.0,6.0,1794.0,10,2026-04-24,1627.0,3.0,531.07,0.1268681997422934,1.0375286663287155,2.0,0.85,202.4,182.04,412.83,0.4220274733162837,0.8990624646882437,-0.2037407707462102,-22.344285714285718,False,False,False,False,5.811664513201919,0.6814254873113101,False
66340,2026-04-20 17:00:00+00:00,4599,4589.0,4586.0,24.0,4574.0,17,2026-04-20,4553.0,22.0,573.36,0.5189040965171188,0.7128761131977971,0.5,0.85,1441.96,1431.59,1181.29,0.6770148737003607,2.106182644048697,0.20307525017034084,154.20571428571407,False,False,False,False,-4.097607774645894,-0.054279463054549566,False
66340,2026-04-25 04:00:00+00:00,341,329.0,328.0,2.0,327.0,4,2026-04-25,325.0,2.0,521.67,0.5189040965171188,0.9999998722053931,2.0,0.85,144.67,143.35,337.29,-0.715517145776951,-0.40325686148372547,0.20225016527585354,20.10142857142857,False,False,False,False,-1.9952417639085525,-0.025808093320735984,False
66338,2026-04-26 01:00:00+00:00,21,18.0,16.0,0.0,16.0,1,2026-04-26,16.0,0.0,516.98,0.1268681997422934,1.0000000017605313,2.0,0.85,1.73,1.73,4.06,-0.3589936202563098,0.07648864282724277,-0.19908556482020742,-0.21142857142857152,False,False,False,False,-0.03052293689922525,0.01881529511726851,False
66338,2026-04-24 05:00:00+00:00,54,51.0,51.0,1.0,50.0,5,2026-04-24,50.0,1.0,519.33,0.1268681997422934,1.000038778282299,2.0,0.85,5.5,5.39,12.69,0.17202085497070105,1.7731458109951728,0.1980387140208132,0.8128571428571423,False,False,False,False,3.789401489166257,7.158563149384983,True
66331,2026-04-21 16:00:00+00:00,2161,2155.0,2153.0,11.0,2141.0,16,2026-04-21,1912.0,9.0,542.82,0.1268681997422934,1.0375286663287155,2.0,0.85,240.89,213.92,485.14,0.6691924794329148,1.1899745314150763,-0.19769710689914455,-14.451428571428579,False,False,False,False,-4.6607590150809415,-0.2959732739323694,False
66338,2026-04-20 05:00:00+00:00,35,35.0,35.0,0.0,34.0,5,2026-04-20,35.0,0.0,516.98,0.1268681997422934,1.000038778282299,2.0,0.85,3.77,3.77,8.88,-0.06301833898223815,1.0221664086913351,-0.19664652622453352,-0.8071428571428574,False,False,False,False,0.18867876339438094,0.42852101040418156,False
66331,2026-04-24 15:00:00+00:00,2486,2484.0,2482.0,5.0,2461.0,15,2026-04-24,2303.0,4.0,528.72,0.1268681997422934,1.0701127791564455,2.0,0.85,286.42,265.76,584.35,1.0711069686765207,1.6630260226045062,0.19422989174699715,24.542857142857144,False,False,False,False,-1.3493095857920707,0.01308666442544559,False
66342,2026-04-24 11:00:00+00:00,5303,5292.0,5278.0,63.0,5248.0,11,2026-04-24,4509.0,30.0,665.0,0.5189040965171188,0.9359340011553848,0.5,0.85,2178.82,1861.36,1169.87,1.4201096498004393,9.717973489022,0.1931500062890551,267.3199999999997,False,True,False,False,-34.97110301530904,-0.3572733603312303,False
66336,2026-04-26 11:00:00+00:00,4331,4318.0,4308.0,84.0,4300.0,11,2026-04-26,4188.0,67.0,714.34,0.5189040965171188,0.9359340011553848,0.5,0.85,1778.39,1728.85,1086.59,2.284761512070414,2.843203688325378,0.19125417268262876,62.50999999999999,False,False,False,False,2.3838403554934757,0.016574983278721974,False
66342,2026-04-24 13:00:00+00:00,6072,6060.0,6045.0,72.0,6019.0,13,2026-04-24,5250.0,37.0,686.14,0.5189040965171188,0.7128761131977971,0.5,0.85,1900.71,1650.74,1362.12,1.1807354505713985,8.541482857461252,0.18996214417231316,240.35285714285737,False,True,False,False,-152.44077569280148,-1.3702552389797917,False
66331,2026-04-24 01:00:00+00:00,113,111.0,110.0,1.0,110.0,1,2026-04-24,98.0,1.0,519.33,0.1268681997422934,1.0000000017605313,2.0,0.85,11.86,10.57,24.87,-0.9073760272740152,-0.6656392944601262,-0.18883831501327436,-3.428571428571429,False,False,False,False,-1.8748658196218173,-0.0359638739262357,False
66331,2026-04-21 03:00:00+00:00,107,103.0,102.0,0.0,102.0,3,2026-04-21,89.0,0.0,516.98,0.1268681997422934,1.0000004307878039,2.0,0.85,11.0,9.6,22.58,-0.9148964179870998,-0.6744907594765952,0.1880715958438482,1.0028571428571418,False,False,False,False,2.469949977053261,0.36954088493243326,False
66333,2026-04-26 21:00:00+00:00,423,418.0,416.0,5.0,415.0,21,2026-04-26,319.0,5.0,528.72,0.5189040965171188,0.9947411425730011,2.0,0.85,182.52,139.96,331.06,-0.25000350901522894,2.0177016459517314,-0.18735509179773335,-36.34285714285713,False,False,False,False,-15.66328665176593,-0.595756928804542,False
66333,2026-04-23 11:00:00+00:00,1196,1192.0,1191.0,1.0,1179.0,11,2026-04-23,1176.0,1.0,519.33,0.5189040965171188,0.9359340011553848,0.893815331010453,0.85,491.66,485.47,545.43,0.6886647585674754,8.663739070927019,-0.1872954329020314,-114.81142857142856,False,True,False,False,-17.444105122943455,-0.6421237882023435,False
66336,2026-04-22 10:00:00+00:00,3340,3327.0,3310.0,47.0,3291.0,10,2026-04-22,3239.0,42.0,627.4,0.5189040965171188,0.9792008154013185,0.5,0.85,1429.57,1398.91,840.37,1.6539576348797722,2.152852896720626,-0.18692815475302924,-58.427142857142826,False,False,False,False,13.97656016377232,0.5435847054569054,False
66335,2026-04-20 04:00:00+00:00,785,781.0,778.0,0.0,775.0,4,2026-04-20,776.0,0.0,516.98,0.5189040965171188,0.9999998722053931,1.6871095034528116,0.85,343.15,342.27,679.35,-0.5321073682829346,-0.46276175585000867,-0.18531434216316706,-41.58571428571429,False,False,False,False,18.032082719068967,0.38103949017367067,False
66335,2026-04-25 18:00:00+00:00,1430,1427.0,1423.0,15.0,1407.0,18,2026-04-25,1358.0,9.0,552.22,0.5189040965171188,0.846313658188328,0.9538018218999814,0.85,531.18,506.92,672.12,-0.13675147330336976,0.1342273775880854,-0.18335637459653217,-54.97714285714284,False,False,False,False,38.64055659357712,0.7700199134520378,False
66331,2026-04-25 10:00:00+00:00,2235,2230.0,2226.0,5.0,2212.0,10,2026-04-25,1648.0,3.0,528.72,0.1268681997422934,1.0375286663287155,2.0,0.85,249.06,184.39,418.16,0.44024697659025114,0.9205067356044311,-0.18231288455750647,-19.994285714285724,False,False,False,False,-5.113141672619292,-0.3381944701905203,False
66332,2026-04-20 04:00:00+00:00,60,56.0,56.0,3.0,56.0,4,2026-04-20,50.0,3.0,524.02,0.5189040965171188,0.9999998722053931,2.0,0.85,24.7,22.05,51.89,-0.6787644288181441,-0.5901904399565538,-0.18228657806478749,-5.489999999999998,False,False,False,False,-19.88898791820702,-0.4867898727991847,False
66338,2026-04-26 00:00:00+00:00,31,26.0,24.0,0.0,24.0,0,2026-04-26,24.0,0.0,516.98,0.1268681997422934,1.0000000312061639,2.0,0.85,2.59,2.59,6.09,-0.23421972717018158,0.4751567205934777,-0.18090160270267824,-0.32142857142857206,False,False,False,False,-0.031796360750177666,0.016435162896491693,False
66332,2026-04-20 18:00:00+00:00,1779,1774.0,1769.0,37.0,1765.0,18,2026-04-20,1697.0,30.0,603.91,0.5189040965171188,0.846313658188328,0.9559344140115521,0.85,660.34,633.46,841.78,0.32238870276381537,2.1062290399151937,0.18057893895063906,79.18857142857144,False,False,False,False,12.350041182210816,0.1738126007214269,False
66330,2026-04-23 07:00:00+00:00,927,919.0,917.0,6.0,905.0,7,2026-04-23,817.0,4.0,531.07,0.1268681997422934,1.001284160344515,2.0,0.85,99.01,88.22,207.3,-0.6921017644483007,-0.4169551409994883,-0.17895024745427435,-8.11,False,False,False,False,-0.985174240552908,-0.16219656445498373,False
66332,2026-04-26 01:00:00+00:00,42,42.0,42.0,0.0,42.0,1,2026-04-26,41.0,0.0,516.98,0.5189040965171188,0.9999982358498678,2.0,0.85,18.52,18.08,42.55,-0.6852651041953548,-0.6076987982351082,-0.17856367780339763,-4.655714285714289,False,False,False,False,-21.13732226623,-0.5123692026082834,False
66336,2026-04-22 19:00:00+00:00,991,982.0,980.0,12.0,976.0,19,2026-04-22,957.0,11.0,545.17,0.5189040965171188,0.9359340011553848,1.3544086589229145,0.85,404.55,395.06,672.59,-0.2652775961253387,0.05244481600161576,-0.1782938645953329,-44.70142857142855,False,False,False,False,47.56532365813098,2.070543452862257,False
66342,2026-04-24 12:00:00+00:00,5922,5907.0,5893.0,78.0,5871.0,12,2026-04-24,5133.0,47.0,700.24,0.5189040965171188,0.846313658188328,0.5,0.85,2199.75,1916.06,1331.77,1.482277386472306,10.023519199526097,0.17679252930334827,256.5514285714287,False,True,False,False,-118.20454254956962,-1.0750242829653371,False
66331,2026-04-21 08:00:00+00:00,866,858.0,848.0,3.0,836.0,8,2026-04-21,727.0,3.0,524.02,0.1268681997422934,1.0050789526870891,2.0,0.85,91.91,78.8,184.47,-0.37839019391963197,-0.04302542015737196,-0.1762651401970485,-8.821428571428584,False,False,False,False,2.6855767304249127,0.3896654837005472,False
66332,2026-04-20 20:00:00+00:00,1043,1037.0,1036.0,23.0,1030.0,20,2026-04-20,987.0,19.0,571.01,0.5189040965171188,0.9792008154013185,1.1836428653823972,0.85,447.44,426.28,606.21,-0.01685812964185418,1.192530886728578,-0.17603648586697168,-107.31571428571431,False,False,False,False,5.049106824518617,0.024210846875788457,False
66340,2026-04-21 08:00:00+00:00,1179,1171.0,1169.0,18.0,1152.0,8,2026-04-21,1148.0,16.0,559.27,0.5189040965171188,0.9989644695743897,1.1152048690359744,0.85,515.08,505.82,664.33,-0.32370266935955894,0.30282006328987043,-0.1750720463601328,-62.19,False,False,False,False,-286.2648039127017,-3.8755391899384093,True
66340,2026-04-26 10:00:00+00:00,4166,4150.0,4140.0,15.0,4129.0,10,2026-04-26,4040.0,10.0,552.22,0.5189040965171188,0.9792008154013185,0.5,0.85,1788.04,1744.85,1048.19,1.0156354571486799,2.7164004757439453,0.17394990243625963,151.96285714285727,False,False,False,False,39.1101278078346,0.5308628998103283,False
66331,2026-04-21 13:00:00+00:00,2225,2217.0,2212.0,4.0,2189.0,13,2026-04-21,1978.0,3.0,526.37,0.1268681997422934,1.1155964303431323,2.0,0.85,266.11,237.96,501.89,0.8555741214355439,1.4093448602768412,-0.1739315725656342,-25.387142857142834,False,False,False,False,-4.713304645484769,-0.30087739511566247,False
66335,2026-04-25 17:00:00+00:00,2238,2226.0,2222.0,26.0,2203.0,17,2026-04-25,2123.0,22.0,578.06,0.5189040965171188,0.7128761131977971,0.7285055023074193,0.85,698.66,667.53,802.55,0.24890361502136682,0.7165682504790192,0.17340777251094447,47.927142857142826,False,False,False,False,120.26891002890932,2.3107371768524785,False
66331,2026-04-21 14:00:00+00:00,2201,2191.0,2185.0,11.0,2165.0,14,2026-04-21,1919.0,8.0,542.82,0.1268681997422934,1.10201349172765,2.0,0.85,259.66,228.05,486.92,0.7787420884802173,1.3189139135621957,-0.1725685256847688,-24.890000000000015,False,False,False,False,-4.143418841680031,-0.24768954636367066,False
66342,2026-04-24 15:00:00+00:00,5376,5364.0,5350.0,70.0,5315.0,15,2026-04-24,4737.0,38.0,681.44,0.5189040965171188,0.5266127405031122,0.5,0.85,1242.66,1100.27,1229.02,0.5551143535739141,5.466642870967823,0.17128278308143116,144.00714285714287,False,True,False,False,-57.23398795508399,-0.5492539668690998,False
66340,2026-04-21 05:00:00+00:00,400,389.0,387.0,10.0,382.0,5,2026-04-21,375.0,9.0,540.47,0.5189040965171188,0.9999982358498678,2.0,0.85,170.69,165.4,389.18,-0.6916820443754461,-0.3603043517829011,0.1695787272302849,17.51857142857142,False,False,False,False,21.121876767232607,0.28725634242405523,False
66336,2026-04-21 21:00:00+00:00,562,552.0,551.0,7.0,547.0,21,2026-04-21,543.0,7.0,533.42,0.5189040965171188,0.9947411425730011,2.0,0.85,241.75,238.24,563.53,-0.5650977574305351,-0.27567790673420645,-0.16772864985471225,-17.362857142857138,False,False,False,False,26.70611396698871,1.1222753599566735,False
66332,2026-04-20 19:00:00+00:00,1426,1419.0,1417.0,30.0,1412.0,19,2026-04-20,1370.0,24.0,587.46,0.5189040965171188,0.9359340011553848,0.8746909896854488,0.85,584.95,565.55,621.82,0.2111894924700175,1.8067346795382118,-0.16747191221388116,-125.62142857142862,False,False,False,False,1.5094205698925407,-0.04832004380362686,False
66336,2026-04-24 11:00:00+00:00,4294,4276.0,4272.0,121.0,4260.0,11,2026-04-24,4167.0,110.0,801.27,0.5189040965171188,0.9359340011553848,0.5,0.85,1763.53,1720.18,1081.14,2.268185560032945,2.825062991946602,0.1647276380936292,53.840000000000146,False,False,False,False,-151.14271153235347,-6.962804040408843,True
66333,2026-04-23 21:00:00+00:00,556,553.0,551.0,0.0,549.0,21,2026-04-23,472.0,0.0,516.98,0.5189040965171188,0.9947411425730011,2.0,0.85,241.75,207.09,489.85,-0.0676273091864919,3.3089768401243775,0.15871421318132684,30.787142857142868,False,False,False,False,15.08394597201908,0.20480339500872993,False
66331,2026-04-25 12:00:00+00:00,2810,2800.0,2794.0,7.0,2777.0,12,2026-04-25,2302.0,3.0,533.42,0.1268681997422934,1.10201349172765,1.7746012332467003,0.85,332.04,273.57,518.27,1.1316577433870254,1.7342940038195804,-0.15789920911228822,-23.408571428571406,False,False,False,False,-61.42057122009385,-5.593407052061846,True
66336,2026-04-22 05:00:00+00:00,219,212.0,211.0,8.0,203.0,5,2026-04-22,199.0,8.0,535.77,0.5189040965171188,0.9999982358498678,2.0,0.85,93.07,87.77,206.52,-0.8527775155710333,-0.5905141909457814,0.15762478818298406,5.165714285714273,False,False,False,False,5.193912398214479,0.1443219926972951,False
66333,2026-04-23 16:00:00+00:00,1483,1475.0,1471.0,15.0,1458.0,16,2026-04-23,1394.0,13.0,552.22,0.5189040965171188,0.5822372097709865,1.1323107481792098,0.85,377.76,357.99,819.06,0.3423320019137081,6.211604976585756,0.15740124817094941,50.80000000000001,False,True,False,False,7.82415524748717,0.01578149231066512,False
66331,2026-04-20 04:00:00+00:00,117,108.0,107.0,0.0,107.0,4,2026-04-20,79.0,0.0,516.98,0.1268681997422934,1.0000046314053592,2.0,0.85,11.54,8.52,20.05,-0.9232696365130082,-0.6843459988763749,-0.15688855082041142,-0.7400000000000002,False,False,False,False,-3.1288123743635623,-0.15299560072379784,False
66330,2026-04-26 10:00:00+00:00,4562,4553.0,4537.0,10.0,4518.0,10,2026-04-26,4087.0,5.0,540.47,0.1268681997422934,1.0375286663287155,1.1796009620270316,0.85,507.62,457.27,611.64,0.8126326395836879,0.9952814117341859,0.15354857790584903,28.095714285714223,False,False,False,False,-255.2087346679209,-32.71668145514798,True
66333,2026-04-23 17:00:00+00:00,1300,1296.0,1295.0,14.0,1287.0,17,2026-04-23,1225.0,12.0,549.87,0.5189040965171188,0.7128761131977971,1.2273923444976076,0.85,407.18,385.17,780.2,0.4161735796188336,6.734424279097487,0.1504636651331055,50.10285714285715,False,True,False,False,18.668656532451735,0.29813787756690524,False
66336,2026-04-26 19:00:00+00:00,1006,1001.0,996.0,17.0,992.0,19,2026-04-26,974.0,15.0,556.92,0.5189040965171188,0.9359340011553848,1.3544086589229145,0.85,411.16,402.08,684.54,-0.2518562370361761,0.06713313071661045,-0.1502942464744207,-37.68142857142857,False,False,False,False,13.795174028852102,0.5353388185423428,False
66335,2026-04-20 01:00:00+00:00,801,800.0,797.0,0.0,791.0,1,2026-04-20,796.0,0.0,516.98,0.5189040965171188,0.9999982358498678,1.6807534807534807,0.85,351.53,351.09,694.23,-0.510928874546404,-0.4307821375267534,-0.14986552864097658,-33.64714285714285,False,False,False,False,17.918007720731794,0.3788863496059181,False
66333,2026-04-24 04:00:00+00:00,62,61.0,59.0,1.0,59.0,4,2026-04-24,59.0,1.0,519.33,0.5189040965171188,0.9999998722053931,2.0,0.85,26.02,26.02,61.23,-0.5595513148916822,-0.17398456921334102,0.14940286123975408,3.292857142857141,False,False,False,False,-26.116727840967087,-0.8679313506715753,False
66330,2026-04-25 00:00:00+00:00,300,292.0,290.0,0.0,290.0,0,2026-04-25,245.0,0.0,516.98,0.1268681997422934,1.0000000312061639,2.0,0.85,31.27,26.42,62.17,-0.9440800496919719,-0.6534440150245284,-0.14797821189100172,-3.3128571428571405,False,False,False,False,-29.094681622121414,-3.76174702232664,True
66331,2026-04-24 11:00:00+00:00,2705,2693.0,2680.0,3.0,2665.0,11,2026-04-24,2446.0,2.0,524.02,0.1268681997422934,1.0701127791564455,1.91272108096232,0.85,309.27,282.27,593.55,1.1991086704012879,1.8136834323178064,0.14504230437244808,19.2285714285714,False,False,False,False,0.0367668695768657,0.14245016913931233,False
66340,2026-04-22 19:00:00+00:00,2131,2125.0,2123.0,17.0,2117.0,19,2026-04-22,2103.0,14.0,556.92,0.5189040965171188,0.9359340011553848,0.7860425923088709,0.85,876.4,868.14,857.77,0.06794966351088416,1.0086047941199232,0.14481938610262032,98.38,False,False,False,False,16.05000178803573,0.21857028726577796,False
66330,2026-04-25 01:00:00+00:00,175,169.0,169.0,1.0,168.0,1,2026-04-25,151.0,0.0,519.33,0.1268681997422934,1.0000000017605313,2.0,0.85,18.22,16.28,38.31,-0.9854240596008851,-0.6922465584325205,-0.1442385777273737,-2.3585714285714268,False,False,False,False,-0.7263329161178262,-0.12905075384937592,False
66340,2026-04-20 14:00:00+00:00,6310,6294.0,6282.0,36.0,6270.0,14,2026-04-20,6229.0,33.0,601.56,0.5189040965171188,0.5822372097709865,0.5,0.85,1613.26,1599.65,1616.13,0.8586805037020353,2.4335567383942998,0.1429679279416237,124.40714285714284,False,False,False,False,-5.36039553990463,-0.07138081323638976,False
66332,2026-04-20 21:00:00+00:00,455,450.0,448.0,9.0,441.0,21,2026-04-20,418.0,6.0,538.12,0.5189040965171188,0.9947411425730011,2.0,0.85,196.56,183.4,433.8,-0.4145619169509042,0.12138981400937156,-0.14083281051229152,-39.054285714285726,False,False,False,False,31.101985991997367,0.5580543558339107,False
66340,2026-04-24 15:00:00+00:00,4997,4981.0,4976.0,15.0,4948.0,15,2026-04-24,4936.0,13.0,552.22,0.5189040965171188,0.5266127405031122,0.5,0.85,1155.79,1146.5,1280.66,0.3688448483690663,1.5508388349508284,-0.14021663274439206,-96.49000000000001,False,False,False,False,-421.68723246321235,-5.709502455050502,True
66340,2026-04-24 21:00:00+00:00,791,781.0,778.0,4.0,770.0,21,2026-04-24,766.0,3.0,526.37,0.5189040965171188,0.9947411425730011,1.7101666666666666,0.85,341.35,336.08,679.76,-0.5071843070870623,-0.027826603223413897,-0.13942073307345698,-34.78571428571428,False,False,False,False,59.95558650013845,0.8131632978705925,False
66340,2026-04-24 20:00:00+00:00,1484,1474.0,1469.0,5.0,1461.0,20,2026-04-24,1442.0,4.0,528.72,0.5189040965171188,0.9792008154013185,1.0934569479965899,0.85,634.45,622.79,818.19,-0.1972631314487185,0.5306729004647194,0.13933239083787685,52.13571428571424,False,False,False,False,-10.117776119359405,-0.13580781631308833,False
66335,2026-04-20 06:00:00+00:00,832,824.0,820.0,1.0,814.0,6,2026-04-20,805.0,1.0,519.33,0.5189040965171188,0.9999810335986662,1.6706284597850862,0.85,361.67,355.05,697.85,-0.5014201630728596,-0.4164239415448835,-0.13665550079256306,-27.094285714285718,False,False,False,False,-2.9318179028422833,-0.014649534988134585,False
66340,2026-04-24 10:00:00+00:00,3498,3487.0,3479.0,17.0,3460.0,10,2026-04-24,3417.0,11.0,556.92,0.5189040965171188,0.9792008154013185,0.5,0.85,1502.56,1475.78,886.55,0.7247823626315401,2.1922629798164714,-0.13405102047692433,-117.10714285714266,False,False,False,False,-107.55101682436748,-1.4553010949848755,False
66335,2026-04-23 14:00:00+00:00,3272,3259.0,3245.0,18.0,3230.0,14,2026-04-23,3174.0,13.0,559.27,0.5189040965171188,0.5822372097709865,0.5,0.85,833.34,815.1,823.5,0.6032471887968566,1.2516285992276348,0.13254977623839023,49.45142857142855,False,False,False,False,-12.227119626848662,-0.1900963158182571,False
66340,2026-04-21 07:00:00+00:00,571,568.0,567.0,12.0,561.0,7,2026-04-21,555.0,11.0,545.17,0.5189040965171188,0.9998411962659136,2.0,0.85,250.05,244.75,575.98,-0.6059081080394181,-0.20573375564864219,-0.12711917918593799,-19.21857142857141,False,False,False,False,-52.35206073159998,-0.7077671832819662,False
66330,2026-04-22 04:00:00+00:00,201,194.0,191.0,1.0,189.0,4,2026-04-22,146.0,0.0,519.33,0.1268681997422934,1.0000046314053592,2.0,0.85,20.6,15.74,37.05,-0.9876258116078686,-0.6943129660696324,-0.12704281411138424,-0.9742857142857151,False,False,False,False,7.723644713320084,0.9530073709042592,False
66335,2026-04-20 00:00:00+00:00,840,824.0,821.0,0.0,817.0,0,2026-04-20,819.0,0.0,516.98,0.5189040965171188,0.9999810335986662,1.65127132281944,0.85,362.11,361.23,701.76,-0.4865808103186919,-0.394016453876208,-0.12691534722822018,-29.108571428571395,False,False,False,False,18.324321441107145,0.38655543194058395,False
66342,2026-04-25 19:00:00+00:00,2399,2392.0,2390.0,40.0,2382.0,19,2026-04-25,1470.0,18.0,610.96,0.5189040965171188,0.9359340011553848,0.9004826678367706,0.85,986.62,606.83,686.88,-0.005690911204254758,2.710363613360112,0.12660668726751256,67.6400000000001,False,False,False,False,-588.0710084712923,-5.126846378955084,True
66340,2026-04-22 10:00:00+00:00,4025,4018.0,4006.0,29.0,3999.0,10,2026-04-22,3944.0,27.0,585.11,0.5189040965171188,0.9792008154013185,0.5,0.85,1730.17,1703.39,1023.28,0.9708189807719728,2.635638069748654,0.12649118067619514,110.50285714285747,False,False,False,False,-131.3921128651359,-1.7781700230256272,False
66342,2026-04-24 06:00:00+00:00,451,446.0,446.0,11.0,446.0,6,2026-04-24,385.0,7.0,542.82,0.5189040965171188,0.9999810335986662,2.0,0.85,196.71,169.81,399.56,-0.5023736219965607,0.2692377193107403,0.12630083086890215,21.24142857142857,False,False,False,False,16.979955136270405,0.0907186982543795,False
66333,2026-04-23 13:00:00+00:00,1546,1538.0,1537.0,14.0,1526.0,13,2026-04-23,1498.0,14.0,549.87,0.5189040965171188,0.7128761131977971,0.767005531469577,0.85,483.27,471.01,596.21,0.6493803872055874,8.385594585484794,-0.12606871758510527,-70.05999999999995,False,True,False,False,8.815507464011489,0.041593156767900964,False
66331,2026-04-24 09:00:00+00:00,1641,1635.0,1631.0,3.0,1623.0,9,2026-04-24,1457.0,2.0,524.02,0.1268681997422934,1.015644275641629,2.0,0.85,178.64,159.58,369.69,0.24789553989785434,0.6941099860594901,0.12278773907430962,8.794285714285735,False,False,False,False,-21.14384026952831,-1.8343510100949731,False
66330,2026-04-26 20:00:00+00:00,2398,2390.0,2386.0,8.0,2377.0,20,2026-04-26,1950.0,3.0,535.77,0.1268681997422934,1.0002528661646692,2.0,0.85,257.37,210.34,494.79,-0.1941796253875055,0.050359119452581355,-0.12114552199330607,-10.53857142857143,False,False,False,False,-0.22140826730665708,-0.06439285265788543,False
66331,2026-04-25 23:00:00+00:00,317,314.0,314.0,1.0,311.0,23,2026-04-25,260.0,1.0,519.33,0.1268681997422934,1.0000004307878039,2.0,0.85,33.86,28.04,65.97,-0.7719314646373294,-0.5062216719470218,0.11641153413588683,2.002857142857142,False,False,False,False,8.358590902091265,0.9191319447283796,False
66342,2026-04-24 05:00:00+00:00,312,307.0,306.0,7.0,303.0,5,2026-04-24,242.0,3.0,533.42,0.5189040965171188,0.9999982358498678,2.0,0.85,134.97,106.74,251.15,-0.5740540452487476,-0.0830615121608031,-0.11492473467767014,-16.957142857142856,False,False,False,False,-22.19360721902592,-0.24708856623821876,False
66335,2026-04-25 16:00:00+00:00,2565,2551.0,2543.0,27.0,2526.0,16,2026-04-25,2391.0,20.0,580.41,0.5189040965171188,0.5822372097709865,0.627200488997555,0.85,653.06,614.02,778.17,0.12041595064021586,0.5225513143704713,0.11347592502602531,28.061428571428564,False,False,False,False,58.01988499628624,1.1358004856010848,False
66331,2026-04-20 16:00:00+00:00,2385,2378.0,2372.0,9.0,2357.0,16,2026-04-20,2114.0,5.0,538.12,0.1268681997422934,1.0375286663287155,2.0,0.85,265.39,236.52,536.4,0.844409830067666,1.396204541077135,0.11147333904238059,8.148571428571444,False,False,False,False,9.567945064706635,1.0320018317466868,False
66335,2026-04-20 03:00:00+00:00,824,821.0,816.0,0.0,811.0,3,2026-04-20,815.0,0.0,516.98,0.5189040965171188,0.9999999927903216,1.6871095034528116,0.85,359.91,359.47,713.49,-0.4908069043069338,-0.4003978743125945,-0.11088016048628055,-24.195714285714246,False,False,False,False,18.16135081864371,0.3834793971942081,False
66342,2026-04-24 17:00:00+00:00,4148,4137.0,4133.0,62.0,4115.0,17,2026-04-24,3620.0,36.0,662.65,0.5189040965171188,0.7128761131977971,0.5,0.85,1299.53,1138.23,939.22,0.59825671708514,5.678681539537029,0.10893885592563939,99.45000000000005,False,True,False,False,-29.186853636242972,-0.3073937644404282,False
66336,2026-04-26 09:00:00+00:00,2231,2219.0,2213.0,35.0,2205.0,9,2026-04-26,2153.0,30.0,599.21,0.5189040965171188,0.9947411425730011,0.6525693207835156,0.85,970.95,944.63,729.05,0.7854312806027369,1.202338992343446,-0.10718779023777958,-21.874285714285634,False,False,False,False,-300.08725302273956,-13.73388302178374,True
66331,2026-04-20 15:00:00+00:00,2515,2505.0,2493.0,12.0,2474.0,15,2026-04-20,2206.0,9.0,545.17,0.1268681997422934,1.0701127791564455,2.0,0.85,287.69,254.57,559.74,0.9843511211719692,1.560914792156788,0.10567327113848561,13.352857142857147,False,False,False,False,15.640571768788774,1.598764415597073,False
66335,2026-04-23 13:00:00+00:00,3169,3160.0,3148.0,27.0,3136.0,13,2026-04-23,3095.0,23.0,580.41,0.5189040965171188,0.7128761131977971,0.5,0.85,989.82,973.15,803.0,0.982755231320514,1.824687406029279,0.1052528581935335,50.39714285714274,False,False,False,False,-22.617421235789948,-0.38621097925460235,False
66331,2026-04-25 09:00:00+00:00,1697,1693.0,1687.0,3.0,1679.0,9,2026-04-25,1308.0,1.0,524.02,0.1268681997422934,1.015644275641629,2.0,0.85,184.77,143.26,331.89,0.12136690439523751,0.5451863684628176,-0.1050756675509197,-7.525714285714287,False,False,False,False,-80.02754538810066,-7.330009229503097,True
66340,2026-04-22 13:00:00+00:00,6538,6525.0,6508.0,34.0,6495.0,13,2026-04-22,6448.0,33.0,596.86,0.5189040965171188,0.7128761131977971,0.5,0.85,2046.29,2027.43,1672.95,1.3210922804610277,3.2668549061865275,0.1032845352610893,111.26714285714297,False,False,False,False,16.202882399916916,0.22064067862664016,False
66338,2026-04-22 01:00:00+00:00,19,19.0,19.0,0.0,19.0,1,2026-04-22,19.0,0.0,516.98,0.1268681997422934,1.0000000017605313,2.0,0.85,2.05,2.05,4.82,-0.31256612515449467,0.224830253158865,0.10223312788064677,0.10857142857142832,False,False,False,False,2.684541325285743,5.09349009963964,True
66336,2026-04-22 08:00:00+00:00,1287,1278.0,1263.0,26.0,1243.0,8,2026-04-22,1220.0,21.0,578.06,0.5189040965171188,0.9989644695743897,1.1561690140845071,0.85,556.49,537.55,731.93,0.007145403392436039,0.35058412707563247,-0.10087600291928629,-8.054285714285811,False,False,False,False,-12.856855182258982,-0.6762731881587712,False
66333,2026-04-23 20:00:00+00:00,653,649.0,646.0,4.0,643.0,20,2026-04-23,591.0,3.0,526.37,0.5189040965171188,0.9792008154013185,2.0,0.85,279.0,255.25,613.34,0.06321192489293573,4.235355707268049,-0.09766952955356145,-31.02714285714285,False,True,False,False,19.140358554535567,0.3104195007023379,False
66331,2026-04-25 04:00:00+00:00,140,137.0,136.0,2.0,131.0,4,2026-04-25,90.0,1.0,521.67,0.1268681997422934,1.0000046314053592,2.0,0.85,14.67,9.71,22.84,-0.9140435901742756,-0.6734869850932843,0.09540519982322336,0.45000000000000107,False,False,False,False,5.580241973884824,0.6598266565686919,False
66331,2026-04-20 14:00:00+00:00,2255,2250.0,2244.0,5.0,2232.0,14,2026-04-20,2015.0,2.0,528.72,0.1268681997422934,1.10201349172765,2.0,0.85,266.67,239.46,511.28,0.8672035916104167,1.4230326927765355,-0.09346017381400905,-13.480000000000018,False,False,False,False,3.134063776194708,0.4315230997323456,False
66331,2026-04-25 13:00:00+00:00,2869,2861.0,2850.0,8.0,2834.0,13,2026-04-25,2300.0,6.0,535.77,0.1268681997422934,1.1155964303431323,2.0,0.85,342.87,276.7,583.59,1.1559245711519266,1.762855947635609,0.09148266325873529,13.352857142857147,False,False,False,False,0.6437970703056521,0.19910473096327455,False
66331,2026-04-21 11:00:00+00:00,2431,2425.0,2414.0,6.0,2401.0,11,2026-04-21,2175.0,5.0,531.07,0.1268681997422934,1.0701127791564455,1.91272108096232,0.85,278.57,250.99,527.79,0.9565954523546061,1.5282464985908515,-0.09090467159628336,-12.051428571428573,False,False,False,False,-4.371720039903977,-0.26899706011460855,False
66342,2026-04-24 14:00:00+00:00,5297,5284.0,5271.0,81.0,5247.0,14,2026-04-24,4573.0,41.0,707.29,0.5189040965171188,0.5822372097709865,0.5,0.85,1353.63,1174.38,1186.47,0.639341976329893,5.880609829020085,0.08755083589313853,86.29000000000019,False,True,False,False,-168.07698662322798,-1.5050917287922252,False
66331,2026-04-24 14:00:00+00:00,2446,2441.0,2432.0,13.0,2414.0,14,2026-04-24,2230.0,9.0,547.52,0.1268681997422934,1.10201349172765,2.0,0.85,289.02,265.01,565.83,1.0652922335890842,1.6561821063546591,0.08368429509904188,12.069999999999965,False,False,False,False,-1.1105202629154007,0.035373042334775916,False
66333,2026-04-26 19:00:00+00:00,967,961.0,959.0,5.0,956.0,19,2026-04-26,745.0,4.0,528.72,0.5189040965171188,0.9359340011553848,2.0,0.85,395.89,307.54,773.17,0.20527138398789574,5.241176948192936,0.08320302192672183,29.647142857142853,False,True,False,False,-2.6565736566476517,-0.25710341502251455,False
66335,2026-04-26 20:00:00+00:00,903,894.0,890.0,2.0,884.0,20,2026-04-26,862.0,2.0,521.67,0.5189040965171188,0.9792008154013185,1.7315221059736754,0.85,384.39,372.29,774.5,-0.46002365150621705,-0.3539150277248243,0.0821758939160614,14.311428571428621,False,False,False,False,46.03720517565182,0.909630032756198,False
66330,2026-04-20 06:00:00+00:00,656,647.0,646.0,11.0,638.0,6,2026-04-20,512.0,4.0,542.82,0.1268681997422934,1.0002528661646692,2.0,0.85,69.68,55.23,129.91,-0.826612502800869,-0.5431973409037938,0.0819077741812013,1.7428571428571331,False,False,False,False,1.3802671390839407,0.1407089786967039,False
66331,2026-04-24 02:00:00+00:00,87,85.0,84.0,0.0,84.0,2,2026-04-24,78.0,0.0,516.98,0.1268681997422934,1.0000000312061639,2.0,0.85,9.06,8.41,19.79,-0.9241224643258321,-0.6853497732596858,-0.07996605284121558,-0.7542857142857144,False,False,False,False,2.729655520707041,0.39377938865316103,False
66331,2026-04-20 10:00:00+00:00,2180,2172.0,2156.0,8.0,2142.0,10,2026-04-20,1905.0,6.0,535.77,0.1268681997422934,1.0375286663287155,2.0,0.85,241.22,213.14,483.37,0.6631451549419809,1.1828568585152357,0.07983678690003969,8.755714285714276,False,False,False,False,9.578956215133815,1.0330295102738518,False
66336,2026-04-20 18:00:00+00:00,1928,1918.0,1916.0,36.0,1906.0,18,2026-04-20,1873.0,33.0,601.56,0.5189040965171188,0.846313658188328,0.7547072668431892,0.85,715.21,699.16,733.51,0.31612344362029476,0.6887292183990366,-0.07711256149223905,-11.40857142857135,False,False,False,False,-1.576272197880371,-0.1634533319969963,False
66336,2026-04-20 02:00:00+00:00,94,85.0,83.0,1.0,78.0,2,2026-04-20,82.0,1.0,519.33,0.5189040965171188,0.9999998722053931,2.0,0.85,36.61,36.17,85.1,-0.9514302404999208,-0.698479581158563,-0.07586210655079537,-0.7542857142857144,False,False,False,False,0.6411851422078598,-0.062646826183985,False
66331,2026-04-24 13:00:00+00:00,2266,2263.0,2254.0,7.0,2243.0,13,2026-04-24,2097.0,6.0,533.42,0.1268681997422934,1.1155964303431323,2.0,0.85,271.16,252.28,532.09,0.9665967967049967,1.540018034540588,-0.07582285142456628,-11.06714285714284,False,False,False,False,-3.6046719314143445,-0.1974079127670697,False
66331,2026-04-25 14:00:00+00:00,2579,2574.0,2570.0,8.0,2550.0,14,2026-04-25,2041.0,6.0,535.77,0.1268681997422934,1.10201349172765,2.0,0.85,305.42,242.55,517.88,0.8911603001706548,1.4512296277259058,-0.072036439608869,-10.390000000000015,False,False,False,False,-50.288891801359995,-4.554479468103043,True
66330,2026-04-23 06:00:00+00:00,585,584.0,583.0,9.0,578.0,6,2026-04-23,510.0,7.0,538.12,0.1268681997422934,1.0002528661646692,2.0,0.85,62.89,55.01,129.41,-0.8275095128777882,-0.5440392106818764,0.07156859612882015,1.5228571428571342,False,False,False,False,3.4591796076931587,0.40692318966377805,False
66331,2026-04-25 08:00:00+00:00,1122,1116.0,1115.0,1.0,1103.0,8,2026-04-25,841.0,1.0,519.33,0.1268681997422934,1.0050789526870891,2.0,0.85,120.85,91.15,213.39,-0.2826408894798454,0.06967106742344324,0.07050605607881923,3.528571428571425,False,False,False,False,-38.45616369152843,-3.450122509520509,False
66333,2026-04-23 07:00:00+00:00,163,161.0,160.0,3.0,154.0,7,2026-04-23,157.0,3.0,524.02,0.5189040965171188,0.9998411962659136,2.0,0.85,70.56,69.24,162.94,-0.44213288264681383,0.657371216458367,0.06852750238116473,4.285714285714292,False,False,False,False,24.098871300091417,0.439523430730294,False
66333,2026-04-24 02:00:00+00:00,36,33.0,33.0,0.0,33.0,2,2026-04-24,32.0,0.0,516.98,0.5189040965171188,0.9999998722053931,2.0,0.85,14.56,14.11,33.21,-0.5919079444158928,-0.4030786785921019,-0.06721450655399543,-1.2085714285714282,False,False,False,False,-20.16512201810656,-0.7129704296984003,False
66340,2026-04-20 13:00:00+00:00,6423,6406.0,6387.0,38.0,6363.0,13,2026-04-20,6323.0,31.0,606.26,0.5189040965171188,0.7128761131977971,0.5,0.85,2008.25,1988.12,1640.52,1.2785998615905896,3.190280613382019,0.066794741626986,71.9571428571428,False,False,False,False,-5.778790888299568,-0.07704694777158524,False
66335,2026-04-25 13:00:00+00:00,3189,3179.0,3171.0,30.0,3156.0,13,2026-04-25,3036.0,24.0,587.46,0.5189040965171188,0.7128761131977971,0.5,0.85,997.05,954.6,787.7,0.9382131611603506,1.7574286849525913,0.06651176279008,31.847142857142785,False,False,False,False,-565.5462800096916,-10.633874080458082,True
66336,2026-04-26 20:00:00+00:00,906,899.0,898.0,8.0,890.0,20,2026-04-26,877.0,6.0,535.77,0.5189040965171188,0.9792008154013185,1.6898880105401846,0.85,387.84,378.77,769.03,-0.2964220319604468,0.018360393393743353,0.06512523265319105,11.475714285714275,False,False,False,False,2.449634000896367,0.019565988958002312,False
66338,2026-04-22 19:00:00+00:00,11,10.0,10.0,1.0,9.0,19,2026-04-22,10.0,1.0,519.33,0.1268681997422934,1.001284160344515,2.0,0.85,1.08,1.08,2.54,-0.45329946968187185,-0.224830253158865,0.06345352597691202,0.052000000000000046,False,False,False,False,-8.420924929414474,-15.663524966312126,True
66340,2026-04-25 06:00:00+00:00,563,551.0,549.0,12.0,544.0,6,2026-04-25,529.0,10.0,545.17,0.5189040965171188,0.9999810335986662,2.0,0.85,242.14,233.32,549.0,-0.618263446316933,-0.22799893414662054,-0.06151620939799078,-10.660000000000025,False,False,False,False,3.984409273859569,0.05517155280461619,False
66333,2026-04-23 08:00:00+00:00,395,392.0,388.0,1.0,379.0,8,2026-04-23,380.0,1.0,519.33,0.5189040965171188,0.9989644695743897,2.0,0.85,170.96,167.43,394.37,-0.17537407047366174,2.546099226525582,-0.06087471895298187,-11.81714285714284,False,False,False,False,36.134558785688256,0.7528945229739327,False
66340,2026-04-25 02:00:00+00:00,324,316.0,312.0,2.0,309.0,2,2026-04-25,310.0,2.0,521.67,0.5189040965171188,0.9999998722053931,2.0,0.85,137.61,136.73,321.72,-0.7226730809823009,-0.41615235419209085,0.06066902411758096,7.157142857142844,False,False,False,False,2.024938802182305,0.028635351212369542,False
66336,2026-04-20 09:00:00+00:00,2271,2257.0,2245.0,29.0,2223.0,9,2026-04-20,2176.0,27.0,585.11,0.5189040965171188,0.9947411425730011,0.6525693207835156,0.85,984.99,954.72,736.84,0.8047220944502657,1.2234508293055968,-0.05774504190644191,-11.784285714285602,False,False,False,False,9.53806583110611,0.34180896138368194,False
66336,2026-04-22 22:00:00+00:00,293,284.0,282.0,4.0,278.0,22,2026-04-22,268.0,4.0,526.37,0.5189040965171188,0.9989644695743897,2.0,0.85,124.25,118.08,278.13,-0.7948285990478825,-0.5270949859583897,-0.0573003269707912,-3.087142857142851,False,False,False,False,7.38753665783247,0.24404503705130504,False
66335,2026-04-25 14:00:00+00:00,3047,3031.0,3024.0,35.0,3007.0,14,2026-04-25,2899.0,34.0,599.21,0.5189040965171188,0.5822372097709865,0.5,0.85,776.58,744.48,752.15,0.4336751675186491,0.9955741042176244,-0.05674031038538449,-21.168571428571454,False,False,False,False,-510.4207688073667,-9.59339214999158,True
66331,2026-04-20 11:00:00+00:00,2680,2674.0,2662.0,13.0,2644.0,11,2026-04-20,2344.0,11.0,547.52,0.1268681997422934,1.0701127791564455,1.91272108096232,0.85,307.19,270.49,568.8,1.1077785646279532,1.7061883210868753,0.056185035289594745,7.448571428571427,False,False,False,False,6.898278026490814,0.7828399019375826,False
66340,2026-04-20 21:00:00+00:00,842,831.0,828.0,3.0,823.0,21,2026-04-20,814.0,3.0,524.02,0.5189040965171188,0.9947411425730011,1.7101666666666666,0.85,363.28,357.14,722.35,-0.48441935309542083,0.013197426450026474,-0.05501250116508312,-13.725714285714275,False,False,False,False,53.100097323877435,0.7203225812462645,False
66331,2026-04-20 08:00:00+00:00,930,925.0,920.0,4.0,912.0,8,2026-04-20,784.0,3.0,526.37,0.1268681997422934,1.0050789526870891,2.0,0.85,99.71,84.97,198.93,-0.3305543066003216,0.013277197524703304,-0.052979449426027996,-2.651428571428582,False,False,False,False,-0.531630771139163,0.08940121171037525,False
66335,2026-04-25 07:00:00+00:00,631,625.0,623.0,6.0,618.0,7,2026-04-25,601.0,5.0,531.07,0.5189040965171188,0.9998411962659136,2.0,0.85,274.74,265.04,623.72,-0.7175512539147098,-0.7427828355671297,-0.05267712831485751,-7.495714285714257,False,False,False,False,-83.79161258385818,-1.5408604205078704,False
66330,2026-04-23 03:00:00+00:00,139,136.0,136.0,0.0,135.0,3,2026-04-23,134.0,0.0,516.98,0.1268681997422934,1.0000004307878039,2.0,0.85,14.67,14.45,34.0,-0.9928855525134405,-0.6992493843138445,-0.0516511222303462,-0.47714285714285865,False,False,False,False,2.514187631458441,0.2859126627069405,False
66335,2026-04-25 06:00:00+00:00,897,890.0,889.0,3.0,886.0,6,2026-04-25,844.0,2.0,524.02,0.5189040965171188,0.9999810335986662,1.6706284597850862,0.85,392.1,372.25,731.66,-0.46011969909685896,-0.35406006000746953,-0.04990382782290905,-9.89428571428573,False,False,False,False,-88.83414762132338,-1.6360371631047805,False
66338,2026-04-22 16:00:00+00:00,154,153.0,153.0,1.0,150.0,16,2026-04-22,151.0,1.0,519.33,0.1268681997422934,1.0375286663287155,2.0,0.8583612426635808,17.29,17.06,38.31,1.8651735669650227,7.182978912776524,0.04943087688450561,0.6366666666666667,False,True,False,False,16.064419409821674,30.101564917188774,True
66336,2026-04-24 13:00:00+00:00,2918,2904.0,2896.0,92.0,2882.0,13,2026-04-24,2836.0,84.0,733.13,0.5189040965171188,0.7128761131977971,0.5187825471459628,0.85,910.58,891.72,763.45,0.6842740000603448,1.0916326203248747,0.04939376462966517,18.735714285714266,False,False,False,False,316.1267888476908,14.2794560719907,True
66331,2026-04-24 12:00:00+00:00,2786,2779.0,2772.0,10.0,2755.0,12,2026-04-24,2560.0,8.0,540.47,0.1268681997422934,1.10201349172765,1.7746012332467003,0.85,329.42,304.23,576.36,1.3693641137614267,2.014073300113329,0.04891348623544373,7.251428571428619,False,False,False,False,0.07653942049449824,0.14616216969901175,False
66342,2026-04-25 04:00:00+00:00,212,205.0,204.0,3.0,201.0,4,2026-04-25,167.0,2.0,524.02,0.5189040965171188,0.9999998722053931,2.0,0.85,89.98,73.66,173.31,-0.6116501828923554,-0.2678412581109958,-0.046706189896215645,-4.145714285714291,False,False,False,False,-29.890489534587687,-0.31346146172725625,False
66331,2026-04-20 02:00:00+00:00,112,103.0,102.0,0.0,100.0,2,2026-04-20,89.0,0.0,516.98,0.1268681997422934,1.0000000312061639,2.0,0.85,11.0,9.6,22.58,-0.9148964179870998,-0.6744907594765952,0.046192511584414224,0.43571428571428505,False,False,False,False,-1.5145824284518028,-0.002338367922279811,False
66330,2026-04-25 07:00:00+00:00,997,994.0,992.0,3.0,985.0,7,2026-04-25,873.0,3.0,524.02,0.1268681997422934,1.001284160344515,2.0,0.85,107.11,94.26,221.51,-0.6674747605183368,-0.39384198891030964,-0.04567534059560379,-2.069999999999993,False,False,False,False,10.845799635412618,1.352813529966778,False
66342,2026-04-25 02:00:00+00:00,171,167.0,166.0,1.0,163.0,2,2026-04-25,148.0,1.0,519.33,0.5189040965171188,0.9999998722053931,2.0,0.85,73.22,65.28,153.6,-0.6211742346896176,-0.3146506375264315,-0.045058815972529705,-3.998571428571424,False,False,False,False,-17.433950408540568,-0.20604438872659048,False
66335,2026-04-25 15:00:00+00:00,2823,2811.0,2805.0,28.0,2787.0,15,2026-04-25,2717.0,26.0,582.76,0.5189040965171188,0.5266127405031122,0.5188874841972188,0.85,651.52,631.08,731.56,0.16138024804897017,0.5844075829186275,-0.043808267270994544,-12.81142857142845,False,False,False,False,-341.516756111047,-6.405365964641785,True
66331,2026-04-20 13:00:00+00:00,2440,2430.0,2425.0,11.0,2417.0,13,2026-04-20,2136.0,10.0,542.82,0.1268681997422934,1.1155964303431323,2.0,0.85,291.74,256.97,541.98,1.0029582734517661,1.582815324156299,-0.043690875017330856,-6.377142857142815,False,False,False,False,3.5508382451977525,0.4704209583437191,False
66330,2026-04-25 04:00:00+00:00,193,184.0,183.0,3.0,181.0,4,2026-04-25,152.0,2.0,524.02,0.1268681997422934,1.0000046314053592,2.0,0.85,19.73,16.39,38.57,-0.9849755545624255,-0.6918256235434792,-0.04228551144176574,-0.32428571428571473,False,False,False,False,-2.337106479240788,-0.335317645615278,False
66332,2026-04-26 02:00:00+00:00,46,45.0,45.0,1.0,44.0,2,2026-04-26,40.0,0.0,519.33,0.5189040965171188,0.9999998722053931,2.0,0.85,19.85,17.64,41.51,-0.6859855820709146,-0.6096392711929328,-0.04188583129735602,-0.8885714285714279,False,False,False,False,-13.620423496908685,-0.3583421720562578,False
66336,2026-04-25 06:00:00+00:00,407,394.0,390.0,2.0,379.0,6,2026-04-25,387.0,2.0,521.67,0.5189040965171188,0.9999810335986662,2.0,0.85,172.01,170.69,401.63,-0.694244880859728,-0.41701631969686936,-0.03893741510765464,-2.5200000000000102,False,False,False,False,27.297486007848534,1.1491593716564052,False
66342,2026-04-25 03:00:00+00:00,172,166.0,165.0,0.0,163.0,3,2026-04-25,137.0,0.0,516.98,0.5189040965171188,0.9999999927903216,2.0,0.85,72.78,60.43,142.18,-0.6266863649064102,-0.34174198480147494,-0.03748459154948188,-2.74285714285714,False,False,False,False,-21.546719617089593,-0.2415102292653817,False
66333,2026-04-23 01:00:00+00:00,52,47.0,47.0,0.0,45.0,1,2026-04-23,47.0,0.0,516.98,0.5189040965171188,0.9999982358498678,2.0,0.85,20.73,20.73,48.78,-0.5739229832529814,-0.27574005524303413,-0.03732658438431671,-0.9342857142857106,False,False,False,False,29.138640397643684,0.5707430181984522,False
66331,2026-04-24 03:00:00+00:00,82,80.0,79.0,1.0,78.0,3,2026-04-24,78.0,0.0,519.33,0.1268681997422934,1.0000004307878039,2.0,0.85,8.52,8.41,19.79,-0.9241224643258321,-0.6853497732596858,-0.0350959815606043,-0.18714285714285772,False,False,False,False,3.224102625718359,0.4399264898120679,False
66333,2026-04-26 16:00:00+00:00,1484,1481.0,1477.0,19.0,1472.0,16,2026-04-26,1239.0,16.0,561.62,0.5189040965171188,0.5822372097709865,1.1323107481792098,0.85,379.3,318.18,727.99,0.2341777264007925,5.445842046747933,0.03405196294091998,10.990000000000009,False,True,False,False,-9.046186298828388,-0.4234686430238336,False
66331,2026-04-24 08:00:00+00:00,931,920.0,914.0,1.0,903.0,8,2026-04-24,793.0,1.0,519.33,0.1268681997422934,1.0050789526870891,2.0,0.85,99.06,85.95,201.21,-0.3229563860860713,0.02221991475783685,-0.0333976055110198,-1.671428571428578,False,False,False,False,-16.142347252901914,-1.367558097679111,False
66340,2026-04-20 18:00:00+00:00,2956,2937.0,2931.0,18.0,2920.0,18,2026-04-20,2909.0,18.0,559.27,0.5189040965171188,0.846313658188328,0.5087258304412494,0.85,1094.09,1085.88,767.92,0.30331723626207185,1.4327535225669752,0.033031191533431634,21.811428571428678,False,False,False,False,-3.6739786407734982,-0.048542449785263474,False
66342,2026-04-25 20:00:00+00:00,1703,1696.0,1693.0,20.0,1682.0,20,2026-04-25,985.0,5.0,563.97,0.5189040965171188,0.9792008154013185,1.1828242074927955,0.85,731.2,425.42,604.57,-0.21186731174618012,1.6970355083775106,0.0216471775369788,9.997142857142876,False,False,False,False,-240.1389314967446,-2.126506964173488,False
66336,2026-04-24 17:00:00+00:00,2700,2690.0,2686.0,18.0,2675.0,17,2026-04-24,2620.0,17.0,559.27,0.5189040965171188,0.7128761131977971,0.5524983846650873,0.85,844.55,823.8,751.14,0.5544194830609254,0.9495200369285155,0.020905298371853367,3.907142857142844,False,False,False,False,12.595229032815496,0.48078883463444716,False
66331,2026-04-25 17:00:00+00:00,2329,2325.0,2318.0,35.0,2302.0,17,2026-04-25,2076.0,28.0,599.21,0.1268681997422934,1.015644275641629,2.0,0.85,253.88,227.37,526.76,0.7734700620009415,1.3127087628290008,0.02039403056825867,2.0314285714285916,False,False,False,False,-7.504500800007747,-0.5613817240755326,False
66333,2026-04-26 23:00:00+00:00,108,105.0,103.0,1.0,102.0,23,2026-04-26,89.0,0.0,519.33,0.5189040965171188,0.9998411962659136,2.0,0.85,45.42,39.25,92.36,-0.5236085601809092,0.08050032306885933,-0.018910368585600978,-0.7542857142857073,False,False,False,False,147.6446281497905,3.6562627164909474,True
66340,2026-04-25 03:00:00+00:00,299,288.0,284.0,2.0,281.0,3,2026-04-25,282.0,2.0,521.67,0.5189040965171188,0.9999999927903216,2.0,0.85,125.26,124.38,292.66,-0.7360228996811029,-0.4402096555437997,-0.018518556567573285,-1.9742857142857275,False,False,False,False,-14.219364115269059,-0.19135372398610997,False
66336,2026-04-21 01:00:00+00:00,144,133.0,131.0,1.0,116.0,1,2026-04-21,125.0,1.0,519.33,0.5189040965171188,0.9999982358498678,2.0,0.85,57.78,55.13,129.73,-0.915181099712097,-0.6588085773129363,-0.014817401503715025,-0.4442857142857122,False,False,False,False,12.581433422218197,0.4801616806077477,False
66338,2026-04-20 02:00:00+00:00,23,20.0,20.0,0.0,18.0,2,2026-04-20,20.0,0.0,516.98,0.1268681997422934,1.0000000312061639,2.0,0.85,2.16,2.16,5.07,-0.29660667371324567,0.27582268171036034,-0.012974089342355203,-0.021428571428571352,False,False,False,False,-0.04683945054425198,-0.0116815891905187,False
66331,2026-04-25 01:00:00+00:00,151,143.0,143.0,1.0,140.0,1,2026-04-25,132.0,1.0,519.33,0.1268681997422934,1.0000000017605313,2.0,0.85,15.42,14.23,33.49,-0.8790001200473254,-0.6322409831608725,0.012746586263396012,0.23142857142857132,False,False,False,False,-8.50019319619932,-0.6543104059598265,False
66342,2026-04-25 21:00:00+00:00,1286,1280.0,1280.0,11.0,1275.0,21,2026-04-25,682.0,2.0,542.82,0.5189040965171188,0.9947411425730011,1.6749918380672544,0.85,561.6,299.23,592.77,-0.3552849843352632,0.992157753194475,-0.010401425527494746,-3.595714285714223,False,False,False,False,-107.61982094647487,-0.9837485440440918,False
66333,2026-04-23 14:00:00+00:00,1768,1767.0,1766.0,18.0,1753.0,14,2026-04-23,1707.0,17.0,559.27,0.5189040965171188,0.5822372097709865,0.7747074367685919,0.85,453.52,438.37,686.21,0.5607052916833176,7.757749771872472,-0.00919535396340024,-4.034285714285716,False,True,False,False,18.949369467185846,0.30544675120373044,False
66331,2026-04-24 17:00:00+00:00,2216,2215.0,2210.0,8.0,2199.0,17,2026-04-24,2065.0,7.0,535.77,0.1268681997422934,1.015644275641629,2.0,0.85,242.05,226.17,523.97,0.7641664858610431,1.3017584968292453,0.008346923903464467,0.8314285714285745,False,False,False,False,7.717079907605637,0.8592592658168474,False
66340,2026-04-20 06:00:00+00:00,575,559.0,556.0,7.0,549.0,6,2026-04-20,550.0,6.0,533.42,0.5189040965171188,0.9999810335986662,2.0,0.85,245.23,242.58,570.79,-0.6082537846852805,-0.2099608280318979,-0.008079051890918128,-1.4000000000000057,False,False,False,False,-70.28515698884382,-0.9506268049674345,False
66340,2026-04-24 16:00:00+00:00,5041,5029.0,5024.0,12.0,4998.0,16,2026-04-24,4978.0,12.0,545.17,0.5189040965171188,0.5822372097709865,0.5,0.85,1290.2,1278.38,1291.55,0.5114014548466388,1.807735750113854,0.007643240549382625,6.014285714285961,False,False,False,False,9.763042628644257,0.13342890949700298,False
66333,2026-04-23 02:00:00+00:00,40,37.0,36.0,0.0,35.0,2,2026-04-23,35.0,0.0,516.98,0.5189040965171188,0.9999998722053931,2.0,0.85,15.88,15.44,36.32,-0.5882946516142807,-0.3774955412727273,0.006753230563935737,0.12142857142857189,False,False,False,False,27.229702170986116,0.5210403271116992,False
66338,2026-04-20 20:00:00+00:00,54,52.0,49.0,3.0,45.0,20,2026-04-20,45.0,2.0,524.02,0.1268681997422934,1.0002528661646692,2.0,0.85,5.29,4.85,11.42,0.09367445698638796,1.5228193435605601,-0.002225407434703214,-0.012857142857143344,False,False,False,False,0.6683170195377741,1.325003722668656,False
66338,2026-04-21 01:00:00+00:00,23,21.0,18.0,0.0,14.0,1,2026-04-21,18.0,0.0,516.98,0.1268681997422934,1.0000000017605313,2.0,0.85,1.94,1.94,4.57,-0.3285255765957436,0.1738378246073699,-0.001345172735271792,-0.0014285714285715567,False,False,False,False,-0.43169438680863514,-0.7310066068920245,False
66333,2026-04-23 03:00:00+00:00,45,41.0,38.0,0.0,36.0,3,2026-04-23,38.0,0.0,516.98,0.5189040965171188,0.9999999927903216,2.0,0.85,16.76,16.76,39.44,-0.5847085264277183,-0.35210475836928773,-0.0010122394539720616,-0.022857142857141355,False,False,False,False,27.234876584167722,0.5211750524036596,False
66331,2026-04-25 02:00:00+00:00,92,92.0,90.0,2.0,88.0,2,2026-04-25,85.0,2.0,521.67,0.1268681997422934,1.0000000312061639,2.0,0.85,9.71,9.17,21.57,-0.9182301994372298,-0.6784146047931741,0.0006058034306152296,0.005714285714285339,False,False,False,False,-0.3430563072352584,0.10700100099736264,False
66338,2026-04-24 11:00:00+00:00,159,156.0,156.0,0.0,154.0,11,2026-04-24,154.0,0.0,516.98,0.1268681997422934,1.0701127791564455,2.0,0.9980663611676135,21.14,20.87,39.08,2.41795093052101,8.949171210787402,0.0,0.0,False,True,False,False,17.081707733939485,32.00295911224954,True
66338,2026-04-24 10:00:00+00:00,60,58.0,57.0,1.0,54.0,10,2026-04-24,57.0,1.0,519.33,0.1268681997422934,1.0375286663287155,2.0,1.0,7.5,7.5,14.46,0.4781521507982948,2.751273304119308,0.0,0.0,False,False,False,False,4.6864229551115875,8.835168854726614,True
66338,2026-04-26 08:00:00+00:00,63,62.0,62.0,0.0,62.0,8,2026-04-26,62.0,0.0,516.98,0.1268681997422934,1.0050789526870891,2.0,1.0,7.91,7.91,15.73,0.5376373788974955,2.941335992356699,0.0,0.0,False,False,False,False,0.009806505583838998,0.09419428650973725,False
66338,2026-04-22 13:00:00+00:00,20,20.0,19.0,0.0,18.0,13,2026-04-22,19.0,0.0,516.98,0.1268681997422934,1.1155964303431323,2.0,1.0,2.69,2.69,4.82,-0.21971113495086433,0.5215134738221097,0.0,0.0,False,False,False,False,1.4135775774821524,2.717956010715446,False
