facility_num,hour_start,estimated_total_footfall,plan_name,footfall_col,zscore,is_anomaly_hour,matrix_profile_score,is_matrix_profile_anomaly,stl_score,is_stl_anomaly,isolation_forest_score,is_isolation_forest_anomaly,markov_score,markov_journey_count,is_markov_hour_anomaly,zscore_score,zscore_norm,matrix_profile_norm,stl_norm,isolation_forest_norm,markov_norm,ensemble_score,method_agreement_count,is_consensus_anomaly
66338,2026-04-22 15:00:00+00:00,528.72,plan_a,estimated_total_footfall,3.8835633812157755,True,0.3142766656288503,False,17251.81952418887,True,0.6339937200564889,True,424.4645808055869,3.0,True,3.8835633812157755,0.8447752731915089,0.01957621340127588,1.0,0.6695325593603204,0.6502546319490745,0.636828,4,True
66338,2026-04-21 20:00:00+00:00,528.72,plan_a,estimated_total_footfall,3.8835633812157755,True,1.0835900110408216,False,14664.57178730401,True,0.5859794111653506,False,215.56007960137273,1.0,False,3.8835633812157755,0.8447752731915089,0.06749654560952142,0.8500304426870877,0.5637896050611191,0.330225292197711,0.531263,2,True
66333,2026-04-25 13:00:00+00:00,679.09,plan_a,estimated_total_footfall,3.9889648480919404,True,1.669945947166392,False,52.59737670514011,False,0.7618314888032423,True,377.2126915828801,591.0,False,3.9889648480919404,0.8677354727332975,0.10402050742428406,0.0030488017006781824,0.9510724513318721,0.5778675324716681,0.500749,2,True
66338,2026-04-20 21:00:00+00:00,526.37,plan_a,estimated_total_footfall,2.9960875693696285,False,1.219314931150863,False,14945.037995266335,True,0.5709533561256563,False,226.01366425665876,2.0,False,2.9960875693696285,0.6514513818604828,0.07595081629051144,0.8662876384900627,0.530697398007548,0.3462395655904888,0.494125,1,False
66340,2026-04-25 15:00:00+00:00,733.13,plan_a,estimated_total_footfall,4.305693967012195,True,1.676725064759125,False,41.44473147614179,True,0.6842157055842966,True,316.6477433941975,275.0,False,4.305693967012195,0.9367303737212312,0.10444277693131901,0.002402339731066158,0.7801375278192595,0.48508561408709366,0.46176,3,True
66331,2026-04-26 17:00:00+00:00,627.4,plan_a,estimated_total_footfall,4.511120526623671,True,0.9561819869633591,False,0.10092870977804107,False,0.7014132559200746,True,281.87079476849095,586.0,False,4.511120526623671,0.981479606721984,0.059560332262645635,5.850322607219973e-06,0.8180120660811239,0.4318093857478479,0.458173,2,True
66340,2026-04-25 13:00:00+00:00,726.08,plan_a,estimated_total_footfall,4.138857379675692,True,0.6744907594765952,False,45.10847147210562,True,0.7170183778827549,True,316.6477433941975,305.0,False,4.138857379675692,0.9003874133275422,0.04201385749808068,0.002614708054930599,0.8523795647839474,0.48508561408709366,0.456496,3,True
66330,2026-04-23 16:00:00+00:00,672.04,plan_a,estimated_total_footfall,4.596140546378877,True,1.3935623727087092,False,31.211283132017986,True,0.6913024627265554,True,256.6362374405389,129.0,False,4.596140546378877,1.0,0.08680464501412129,0.0018091589173105174,0.7957448468441454,0.3931515364720778,0.455502,3,True
66331,2026-04-26 15:00:00+00:00,608.61,plan_a,estimated_total_footfall,3.6166175423723566,True,2.273795586261362,False,14.906864331608595,True,0.6432294670992161,True,343.43180080006186,559.0,False,3.6166175423723566,0.7866249465561489,0.14163414753833198,0.0008640749058792087,0.6898726454724072,0.5261172058338036,0.429023,3,True
66340,2026-04-25 14:00:00+00:00,711.99,plan_a,estimated_total_footfall,3.805420852644292,True,0.7785596382751793,False,30.012245281820825,True,0.6781166826198264,True,316.6477433941975,286.0,False,3.805420852644292,0.8277530428385942,0.04849628143406117,0.0017396568077784774,0.766705517206257,0.48508561408709366,0.425956,3,True
66331,2026-04-26 12:00:00+00:00,587.46,plan_a,estimated_total_footfall,2.6097661258255065,False,0.5219913072051199,False,0.1559337254944952,False,0.7305067565638138,True,401.161729637475,740.0,False,2.6097661258255065,0.5672967899564992,0.03251470548413608,9.038682863326947e-06,0.8820853138279532,0.6145560422553801,0.419292,1,False
66335,2026-04-26 14:00:00+00:00,603.91,plan_a,estimated_total_footfall,2.730113583265238,False,1.8283150112459405,False,1.25484018915435,False,0.6946894836415006,True,357.191934260382,137.0,False,2.730113583265238,0.593512759421228,0.11388527606174594,7.27366865503625e-05,0.8032041564976807,0.5471969164231515,0.411574,1,False
66331,2026-04-26 16:00:00+00:00,599.21,plan_a,estimated_total_footfall,3.1691280239070907,True,1.9760600696643766,False,0.9372905956172374,False,0.6085425099052634,False,401.161729637475,423.0,False,3.1691280239070907,0.6891457658451937,0.12308827809435299,5.4329955996992494e-05,0.6134808069966178,0.6145560422553801,0.408065,1,False
66330,2026-04-23 14:00:00+00:00,660.3,plan_a,estimated_total_footfall,4.179737549838973,True,1.535261561226435,False,28.454334164245033,True,0.6236940718588196,True,241.10480462227588,97.0,False,4.179737549838973,0.909292572734422,0.09563105135154419,0.001649352645055732,0.6468494206498723,0.3693583000335654,0.404556,3,True
66331,2026-04-26 13:00:00+00:00,608.61,plan_a,estimated_total_footfall,3.6166175423723566,True,0.8412559884751208,False,24.343577098695345,True,0.6526791378674806,True,301.1793835930069,547.0,False,3.6166175423723566,0.7866249465561489,0.052401621108387,0.0014110730212870057,0.7106838604470229,0.4613890017801507,0.402502,3,True
66340,2026-04-25 16:00:00+00:00,695.54,plan_a,estimated_total_footfall,3.416135482192445,True,0.8995036725138131,False,45.827898791428524,True,0.6588010319802897,True,316.6477433941975,258.0,False,3.416135482192445,0.7429528019199855,0.05602985450137504,0.002656409587821909,0.7241662406862771,0.48508561408709366,0.402178,3,True
66330,2026-04-23 17:00:00+00:00,641.5,plan_a,estimated_total_footfall,3.512925255550201,True,1.3691538149910363,False,25.15334431082651,True,0.5947947149412948,True,356.34289280764136,106.0,False,3.512925255550201,0.7640370674028327,0.08528424217497821,0.0014580110970647973,0.583203739843871,0.5458962351358846,0.395976,3,True
66333,2026-04-25 14:00:00+00:00,632.1,plan_a,estimated_total_footfall,2.6663660420119166,False,2.063399952776278,False,28.937133509300722,False,0.6413435145510962,True,377.2126915828801,421.0,False,2.6663660420119166,0.5796262708281015,0.1285286571527851,0.0016773380609928017,0.6857191712537433,0.5778675324716681,0.394684,1,False
66338,2026-04-26 15:00:00+00:00,516.98,plan_a,estimated_total_footfall,-0.5500391851985535,False,0.8941917782283287,False,0.2965198215397038,False,0.7840478383520787,True,512.1666082269141,11.0,True,0.5500391851985535,0.11861478428806431,0.055698977960192485,1.7187741914639885e-05,1.0,0.7846089506387723,0.391788,2,True
66330,2026-04-24 10:00:00+00:00,627.4,plan_a,estimated_total_footfall,3.01281603483362,True,3.60020195665925,True,22.063109589114216,True,0.5844591388577522,False,335.47309403240257,158.0,False,3.01281603483362,0.6550954384041401,0.2242556622847872,0.0012788859492866482,0.5604414763707907,0.5139249378001011,0.390999,3,True
66332,2026-04-22 12:00:00+00:00,728.43,plan_a,estimated_total_footfall,3.270528742247239,True,1.15589551440675,False,15.540748633964753,False,0.6540362285712822,True,286.004938366057,91.0,False,3.270528742247239,0.7112344596344924,0.07200043698543955,0.0009008179463142994,0.7136726107505487,0.43814264921675244,0.38719,2,True
66336,2026-04-24 11:00:00+00:00,801.27,plan_a,estimated_total_footfall,3.090369171210912,True,0.825114568093439,False,35.90347772966071,False,0.5950078658267216,True,403.8863452810605,118.0,True,3.090369171210912,0.6719892781113828,0.051396176146829856,0.0020811415097010634,0.5836731666638556,0.6187299922682644,0.385574,3,True
66330,2026-04-23 15:00:00+00:00,639.15,plan_a,estimated_total_footfall,3.4295737187641033,True,1.4073414441942074,False,20.884137874050452,False,0.5854654327677117,False,335.47309403240257,149.0,False,3.4295737187641033,0.7458801292363837,0.08766293986503491,0.0012105469712785186,0.5626576592835483,0.5139249378001011,0.382267,1,False
66330,2026-04-23 13:00:00+00:00,639.15,plan_a,estimated_total_footfall,3.4295737187641033,True,1.5137178737715622,False,22.5860884237447,True,0.5816193003823434,False,335.47309403240257,110.0,False,3.4295737187641033,0.7458801292363837,0.09428910055089185,0.001309200365334023,0.554187238476768,0.5139249378001011,0.381918,2,True
66342,2026-04-26 13:00:00+00:00,744.88,plan_a,estimated_total_footfall,2.6163058811998923,False,0.4335681168167331,False,0.5776249576870116,False,0.7107231281464671,True,303.23053589532776,1729.0,False,2.6163058811998923,0.5687213819740544,0.027006847491557833,3.3481973126203906e-05,0.8385153996935861,0.46453124578761484,0.379762,1,False
66335,2026-04-26 11:00:00+00:00,603.91,plan_a,estimated_total_footfall,2.730113583265238,False,0.3774488738683988,False,0.3203432238027554,False,0.674030303729259,True,337.17117693788396,134.0,False,2.730113583265238,0.593512759421228,0.023511194151605293,1.8568663053401432e-05,0.7577059963081391,0.5165263003746348,0.378255,1,False
66338,2026-04-22 17:00:00+00:00,521.67,plan_a,estimated_total_footfall,1.2211359456773345,False,0.9266908155118169,False,6892.38220020792,False,0.5065303923572354,False,508.74209366314096,1.0,True,1.2211359456773345,0.26480359919843066,0.0577233347094426,0.3995162475786437,0.38881730703240674,0.7793627968771455,0.378045,1,False
66340,2026-04-25 12:00:00+00:00,665.0,plan_a,estimated_total_footfall,2.6934135847092007,False,0.6187442992424427,False,25.918134575821373,False,0.6799703449862827,True,316.6477433941975,314.0,False,2.6934135847092007,0.5855181905124293,0.03854142469838215,0.0015023420885826803,0.7707878780572016,0.48508561408709366,0.376287,1,False
66332,2026-04-20 12:00:00+00:00,716.68,plan_a,estimated_total_footfall,3.040851959290074,True,1.1326341152305717,False,0.1293820040788927,False,0.6648367632634317,True,262.95790827804694,98.0,False,3.040851959290074,0.6612026628948104,0.07055149035946603,7.499614976697702e-06,0.7374588626561693,0.4028359622867014,0.374411,2,True
66338,2026-04-26 16:00:00+00:00,516.98,plan_a,estimated_total_footfall,-0.5500391851985535,False,0.8941917782283069,False,0.25385173881731177,False,0.7005551255746738,True,572.5208854780425,6.0,True,0.5500391851985535,0.11861478428806431,0.055698977960191125,1.4714490750461703e-05,0.8161221870014893,0.8770681336075867,0.373504,2,True
66331,2026-04-25 17:00:00+00:00,599.21,plan_a,estimated_total_footfall,3.1691280239070907,True,0.7622313615135826,False,0.4110727696881605,False,0.5629593393589765,False,401.161729637475,354.0,False,3.1691280239070907,0.6891457658451937,0.04747919723622384,2.3827792141680654e-05,0.5130920014258199,0.6145560422553801,0.372859,1,False
66335,2026-04-26 12:00:00+00:00,580.41,plan_a,estimated_total_footfall,1.7961914764702909,False,1.2481890874006036,False,0.024362122711914645,False,0.7279731784208994,True,337.17117693788396,125.0,False,1.7961914764702909,0.39007120814098944,0.07774938012405497,1.4121480159096482e-06,0.8765055597095074,0.5165263003746348,0.372171,1,False
66338,2026-04-22 05:00:00+00:00,526.37,plan_a,estimated_total_footfall,2.9960875693696285,False,1.217718769656658,False,11210.188973882345,True,0.5473376026609497,False,,,False,2.9960875693696285,0.6514513818604828,0.07585139179785642,0.6497974870514079,0.47868791173083153,0.0,0.371158,1,False
66333,2026-04-25 11:00:00+00:00,641.5,plan_a,estimated_total_footfall,2.9309420960053663,False,0.8183188802910173,False,42.8093958640828,False,0.5958983763751403,True,377.2126915828801,416.0,False,2.9309420960053663,0.6372603737842376,0.05097287448565669,0.002481442366357909,0.5856343573671914,0.5778675324716681,0.370843,1,False
66336,2026-04-26 10:00:00+00:00,751.93,plan_a,estimated_total_footfall,2.395309989240794,False,2.9236411735115406,False,0.010624600686123677,False,0.5708683446567437,False,403.8863452810605,160.0,True,2.395309989240794,0.5205805929729108,0.1821128635398267,6.158539202909504e-07,0.5305101754049585,0.6187299922682644,0.370387,1,False
66333,2026-04-25 12:00:00+00:00,620.35,plan_a,estimated_total_footfall,2.335645974520104,False,1.1313742299975293,False,3.3901573738657147,False,0.6454662187706987,True,377.2126915828801,531.0,False,2.335645974520104,0.5075836421329313,0.070473012429411,0.00019651013443030494,0.6947986922121925,0.5778675324716681,0.370184,1,False
66342,2026-04-26 14:00:00+00:00,749.58,plan_a,estimated_total_footfall,2.6853168661634017,False,0.7455432354354199,False,0.5705789822365663,False,0.6684285254508804,True,303.23053589532776,1585.0,False,2.6853168661634017,0.5837544363735645,0.046439698116173614,3.307355386117704e-05,0.7453690784566739,0.46453124578761484,0.368026,1,False
66333,2026-04-25 17:00:00+00:00,639.15,plan_a,estimated_total_footfall,2.864798082507003,False,0.6819211308242091,False,52.89216324424954,True,0.5944938236177411,False,377.2126915828801,319.0,False,2.864798082507003,0.6228518480452034,0.04247669343551995,0.0030658889730494306,0.5825410803531824,0.5778675324716681,0.365761,1,False
66330,2026-04-23 18:00:00+00:00,643.85,plan_a,estimated_total_footfall,3.5962767923362984,True,1.33636820513177,False,28.232982415470808,True,0.5925234341523239,True,247.676685298809,92.0,False,3.5962767923362984,0.7821940055692815,0.08324203489302258,0.0016365220129902927,0.5782016488794184,0.3794260325223913,0.36494,3,True
66333,2026-04-25 15:00:00+00:00,639.15,plan_a,estimated_total_footfall,2.864798082507003,False,1.46573964019796,False,29.07081639254581,False,0.5692597765535308,False,377.2126915828801,474.0,False,2.864798082507003,0.6228518480452034,0.09130054860996509,0.0016850869760018912,0.5269675909680804,0.5778675324716681,0.364135,0,False
66336,2026-04-22 12:00:00+00:00,742.53,plan_a,estimated_total_footfall,2.2628909314678083,False,0.8133017325622418,False,14.900509202805086,False,0.6742016295656402,True,336.0638910981524,83.0,False,2.2628909314678083,0.49173499831742573,0.050660357632368494,0.0008637065314712457,0.7580833109150786,0.5148300039609022,0.363234,1,False
66331,2026-04-25 16:00:00+00:00,594.51,plan_a,estimated_total_footfall,2.945383264674455,False,0.7802874209053945,False,9.14203137665797,False,0.5604328660432547,False,401.161729637475,324.0,False,2.945383264674455,0.6404061754897155,0.04860390457373154,0.0005299169379693473,0.5075278944224632,0.6145560422553801,0.362325,0,False
66331,2026-04-26 18:00:00+00:00,585.11,plan_a,estimated_total_footfall,2.4978937462091886,False,0.14853898922180053,False,0.4649494510889531,False,0.6158364933894266,False,401.161729637475,528.0,False,2.4978937462091886,0.5429269947787602,0.009252455779996822,2.6950748611591077e-05,0.6295445050907363,0.6145560422553801,0.359261,0,False
66331,2026-04-26 11:00:00+00:00,571.01,plan_a,estimated_total_footfall,1.8266594685112867,False,1.720795102025338,False,14.803112636839979,True,0.6318276232868077,False,401.161729637475,688.0,False,1.8266594685112867,0.39670822371232667,0.10718788832035359,0.0008580609492282511,0.6647621174438625,0.6145560422553801,0.356814,1,False
66335,2026-04-24 13:00:00+00:00,603.91,plan_a,estimated_total_footfall,2.730113583265238,False,1.0837657299399208,False,15.953111505692016,True,0.6012690540113641,True,337.17117693788396,79.0,False,2.730113583265238,0.593512759421228,0.06750749109496025,0.0009247205190921497,0.597462317259951,0.5165263003746348,0.355187,2,True
66333,2026-04-26 14:00:00+00:00,610.96,plan_a,estimated_total_footfall,2.071351384413881,False,1.8798007772960508,False,0.12660310389930546,False,0.6145825625508934,True,377.2126915828801,210.0,False,2.071351384413881,0.45001085205228025,0.11709231130665786,7.338536304637001e-06,0.6267829459968837,0.5778675324716681,0.354352,1,False
66331,2026-04-25 18:00:00+00:00,599.21,plan_a,estimated_total_footfall,3.1691280239070907,True,2.8196400099682246,False,15.252825425558992,True,0.5520187647452225,False,266.059080780759,448.0,False,3.1691280239070907,0.6891457658451937,0.17563465756983804,0.0008841285062235274,0.4889973365622233,0.4075867751355248,0.35245,2,True
66332,2026-04-22 13:00:00+00:00,716.68,plan_a,estimated_total_footfall,3.040851959290074,True,1.181301975217403,False,22.557721949450936,False,0.5936353169596144,False,286.004938366057,87.0,False,3.040851959290074,0.6612026628948104,0.07358299895390547,0.0013075561054776065,0.5806503725118662,0.43814264921675244,0.350977,1,False
66333,2026-04-25 10:00:00+00:00,632.1,plan_a,estimated_total_footfall,2.6663660420119166,False,0.8104271265974095,False,72.08836697454002,True,0.5755109416606814,False,377.2126915828801,387.0,False,2.6663660420119166,0.5796262708281015,0.05048129915947953,0.004178595009846036,0.5407346675231319,0.5778675324716681,0.350578,1,False
66342,2026-04-26 12:00:00+00:00,742.53,plan_a,estimated_total_footfall,2.5818003887181376,False,0.49634613254784754,False,0.25361791748749035,False,0.6455603448628572,True,303.23053589532776,1517.0,False,2.5818003887181376,0.5612048547742993,0.03091727409100605,1.4700937320373151e-05,0.6950059881473282,0.46453124578761484,0.350335,1,False
66340,2026-04-25 11:00:00+00:00,648.55,plan_a,estimated_total_footfall,2.304128214257353,False,1.266516151767339,False,27.360041681058902,False,0.640541689953912,True,316.6477433941975,299.0,False,2.304128214257353,0.5007179495938204,0.0788909682923787,0.001585922090287186,0.6839532955451445,0.48508561408709366,0.350047,1,False
66336,2026-04-26 14:00:00+00:00,766.02,plan_a,estimated_total_footfall,2.593797704562216,False,2.0369179502194728,False,0.030299983624307743,False,0.5278115638721803,False,403.8863452810605,164.0,True,2.593797704562216,0.5638182981533135,0.1268790999630783,1.7563355321346812e-06,0.43568529282473406,0.6187299922682644,0.349023,1,False
66338,2026-04-21 15:00:00+00:00,524.02,plan_a,estimated_total_footfall,2.1086117575234815,False,0.5176106239517211,False,0.2983475731294063,False,0.582811619208893,False,452.0273285133175,1.0,True,2.1086117575234815,0.4581274905294567,0.032241833840801266,1.7293687353446487e-05,0.556813108099754,0.6924791311809776,0.347936,1,False
66338,2026-04-21 22:00:00+00:00,519.33,plan_a,estimated_total_footfall,0.33743662664759344,False,0.36755650523186356,False,3455.5733613437,False,0.5860097998799173,True,572.5208854780425,3.0,True,0.33743662664759344,0.07230236272414091,0.022895001030536603,0.20030196562737174,0.5638565307865925,0.8770681336075867,0.347285,2,True
66333,2026-04-25 16:00:00+00:00,627.4,plan_a,estimated_total_footfall,2.5340780150151905,False,1.1570958366591164,False,0.06056525162094615,False,0.5729025187420896,False,377.2126915828801,443.0,False,2.5340780150151905,0.5508092193500331,0.07207520475260931,3.510658776370068e-06,0.5349900811312086,0.5778675324716681,0.347149,0,False
66333,2026-04-26 12:00:00+00:00,634.45,plan_a,estimated_total_footfall,2.73251005551028,False,1.1066712204092328,False,0.07542728162250958,False,0.5546779672626189,False,377.2126915828801,279.0,False,2.73251005551028,0.5940347965671358,0.06893426825829471,4.372134864774847e-06,0.49485375596642434,0.5778675324716681,0.347139,0,False
66336,2026-04-23 16:00:00+00:00,747.23,plan_a,estimated_total_footfall,2.3291004603543017,False,2.8821441200851705,False,37.9187498111016,False,0.5650633527424941,False,336.0638910981524,69.0,False,2.3291004603543017,0.5061577956451684,0.17952802265839093,0.0021979565551294754,0.5177257157538268,0.5148300039609022,0.344088,0,False
66331,2026-04-25 19:00:00+00:00,599.21,plan_a,estimated_total_footfall,3.1691280239070907,True,2.488380534976974,False,18.677090596909093,True,0.5413945614921203,False,266.29487608786127,408.0,False,3.1691280239070907,0.6891457658451937,0.15500058930184368,0.0010826156957370115,0.4655994232109065,0.40794799959939904,0.343755,2,True
66336,2026-04-20 12:00:00+00:00,667.34,plan_a,estimated_total_footfall,1.2036793406219808,False,1.5505268654224986,False,25.87724047389486,False,0.66372857899758,True,403.8863452810605,59.0,True,1.2036793406219808,0.26100092787636997,0.09658192325919783,0.0014999716660386018,0.7350182844017841,0.6187299922682644,0.342566,2,True
66332,2026-04-20 11:00:00+00:00,700.24,plan_a,estimated_total_footfall,2.7194999327525613,False,0.4122291910453789,False,0.1382816991852099,False,0.6276667261333733,True,286.004938366057,96.0,False,2.7194999327525613,0.5912007277118005,0.025677651243983583,8.015484916899599e-06,0.6555984833585138,0.43814264921675244,0.342126,1,False
66333,2026-04-26 15:00:00+00:00,620.35,plan_a,estimated_total_footfall,2.335645974520104,False,0.8459863279600004,False,0.13213669402035153,False,0.5897729803843909,False,377.2126915828801,187.0,False,2.335645974520104,0.5075836421329313,0.052696272749262696,7.659290304717247e-06,0.5721442648661647,0.5778675324716681,0.34206,0,False
66335,2026-04-26 13:00:00+00:00,582.76,plan_a,estimated_total_footfall,1.8895836871497864,False,1.0077799439613078,False,0.45063077722367495,False,0.6569572085324292,True,337.17117693788396,128.0,False,1.8895836871497864,0.41041536326901346,0.06277435585310392,2.6120768107494e-05,0.7201055482992439,0.5165263003746348,0.34197,1,False
66332,2026-04-22 15:00:00+00:00,690.84,plan_a,estimated_total_footfall,2.5357585063868298,False,1.1762108346564217,False,16.9200817229758,False,0.6322568540153819,True,260.66708279718154,88.0,False,2.5357585063868298,0.5511752903200551,0.07326587310595797,0.0009807708514021991,0.6657074215909728,0.3993265531456782,0.338091,1,False
66335,2026-04-25 14:00:00+00:00,599.21,plan_a,estimated_total_footfall,2.543329161906251,False,1.6039488417961445,False,1.7561723724183127,False,0.5970408311176518,True,291.49557301963404,82.0,False,2.543329161906251,0.5528244491651808,0.09990956455167439,0.00010179635660783338,0.5881504102359353,0.4465539767509663,0.337508,1,False
66333,2026-04-26 11:00:00+00:00,603.91,plan_a,estimated_total_footfall,1.8729193439187917,False,0.9295642405384,False,0.1097125944782861,False,0.6220951893289132,True,377.2126915828801,251.0,False,1.8729193439187917,0.4067852748351776,0.05790231962198902,6.359479608771554e-06,0.6433281669612475,0.5778675324716681,0.337178,1,False
66342,2026-04-25 15:00:00+00:00,737.83,plan_a,estimated_total_footfall,2.5127894037546294,False,1.3849350336572972,False,6.578441963663123,False,0.5958056995882944,False,303.23053589532776,1111.0,False,2.5127894037546294,0.5461718003747894,0.0862672502634876,0.00038131873304374957,0.5854302532685932,0.46453124578761484,0.336556,0,False
66342,2026-04-25 16:00:00+00:00,740.18,plan_a,estimated_total_footfall,2.547294896236383,False,0.2964409950871303,False,0.056828391421459866,False,0.6088436831360443,True,319.35181496386514,1064.0,False,2.547294896236383,0.5536883275745442,0.01846523402906916,3.294052047193078e-06,0.6141440873377098,0.4892280917938579,0.335106,1,False
66338,2026-04-20 20:00:00+00:00,524.02,plan_a,estimated_total_footfall,2.1086117575234815,False,1.3416768113769557,False,6887.619307419792,False,0.5392592375080009,False,164.8109928863798,1.0,False,2.1086117575234815,0.4581274905294567,0.08357270662301296,0.399240166972685,0.460896752867808,0.25248069301117965,0.330864,0,False
66335,2026-04-26 15:00:00+00:00,592.16,plan_a,estimated_total_footfall,2.2631525298677646,False,1.522359063879592,False,0.12357955163421301,False,0.5750586635206297,False,337.17117693788396,115.0,False,2.2631525298677646,0.4917919837811088,0.094827358080312,7.163276398813554e-06,0.5397386055616353,0.5165263003746348,0.328578,0,False
66331,2026-04-26 14:00:00+00:00,566.32,plan_a,estimated_total_footfall,1.6033907619578742,False,0.5512347457311434,False,0.38901519795914763,False,0.6226304236276268,False,401.161729637475,621.0,False,1.6033907619578742,0.348072334612925,0.03433627181654907,2.254922719390307e-05,0.6445069250709718,0.6145560422553801,0.328299,0,False
66331,2026-04-26 10:00:00+00:00,559.27,plan_a,estimated_total_footfall,1.2677736231089207,False,0.9041712612959304,False,0.5815620844014876,False,0.6414789355328999,True,401.161729637475,610.0,False,1.2677736231089207,0.2749629490797077,0.056320597416969154,3.3710188283970637e-05,0.6860174118203729,0.6145560422553801,0.326378,1,False
66336,2026-04-26 15:00:00+00:00,737.83,plan_a,estimated_total_footfall,2.1966814025813166,False,1.9305711201918936,False,37.3909932533772,False,0.5171361839669786,False,403.8863452810605,145.0,True,2.1966814025813166,0.4773122009896834,0.12025478302563276,0.0021673651988389445,0.4121746720220528,0.6187299922682644,0.326128,1,False
66331,2026-04-26 19:00:00+00:00,573.36,plan_a,estimated_total_footfall,1.9385318481276046,False,0.03395960492262235,False,0.4843852450806701,False,0.5990191098107763,False,401.161729637475,622.0,False,1.9385318481276046,0.4210780188900658,0.002115335135232025,2.8077342474021993e-05,0.5925072163270619,0.6145560422553801,0.326057,0,False
66336,2026-04-24 14:00:00+00:00,768.37,plan_a,estimated_total_footfall,2.6269024690054628,False,1.1400366035907104,False,20.186113191797432,False,0.543758444015568,False,336.0638910981524,120.0,False,2.6269024690054628,0.571029696817185,0.0710125894727221,0.001170086040112718,0.4708054529844966,0.5148300039609022,0.32577,0,False
66333,2026-04-26 10:00:00+00:00,625.05,plan_a,estimated_total_footfall,2.467934001516827,False,0.8821282854076958,False,63.40727680087773,True,0.5936724597787528,False,285.7018719626486,208.0,False,2.467934001516827,0.536400693610999,0.05494754606705804,0.0036753964827868756,0.5807321729483904,0.43767836941222693,0.322687,1,False
66340,2026-04-26 14:00:00+00:00,625.05,plan_a,estimated_total_footfall,1.7480062564690018,False,2.974198210942288,False,0.09346417426258244,False,0.5843024413913758,False,316.6477433941975,222.0,False,1.7480062564690018,0.3795747482815226,0.18526204851574665,5.417641549723831e-06,0.5600963781405232,0.48508561408709366,0.322005,0,False
66333,2026-04-25 08:00:00+00:00,608.61,plan_a,estimated_total_footfall,2.0052073709155183,False,0.9573335040371477,False,59.86687564753451,True,0.572071013343255,False,377.2126915828801,125.0,False,2.0052073709155183,0.43560232631324614,0.059632059967680916,0.0034701774826472556,0.5331588387491125,0.5778675324716681,0.321946,1,False
66335,2026-04-24 12:00:00+00:00,594.51,plan_a,estimated_total_footfall,2.35654474054726,False,0.6700848594095408,False,8.494132193021539,False,0.5692623626947765,False,337.17117693788396,103.0,False,2.35654474054726,0.5121361389091328,0.04173941510585035,0.000492361526337084,0.5269732864830607,0.5165263003746348,0.319574,0,False
66333,2026-04-25 18:00:00+00:00,613.31,plan_a,estimated_total_footfall,2.1374953979122413,False,0.6799217260870473,False,52.81259710743299,True,0.5603734645757841,False,377.2126915828801,289.0,False,2.1374953979122413,0.4644193777913138,0.04235215102403711,0.0030612769298556685,0.5073970732817425,0.5778675324716681,0.319019,1,False
66335,2026-04-24 10:00:00+00:00,599.21,plan_a,estimated_total_footfall,2.543329161906251,False,0.6744907594765952,False,10.623781271080725,False,0.5433949566536519,False,337.17117693788396,67.0,False,2.543329161906251,0.5528244491651808,0.04201385749808068,0.0006158064229796204,0.4700049368802956,0.5165263003746348,0.316397,0,False
66332,2026-04-20 13:00:00+00:00,683.79,plan_a,estimated_total_footfall,2.3979524366125293,False,2.2179791734508263,False,0.21032711405502602,False,0.5486072743139218,False,286.004938366057,101.0,False,2.3979524366125293,0.5211562122762456,0.1381573574104796,1.2191590212274434e-05,0.48148413716187166,0.43814264921675244,0.315791,0,False
66333,2026-04-26 13:00:00+00:00,634.45,plan_a,estimated_total_footfall,2.73251005551028,False,1.1263110602457438,False,0.12102087132007316,False,0.5460824407025567,False,285.7018719626486,153.0,False,2.73251005551028,0.5940347965671358,0.07015762887603928,7.014962749314015e-06,0.47592364131499854,0.43767836941222693,0.31556,0,False
66342,2026-04-26 15:00:00+00:00,721.38,plan_a,estimated_total_footfall,2.2712509563823478,False,0.6194414966893553,False,0.13433604745279787,False,0.5937908626497652,False,303.23053589532776,1326.0,False,2.2712509563823478,0.4935561099765041,0.03858485294965329,7.78677560731751e-06,0.5809929341603605,0.46453124578761484,0.315535,0,False
66336,2026-04-20 11:00:00+00:00,723.73,plan_a,estimated_total_footfall,1.9980528159218378,False,0.32382939694654495,False,0.1330053829448507,False,0.6033791495642892,True,336.0638910981524,73.0,False,1.9980528159218378,0.43404380900645567,0.020171250600318488,7.70964377168235e-06,0.6021094264816165,0.5148300039609022,0.314232,1,False
66330,2026-04-25 14:00:00+00:00,566.32,plan_a,estimated_total_footfall,0.8463854531762668,False,1.4073414441942074,False,1.3305350775416758,False,0.6846003506401416,True,335.47309403240257,164.0,False,0.8463854531762668,0.1831695732098051,0.08766293986503491,7.71243332145995e-05,0.7809846399718857,0.5139249378001011,0.313164,1,False
66336,2026-04-24 13:00:00+00:00,733.13,plan_a,estimated_total_footfall,2.130471873694823,False,2.048769011704476,False,61.08431022913179,True,0.5338149106319705,False,336.0638910981524,111.0,False,2.130471873694823,0.4628894036619407,0.12761729956245949,0.0035407459568821214,0.44890659365616004,0.5148300039609022,0.311557,1,False
66336,2026-04-26 11:00:00+00:00,714.34,plan_a,estimated_total_footfall,1.8657746294869089,False,2.696989015980366,False,0.0057309773287633,False,0.4954681809623862,False,403.8863452810605,189.0,True,1.8657746294869089,0.40522890115379556,0.1679947584148035,3.321955299107938e-07,0.3644547588464943,0.6187299922682644,0.311282,1,False
66342,2026-04-25 13:00:00+00:00,723.73,plan_a,estimated_total_footfall,2.3057564488641025,False,0.34899460348600686,False,1.094699240749302,False,0.5872169121105459,False,303.23053589532776,1163.0,False,2.3057564488641025,0.5010726371762593,0.021738784901721184,6.345413243017168e-05,0.5665149802443733,0.46453124578761484,0.310784,0,False
66338,2026-04-20 22:00:00+00:00,526.37,plan_a,estimated_total_footfall,2.9960875693696285,False,0.9744514453193212,False,0.630555071969385,False,0.5542393265861408,False,226.01366425665876,2.0,False,2.9960875693696285,0.6514513818604828,0.060698332167240535,3.655006192739729e-05,0.49388772808686554,0.3462395655904888,0.310463,0,False
66332,2026-04-22 16:00:00+00:00,662.65,plan_a,estimated_total_footfall,1.98472969689215,False,0.9587115645850807,False,8.742776853733941,False,0.5859910791944186,False,322.95354615970024,97.0,False,1.98472969689215,0.43114155839736273,0.05971789900798076,0.0005067741893239519,0.5638153018147118,0.49474573095395535,0.309985,0,False
66332,2026-04-22 11:00:00+00:00,690.84,plan_a,estimated_total_footfall,2.5357585063868298,False,0.5125573442940115,False,8.587551400495828,False,0.5689719095369087,False,286.004938366057,97.0,False,2.5357585063868298,0.5511752903200551,0.03192706633886883,0.0004977765613914042,0.5263336151911525,0.43814264921675244,0.309615,0,False
66335,2026-04-25 10:00:00+00:00,592.16,plan_a,estimated_total_footfall,2.2631525298677646,False,0.8743286305617747,False,4.4353664694789385,False,0.5479970364630977,False,337.17117693788396,125.0,False,2.2631525298677646,0.4917919837811088,0.054461707554629736,0.0002570955755281399,0.480140197101886,0.5165263003746348,0.308635,0,False
66335,2026-04-23 16:00:00+00:00,596.86,plan_a,estimated_total_footfall,2.4499369512267557,False,0.6744907594765952,False,17.287695482852982,True,0.5333090287185773,False,337.17117693788396,73.0,False,2.4499369512267557,0.5324802940371568,0.04201385749808068,0.001002079546369808,0.4477924789415234,0.5165263003746348,0.307963,1,False
66340,2026-04-21 14:00:00+00:00,629.75,plan_a,estimated_total_footfall,1.8592306480266731,False,1.761366950247531,False,10.344083809473778,False,0.5734278393502605,False,316.6477433941975,51.0,False,1.8592306480266731,0.4038033885439824,0.1097150984054313,0.0005995937874825482,0.5361470061051405,0.48508561408709366,0.30707,0,False
66335,2026-04-25 11:00:00+00:00,589.81,plan_a,estimated_total_footfall,2.169760319188269,False,0.6718366525837138,False,1.134599775968253,False,0.5592378835764241,False,337.17117693788396,145.0,False,2.169760319188269,0.47144782865308466,0.04184853385618421,6.576696297903096e-05,0.5048961586066898,0.5165263003746348,0.306957,0,False
66342,2026-04-26 11:00:00+00:00,688.49,plan_a,estimated_total_footfall,1.7883208935206865,False,0.606911884437352,False,0.12521912336590846,False,0.6056998783672757,True,319.35181496386514,1517.0,False,1.7883208935206865,0.38835671440206043,0.037804386595940195,7.258314010898273e-06,0.6072204178802729,0.4892280917938579,0.304523,1,False
66336,2026-04-22 14:00:00+00:00,721.38,plan_a,estimated_total_footfall,1.964948051478591,False,0.9907387068907274,False,13.303851955344918,False,0.5630358852427438,False,336.0638910981524,89.0,False,1.964948051478591,0.4268324103425843,0.061712861539334585,0.0007711564531898513,0.5132605800865554,0.5148300039609022,0.303481,0,False
66332,2026-04-20 16:00:00+00:00,667.34,plan_a,estimated_total_footfall,2.0764049404725,False,0.9587115645850807,False,0.11184907258888492,False,0.6033044826450998,True,262.95790827804694,83.0,False,2.0764049404725,0.4511116968406913,0.05971789900798076,6.483320349604905e-06,0.6019449859053416,0.4028359622867014,0.303123,1,False
66336,2026-04-25 17:00:00+00:00,601.56,plan_a,estimated_total_footfall,0.2770276788871933,False,6.037107255439189,False,10.44144870780419,False,0.5381057435027917,False,403.8863452810605,63.0,True,0.2770276788871933,0.05914313889362392,0.3760498722435832,0.0006052375341142525,0.4583563879912921,0.6187299922682644,0.302577,1,False
66340,2026-04-23 14:00:00+00:00,521.67,plan_a,estimated_total_footfall,-0.698457062516521,False,12.489120688878353,True,27.305169041004845,False,0.4381200229038764,False,221.2343187510366,3.0,False,0.698457062516521,0.1509454925769055,0.7779441445662593,0.0015827414031731619,0.23815566599745416,0.33891789096025804,0.301509,1,False
66332,2026-04-22 14:00:00+00:00,681.44,plan_a,estimated_total_footfall,2.352017080021098,False,1.4777475087862793,False,7.512735276833574,False,0.5557640579891632,False,262.95790827804694,93.0,False,2.352017080021098,0.5111498529283096,0.09204851568384584,0.0004354749518623196,0.497245677139801,0.4028359622867014,0.300743,0,False
66335,2026-04-25 16:00:00+00:00,580.41,plan_a,estimated_total_footfall,1.7961914764702909,False,1.4073112039411875,False,0.061424893958545224,False,0.5602253425382051,False,337.17117693788396,101.0,False,1.7961914764702909,0.39007120814098944,0.08766105620738174,3.5604878588267773e-06,0.5070708609043879,0.5165263003746348,0.300267,0,False
66335,2026-04-25 17:00:00+00:00,578.06,plan_a,estimated_total_footfall,1.7027992657907953,False,0.78788129772892,False,0.3016800677031774,False,0.5865593616822189,False,337.17117693788396,76.0,False,1.7027992657907953,0.3697270530129654,0.04907692522559215,1.7486855069413988e-05,0.5650668426683508,0.5165263003746348,0.300083,0,False
66335,2026-04-25 15:00:00+00:00,582.76,plan_a,estimated_total_footfall,1.8895836871497864,False,1.0850091636324815,False,0.4571195188245898,False,0.5586221855977331,False,337.17117693788396,75.0,False,1.8895836871497864,0.41041536326901346,0.06758494426275174,2.649688736794748e-05,0.5035401935886273,0.5165263003746348,0.299619,0,False
66335,2026-04-25 13:00:00+00:00,587.46,plan_a,estimated_total_footfall,2.0763681085087775,False,2.0942207883879926,False,3.9657574876362522,False,0.5428756691966474,False,291.49557301963404,87.0,False,2.0763681085087775,0.45110367352506153,0.13044847914762933,0.00022987473768061633,0.46886129884608646,0.4465539767509663,0.299439,0,False
66335,2026-04-24 15:00:00+00:00,573.36,plan_a,estimated_total_footfall,1.5160148444318087,False,1.6750112084934323,False,1.6209800357219182,False,0.5778269629924025,False,337.17117693788396,81.0,False,1.5160148444318087,0.32903874275691825,0.1043360212613453,9.395994627981896e-05,0.5458352915556767,0.5165263003746348,0.299166,0,False
66335,2026-04-24 16:00:00+00:00,592.16,plan_a,estimated_total_footfall,2.2631525298677646,False,0.6654499986768941,False,9.709053295467884,False,0.5167354621483352,False,357.191934260382,91.0,False,2.2631525298677646,0.4917919837811088,0.04145071081211625,0.0005627843070033724,0.41129215366587757,0.5471969164231515,0.298459,0,False
66342,2026-04-25 14:00:00+00:00,709.64,plan_a,estimated_total_footfall,2.0988703258564763,False,0.4801064638875715,False,2.7921332227871165,False,0.5750746550205137,False,303.23053589532776,1115.0,False,2.0988703258564763,0.4560054591998556,0.02990570926921614,0.00016184572409143574,0.5397738239888179,0.46453124578761484,0.298076,0,False
66335,2026-04-25 12:00:00+00:00,589.81,plan_a,estimated_total_footfall,2.169760319188269,False,0.9682306511818736,False,4.287995260932686,False,0.561996054628771,False,291.49557301963404,156.0,False,2.169760319188269,0.47144782865308466,0.06031084048593354,0.00024855321810667355,0.51097053856286,0.4465539767509663,0.297906,0,False
66335,2026-04-24 14:00:00+00:00,580.41,plan_a,estimated_total_footfall,1.7961914764702909,False,1.9412251703973635,False,0.6877674009287841,False,0.5237857040191343,False,357.191934260382,93.0,False,1.7961914764702909,0.39007120814098944,0.12091842109749806,3.9866368875727084e-05,0.42681905431610884,0.5471969164231515,0.297009,0,False
66332,2026-04-20 14:00:00+00:00,681.44,plan_a,estimated_total_footfall,2.352017080021098,False,1.0010970488984647,False,0.11165193887272754,False,0.544009663339342,False,286.004938366057,87.0,False,2.352017080021098,0.5111498529283096,0.062358080022931264,6.47189351338737e-06,0.47135871875227286,0.43814264921675244,0.296603,0,False
66336,2026-04-25 10:00:00+00:00,528.72,plan_a,estimated_total_footfall,-0.7490791475153874,False,4.952001965420029,False,81.70400692057753,True,0.5530756708071677,False,336.0638910981524,56.0,False,0.7490791475153874,0.1619727885647396,0.3084589402927054,0.004735964621356019,0.4913249837154961,0.5148300039609022,0.296265,1,False
66342,2026-04-24 14:00:00+00:00,707.29,plan_a,estimated_total_footfall,2.0643648333747215,False,1.5828423382178571,False,0.7066655101245348,False,0.5430541207821233,False,303.23053589532776,547.0,False,2.0643648333747215,0.4484889320001005,0.09859484582326805,4.096179589252688e-05,0.4692543066448738,0.46453124578761484,0.296182,0,False
66333,2026-04-25 09:00:00+00:00,592.16,plan_a,estimated_total_footfall,1.542199276426979,False,0.8787817890089398,False,23.207924702124938,False,0.5623336397379388,False,377.2126915828801,213.0,False,1.542199276426979,0.3347426461400073,0.05473909365931225,0.0013452450432596386,0.5117140095737989,0.5778675324716681,0.296082,0,False
66342,2026-04-25 12:00:00+00:00,690.84,plan_a,estimated_total_footfall,1.8228263860024414,False,0.7185079912138562,False,5.229529827481009,False,0.5895438933108205,False,303.23053589532776,1143.0,False,1.8228263860024414,0.3958732416018156,0.04475567964417555,0.0003031291754558791,0.5716397414332435,0.46453124578761484,0.295421,0,False
66338,2026-04-24 11:00:00+00:00,516.98,plan_a,estimated_total_footfall,-0.5500391851985535,False,0.8941917782283401,False,0.09015869644238848,False,0.565008769239141,False,512.1666082269141,3.0,True,0.5500391851985535,0.11861478428806431,0.05569897796019319,5.226039857185874e-06,0.5176055053200237,0.7846089506387723,0.295307,1,False
66340,2026-04-23 16:00:00+00:00,519.33,plan_a,estimated_total_footfall,-0.7538326106537421,False,15.005631285376102,True,28.918176608634575,False,0.3884673685486357,False,161.51256023276898,4.0,False,0.7538326106537421,0.1630082624097041,0.9346969482306291,0.0016762392261342775,0.1288045479333704,0.2474276892785434,0.295123,1,False
66336,2026-04-25 22:00:00+00:00,528.72,plan_a,estimated_total_footfall,-0.7490791475153874,False,8.683295206409724,True,0.7849601694355176,False,0.4457918064735482,False,336.0638910981524,10.0,False,0.7490791475153874,0.1619727885647396,0.5408802452667618,4.55001380193504e-05,0.25505140141750293,0.5148300039609022,0.294556,1,False
66336,2026-04-23 11:00:00+00:00,716.68,plan_a,estimated_total_footfall,1.8987385225920976,False,0.9055183828101426,False,0.01817187670961217,False,0.5491046313190726,False,336.0638910981524,71.0,False,1.8987385225920976,0.4124096130148416,0.05640450927274407,1.0533310230919864e-06,0.4825794772861104,0.5148300039609022,0.293245,0,False
66330,2026-04-25 15:00:00+00:00,578.06,plan_a,estimated_total_footfall,1.2627884497161674,False,1.6237450924940753,False,5.796362849724574,False,0.5758446593987808,False,356.34289280764136,166.0,False,1.2627884497161674,0.2738770004753822,0.10114266796211185,0.00033598559511925457,0.5414696213388515,0.5458962351358846,0.292544,0,False
66340,2026-04-23 17:00:00+00:00,519.33,plan_a,estimated_total_footfall,-0.7538326106537421,False,16.054006931103814,True,20.985733469364213,False,0.3884621123381824,False,109.23056408190254,1.0,False,0.7538326106537421,0.1630082624097041,1.0,0.0012164359498393778,0.12879297206703827,0.16733476350338736,0.29207,1,False
66332,2026-04-24 12:00:00+00:00,639.15,plan_a,estimated_total_footfall,1.5253761309778202,False,2.3815742639170137,False,0.06735834577510377,False,0.550601438695725,False,322.95354615970024,84.0,False,1.5253761309778202,0.33107796491799896,0.14834765389959037,3.904419802251018e-06,0.4858759286498677,0.49474573095395535,0.29201,0,False
66336,2026-04-25 16:00:00+00:00,636.8,plan_a,estimated_total_footfall,0.773458274197833,False,6.00396587639775,False,5.490210998418922,False,0.5126614100233192,False,336.0638910981524,65.0,False,0.773458274197833,0.16728343204886814,0.37398550418994614,0.00031823953355882646,0.4023197802710032,0.5148300039609022,0.291747,0,False
66338,2026-04-26 20:00:00+00:00,519.33,plan_a,estimated_total_footfall,0.33743662664759344,False,0.6306301478745588,False,0.5991672898134014,False,0.5421915054636186,False,572.5208854780425,6.0,True,0.33743662664759344,0.07230236272414091,0.039281791180290654,3.47306722617464e-05,0.4673545502116562,0.8770681336075867,0.291208,1,False
66336,2026-04-21 12:00:00+00:00,716.68,plan_a,estimated_total_footfall,1.8987385225920976,False,0.8998469260174247,False,0.08675021269992289,False,0.5418736636452947,False,336.0638910981524,61.0,False,1.8987385225920976,0.4124096130148416,0.05605123567462884,5.028467436625449e-06,0.4666545602785384,0.5148300039609022,0.28999,0,False
66330,2026-04-23 19:00:00+00:00,601.56,plan_a,estimated_total_footfall,2.0963038175771342,False,1.5260770229859235,False,13.959813256338183,False,0.559040561939993,False,256.6362374405389,73.0,False,2.0963038175771342,0.4554463821398695,0.09505894880543671,0.0008091791846515118,0.5044615928852361,0.3931515364720778,0.289786,0,False
66330,2026-04-25 16:00:00+00:00,575.71,plan_a,estimated_total_footfall,1.179436912930074,False,1.4304874121341882,False,6.3483327203575755,False,0.5975444624511161,True,335.47309403240257,193.0,False,1.179436912930074,0.2557200623089342,0.08910469630872603,0.0003679804736802714,0.5892595684495608,0.5139249378001011,0.289675,1,False
66336,2026-04-24 10:00:00+00:00,747.23,plan_a,estimated_total_footfall,2.3291004603543017,False,0.4105474643086249,False,15.0423665930148,False,0.509971853234459,False,336.0638910981524,133.0,False,2.3291004603543017,0.5061577956451684,0.025572896914178495,0.0008719292809621509,0.39639651099612166,0.5148300039609022,0.288766,0,False
66336,2026-04-23 17:00:00+00:00,676.74,plan_a,estimated_total_footfall,1.3360983983949661,False,1.4252960467650173,False,23.534972087107658,False,0.5779996689795563,False,336.0638910981524,41.0,False,1.3360983983949661,0.28984652253185506,0.08878132748302105,0.001364202312347932,0.5462156456986095,0.5148300039609022,0.288208,0,False
66333,2026-04-25 19:00:00+00:00,578.06,plan_a,estimated_total_footfall,1.1453351954368032,False,0.5355673181693668,False,40.16703659802912,False,0.5923458547440928,False,377.2126915828801,310.0,False,1.1453351954368032,0.2482914917058028,0.03336035174693569,0.0023282782747472345,0.5778105618955022,0.5778675324716681,0.287932,0,False
66340,2026-04-23 10:00:00+00:00,519.33,plan_a,estimated_total_footfall,-0.7538326106537421,False,12.08276845747343,True,12.922131588692336,False,0.3912771013484017,False,250.5405251251944,6.0,False,0.7538326106537421,0.1630082624097041,0.7526325676403992,0.0007490300701658827,0.1349924834446833,0.3838132657486196,0.287039,1,False
66335,2026-04-23 15:00:00+00:00,578.06,plan_a,estimated_total_footfall,1.7027992657907953,False,2.153410583589093,False,11.108290106914433,False,0.5165029871722754,False,337.17117693788396,56.0,False,1.7027992657907953,0.3697270530129654,0.13413539640480476,0.0006438909293793294,0.41078016898179226,0.5165263003746348,0.286363,0,False
66332,2026-04-20 15:00:00+00:00,667.34,plan_a,estimated_total_footfall,2.0764049404725,False,0.9589335306279968,False,0.14667760016754186,False,0.5488321845467379,False,286.004938366057,109.0,False,2.0764049404725,0.4511116968406913,0.05973172521622078,8.502152480895385e-06,0.4819794618477694,0.43814264921675244,0.286195,0,False
66333,2026-04-24 14:00:00+00:00,592.16,plan_a,estimated_total_footfall,1.542199276426979,False,2.0190498966877293,False,11.155974835486763,False,0.5079055114758484,False,377.2126915828801,87.0,False,1.542199276426979,0.3347426461400073,0.12576610346267658,0.0006466549699204138,0.39184576170505725,0.5778675324716681,0.286174,0,False
66335,2026-04-26 10:00:00+00:00,585.11,plan_a,estimated_total_footfall,1.9829758978292822,False,0.8743286305617747,False,0.009267593594529153,False,0.5202354523894948,False,337.17117693788396,107.0,False,1.9829758978292822,0.4307595183970376,0.054461707554629736,5.37195139419063e-07,0.41900025811777547,0.5165263003746348,0.28415,0,False
66335,2026-04-24 11:00:00+00:00,582.76,plan_a,estimated_total_footfall,1.8895836871497864,False,0.6718366525837138,False,2.565898778163209,False,0.5345402902893363,False,337.17117693788396,85.0,False,1.8895836871497864,0.41041536326901346,0.04184853385618421,0.00014873206704751045,0.45050411301507254,0.5165263003746348,0.283889,0,False
66342,2026-04-25 17:00:00+00:00,707.29,plan_a,estimated_total_footfall,2.0643648333747215,False,0.6617609129141222,False,6.2609444060428885,False,0.540713834599817,False,303.23053589532776,1047.0,False,2.0643648333747215,0.4484889320001005,0.04122091860020282,0.0003629150187471173,0.4641002436053797,0.46453124578761484,0.283741,0,False
66330,2026-04-24 08:00:00+00:00,582.76,plan_a,estimated_total_footfall,1.4294915232883625,False,5.0421438743424964,True,12.244170690315126,False,0.5426104103946805,False,210.04193898574997,76.0,False,1.4294915232883625,0.31019087680828006,0.31407385682471595,0.0007097321342335808,0.4682771136308531,0.32177182715654074,0.283005,1,False
66336,2026-04-21 11:00:00+00:00,709.64,plan_a,estimated_total_footfall,1.7995651006004154,False,0.5572831201864795,False,4.024893321050301,False,0.5440623454650796,False,336.0638910981524,66.0,False,1.7995651006004154,0.3908061038260529,0.03471302351980253,0.00023330254037302994,0.4714747417408967,0.5148300039609022,0.282411,0,False
66338,2026-04-22 16:00:00+00:00,519.33,plan_a,estimated_total_footfall,0.33743662664759344,False,0.6946828150598402,False,1152.0666340704302,False,0.5342621849882454,False,508.74209366314096,4.0,True,0.33743662664759344,0.07230236272414091,0.04327161549394425,0.06677942766878074,0.44989163567607154,0.7793627968771455,0.282322,1,False
66336,2026-04-23 15:00:00+00:00,704.94,plan_a,estimated_total_footfall,1.7333555717139235,False,2.1350753414314214,False,23.04807747979497,False,0.5506080406527897,False,269.7891120206489,59.0,False,1.7333555717139235,0.37638330649831053,0.1329932988439679,0.0013359795149421273,0.48589046828316246,0.4133009623745398,0.281981,0,False
66333,2026-04-24 15:00:00+00:00,582.76,plan_a,estimated_total_footfall,1.2776232224335295,False,3.160648711344639,False,0.34656674071546567,False,0.49171524061884986,False,377.2126915828801,94.0,False,1.2776232224335295,0.27710854318387124,0.19687600266454627,2.008870659871804e-05,0.3561895768955481,0.5778675324716681,0.281612,0,False
66342,2026-04-24 12:00:00+00:00,700.24,plan_a,estimated_total_footfall,1.9608483559294587,False,0.38006558764304066,False,0.7891675041983758,False,0.5527459790763989,False,303.23053589532776,583.0,False,1.9608483559294587,0.4259393504008355,0.02367418858569714,4.574401575972202e-05,0.4905988964630782,0.46453124578761484,0.280958,0,False
66336,2026-04-25 20:00:00+00:00,552.22,plan_a,estimated_total_footfall,-0.4180315030829235,False,7.504983959125331,True,7.075728201449095,False,0.5332908734133852,False,260.15769419081494,28.0,False,0.4180315030829235,0.08985880192602681,0.4674835379935467,0.0004101438802746677,0.44775249511895976,0.39854619992957874,0.28081,1,False
66333,2026-04-24 17:00:00+00:00,594.51,plan_a,estimated_total_footfall,1.6083432899253423,False,0.6819211308242091,False,25.75638512803539,False,0.5256557251709435,False,377.2126915828801,48.0,False,1.6083432899253423,0.34915117187904154,0.04247669343551995,0.001492966297956121,0.43093744247499366,0.5778675324716681,0.280385,0,False
66336,2026-04-25 23:00:00+00:00,524.02,plan_a,estimated_total_footfall,-0.8152886764018809,False,7.1790039355902815,True,0.974448159107465,False,0.44774126034783235,False,336.0638910981524,7.0,False,0.8152886764018809,0.1763955858924823,0.4471783254111676,5.648379046286601e-05,0.25934472598464825,0.5148300039609022,0.279561,1,False
66340,2026-04-21 13:00:00+00:00,622.7,plan_a,estimated_total_footfall,1.6923940606901688,False,1.177001368759656,False,7.874595005928212,False,0.5424788873933186,False,316.6477433941975,50.0,False,1.6923940606901688,0.36746042815029334,0.07331511527376236,0.0004564501150088661,0.46798745767113004,0.48508561408709366,0.278861,0,False
66340,2026-04-23 13:00:00+00:00,516.98,plan_a,estimated_total_footfall,-0.8094448064325778,False,12.489120688878357,True,27.26415693813604,False,0.3976275211941244,False,187.53060023217353,5.0,False,0.8094448064325778,0.175122582540934,0.7779441445662595,0.0015803641407162192,0.14897815086414987,0.28728578766625795,0.278182,1,False
66336,2026-04-23 13:00:00+00:00,672.04,plan_a,estimated_total_footfall,1.2698888695084727,False,2.2823507188121517,False,27.255930011584198,False,0.48997669965744944,False,403.8863452810605,50.0,True,1.2698888695084727,0.27542372520411235,0.14216704456444543,0.0015798872677382527,0.3523607504128955,0.6187299922682644,0.278052,1,False
66332,2026-04-22 17:00:00+00:00,646.2,plan_a,estimated_total_footfall,1.6631822007521204,False,0.9675918854631861,False,12.438085579648977,False,0.5694071446595671,False,286.004938366057,107.0,False,1.6631822007521204,0.3610970429618084,0.06027105193212085,0.000720972391474967,0.5272921429456396,0.43814264921675244,0.277505,0,False
66342,2026-04-23 14:00:00+00:00,679.09,plan_a,estimated_total_footfall,1.650298923593669,False,2.4213870106925883,False,0.10708318025075818,False,0.5045225392204108,False,319.35181496386514,658.0,False,1.650298923593669,0.3582906056030404,0.15082757974903296,6.20706587502937e-06,0.3843953685022046,0.4892280917938579,0.27655,0,False
66333,2026-04-24 13:00:00+00:00,592.16,plan_a,estimated_total_footfall,1.542199276426979,False,0.9491747081073094,False,0.33263845674621606,False,0.5164658692797974,False,377.2126915828801,86.0,False,1.542199276426979,0.3347426461400073,0.05912385064867091,1.9281355006051496e-05,0.4106984234417934,0.5778675324716681,0.27649,0,False
66333,2026-04-24 16:00:00+00:00,592.16,plan_a,estimated_total_footfall,1.542199276426979,False,1.6668702356308733,False,6.225637678122821,False,0.4959952695089034,False,377.2126915828801,77.0,False,1.542199276426979,0.3347426461400073,0.10382892213665348,0.00036086846778067783,0.3656155773894076,0.5778675324716681,0.276483,0,False
66340,2026-04-23 15:00:00+00:00,516.98,plan_a,estimated_total_footfall,-0.8094448064325778,False,13.815910899021443,True,35.85984025428802,True,0.38446301354401485,False,145.28128773045853,2.0,False,0.8094448064325778,0.175122582540934,0.8605895685926126,0.0020786120677884867,0.11998567001905029,0.2225623398375516,0.276068,2,True
66335,2026-04-23 13:00:00+00:00,580.41,plan_a,estimated_total_footfall,1.7961914764702909,False,1.5784647812067272,False,9.595190756307138,False,0.4997591600505661,False,337.17117693788396,62.0,False,1.7961914764702909,0.39007120814098944,0.09832216891276736,0.000556184276264522,0.373904875199288,0.5165263003746348,0.275876,0,False
66342,2026-04-24 16:00:00+00:00,693.19,plan_a,estimated_total_footfall,1.8573318784841961,False,0.6617609129141222,False,0.2357503983239463,False,0.5432810697147181,False,303.23053589532776,480.0,False,1.8573318784841961,0.4033897688015706,0.04122091860020282,1.3665248352117257e-05,0.4697541212035303,0.46453124578761484,0.275782,0,False
66336,2026-04-23 12:00:00+00:00,693.19,plan_a,estimated_total_footfall,1.5678317494976917,False,1.641253774033827,False,0.021090089690375916,False,0.5205956980038138,False,336.0638910981524,50.0,False,1.5678317494976917,0.3403263131789542,0.10223327927272675,1.2224849477937898e-06,0.41979363485090293,0.5148300039609022,0.275437,0,False
66332,2026-04-22 09:00:00+00:00,650.9,plan_a,estimated_total_footfall,1.755052913934985,False,0.43481485807737885,False,35.83779971298015,True,0.5855147058183103,False,262.95790827804694,70.0,False,1.755052913934985,0.38110976165768085,0.02708450668692234,0.002077334490007374,0.5627661743920225,0.4028359622867014,0.275175,1,False
66338,2026-04-24 00:00:00+00:00,516.98,plan_a,estimated_total_footfall,-0.5500391851985535,False,3.6956701658087443,True,6896.597410891584,False,0.4558333314058116,False,228.20742499880058,1.0,False,0.5500391851985535,0.11861478428806431,0.23020235270040734,0.3997605818459802,0.277166069659715,0.3496002772928844,0.275069,1,False
66342,2026-04-23 16:00:00+00:00,697.89,plan_a,estimated_total_footfall,1.926342863447704,False,0.5042479026393736,False,10.601706283889163,False,0.5361344170801883,False,303.23053589532776,513.0,False,1.926342863447704,0.4184228232010805,0.031409473336056634,0.0006145268485462912,0.4540148930363863,0.46453124578761484,0.273799,0,False
66332,2026-04-20 10:00:00+00:00,650.9,plan_a,estimated_total_footfall,1.755052913934985,False,0.5477257145131881,False,0.14718898095117378,False,0.5811270064255436,False,260.66708279718154,77.0,False,1.755052913934985,0.38110976165768085,0.034117695156341166,8.531794617072088e-06,0.5531030488137723,0.3993265531456782,0.273533,0,False
66338,2026-04-26 08:00:00+00:00,516.98,plan_a,estimated_total_footfall,-0.5500391851985535,False,0.8941917782283401,False,0.2617181201500234,False,0.4726977762856046,False,572.5208854780425,3.0,True,0.5500391851985535,0.11861478428806431,0.05569897796019319,1.5170464760720859e-05,0.3143070025480458,0.8770681336075867,0.273141,1,False
66340,2026-04-25 17:00:00+00:00,618.0,plan_a,estimated_total_footfall,1.5811696691324975,False,0.6625069053449253,False,16.400590268629724,False,0.5533990101974078,False,316.6477433941975,238.0,False,1.5811696691324975,0.34323178788783354,0.04126738627858396,0.0009506585810055783,0.4920370810705327,0.48508561408709366,0.272515,0,False
66336,2026-04-26 12:00:00+00:00,662.65,plan_a,estimated_total_footfall,1.1376106830735437,False,3.298499178385725,False,0.06493323381085817,False,0.46077611075952,False,403.8863452810605,94.0,True,1.1376106830735437,0.2466088173514523,0.2054626731221258,3.7638484288462975e-06,0.28805165988023135,0.6187299922682644,0.271771,1,False
66342,2026-04-24 13:00:00+00:00,686.14,plan_a,estimated_total_footfall,1.7538154010389317,False,0.4335681168167331,False,0.15494703752924616,False,0.5502243556903678,False,303.23053589532776,649.0,False,1.7538154010389317,0.38084018720230534,0.027006847491557833,8.98148959372048e-06,0.4850454705651143,0.46453124578761484,0.271487,0,False
66336,2026-04-23 14:00:00+00:00,700.24,plan_a,estimated_total_footfall,1.66714604282743,False,1.616068057378217,False,0.024344876817851715,False,0.5013435174853514,False,336.0638910981524,74.0,False,1.66714604282743,0.3619605091705678,0.10066446740141666,1.4111483593784197e-06,0.3773941399557579,0.5148300039609022,0.27097,0,False
66330,2026-04-25 12:00:00+00:00,568.67,plan_a,estimated_total_footfall,0.9297369899623602,False,1.5137178737715622,False,2.118563182448053,False,0.5749508290022547,False,335.47309403240257,172.0,False,0.9297369899623602,0.20132651137625313,0.09428910055089185,0.00012280230380787394,0.5395011192619936,0.5139249378001011,0.269833,0,False
66340,2026-04-26 13:00:00+00:00,589.81,plan_a,estimated_total_footfall,0.9140599674280863,False,0.7785596382751793,False,0.08726278207142038,False,0.6098215140989058,False,316.6477433941975,214.0,False,0.9140599674280863,0.19791149661150656,0.04849628143406117,5.058178469179367e-06,0.6162975856844765,0.48508561408709366,0.269559,0,False
66331,2026-04-25 15:00:00+00:00,554.57,plan_a,estimated_total_footfall,1.0440288638762902,False,0.9284311816124823,False,0.05804550370247181,False,0.5330595118369151,False,401.161729637475,237.0,False,1.0440288638762902,0.22622335872423063,0.05783174167028012,3.364601839306624e-06,0.44724296249894985,0.6145560422553801,0.269171,0,False
66331,2026-04-25 20:00:00+00:00,563.97,plan_a,estimated_total_footfall,1.4915183823415563,False,1.2388093238449114,False,9.680140817818442,False,0.4794438229536975,False,401.161729637475,453.0,False,1.4915183823415563,0.3237025394351859,0.07716511704282263,0.00056110839811684,0.32916396750284244,0.6145560422553801,0.26903,0,False
66342,2026-04-24 15:00:00+00:00,681.44,plan_a,estimated_total_footfall,1.6848044160754239,False,1.5745270558133018,False,0.24362011418480128,False,0.5152822593081,False,303.23053589532776,453.0,False,1.6848044160754239,0.36580713280279553,0.09807688900163214,1.412141564796804e-05,0.4080917335188155,0.46453124578761484,0.267304,0,False
66342,2026-04-26 17:00:00+00:00,681.44,plan_a,estimated_total_footfall,1.6848044160754239,False,0.019661723997532826,False,0.1511024367499223,False,0.5582090574823882,False,303.23053589532776,1412.0,False,1.6848044160754239,0.36580713280279553,0.0012247237765569444,8.758637692566905e-06,0.502630352576031,0.46453124578761484,0.26684,0,False
66336,2026-04-25 19:00:00+00:00,580.41,plan_a,estimated_total_footfall,-0.020915201102023932,False,6.68028533902564,True,11.346616252714304,False,0.5107877117009496,False,336.0638910981524,42.0,False,0.020915201102023932,0.0033527047623966425,0.4161132711412333,0.0006577054806772788,0.3981932937996049,0.5148300039609022,0.266629,1,False
66332,2026-04-24 14:00:00+00:00,634.45,plan_a,estimated_total_footfall,1.4335054177949558,False,2.0425646266518718,False,0.07847532121861729,False,0.510610705926781,False,322.95354615970024,74.0,False,1.4335054177949558,0.3110652462221265,0.12723082999886512,4.548814176301034e-06,0.3978034701424314,0.49474573095395535,0.26617,0,False
66342,2026-04-24 17:00:00+00:00,662.65,plan_a,estimated_total_footfall,1.408907308104288,False,0.7476307608366065,False,0.22790075755939,False,0.5614267861738278,False,303.23053589532776,404.0,False,1.408907308104288,0.30570690042688164,0.04656972954135894,1.3210244707223437e-05,0.5097168262923885,0.46453124578761484,0.265308,0,False
66333,2026-04-26 09:00:00+00:00,578.06,plan_a,estimated_total_footfall,1.1453351954368032,False,0.7549704556204583,False,0.7605563314998346,False,0.5352735045028261,False,377.2126915828801,80.0,False,1.1453351954368032,0.2482914917058028,0.04702691725875251,4.4085571984650916e-05,0.45211888658693344,0.5778675324716681,0.26507,0,False
66330,2026-04-24 14:00:00+00:00,578.06,plan_a,estimated_total_footfall,1.2627884497161674,False,2.501894637106762,False,4.702819424418515,False,0.5003869066746439,False,335.47309403240257,202.0,False,1.2627884497161674,0.2738770004753822,0.15584237927912375,0.00027259845941610193,0.3752873752105209,0.5139249378001011,0.263841,0,False
66342,2026-04-23 15:00:00+00:00,672.04,plan_a,estimated_total_footfall,1.5467824461484045,False,1.775438898094529,False,1.4797765758623553,False,0.5147121880290465,False,303.23053589532776,229.0,False,1.5467824461484045,0.3357410240037751,0.11059163645025638,8.57751017965121e-05,0.40683625317138583,0.46453124578761484,0.263557,0,False
66342,2026-04-25 11:00:00+00:00,676.74,plan_a,estimated_total_footfall,1.6157934311119142,False,0.5726643561798233,False,0.14008453868379298,False,0.5418838560643283,False,303.23053589532776,982.0,False,1.6157934311119142,0.35077407840328534,0.035671116789560836,8.11998632882634e-06,0.46667700726413425,0.46453124578761484,0.263532,0,False
66336,2026-04-22 11:00:00+00:00,641.5,plan_a,estimated_total_footfall,0.8396678030843264,False,0.5344707662654716,False,31.565293520323838,False,0.5947296150393282,True,336.0638910981524,63.0,False,0.8396678030843264,0.18170622937661082,0.03329204780832391,0.0018296790942002358,0.5830603689172137,0.5148300039609022,0.262944,1,False
66330,2026-04-24 09:00:00+00:00,578.06,plan_a,estimated_total_footfall,1.2627884497161674,False,4.682324587560403,True,10.767005556627916,False,0.4969106861513956,False,247.676685298809,136.0,False,1.2627884497161674,0.2738770004753822,0.2916608051594048,0.000624108404422585,0.36763161932414107,0.3794260325223913,0.262644,1,False
66335,2026-04-24 18:00:00+00:00,578.06,plan_a,estimated_total_footfall,1.7027992657907953,False,0.6802790854311526,False,20.607986060889036,True,0.5037668504709303,False,337.17117693788396,74.0,False,1.7027992657907953,0.3697270530129654,0.04237441084650006,0.001194539858940355,0.3827310987720724,0.5165263003746348,0.262511,1,False
66336,2026-04-25 18:00:00+00:00,556.92,plan_a,estimated_total_footfall,-0.35182197419643163,False,6.344568826137704,True,1.1416800616111604,False,0.4783189181625138,False,336.0638910981524,32.0,False,0.35182197419643163,0.07543600459828446,0.3952015751186346,6.617737103094573e-05,0.3266865652727118,0.5148300039609022,0.262444,1,False
66340,2026-04-22 16:00:00+00:00,620.35,plan_a,estimated_total_footfall,1.636781864911333,False,0.7995461107687265,False,12.083577540076698,False,0.5209775766108623,False,316.6477433941975,86.0,False,1.636781864911333,0.3553461080190634,0.04980352345679177,0.0007004233682791689,0.42063465439331743,0.48508561408709366,0.262314,0,False
66336,2026-04-25 12:00:00+00:00,568.67,plan_a,estimated_total_footfall,-0.18629815198019967,False,4.913613595718174,False,41.321021905438954,True,0.5336219435430014,False,336.0638910981524,59.0,False,0.18629815198019967,0.039379011278928074,0.306067738528149,0.002395168918124985,0.44848161804906816,0.5148300039609022,0.262231,1,False
66336,2026-04-22 13:00:00+00:00,690.84,plan_a,estimated_total_footfall,1.534726985054445,False,0.9994893639665465,False,24.601242237270668,False,0.5112957864869447,False,336.0638910981524,67.0,False,1.534726985054445,0.3331149145150828,0.06225793773827811,0.001426008555374529,0.3993122379251544,0.5148300039609022,0.262188,0,False
66331,2026-04-25 21:00:00+00:00,556.92,plan_a,estimated_total_footfall,1.1559012434926028,False,1.0774851046283171,False,9.127550264481537,False,0.501003844931905,False,401.161729637475,334.0,False,1.1559012434926028,0.2505931539019686,0.06711627254506444,0.0005290775417447272,0.37664607172099024,0.6145560422553801,0.261888,0,False
66342,2026-04-23 13:00:00+00:00,683.79,plan_a,estimated_total_footfall,1.719309908557177,False,1.3849350336572972,False,7.991057514933189,False,0.5043097858764348,False,303.23053589532776,468.0,False,1.719309908557177,0.37332366000255024,0.0862672502634876,0.0004632008527407143,0.3839268171963832,0.46453124578761484,0.261702,0,False
66338,2026-04-26 06:00:00+00:00,516.98,plan_a,estimated_total_footfall,-0.5500391851985535,False,0.8188458823419899,False,0.1765313986289731,False,0.3917856025608479,False,652.7667162220681,2.0,True,0.5500391851985535,0.11861478428806431,0.051005701309092995,1.023262493451531e-05,0.13611236669845866,1.0,0.261149,1,False
66333,2026-04-26 17:00:00+00:00,582.76,plan_a,estimated_total_footfall,1.2776232224335295,False,0.6744907594765952,False,0.1430647382042699,False,0.5111905357862201,False,377.2126915828801,139.0,False,1.2776232224335295,0.27710854318387124,0.04201385749808068,8.292733297127184e-06,0.39908044202318865,0.5778675324716681,0.259216,0,False
66335,2026-04-23 14:00:00+00:00,559.27,plan_a,estimated_total_footfall,0.956058994017305,False,1.6208344247861055,False,0.0401113381098559,False,0.5430956944826216,False,337.17117693788396,66.0,False,0.956058994017305,0.20706038286166004,0.10096136321243403,2.3250497174292585e-06,0.46934586530755923,0.5165263003746348,0.258779,0,False
66342,2026-04-23 12:00:00+00:00,665.0,plan_a,estimated_total_footfall,1.443412800586043,False,1.1466623219829488,False,0.38115325842693076,False,0.5313419115595606,False,303.23053589532776,140.0,False,1.443412800586043,0.3132234276266368,0.07142530378265562,2.2093510652167077e-05,0.44346025413914836,0.46453124578761484,0.258532,0,False
66336,2026-04-24 12:00:00+00:00,695.54,plan_a,estimated_total_footfall,1.6009365139409366,False,1.641253774033827,False,6.167717199058168,False,0.4786129663340928,False,336.0638910981524,66.0,False,1.6009365139409366,0.3475377118428251,0.10223327927272675,0.00035751111298204676,0.3273341539413217,0.5148300039609022,0.258459,0,False
66342,2026-04-23 11:00:00+00:00,686.14,plan_a,estimated_total_footfall,1.7538154010389317,False,0.6517952765311101,False,7.76522443971572,False,0.5030160537374306,False,319.35181496386514,161.0,False,1.7538154010389317,0.38084018720230534,0.04060016164988008,0.00045011046103444655,0.38107760283488323,0.4892280917938579,0.258439,0,False
66335,2026-04-23 10:00:00+00:00,566.32,plan_a,estimated_total_footfall,1.2362356260557918,False,0.41567534247555205,False,0.20820352903521563,False,0.5481486691861617,False,337.17117693788396,69.0,False,1.2362356260557918,0.2680928482457322,0.025892311138236923,1.2068496818164154e-05,0.48047414113806003,0.5165263003746348,0.2582,0,False
66340,2026-04-20 16:00:00+00:00,622.7,plan_a,estimated_total_footfall,1.6923940606901688,False,0.7995461107687265,False,0.03155655602710973,False,0.5062668001682709,False,316.6477433941975,74.0,False,1.6923940606901688,0.36746042815029334,0.04980352345679177,1.8291726262765565e-06,0.38823679223515123,0.48508561408709366,0.258118,0,False
66336,2026-04-25 09:00:00+00:00,554.57,plan_a,estimated_total_footfall,-0.38492673863967675,False,5.0993312596370215,False,16.461500451864794,False,0.49817298599683185,False,336.0638910981524,39.0,False,0.38492673863967675,0.08264740326215546,0.3176360444791717,0.0009541892337085971,0.37041160966348946,0.5148300039609022,0.257296,0,False
66342,2026-04-26 10:00:00+00:00,686.14,plan_a,estimated_total_footfall,1.7538154010389317,False,1.0725445480628724,False,0.16354621764758367,False,0.4987379569890043,False,303.23053589532776,1031.0,False,1.7538154010389317,0.38084018720230534,0.06680852653581906,9.479940212583062e-06,0.37165585753845354,0.46453124578761484,0.256769,0,False
66336,2026-04-25 21:00:00+00:00,540.47,plan_a,estimated_total_footfall,-0.5835553252991554,False,7.959463540444531,True,1.5933007712557654,False,0.4623098970658271,False,239.77107502995202,11.0,False,0.5835553252991554,0.1259157952453832,0.49579295527918826,9.23555204725965e-05,0.29142955074314664,0.3673151051843505,0.256109,1,False
66333,2026-04-24 12:00:00+00:00,592.16,plan_a,estimated_total_footfall,1.542199276426979,False,0.8821282854076958,False,0.5157298094795688,False,0.5262056532546004,False,298.9220375088999,100.0,False,1.542199276426979,0.3347426461400073,0.05494754606705804,2.9894227026689052e-05,0.43214856102612864,0.4579308810947525,0.25596,0,False
66332,2026-04-23 09:00:00+00:00,516.98,plan_a,estimated_total_footfall,-0.8626760029691426,False,5.519406253106805,True,9.882610581303558,False,0.5417022207689287,False,184.10996207850152,1.0,False,0.8626760029691426,0.18671823609823834,0.3438024087564855,0.0005728445377861214,0.466276987911901,0.28204557233562777,0.255883,1,False
66331,2026-04-26 08:00:00+00:00,563.97,plan_a,estimated_total_footfall,1.4915183823415563,False,1.3563366232543994,False,0.2566158374973664,False,0.5302877729697281,False,275.7106181008524,351.0,False,1.4915183823415563,0.3237025394351859,0.08448586256846363,1.4874711455076603e-05,0.4411387018497588,0.42237235944955404,0.254343,0,False
66335,2026-04-23 17:00:00+00:00,561.62,plan_a,estimated_total_footfall,1.0494512046968005,False,1.4521236078559148,False,3.356942202100452,False,0.5242947169583427,False,337.17117693788396,53.0,False,1.0494512046968005,0.22740453798968407,0.0904524094257428,0.00019458482030800664,0.42794006455683636,0.5165263003746348,0.252504,0,False
66335,2026-04-25 09:00:00+00:00,556.92,plan_a,estimated_total_footfall,0.8626667833378094,False,0.9970114855631234,False,1.6891399626393144,False,0.555262057891739,False,337.17117693788396,145.0,False,0.8626667833378094,0.186716227733636,0.062103591324074045,9.791082965312511e-05,0.4961401114327016,0.5165263003746348,0.252317,0,False
66340,2026-04-25 10:00:00+00:00,613.31,plan_a,estimated_total_footfall,1.4701819252164379,False,0.7777116645949623,False,18.96945922369464,False,0.5150983700290909,False,316.6477433941975,226.0,False,1.4701819252164379,0.3190546979238044,0.04844346136964635,0.001099562814061291,0.40768675016957134,0.48508561408709366,0.252274,0,False
66331,2026-04-26 09:00:00+00:00,563.97,plan_a,estimated_total_footfall,1.4915183823415563,False,0.8443489593962692,False,0.2743943485144683,False,0.5464061109748403,False,266.059080780759,457.0,False,1.4915183823415563,0.3237025394351859,0.052594281478749484,1.5905241074991452e-05,0.476636467378739,0.4075867751355248,0.252107,0,False
66336,2026-04-20 13:00:00+00:00,683.79,plan_a,estimated_total_footfall,1.4354126917247048,False,1.5467762935368654,False,0.9004260373308521,False,0.48260465708614597,False,336.0638910981524,84.0,False,1.4354126917247048,0.31148071852346876,0.09634830109236255,5.2193105548568935e-05,0.3361251410974194,0.5148300039609022,0.251767,0,False
66336,2026-04-25 14:00:00+00:00,528.72,plan_a,estimated_total_footfall,-0.7490791475153874,False,5.116832726015703,False,86.74062859277535,True,0.4472014695951814,False,336.0638910981524,24.0,False,0.7490791475153874,0.1619727885647396,0.3187262063592425,0.005027911894809463,0.2581559330975505,0.5148300039609022,0.251743,1,False
66336,2026-04-25 08:00:00+00:00,521.67,plan_a,estimated_total_footfall,-0.8483934408451276,False,4.7187118030608115,False,19.13603250840763,False,0.5050542418408974,False,253.62577016679964,13.0,False,0.8483934408451276,0.18360698455635366,0.29392735553879384,0.0011092182179147478,0.3855663487203383,0.38853967866909034,0.25055,0,False
66330,2026-04-24 11:00:00+00:00,575.71,plan_a,estimated_total_footfall,1.179436912930074,False,2.4502263581598442,False,5.978389045896669,False,0.5413946329972625,False,246.39559302926017,238.0,False,1.179436912930074,0.2557200623089342,0.15262397535238736,0.0003465367254459355,0.4655995806882328,0.3774634749383233,0.250351,0,False
66332,2026-04-24 11:00:00+00:00,627.4,plan_a,estimated_total_footfall,1.2956993480206556,False,1.047659934166313,False,0.06025710944780379,False,0.5421085813506268,False,286.004938366057,98.0,False,1.2956993480206556,0.2810461681783171,0.06525847027862719,3.4927973460026615e-06,0.4671719246383031,0.43814264921675244,0.250325,0,False
66336,2026-04-26 00:00:00+00:00,535.77,plan_a,estimated_total_footfall,-0.6497648541856489,False,6.10667401938423,False,1.5910954290372739,False,0.4280731754023219,False,335.7684925652774,33.0,False,0.6497648541856489,0.14033859257312592,0.380383168239006,9.222768803060976e-05,0.21602927574540165,0.5143774708805015,0.250244,0,False
66336,2026-04-20 16:00:00+00:00,693.19,plan_a,estimated_total_footfall,1.5678317494976917,False,1.4740142732674584,False,0.03355343426368615,False,0.5128297296005818,False,271.54468161441895,50.0,False,1.5678317494976917,0.3403263131789542,0.09181597339488072,1.944921474319894e-06,0.4026904741282551,0.41599039115536146,0.250165,0,False
66335,2026-04-24 17:00:00+00:00,568.67,plan_a,estimated_total_footfall,1.329627836735283,False,1.6161641751466382,False,0.44650783331624416,False,0.5183444165400145,False,291.49557301963404,83.0,False,1.329627836735283,0.2884370033737553,0.10067045455271376,2.5881782074649753e-05,0.4148355888342268,0.4465539767509663,0.250105,0,False
66342,2026-04-26 18:00:00+00:00,646.2,plan_a,estimated_total_footfall,1.1673688607320079,False,0.1918990609743731,False,0.482778295131193,False,0.5660525207661888,False,303.23053589532776,976.0,False,1.1673688607320079,0.25309121002859675,0.011953343598138015,2.7984195780293604e-05,0.5199041819556612,0.46453124578761484,0.249902,0,False
66340,2026-04-26 15:00:00+00:00,608.61,plan_a,estimated_total_footfall,1.3589575336587691,False,2.032439985212956,False,0.08573600033376778,False,0.48545230774998166,False,316.6477433941975,205.0,False,1.3589575336587691,0.2948260576613452,0.12660016866413631,4.969678717862592e-06,0.34239658394352573,0.48508561408709366,0.249783,0,False
66335,2026-04-23 12:00:00+00:00,568.67,plan_a,estimated_total_footfall,1.329627836735283,False,0.472138043980003,False,0.22250070897667318,False,0.5174860347665617,False,337.17117693788396,72.0,False,1.329627836735283,0.2884370033737553,0.029409358424111538,1.2897231429108315e-05,0.41294515602913784,0.5165263003746348,0.249466,0,False
66332,2026-04-22 10:00:00+00:00,632.1,plan_a,estimated_total_footfall,1.3875700612035222,False,0.6372162440787548,False,0.2748718919048107,False,0.5582503383540006,False,262.95790827804694,78.0,False,1.3875700612035222,0.30105888687419,0.039692037434229645,1.5932921830037193e-05,0.502721266335307,0.4028359622867014,0.249265,0,False
66331,2026-04-23 12:00:00+00:00,519.33,plan_a,estimated_total_footfall,-0.6335807776892438,False,2.657137060070171,False,5.146608571128937,False,0.47939210758997114,False,401.161729637475,181.0,False,0.6335807776892438,0.13681312336695622,0.1655123902383588,0.00029832265309249546,0.3290500736351731,0.6145560422553801,0.249246,0,False
66332,2026-04-25 19:00:00+00:00,566.32,plan_a,estimated_total_footfall,0.10177101584843344,False,1.037647783672588,False,0.22496275862262585,False,0.631905179152234,True,322.95354615970024,58.0,False,0.10177101584843344,0.020965985637060418,0.06463481597620334,1.3039943891553254e-05,0.6649329204091201,0.49474573095395535,0.249058,1,False
66332,2026-04-25 16:00:00+00:00,589.81,plan_a,estimated_total_footfall,0.5609291121602442,False,2.4283729359135413,False,1.4606125167975315,False,0.5468394552456537,False,322.95354615970024,51.0,False,0.5609291121602442,0.12098699886387933,0.15126273125051998,8.466425902204684e-05,0.4775908308691797,0.49474573095395535,0.248934,0,False
66342,2026-04-25 10:00:00+00:00,662.65,plan_a,estimated_total_footfall,1.408907308104288,False,0.5696886586598892,False,0.5013104783130204,False,0.5291847097657117,False,303.23053589532776,938.0,False,1.408907308104288,0.30570690042688164,0.035485761349470124,2.9058411932151867e-05,0.4387094018209718,0.46453124578761484,0.248892,0,False
66332,2026-04-25 14:00:00+00:00,587.46,plan_a,estimated_total_footfall,0.5149937555688131,False,2.0147698518128525,False,9.063292160795204,False,0.561438635058522,False,322.95354615970024,90.0,False,0.5149937555688131,0.11098063951594335,0.12549950055828987,0.0005253528271662888,0.5097429213482509,0.49474573095395535,0.248299,0,False
66332,2026-04-25 15:00:00+00:00,599.21,plan_a,estimated_total_footfall,0.7446705385259779,False,2.0859454543814353,False,1.8215263109974171,False,0.5367605025222653,False,322.95354615970024,92.0,False,0.7446705385259779,0.16101243625562522,0.12993301070152294,0.00010558459114665818,0.45539373459045396,0.49474573095395535,0.248238,0,False
66342,2026-04-23 17:00:00+00:00,674.39,plan_a,estimated_total_footfall,1.5812879386301595,False,0.3448302956751143,False,5.108301395862109,False,0.5153068791929063,False,303.23053589532776,476.0,False,1.5812879386301595,0.34325755120353024,0.021479391229551753,0.00029610218149452185,0.4081459544253337,0.46453124578761484,0.247542,0,False
66336,2026-04-20 14:00:00+00:00,665.0,plan_a,estimated_total_footfall,1.1707154475167905,False,1.9257785842462836,False,0.027410688861599128,False,0.48845234752852196,False,336.0638910981524,60.0,False,1.1707154475167905,0.2538202160153236,0.11995625718307037,1.588857849061454e-06,0.34900363664352874,0.5148300039609022,0.247522,0,False
66330,2026-04-25 17:00:00+00:00,554.57,plan_a,estimated_total_footfall,0.42962776924578333,False,1.33636820513177,False,1.413046780083547,False,0.5760242872185266,False,335.47309403240257,177.0,False,0.42962776924578333,0.09238488237756144,0.08324203489302258,8.190711583217679e-05,0.5418652195838936,0.5139249378001011,0.2463,0,False
66336,2026-04-23 10:00:00+00:00,693.19,plan_a,estimated_total_footfall,1.5678317494976917,False,0.38217425622476286,False,0.014481933001155235,False,0.48917608971595433,False,336.0638910981524,62.0,False,1.5678317494976917,0.3403263131789542,0.023805537014209198,8.394438036434381e-07,0.3505975497668766,0.5148300039609022,0.245912,0,False
66336,2026-04-25 13:00:00+00:00,559.27,plan_a,estimated_total_footfall,-0.31871720975318496,False,5.084486435602323,False,2.2510789913519997,False,0.47945559257178805,False,336.0638910981524,46.0,False,0.31871720975318496,0.06822460593441312,0.3167113641736003,0.0001304835694690493,0.3291898879881438,0.5148300039609022,0.245817,0,False
66340,2026-04-26 12:00:00+00:00,575.71,plan_a,estimated_total_footfall,0.5803867927550774,False,0.6744907594765952,False,0.009213681441886003,False,0.5917726906985686,False,316.6477433941975,234.0,False,0.5803867927550774,0.12522557582412833,0.04201385749808068,5.340701268621231e-07,0.5765482702813663,0.48508561408709366,0.245775,0,False
66336,2026-04-25 02:00:00+00:00,519.33,plan_a,estimated_total_footfall,-0.8813573339503165,False,5.1651656006626885,False,0.25312388445154854,False,0.4191200809811431,False,336.0638910981524,3.0,False,0.8813573339503165,0.19078769641739968,0.32173684880224174,1.4672300744663027e-05,0.1963116816348286,0.5148300039609022,0.244736,0,False
66340,2026-04-24 17:00:00+00:00,580.41,plan_a,estimated_total_footfall,0.6916111843127462,False,3.123702973240507,False,1.3548849359697541,False,0.5083105693763014,False,316.6477433941975,105.0,False,0.6916111843127462,0.14945421608658754,0.19457466205452378,7.85357703325184e-05,0.39273782950828734,0.48508561408709366,0.244386,0,False
66336,2026-04-25 11:00:00+00:00,578.06,plan_a,estimated_total_footfall,-0.05401996554527065,False,4.928545102772068,False,54.63763226828379,True,0.5052495070547449,False,336.0638910981524,44.0,False,0.05401996554527065,0.010564103426267991,0.3069978182968929,0.0031670649111345075,0.38599638553771526,0.5148300039609022,0.244311,1,False
66332,2026-04-26 12:00:00+00:00,622.7,plan_a,estimated_total_footfall,1.203828634837791,False,1.3958837398788262,False,0.11654891282014197,False,0.5019117768181232,False,322.95354615970024,100.0,False,1.203828634837791,0.2610334494824446,0.08694924238349325,6.755746120386206e-06,0.37864562981457506,0.49474573095395535,0.244276,0,False
66335,2026-04-23 11:00:00+00:00,559.27,plan_a,estimated_total_footfall,0.956058994017305,False,0.4139768918600196,False,0.1411925317543897,False,0.5416058997257278,False,337.17117693788396,61.0,False,0.956058994017305,0.20706038286166004,0.0257865150822852,8.184211036779215e-06,0.466064857988458,0.5165263003746348,0.243089,0,False
66340,2026-04-22 15:00:00+00:00,606.26,plan_a,estimated_total_footfall,1.3033453378799333,False,2.018702071955535,False,0.24123088244470428,False,0.4759402872567767,False,316.6477433941975,112.0,False,1.3033453378799333,0.2827117375301153,0.12574443754875947,1.398292406818151e-05,0.3214480548167912,0.48508561408709366,0.243001,0,False
66330,2026-04-25 10:00:00+00:00,547.52,plan_a,estimated_total_footfall,0.1795731588874908,False,1.572769186546643,False,0.1952301948649834,False,0.5864012541765268,False,335.47309403240257,204.0,False,0.1795731588874908,0.03791406787821471,0.09796739177304599,1.131649879546039e-05,0.5647186390779031,0.5139249378001011,0.242907,0,False
66336,2026-04-22 15:00:00+00:00,676.74,plan_a,estimated_total_footfall,1.3360983983949661,False,0.8586155286443037,False,11.234066875345668,False,0.4914115752091969,False,336.0638910981524,75.0,False,1.3360983983949661,0.28984652253185506,0.05348294244104132,0.0006511815672308837,0.3555208079748503,0.5148300039609022,0.242866,0,False
66336,2026-04-25 15:00:00+00:00,526.37,plan_a,estimated_total_footfall,-0.7821839119586341,False,5.89421626956412,False,48.16585494275218,True,0.40053849146315157,False,336.0638910981524,6.0,False,0.7821839119586341,0.16918418722861095,0.3671492291525288,0.002791928983213543,0.15538904385069627,0.5148300039609022,0.241869,1,False
66336,2026-04-21 17:00:00+00:00,643.85,plan_a,estimated_total_footfall,0.8727725675275732,False,3.0965255438474286,False,8.367482263518724,False,0.4712929616378865,False,336.0638910981524,41.0,False,0.8727725675275732,0.18891762804048218,0.19288178690443128,0.0004850202757910046,0.31121314876730494,0.5148300039609022,0.241666,0,False
66338,2026-04-26 17:00:00+00:00,521.67,plan_a,estimated_total_footfall,1.2211359456773345,False,1.2959174264251963,False,0.4664226673286321,False,0.47174894642499177,False,359.04320464703824,2.0,False,1.2211359456773345,0.26480359919843066,0.0807223661972154,2.7036143444154297e-05,0.3122173739580356,0.5500329531582512,0.241561,0,False
66333,2026-04-25 20:00:00+00:00,566.32,plan_a,estimated_total_footfall,0.8148965918322205,False,0.6744907594765952,False,31.220866897556537,False,0.5160587432943358,False,377.2126915828801,253.0,False,0.8148965918322205,0.1763101758861184,0.04201385749808068,0.001809714439325173,0.40980180105007474,0.5778675324716681,0.241561,0,False
66342,2026-04-26 19:00:00+00:00,615.66,plan_a,estimated_total_footfall,0.7189442903520998,False,1.2273626170306458,False,0.6661035800069681,False,0.5614522416351252,False,303.23053589532776,818.0,False,0.7189442903520998,0.15540834165390777,0.07645210459282248,3.861062765426108e-05,0.5097728874071435,0.46453124578761484,0.241241,0,False
66333,2026-04-23 11:00:00+00:00,519.33,plan_a,estimated_total_footfall,-0.5077022142478035,False,1.0312625135152054,False,35.645373366891214,False,0.5354357918525211,False,377.2126915828801,76.0,False,0.5077022142478035,0.10939228170025686,0.06423707912553514,0.0020661805160268826,0.4524762955385243,0.5778675324716681,0.241208,0,False
66336,2026-04-25 07:00:00+00:00,521.67,plan_a,estimated_total_footfall,-0.8483934408451276,False,3.4907557872198165,False,13.427041836674961,False,0.460380252204472,False,336.0638910981524,12.0,False,0.8483934408451276,0.18360698455635366,0.21743828828531625,0.0007782971423883047,0.28717985199499657,0.5148300039609022,0.240767,0,False
66330,2026-04-25 13:00:00+00:00,563.97,plan_a,estimated_total_footfall,0.7630339163901693,False,1.535261561226435,False,1.9458168704506726,False,0.57835032715587,False,256.6362374405389,179.0,False,0.7630339163901693,0.1650126350433562,0.09563105135154419,0.00011278908104286809,0.5469879078089868,0.3931515364720778,0.240179,0,False
66342,2026-04-24 11:00:00+00:00,665.0,plan_a,estimated_total_footfall,1.443412800586043,False,0.7185079912138562,False,0.2528288083611829,False,0.5014493005678906,False,303.23053589532776,573.0,False,1.443412800586043,0.3132234276266368,0.04475567964417555,1.4655196688482058e-05,0.3776271083337456,0.46453124578761484,0.24003,0,False
66331,2026-04-26 20:00:00+00:00,554.57,plan_a,estimated_total_footfall,1.0440288638762902,False,0.9758717955952023,False,0.22646954482682788,False,0.545864870578277,False,284.6448083380434,522.0,False,1.0440288638762902,0.22622335872423063,0.06078680542391575,1.312728460376563e-05,0.4754444819093984,0.43605901046156986,0.239705,0,False
66332,2026-04-25 18:00:00+00:00,589.81,plan_a,estimated_total_footfall,0.5609291121602442,False,1.9852749493115855,False,8.370486471197019,False,0.5364773304989207,False,322.95354615970024,45.0,False,0.5609291121602442,0.12098699886387933,0.12366227059895042,0.00048519441438978154,0.45477009869909435,0.49474573095395535,0.23893,0,False
66335,2026-04-25 18:00:00+00:00,552.22,plan_a,estimated_total_footfall,0.6758823619788227,False,0.6802790854311526,False,8.982541133695477,False,0.5519607855015811,False,337.17117693788396,55.0,False,0.6758823619788227,0.14602791747758886,0.04237441084650006,0.0005206721019253074,0.4888696476159016,0.5165263003746348,0.238864,0,False
66335,2026-04-23 18:00:00+00:00,556.92,plan_a,estimated_total_footfall,0.8626667833378094,False,0.5205471153091009,False,9.32880031822248,False,0.5360949367927728,False,337.17117693788396,33.0,False,0.8626667833378094,0.186716227733636,0.032424747139019085,0.0005407429810602017,0.4539279447427565,0.5165263003746348,0.238027,0,False
66338,2026-04-21 23:00:00+00:00,519.33,plan_a,estimated_total_footfall,0.33743662664759344,False,0.2012379407985944,False,3455.491122442861,False,0.426422418785145,False,452.0273285133175,1.0,True,0.33743662664759344,0.07230236272414091,0.012535060042157214,0.2002971986576777,0.21239377862880227,0.6924791311809776,0.238002,1,False
66340,2026-04-22 12:00:00+00:00,613.31,plan_a,estimated_total_footfall,1.4701819252164379,False,0.677807907585753,False,0.3953302115752721,False,0.4860018317267066,False,316.6477433941975,81.0,False,1.4701819252164379,0.3190546979238044,0.04222048180834749,2.2915276329025898e-05,0.3436068125211959,0.48508561408709366,0.237998,0,False
66335,2026-04-24 09:00:00+00:00,556.92,plan_a,estimated_total_footfall,0.8626667833378094,False,0.7345813066031395,False,2.1769573613399915,False,0.5296089218778555,False,337.17117693788396,57.0,False,0.8626667833378094,0.186716227733636,0.04575688236311434,0.00012618711656980108,0.439643653360222,0.5165263003746348,0.237754,0,False
66332,2026-04-20 17:00:00+00:00,603.91,plan_a,estimated_total_footfall,0.8365412517088424,False,0.9675918854631861,False,0.02791829023433952,False,0.5348907166815674,False,322.95354615970024,45.0,False,0.8365412517088424,0.18102515495149768,0.06027105193212085,1.6182809120623554e-06,0.45127586466233555,0.49474573095395535,0.237464,0,False
66342,2026-04-24 10:00:00+00:00,650.9,plan_a,estimated_total_footfall,1.2363798456955157,False,1.0725445480628724,False,0.7740595381075388,False,0.5058799532930179,False,303.23053589532776,462.0,False,1.2363798456955157,0.26812426442810655,0.06680852653581906,4.4868284010403985e-05,0.38738483096786724,0.46453124578761484,0.237379,0,False
66342,2026-04-25 18:00:00+00:00,660.3,plan_a,estimated_total_footfall,1.3744018156225333,False,0.7476307608366065,False,5.585682886220634,False,0.5005413045275037,False,303.23053589532776,633.0,False,1.3744018156225333,0.2981903732271266,0.04656972954135894,0.0003237735520238267,0.3756274089520429,0.46453124578761484,0.237049,0,False
66338,2026-04-24 10:00:00+00:00,519.33,plan_a,estimated_total_footfall,0.33743662664759344,False,0.8941917782283401,False,0.09329141576069984,False,0.45272163103807134,False,512.1666082269141,2.0,True,0.33743662664759344,0.07230236272414091,0.05569897796019319,5.407627620373343e-06,0.27031310442127343,0.7846089506387723,0.236586,1,False
66340,2026-04-20 15:00:00+00:00,599.21,plan_a,estimated_total_footfall,1.136508750543429,False,2.018702071955535,False,0.31914124134231997,False,0.4778454594582698,False,316.6477433941975,64.0,False,1.136508750543429,0.2463687771364262,0.12574443754875947,1.849899025983029e-05,0.3256438568951124,0.48508561408709366,0.236572,0,False
66340,2026-04-23 11:00:00+00:00,516.98,plan_a,estimated_total_footfall,-0.8094448064325778,False,10.943123822442388,False,17.08596453036405,False,0.3970435026375917,False,114.59543338147522,2.0,False,0.8094448064325778,0.175122582540934,0.6816443937893566,0.0009903862318063161,0.14769195412489566,0.17555342595392134,0.236201,0,False
66340,2026-04-21 12:00:00+00:00,601.56,plan_a,estimated_total_footfall,1.192120946322262,False,0.6187442992424427,False,1.5741157450642835,False,0.5103056837218729,False,316.6477433941975,58.0,False,1.192120946322262,0.25848309726765545,0.03854142469838215,9.124346234072337e-05,0.39713171312210294,0.48508561408709366,0.235867,0,False
66332,2026-04-25 13:00:00+00:00,596.86,plan_a,estimated_total_footfall,0.6987351819345444,False,1.1326341152305717,False,0.2574660876890313,False,0.5385715233425077,False,322.95354615970024,70.0,False,0.6987351819345444,0.15100607690768875,0.07055149035946603,1.4923996122729933e-05,0.45938218503892314,0.49474573095395535,0.23514,0,False
66340,2026-04-22 13:00:00+00:00,596.86,plan_a,estimated_total_footfall,1.0808965547645932,False,2.5066944736084955,False,0.11464071346063986,False,0.46515311631885564,False,316.6477433941975,77.0,False,1.0808965547645932,0.23425445700519626,0.15614135987146635,6.6451375346178116e-06,0.2976912341970783,0.48508561408709366,0.234636,0,False
66338,2026-04-22 19:00:00+00:00,519.33,plan_a,estimated_total_footfall,0.33743662664759344,False,1.0606134636852924,False,1140.634332478931,False,0.41530118875262545,False,508.74209366314096,1.0,True,0.33743662664759344,0.07230236272414091,0.06606534233085501,0.06611675544597723,0.1879012524165451,0.7793627968771455,0.23435,1,False
66340,2026-04-24 22:00:00+00:00,528.72,plan_a,estimated_total_footfall,-0.5316204751800139,False,6.520743370509422,False,0.3998855144628567,False,0.39870016667625424,False,326.0604187133,15.0,False,0.5316204751800139,0.1146025321832158,0.4061754425853533,2.317932400708082e-05,0.15134046128401374,0.4995052759435973,0.234329,0,False
66342,2026-04-26 20:00:00+00:00,547.52,plan_a,estimated_total_footfall,-0.28156815973587823,False,0.9577845428533309,False,1.8238739234828205,False,0.5843263859172358,False,319.35181496386514,559.0,False,0.28156815973587823,0.06013221759804042,0.0596601550605832,0.00010572067027049274,0.56014911168938,0.4892280917938579,0.233855,0,False
66333,2026-04-24 18:00:00+00:00,568.67,plan_a,estimated_total_footfall,0.8810406053305805,False,0.5690980210973391,False,17.773218933993025,False,0.494712349840745,False,377.2126915828801,46.0,False,0.8810406053305805,0.1907187016251519,0.03544897068623665,0.0010302228648446674,0.36279017556706344,0.5778675324716681,0.233571,0,False
66340,2026-04-21 15:00:00+00:00,592.16,plan_a,estimated_total_footfall,0.969672163206922,False,1.3388909030681682,False,3.234693004563111,False,0.5064850177138892,False,316.6477433941975,52.0,False,0.969672163206922,0.21002581674273646,0.08339917310451236,0.00018749865775188117,0.3887173774708134,0.48508561408709366,0.233483,0,False
66332,2026-04-25 21:00:00+00:00,533.42,plan_a,estimated_total_footfall,-0.5413239764316298,False,0.5331467534822731,False,0.5465163833632446,False,0.5480813258415059,False,350.08311887129014,24.0,False,0.5413239764316298,0.11671630091522837,0.033209575389514044,3.167876771473125e-05,0.48032582942888946,0.5363066317128117,0.233318,0,False
66342,2026-04-23 18:00:00+00:00,641.5,plan_a,estimated_total_footfall,1.0983578757684982,False,1.2273626170306458,False,10.77797081783817,False,0.5055658923464883,False,303.23053589532776,383.0,False,1.0983578757684982,0.23805815562908653,0.07645210459282248,0.0006247440046962188,0.38669316773074053,0.46453124578761484,0.233272,0,False
66330,2026-04-25 09:00:00+00:00,533.42,plan_a,estimated_total_footfall,-0.32053606182909017,False,1.6455989978392611,False,0.8100023586725865,False,0.5477756262728984,False,335.47309403240257,158.0,False,0.32053606182909017,0.06862081680165698,0.1025039421560855,4.695170602363871e-05,0.4796525806357883,0.5139249378001011,0.23295,0,False
66332,2026-04-25 17:00:00+00:00,587.46,plan_a,estimated_total_footfall,0.5149937555688131,False,1.7770273866152988,False,0.02001037678290828,False,0.5325817351494273,False,322.95354615970024,79.0,False,0.5149937555688131,0.11098063951594335,0.11069058299535174,1.1598994966792702e-06,0.4461907445331598,0.49474573095395535,0.232522,0,False
66331,2026-04-26 21:00:00+00:00,549.87,plan_a,estimated_total_footfall,0.8202841046436545,False,1.2101240123232777,False,0.16342124653201456,False,0.5575257289196525,False,266.29487608786127,278.0,False,0.8202841046436545,0.17748376836875243,0.07537831629926138,9.472696274319398e-06,0.5011254432552588,0.40794799959939904,0.232389,0,False
66336,2026-04-24 20:00:00+00:00,531.07,plan_a,estimated_total_footfall,-0.7159743830721408,False,0.7127646666456674,False,0.7155481891904344,False,0.4859689445228737,False,403.8863452810605,79.0,True,0.7159743830721408,0.15476138990086827,0.04439792942064342,4.14766794996412e-05,0.3435343843185988,0.6187299922682644,0.232293,1,False
66342,2026-04-23 10:00:00+00:00,653.25,plan_a,estimated_total_footfall,1.2708853381772707,False,0.4373535517314195,False,6.2348961835338015,False,0.5085257222775962,False,303.23053589532776,120.0,False,1.2708853381772707,0.2756407916278617,0.027242641267587187,0.00036140513612444296,0.3932116654112583,0.46453124578761484,0.232198,0,False
66336,2026-04-23 06:00:00+00:00,549.87,plan_a,estimated_total_footfall,-0.4511362675261702,False,1.0923384980453907,False,0.006977700863006628,False,0.49987175231931713,False,403.8863452810605,19.0,True,0.4511362675261702,0.09707020058989817,0.06804148663527988,4.044617353678639e-07,0.37415283959581774,0.6187299922682644,0.231599,1,False
66332,2026-04-25 12:00:00+00:00,601.56,plan_a,estimated_total_footfall,0.7906058951174091,False,0.6005953290387352,False,9.069586429107993,False,0.5358781348786189,False,322.95354615970024,71.0,False,0.7906058951174091,0.17101879560356123,0.03741092997008196,0.0005257176738019706,0.45345047718298537,0.49474573095395535,0.23143,0,False
66336,2026-04-20 15:00:00+00:00,650.9,plan_a,estimated_total_footfall,0.9720868608573118,False,2.048769011704476,False,0.030506395336718162,False,0.46746655721429997,False,336.0638910981524,62.0,False,0.9720868608573118,0.2105518240320959,0.12761729956245949,1.7683001664806995e-06,0.30278617527881957,0.5148300039609022,0.231157,0,False
66336,2026-04-23 18:00:00+00:00,615.66,plan_a,estimated_total_footfall,0.475656265546672,False,1.4559159076174228,False,19.104964237931252,False,0.5324925513180023,False,336.0638910981524,42.0,False,0.475656265546672,0.10241153087685166,0.09068863081133101,0.0011074173487117737,0.4459943330460762,0.5148300039609022,0.231006,0,False
66332,2026-04-25 09:00:00+00:00,542.82,plan_a,estimated_total_footfall,-0.3575825500658962,False,0.7762879309784835,False,7.95801292764513,False,0.572610597898236,False,322.95354615970024,37.0,False,0.3575825500658962,0.07669086352348248,0.04835477736554763,0.0004612854265306425,0.5343471775226075,0.49474573095395535,0.23092,0,False
66333,2026-04-24 11:00:00+00:00,571.01,plan_a,estimated_total_footfall,0.9469031549417168,False,0.8013272969208816,False,0.3079040249234884,False,0.5064812684798571,False,332.8332646003539,70.0,False,0.9469031549417168,0.2050659144887009,0.04991447308823264,1.784762612962502e-05,0.38870912045135253,0.5098808752484335,0.230718,0,False
66336,2026-04-26 18:00:00+00:00,545.17,plan_a,estimated_total_footfall,-0.5173457964126636,False,1.4287967631472325,False,0.4591484421089962,False,0.47996319199196974,False,403.8863452810605,64.0,True,0.5173457964126636,0.11149299791764088,0.08899938621422993,2.661449370399578e-05,0.3303077852052478,0.6187299922682644,0.229911,1,False
66340,2026-04-22 14:00:00+00:00,601.56,plan_a,estimated_total_footfall,1.192120946322262,False,1.5057238979466032,False,0.1012444177195566,False,0.47139552829389153,False,316.6477433941975,84.0,False,1.192120946322262,0.25848309726765545,0.09379115783420652,5.868622586597387e-06,0.3114390335393456,0.48508561408709366,0.229761,0,False
66340,2026-04-24 20:00:00+00:00,528.72,plan_a,estimated_total_footfall,-0.5316204751800139,False,3.862024503873677,False,0.3847201225186478,False,0.46973400029729834,False,316.6477433941975,36.0,False,0.5316204751800139,0.1146025321832158,0.2405645220191853,2.2300263573893153e-05,0.3077798143801373,0.48508561408709366,0.229611,0,False
66340,2026-04-26 11:00:00+00:00,566.32,plan_a,estimated_total_footfall,0.3581746572813492,False,0.6744907594765951,False,0.6146106623795918,False,0.5704676665041104,False,326.0604187133,225.0,False,0.3581746572813492,0.07681984559764,0.042013857498080676,3.562584581399329e-05,0.5296277532153846,0.4995052759435973,0.2296,0,False
66340,2026-04-20 12:00:00+00:00,603.91,plan_a,estimated_total_footfall,1.2477331421010978,False,0.8292570625223431,False,0.5537410060228987,False,0.4842799493843777,False,316.6477433941975,96.0,False,1.2477331421010978,0.2705974173988854,0.05165421106899488,3.209754224744209e-05,0.33981467367678797,0.48508561408709366,0.229437,0,False
66336,2026-04-21 18:00:00+00:00,643.85,plan_a,estimated_total_footfall,0.8727725675275732,False,1.7128863116571567,False,21.223539034099552,False,0.48149785112338994,False,336.0638910981524,30.0,False,0.8727725675275732,0.18891762804048218,0.10669525178405943,0.0012302203257077847,0.33368759830984857,0.5148300039609022,0.229072,0,False
66340,2026-04-20 13:00:00+00:00,606.26,plan_a,estimated_total_footfall,1.3033453378799333,False,1.2701683421784806,False,0.02324185822557764,False,0.46505261113568536,False,316.6477433941975,72.0,False,1.3033453378799333,0.2827117375301153,0.07911846230224273,1.3472119965659333e-06,0.29746988945139213,0.48508561408709366,0.228877,0,False
66332,2026-04-25 20:00:00+00:00,582.76,plan_a,estimated_total_footfall,0.4231230423859463,False,0.45894616371762237,False,11.740117037177475,False,0.5511874729236419,False,350.08311887129014,36.0,False,0.4231230423859463,0.0909679208200704,0.028587639564826507,0.0006805147144460091,0.4871665645459479,0.5363066317128117,0.228742,0,False
66332,2026-04-21 12:00:00+00:00,620.35,plan_a,estimated_total_footfall,1.1578932782463576,False,1.578138573429506,False,21.82514115816137,False,0.49069026923477965,False,286.004938366057,25.0,False,1.1578932782463576,0.2510270901345082,0.09830184951346592,0.0012650921328941692,0.35393226017628715,0.43814264921675244,0.228534,0,False
66336,2026-04-25 05:00:00+00:00,516.98,plan_a,estimated_total_footfall,-0.9144620983935632,False,5.482575786821861,False,6.1844906261483334,False,0.4373110293203362,False,236.34768814596998,6.0,False,0.9144620983935632,0.19799909508127103,0.3415082483987005,0.00035848338301226865,0.23637400187464874,0.3620706789614647,0.227662,0,False
66342,2026-04-24 09:00:00+00:00,610.96,plan_a,estimated_total_footfall,0.649933305388592,False,1.058947426152002,False,0.6850283741042787,False,0.541843808531465,False,303.23053589532776,293.0,False,0.649933305388592,0.14037528725439796,0.0659615652775349,3.9707601458721306e-05,0.46658880971354644,0.46453124578761484,0.227499,0,False
66340,2026-04-20 14:00:00+00:00,601.56,plan_a,estimated_total_footfall,1.192120946322262,False,1.4985799140580824,False,0.02604426330977756,False,0.46573418392353233,False,316.6477433941975,56.0,False,1.192120946322262,0.25848309726765545,0.09334616089860164,1.5096531280808238e-06,0.29897093199102937,0.48508561408709366,0.227177,0,False
66342,2026-04-26 09:00:00+00:00,608.61,plan_a,estimated_total_footfall,0.6154278129068371,False,1.058947426152002,False,7.694897611439562,False,0.543499743049395,False,303.23053589532776,631.0,False,0.6154278129068371,0.13285876005464284,0.0659615652775349,0.00044603397343975825,0.47023571023332583,0.46453124578761484,0.226807,0,False
66338,2026-04-22 00:00:00+00:00,516.98,plan_a,estimated_total_footfall,-0.5500391851985535,False,0.756596641513919,False,1719.7030256601045,False,0.4287417356519692,False,424.4645808055869,1.0,True,0.5500391851985535,0.11861478428806431,0.047128211963584736,0.09968241455626749,0.21750166048981195,0.6502546319490745,0.226636,1,False
66332,2026-04-23 16:00:00+00:00,526.37,plan_a,estimated_total_footfall,-0.6791300462059278,False,5.441527954451192,True,24.783284375792093,False,0.3983351895136566,False,322.95354615970024,11.0,False,0.6791300462059278,0.14673537895903732,0.3389513893823299,0.0014365606097979007,0.15053666415944578,0.49474573095395535,0.226481,1,False
66331,2026-04-23 11:00:00+00:00,519.33,plan_a,estimated_total_footfall,-0.6335807776892438,False,4.368042235565061,True,0.8788894056014961,False,0.47321099246168596,False,266.29487608786127,236.0,False,0.6335807776892438,0.13681312336695622,0.2720842375558094,5.09447368359726e-05,0.3154372696685415,0.40794799959939904,0.226467,1,False
66335,2026-04-25 19:00:00+00:00,547.52,plan_a,estimated_total_footfall,0.48909794061983153,False,0.982095791115344,False,7.190927034623093,False,0.5495976506170299,False,313.4843335260183,59.0,False,0.48909794061983153,0.10533960722154075,0.06117449651853481,0.00041682136916286743,0.4836652643836759,0.4802394572755337,0.226167,0,False
66335,2026-04-21 07:00:00+00:00,521.67,plan_a,estimated_total_footfall,-0.5382163768546111,False,1.2308801791619546,False,0.31814720955148607,False,0.5529973523289013,False,291.49557301963404,5.0,False,0.5382163768546111,0.11603935486790101,0.07667121264144887,1.844137130610543e-05,0.49115250123143334,0.4465539767509663,0.226087,0,False
66342,2026-04-25 09:00:00+00:00,627.4,plan_a,estimated_total_footfall,0.8913249208779712,False,0.6416675732118907,False,0.20575437739383098,False,0.5263006397136728,False,303.23053589532776,699.0,False,0.8913249208779712,0.1929589924305563,0.039969309591407536,1.1926531987269031e-05,0.4323577517659871,0.46453124578761484,0.225966,0,False
66336,2026-04-24 15:00:00+00:00,643.85,plan_a,estimated_total_footfall,0.8727725675275732,False,0.6674480784437538,False,0.10231410953854445,False,0.45501228095305923,False,403.8863452810605,74.0,True,0.8727725675275732,0.18891762804048218,0.04157517069153666,5.93062716631653e-06,0.2753578524322302,0.6187299922682644,0.224917,1,False
66331,2026-04-24 14:00:00+00:00,547.52,plan_a,estimated_total_footfall,0.7084117250273366,False,2.2117468631691524,False,4.338379925660408,False,0.4278086180128035,False,401.161729637475,311.0,False,0.7084117250273366,0.15311397319101333,0.1377691483914839,0.000251473760178023,0.21544663526602312,0.6145560422553801,0.224227,0,False
66333,2026-04-24 08:00:00+00:00,549.87,plan_a,estimated_total_footfall,0.35188849734368144,False,0.9573335040371477,False,17.607968092331397,False,0.5141208791638466,False,377.2126915828801,13.0,False,0.35188849734368144,0.07545049571287965,0.059632059967680916,0.001020644116270934,0.4055340008271668,0.5778675324716681,0.223901,0,False
66336,2026-04-23 09:00:00+00:00,596.86,plan_a,estimated_total_footfall,0.21081815000070148,False,1.1911189848629644,False,0.010080658005837236,False,0.5031209579743616,False,403.8863452810605,28.0,True,0.21081815000070148,0.04472034156588157,0.07419449798263339,5.8432433701866e-07,0.3813086357121186,0.6187299922682644,0.223791,1,False
66330,2026-04-25 19:00:00+00:00,559.27,plan_a,estimated_total_footfall,0.5963308428179743,False,1.1877684569387037,False,0.1845722248311734,False,0.512221596881869,False,335.47309403240257,112.0,False,0.5963308428179743,0.12869875871045838,0.07398579445219146,1.0698710624255236e-05,0.4013511702463956,0.5139249378001011,0.223594,0,False
66342,2026-04-26 16:00:00+00:00,648.55,plan_a,estimated_total_footfall,1.201874353213761,False,0.206224684759315,False,24.994382241073342,True,0.49998924247618304,False,303.23053589532776,746.0,False,1.201874353213761,0.26060773722835145,0.012845683052482385,0.0014487968765282168,0.3744115907176187,0.46453124578761484,0.222769,1,False
66336,2026-04-21 14:00:00+00:00,641.5,plan_a,estimated_total_footfall,0.8396678030843264,False,1.5896903216948635,False,13.934290741911083,False,0.4740623536740692,False,336.0638910981524,61.0,False,0.8396678030843264,0.18170622937661082,0.09902140496868231,0.0008076997746454358,0.3173122409396529,0.5148300039609022,0.222736,0,False
66338,2026-04-21 21:00:00+00:00,521.67,plan_a,estimated_total_footfall,1.2211359456773345,False,0.8915997485499647,False,6894.045160746664,False,0.5078536007643388,False,,,False,1.2211359456773345,0.26480359919843066,0.05553752109216647,0.39961264092059884,0.39173143761872625,0.0,0.222337,0,False
66333,2026-04-24 20:00:00+00:00,552.22,plan_a,estimated_total_footfall,0.41803251084204457,False,0.6744907594765952,False,20.148179497441525,False,0.5116330654883109,False,377.2126915828801,60.0,False,0.41803251084204457,0.08985902145191384,0.04201385749808068,0.0011678872172985377,0.4000550347882396,0.5778675324716681,0.222193,0,False
66340,2026-04-21 16:00:00+00:00,603.91,plan_a,estimated_total_footfall,1.2477331421010978,False,0.6432212991226272,False,0.09950411309131539,False,0.5220477153114068,False,244.7311530415017,59.0,False,1.2477331421010978,0.2705974173988854,0.04006609078238399,5.767746002199949e-06,0.4229914440737031,0.3749136513238603,0.221715,0,False
66336,2026-04-21 13:00:00+00:00,648.55,plan_a,estimated_total_footfall,0.938982096414065,False,1.4808018047510192,False,2.232938775170648,False,0.46503004074443677,False,336.0638910981524,48.0,False,0.938982096414065,0.20334042536822455,0.09223876700103086,0.00012943207364532374,0.29742018218900657,0.5148300039609022,0.221592,0,False
66332,2026-04-23 15:00:00+00:00,524.02,plan_a,estimated_total_footfall,-0.7250654027973612,False,5.441527954451192,True,22.76720480994755,False,0.3826835071754439,False,322.95354615970024,3.0,False,0.7250654027973612,0.1567417383069738,0.3389513893823299,0.0013196987586164767,0.11606662453130688,0.49474573095395535,0.221565,1,False
66336,2026-04-24 21:00:00+00:00,519.33,plan_a,estimated_total_footfall,-0.8813573339503165,False,0.9600685798887619,False,5.748573714999281,False,0.4852389251100928,False,336.0638910981524,29.0,False,0.8813573339503165,0.19078769641739968,0.05980242714538003,0.0003332155026859152,0.3419266467256608,0.5148300039609022,0.221536,0,False
66331,2026-04-24 16:00:00+00:00,528.72,plan_a,estimated_total_footfall,-0.1865673119031956,False,3.8067462805913572,True,9.741026908228221,False,0.42793653776377905,False,401.161729637475,267.0,False,0.1865673119031956,0.03943764391207634,0.23712125557987532,0.000564637654281641,0.21572835570923599,0.6145560422553801,0.221482,1,False
66332,2026-04-23 10:00:00+00:00,526.37,plan_a,estimated_total_footfall,-0.6791300462059278,False,5.169832522211394,False,29.602653638848054,True,0.3944189331654819,False,322.95354615970024,5.0,False,0.6791300462059278,0.14673537895903732,0.3220275501560367,0.0017159148689992966,0.14191180782780696,0.49474573095395535,0.221427,1,False
66336,2026-04-26 17:00:00+00:00,563.97,plan_a,estimated_total_footfall,-0.2525076808666915,False,1.3428917892620247,False,0.04538946834057411,False,0.48907965833767864,False,403.8863452810605,85.0,True,0.2525076808666915,0.05380180860667042,0.08364838728580844,2.630996010416947e-06,0.35038517685010434,0.6187299922682644,0.221314,1,False
66330,2026-04-21 16:00:00+00:00,575.71,plan_a,estimated_total_footfall,1.179436912930074,False,1.7352412506969457,False,5.230108653889209,False,0.5030836458246422,False,235.15937813964103,84.0,False,1.179436912930074,0.2557200623089342,0.10808773523916979,0.0003031627270709646,0.3812264623551817,0.3602502583168486,0.221118,0,False
66330,2026-04-24 07:00:00+00:00,556.92,plan_a,estimated_total_footfall,0.5129793060318768,False,5.641294504825837,True,6.99376018064,False,0.47510510051031085,False,210.04193898574997,42.0,False,0.5129793060318768,0.11054182054400948,0.35139479688999753,0.00040539261211456625,0.3196087049229279,0.32177182715654074,0.220745,1,False
66330,2026-04-26 14:00:00+00:00,554.57,plan_a,estimated_total_footfall,0.42962776924578333,False,1.348807668305671,False,0.781657095346663,False,0.5167741046068833,False,335.47309403240257,139.0,False,0.42962776924578333,0.09238488237756144,0.08401688588363727,4.530867565886005e-05,0.4113772567908132,0.5139249378001011,0.22035,0,False
66330,2026-04-23 20:00:00+00:00,578.06,plan_a,estimated_total_footfall,1.2627884497161674,False,1.1877684569387037,False,10.09863592838342,False,0.522505619972682,False,213.98811469387093,60.0,False,1.2627884497161674,0.2738770004753822,0.07398579445219146,0.0005853664255079916,0.42399989744497607,0.3278171349365693,0.220053,0,False
66340,2026-04-22 11:00:00+00:00,601.56,plan_a,estimated_total_footfall,1.192120946322262,False,1.112327950095229,False,10.448540219646555,False,0.45992105280598256,False,316.6477433941975,121.0,False,1.192120946322262,0.25848309726765545,0.06928662450868579,0.0006056485928917004,0.28616854719586304,0.48508561408709366,0.219926,0,False
66330,2026-04-23 21:00:00+00:00,571.01,plan_a,estimated_total_footfall,1.0127338393578789,False,1.1128562027404492,False,11.770298791539641,False,0.5457156206217144,False,217.4869159906928,57.0,False,1.0127338393578789,0.21940618597603637,0.06931952923131904,0.0006822641968307424,0.47511578549159217,0.3331770915793825,0.21954,0,False
66340,2026-04-25 19:00:00+00:00,587.46,plan_a,estimated_total_footfall,0.8584477716492532,False,0.8235365622718777,False,14.441452046573863,False,0.499838139742713,False,316.6477433941975,124.0,False,0.8584477716492532,0.18579717648027724,0.05129788256639642,0.0008370973291440606,0.3740788138890272,0.48508561408709366,0.219419,0,False
66342,2026-04-21 12:00:00+00:00,528.72,plan_a,estimated_total_footfall,-0.5576120995899132,False,8.412679838625493,False,7.0486137279316425,False,0.40257649938769513,False,188.4377231015709,7.0,False,0.5576120995899132,0.12026443519608047,0.5240236829801261,0.00040857219251851914,0.1598773929241991,0.28867544624849606,0.21865,0,False
66333,2026-04-23 13:00:00+00:00,549.87,plan_a,estimated_total_footfall,0.35188849734368144,False,0.6859721347827354,False,27.6850304465494,False,0.5090897126618182,False,377.2126915828801,49.0,False,0.35188849734368144,0.07545049571287965,0.04272902943960362,0.0016047600317017035,0.39445375367205565,0.5778675324716681,0.218421,0,False
66340,2026-04-24 18:00:00+00:00,561.62,plan_a,estimated_total_footfall,0.24695026572367781,False,3.2496629025826866,False,0.6091122645617814,False,0.4881246718800005,False,316.6477433941975,74.0,False,0.24695026572367781,0.05259120533518021,0.20242067394941954,3.5307131732264046e-05,0.34828198945278976,0.48508561408709366,0.217683,0,False
66336,2026-04-24 19:00:00+00:00,535.77,plan_a,estimated_total_footfall,-0.6497648541856489,False,0.59221001718934,False,4.58193485410364,False,0.462212933705748,False,403.8863452810605,43.0,True,0.6497648541856489,0.14033859257312592,0.03688861103217562,0.00026559139734097514,0.29121600623130567,0.6187299922682644,0.217488,1,False
66333,2026-04-23 12:00:00+00:00,524.02,plan_a,estimated_total_footfall,-0.37569565113830716,False,0.3990341418574716,False,33.52872101783259,False,0.5116761352696437,False,377.2126915828801,81.0,False,0.37569565113830716,0.08063654309767433,0.02485573499313517,0.0019434889734860595,0.40014988830220943,0.5778675324716681,0.217091,0,False
66336,2026-04-26 01:00:00+00:00,519.33,plan_a,estimated_total_footfall,-0.8813573339503165,False,5.147506042271958,False,0.4602291968366288,False,0.42596197922041945,False,236.34768814596998,19.0,False,0.8813573339503165,0.19078769641739968,0.3206368394110339,2.667713954411237e-05,0.21137974258465747,0.3620706789614647,0.21698,0,False
66332,2026-04-20 09:00:00+00:00,599.21,plan_a,estimated_total_footfall,0.7446705385259779,False,0.8194172940380235,False,0.15609493557708476,False,0.5428231259351515,False,262.95790827804694,73.0,False,0.7446705385259779,0.16101243625562522,0.05104129439800133,9.048027389703631e-06,0.4687455816811952,0.4028359622867014,0.216729,0,False
66340,2026-04-24 16:00:00+00:00,545.17,plan_a,estimated_total_footfall,-0.14233510472816938,False,3.0999812625515277,False,11.381736919413722,False,0.4998456167741274,False,316.6477433941975,81.0,False,0.14233510472816938,0.029802291264607646,0.19309704274173903,0.0006597412466235996,0.3740952807175499,0.48508561408709366,0.216548,0,False
66340,2026-04-24 19:00:00+00:00,554.57,plan_a,estimated_total_footfall,0.08011367838717341,False,2.8895070210401896,False,0.9530795768823591,False,0.512119443204372,False,316.6477433941975,34.0,False,0.08011367838717341,0.016248244941491092,0.17998665588227186,5.524516272304153e-05,0.40112619498588414,0.48508561408709366,0.2165,0,False
66336,2026-04-26 07:00:00+00:00,559.27,plan_a,estimated_total_footfall,-0.31871720975318496,False,3.2097305610660216,False,0.17463837933369866,False,0.4657326421093728,False,336.0638910981524,60.0,False,0.31871720975318496,0.06822460593441312,0.19993329857403597,1.0122896259657552e-05,0.29896753642025115,0.5148300039609022,0.216393,0,False
66330,2026-04-25 11:00:00+00:00,547.52,plan_a,estimated_total_footfall,0.1795731588874908,False,1.367715965406175,False,0.9446227529654174,False,0.5298723482569109,False,335.47309403240257,169.0,False,0.1795731588874908,0.03791406787821471,0.08519467889080673,5.475496376721056e-05,0.4402238029907169,0.5139249378001011,0.215462,0,False
66336,2026-04-24 16:00:00+00:00,610.96,plan_a,estimated_total_footfall,0.40944673666018017,False,0.5304498027333943,False,8.372234661257233,False,0.4825576389676052,False,403.8863452810605,112.0,True,0.40944673666018017,0.08798873354910931,0.033041583014747244,0.00048529574805245766,0.3360215920747444,0.6187299922682644,0.215253,1,False
66336,2026-04-21 15:00:00+00:00,620.35,plan_a,estimated_total_footfall,0.5417249230951092,False,1.450221655994134,False,11.684159164407008,False,0.49015930537667735,False,336.0638910981524,46.0,False,0.5417249230951092,0.11680364140176941,0.0903339373290293,0.000677271121925695,0.3527629069505824,0.5148300039609022,0.215082,0,False
66342,2026-04-24 18:00:00+00:00,613.31,plan_a,estimated_total_footfall,0.684438797870345,False,0.7802577385368494,False,1.1101531907838937,False,0.5499273697297875,False,256.6362374405389,354.0,False,0.684438797870345,0.14789181445415267,0.04860205566656011,6.434991910432066e-05,0.4843914119400418,0.3931515364720778,0.21482,0,False
66336,2026-04-26 08:00:00+00:00,568.67,plan_a,estimated_total_footfall,-0.18629815198019967,False,3.0574954850803846,False,0.16953521355454623,False,0.47956149209859794,False,336.0638910981524,110.0,False,0.18629815198019967,0.039379011278928074,0.19045061449155376,9.82709176367397e-06,0.3294231128138756,0.5148300039609022,0.214819,0,False
66338,2026-04-26 23:00:00+00:00,519.33,plan_a,estimated_total_footfall,0.33743662664759344,False,0.0,False,0.739420883406767,False,0.4285456516264965,False,512.1666082269141,5.0,True,0.33743662664759344,0.07230236272414091,0.0,4.286045784156396e-05,0.21706982038582595,0.7846089506387723,0.214805,1,False
66333,2026-04-24 10:00:00+00:00,552.22,plan_a,estimated_total_footfall,0.41803251084204457,False,0.8104271265974095,False,12.585467778617057,False,0.49115751173929634,False,377.2126915828801,50.0,False,0.41803251084204457,0.08985902145191384,0.05048129915947953,0.0007295153859551395,0.35496127848234615,0.5778675324716681,0.21478,0,False
66342,2026-04-21 15:00:00+00:00,524.02,plan_a,estimated_total_footfall,-0.6266230845534229,False,8.133053167350193,False,5.5891306257064555,False,0.38324781329366314,False,204.61210222820498,10.0,False,0.6266230845534229,0.13529748959559068,0.5066058088957729,0.00032397339989963985,0.11730940813993711,0.3134536384030293,0.214598,0,False
66336,2026-04-25 01:00:00+00:00,516.98,plan_a,estimated_total_footfall,-0.9144620983935632,False,3.7338916894722503,False,0.5857543504773135,False,0.4406756453457488,False,260.15769419081494,4.0,False,0.9144620983935632,0.19799909508127103,0.23258316166775952,3.3953192569399654e-05,0.2437839687538186,0.39854619992957874,0.214589,0,False
66332,2026-04-25 10:00:00+00:00,566.32,plan_a,estimated_total_footfall,0.10177101584843344,False,0.6551760611525776,False,12.898758293380451,False,0.5633581861542412,False,322.95354615970024,51.0,False,0.10177101584843344,0.020965985637060418,0.04081074986227941,0.0007476752394317035,0.5139703903773235,0.49474573095395535,0.214248,0,False
66336,2026-04-21 16:00:00+00:00,641.5,plan_a,estimated_total_footfall,0.8396678030843264,False,1.1438549140500918,False,13.11087389452972,False,0.4670349307821251,False,336.0638910981524,48.0,False,0.8396678030843264,0.18170622937661082,0.07125043105805141,0.0007599704991202168,0.3018355950216867,0.5148300039609022,0.214076,0,False
66338,2026-04-26 02:00:00+00:00,519.33,plan_a,estimated_total_footfall,0.33743662664759344,False,1.5419469244094308,False,0.057297532747457094,False,0.44404050064104983,False,424.4645808055869,1.0,True,0.33743662664759344,0.07230236272414091,0.09604748092029211,3.32124577741611e-06,0.2511944625822554,0.6502546319490745,0.21396,1,False
66335,2026-04-26 05:00:00+00:00,521.67,plan_a,estimated_total_footfall,-0.5382163768546111,False,1.4950423831186712,False,0.26165697008309907,False,0.48616992425841615,False,337.17117693788396,9.0,False,0.5382163768546111,0.11603935486790101,0.09312580899800806,1.5166920203183692e-05,0.34397700635109985,0.5165263003746348,0.213937,0,False
66332,2026-04-23 14:00:00+00:00,528.72,plan_a,estimated_total_footfall,-0.6331946896144943,False,5.107842565222604,False,32.35853381784561,True,0.48122386560495534,False,182.56128462844,1.0,False,0.6331946896144943,0.13672901961110084,0.3181662115347927,0.0018756591890191948,0.33308419405758366,0.2796730900818992,0.213906,1,False
66332,2026-04-24 17:00:00+00:00,613.31,plan_a,estimated_total_footfall,1.0202826780745737,False,0.7965468014526582,False,0.12993626958801163,False,0.4680349757848323,False,322.95354615970024,48.0,False,1.0202826780745737,0.2210505923432431,0.04961669724393788,7.531742921714853e-06,0.30403801583041207,0.49474573095395535,0.213892,0,False
66336,2026-04-22 16:00:00+00:00,655.6,plan_a,estimated_total_footfall,1.0382963897438051,False,0.6674480784437538,False,0.10765905026704338,False,0.515218375008313,False,257.0844248627809,56.0,False,1.0382963897438051,0.22497462135983856,0.04157517069153666,6.240446123152055e-06,0.40795103973921476,0.3938381330939705,0.213669,0,False
66332,2026-04-24 13:00:00+00:00,596.86,plan_a,estimated_total_footfall,0.6987351819345444,False,2.2925688171718996,False,0.006773125052580438,False,0.4564274891051154,False,322.95354615970024,62.0,False,0.6987351819345444,0.15100607690768875,0.14280352730695323,3.92603518897459e-07,0.27847459605309594,0.49474573095395535,0.213406,0,False
66332,2026-04-22 18:00:00+00:00,596.86,plan_a,estimated_total_footfall,0.6987351819345444,False,1.0092715740886788,False,0.2909926474224151,False,0.5342996652185686,False,262.95790827804694,61.0,False,0.6987351819345444,0.15100607690768875,0.06286726911356111,1.686735981757824e-05,0.4499741792005692,0.4028359622867014,0.21334,0,False
66331,2026-04-23 10:00:00+00:00,521.67,plan_a,estimated_total_footfall,-0.5221844507521493,False,4.12105648381527,True,1.6868149427859886,False,0.46031721675888626,False,266.059080780759,339.0,False,0.5221844507521493,0.11254702944529368,0.2566995580293998,9.777606010895814e-05,0.28704102766542194,0.4075867751355248,0.212794,1,False
66330,2026-04-26 12:00:00+00:00,556.92,plan_a,estimated_total_footfall,0.5129793060318768,False,0.7534595380794443,False,0.47661263160145484,False,0.5078883683222839,False,335.47309403240257,140.0,False,0.5129793060318768,0.11054182054400948,0.04693280259021535,2.762680370804909e-05,0.3918080069659851,0.5139249378001011,0.212647,0,False
66342,2026-04-21 18:00:00+00:00,516.98,plan_a,estimated_total_footfall,-0.7299927301157846,False,9.7684759724193,True,1.321319362471574,False,0.3586120754971323,False,152.13977959362907,2.0,False,0.7299927301157846,0.157815085972729,0.6084758785978458,7.659014520868044e-05,0.06305358823733172,0.23306914371208817,0.212498,1,False
66342,2026-04-25 19:00:00+00:00,610.96,plan_a,estimated_total_footfall,0.649933305388592,False,0.7802577385368494,False,1.0515228570420718,False,0.515218756522482,False,303.23053589532776,624.0,False,0.649933305388592,0.14037528725439796,0.04860205566656011,6.095141765004705e-05,0.4079518799561472,0.46453124578761484,0.212304,0,False
66336,2026-04-26 16:00:00+00:00,615.66,plan_a,estimated_total_footfall,0.475656265546672,False,1.366479299512039,False,0.04034308551999084,False,0.44510731866602987,False,403.8863452810605,108.0,True,0.475656265546672,0.10241153087685166,0.08511764728745416,2.3384829329697994e-06,0.2535439390667925,0.6187299922682644,0.211961,1,False
66340,2026-04-22 17:00:00+00:00,585.11,plan_a,estimated_total_footfall,0.8028355758704175,False,0.5532556435700229,False,2.3395842197287515,False,0.4961706092300992,False,316.6477433941975,56.0,False,0.8028355758704175,0.17368285634904734,0.03446215302785988,0.00013561376621453797,0.36600173186196866,0.48508561408709366,0.211874,0,False
66340,2026-04-23 09:00:00+00:00,516.98,plan_a,estimated_total_footfall,-0.8094448064325778,False,8.69438431352658,False,11.908141913557321,False,0.38241256358693426,False,146.12950751482882,2.0,False,0.8094448064325778,0.175122582540934,0.5415709829227529,0.0006902542596658195,0.11546991958732036,0.22386176237747432,0.211343,0,False
66336,2026-04-22 10:00:00+00:00,627.4,plan_a,estimated_total_footfall,0.6410392164248477,False,0.6723549085728838,False,18.283644867774854,False,0.49293794246519795,False,336.0638910981524,47.0,False,0.6410392164248477,0.1384378373933831,0.041880815889659966,0.0010598096532449376,0.3588823597022959,0.5148300039609022,0.211018,0,False
66335,2026-04-20 14:00:00+00:00,538.12,plan_a,estimated_total_footfall,0.1155290979018536,False,1.6889337259545933,False,15.292563665579891,False,0.5582905037574211,False,274.0258427063832,14.0,False,0.1155290979018536,0.02396298670944552,0.10520325132552241,0.0008864319293474003,0.5028097234747804,0.41979138319479037,0.210531,0,False
66331,2026-04-24 20:00:00+00:00,545.17,plan_a,estimated_total_footfall,0.5965393454110187,False,1.536321128864987,False,4.903931113228938,False,0.42677534982964743,False,401.161729637475,242.0,False,0.5965393454110187,0.1287441780132742,0.09569705154969403,0.0002842558784221635,0.21317104632610906,0.6145560422553801,0.210491,0,False
66332,2026-04-22 19:00:00+00:00,592.16,plan_a,estimated_total_footfall,0.6068644687516777,False,0.9168894118421311,False,3.958141892674961,False,0.5220360938246889,False,286.004938366057,46.0,False,0.6068644687516777,0.13099335821181582,0.05711280777297442,0.00022943330047739188,0.4229658498213378,0.43814264921675244,0.209889,0,False
66336,2026-04-25 00:00:00+00:00,519.33,plan_a,estimated_total_footfall,-0.8813573339503165,False,3.855058183148859,False,1.5218372497336048,False,0.4313246305414849,False,257.0844248627809,5.0,False,0.8813573339503165,0.19078769641739968,0.24013059167676587,8.821314456714716e-05,0.22319002594938658,0.3938381330939705,0.209607,0,False
66342,2026-04-21 17:00:00+00:00,516.98,plan_a,estimated_total_footfall,-0.7299927301157846,False,8.6095360317115,False,6.718379693568808,False,0.359192632289467,False,188.4377231015709,2.0,False,0.7299927301157846,0.157815085972729,0.536285805074057,0.0003894302096163788,0.06433216105817825,0.28867544624849606,0.2095,0,False
66340,2026-04-26 09:00:00+00:00,535.77,plan_a,estimated_total_footfall,-0.36478388784350946,False,1.9918913091515915,False,0.2636535299935491,False,0.49223982128965066,False,316.6477433941975,102.0,False,0.36478388784350946,0.07825957178952667,0.12407440196705063,1.5282650599484826e-05,0.3573448722893546,0.48508561408709366,0.208956,0,False
66340,2026-04-26 08:00:00+00:00,531.07,plan_a,estimated_total_footfall,-0.4760082794011782,False,3.9104076866466904,False,0.056408474977177554,False,0.42685272681812864,False,316.6477433941975,78.0,False,0.4760082794011782,0.10248821205198588,0.24357829814253265,3.2697116323346022e-06,0.2133414553467893,0.48508561408709366,0.208899,0,False
66340,2026-04-25 18:00:00+00:00,585.11,plan_a,estimated_total_footfall,0.8028355758704175,False,1.063057325998082,False,11.451414770893447,False,0.47460050546916455,False,316.6477433941975,131.0,False,0.8028355758704175,0.17368285634904734,0.0662175698914433,0.0006637801163429373,0.3184974243149634,0.48508561408709366,0.208829,0,False
66336,2026-04-24 18:00:00+00:00,559.27,plan_a,estimated_total_footfall,-0.31871720975318496,False,0.7526424546452981,False,0.6556101539915029,False,0.4706156258632712,False,403.8863452810605,94.0,True,0.31871720975318496,0.06822460593441312,0.046881906671355174,3.800237726068652e-05,0.3097214374938438,0.6187299922682644,0.208719,1,False
66332,2026-04-25 11:00:00+00:00,575.71,plan_a,estimated_total_footfall,0.2853169726116483,False,0.5477257145131881,False,11.863207244859066,False,0.534640705329771,False,322.95354615970024,78.0,False,0.2853169726116483,0.06094884277626146,0.034117695156341166,0.00068764962607136,0.4507252592374564,0.49474573095395535,0.208245,0,False
66340,2026-04-25 09:00:00+00:00,580.41,plan_a,estimated_total_footfall,0.6916111843127462,False,1.1198283510819402,False,11.803626989074269,False,0.4823417991601157,False,316.6477433941975,143.0,False,0.6916111843127462,0.14945421608658754,0.06975382257449574,0.0006841960624805018,0.3355462433833563,0.48508561408709366,0.208105,0,False
66340,2026-04-24 14:00:00+00:00,568.67,plan_a,estimated_total_footfall,0.4137868530601822,False,3.009959404661528,False,18.03571815177802,False,0.4558756071993809,False,316.6477433941975,104.0,False,0.4137868530601822,0.08893416572886934,0.18748960415794305,0.0010454386058519822,0.277259174557205,0.48508561408709366,0.207963,0,False
66342,2026-04-25 08:00:00+00:00,603.91,plan_a,estimated_total_footfall,0.5464168279433276,False,0.7653808790023358,False,6.9729145253968055,False,0.5151593390872679,False,303.23053589532776,333.0,False,0.5464168279433276,0.11782570565513266,0.04767537987787022,0.00040418429578515145,0.4078210236493186,0.46453124578761484,0.207652,0,False
66336,2026-04-26 19:00:00+00:00,556.92,plan_a,estimated_total_footfall,-0.35182197419643163,False,0.7672125390815088,False,0.09993110678816514,False,0.47312529740778747,False,390.5495184319703,34.0,False,0.35182197419643163,0.07543600459828446,0.04778947351736057,5.792496649298422e-06,0.315248541591905,0.5982987623699662,0.207356,0,False
66336,2026-04-23 19:00:00+00:00,559.27,plan_a,estimated_total_footfall,-0.31871720975318496,False,1.3996026089697806,False,7.876169236226839,False,0.49620346581316266,False,336.0638910981524,24.0,False,0.31871720975318496,0.06822460593441312,0.0871808897913282,0.0004565413651112927,0.3660740926277809,0.5148300039609022,0.207353,0,False
66333,2026-04-23 14:00:00+00:00,559.27,plan_a,estimated_total_footfall,0.616464551337131,False,1.2023919135760006,False,0.04361505360992661,False,0.5241577256740506,False,261.78018391964736,69.0,False,0.616464551337131,0.13308459866901579,0.07489668583899936,2.528142237331761e-06,0.4276383656789637,0.40103175822860276,0.207331,0,False
66340,2026-04-23 12:00:00+00:00,519.33,plan_a,estimated_total_footfall,-0.7538326106537421,False,10.947241452890372,False,36.434895473827765,True,0.41548782574575893,False,,,False,0.7538326106537421,0.1630082624097041,0.6819008799404873,0.0021119450862989958,0.188312287116226,0.0,0.207067,1,False
66332,2026-04-25 22:00:00+00:00,521.67,plan_a,estimated_total_footfall,-0.7710007593887945,False,0.4187289594168132,False,0.6787333945162352,False,0.4877902416200751,False,322.95354615970024,16.0,False,0.7710007593887945,0.16674809765491025,0.026082520159222515,3.934271359404029e-05,0.3475454664347923,0.49474573095395535,0.207032,0,False
66335,2026-04-21 06:00:00+00:00,519.33,plan_a,estimated_total_footfall,-0.6312111738716366,False,1.347531384519058,False,0.25037181061671576,False,0.49702370764208964,False,291.49557301963404,2.0,False,0.6312111738716366,0.13629693912303895,0.08393738649185987,1.4512777059003432e-05,0.3678805290054693,0.4465539767509663,0.206937,0,False
66330,2026-04-24 16:00:00+00:00,559.27,plan_a,estimated_total_footfall,0.5963308428179743,False,1.590549327174136,False,0.3041646737903595,False,0.46220323976949274,False,335.47309403240257,188.0,False,0.5963308428179743,0.12869875871045838,0.0990749122010486,1.7630875013727598e-05,0.29119465706514885,0.5139249378001011,0.206582,0,False
66342,2026-04-20 15:00:00+00:00,519.33,plan_a,estimated_total_footfall,-0.6954872376340298,False,5.514930654556837,False,0.0,False,0.41610039924392156,False,228.01219280399457,8.0,False,0.6954872376340298,0.1502985587729739,0.3435236248635188,0.0,0.18966137102302502,0.3493011931178579,0.206557,0,False
66335,2026-04-20 11:00:00+00:00,547.52,plan_a,estimated_total_footfall,0.48909794061983153,False,1.476796082021668,False,18.80803021506489,True,0.5182133488994544,False,274.0258427063832,20.0,False,0.48909794061983153,0.10533960722154075,0.09198925155317152,0.001090205597658499,0.4145469357254779,0.41979138319479037,0.206551,1,False
66336,2026-04-26 09:00:00+00:00,599.21,plan_a,estimated_total_footfall,0.2439229144439482,False,2.971232129973876,False,0.15034332557177332,False,0.4569131165897371,False,336.0638910981524,95.0,False,0.2439229144439482,0.05193174022975292,0.18507729208819929,8.714635888752263e-06,0.2795441039997628,0.5148300039609022,0.206278,0,False
66331,2026-04-25 12:00:00+00:00,533.42,plan_a,estimated_total_footfall,0.03717744732943477,False,0.4546569030429771,False,13.147412831056666,False,0.5027203034760731,False,401.161729637475,831.0,False,0.03717744732943477,0.006895202124579833,0.028320462610621072,0.0007620884749357948,0.3804262656170216,0.6145560422553801,0.206192,0,False
66335,2026-04-20 13:00:00+00:00,526.37,plan_a,estimated_total_footfall,-0.3514319554956199,False,1.7865212119209322,False,0.4576686090125096,False,0.5105123777087879,False,291.49557301963404,17.0,False,0.3514319554956199,0.0753510446118529,0.11128195095391663,2.6528715325986915e-05,0.3975869197743912,0.4465539767509663,0.20616,0,False
66338,2026-04-22 21:00:00+00:00,521.67,plan_a,estimated_total_footfall,1.2211359456773345,False,1.0606134636852924,False,6891.713187636034,False,0.46617963804702084,False,,,False,1.2211359456773345,0.26480359919843066,0.06606534233085501,0.39947746833156494,0.2999519652727795,0.0,0.20606,0,False
66340,2026-04-21 17:00:00+00:00,575.71,plan_a,estimated_total_footfall,0.5803867927550774,False,0.6625069053449253,False,0.2630341741825449,False,0.4995639187940333,False,316.6477433941975,35.0,False,0.5803867927550774,0.12522557582412833,0.04126738627858396,1.5246749701603545e-05,0.373474891143625,0.48508561408709366,0.205014,0,False
66336,2026-04-20 18:00:00+00:00,601.56,plan_a,estimated_total_footfall,0.2770276788871933,False,1.4559159076174228,False,0.01973412702454654,False,0.4934240530385547,False,336.0638910981524,29.0,False,0.2770276788871933,0.05914313889362392,0.09068863081133101,1.1438867069573277e-06,0.3599529315657661,0.5148300039609022,0.204923,0,False
66333,2026-04-25 07:00:00+00:00,538.12,plan_a,estimated_total_footfall,0.021168429851868717,False,0.9997240346126227,False,2.2090011996819703,False,0.5029307567266752,False,377.2126915828801,46.0,False,0.021168429851868717,0.003407867017709322,0.06227255531301091,0.00012804453446691334,0.3808897513772975,0.5778675324716681,0.204913,0,False
66342,2026-04-21 08:00:00+00:00,516.98,plan_a,estimated_total_footfall,-0.7299927301157846,False,9.315107225849708,True,0.5326910222897043,False,0.35749905678599997,False,147.43914951769605,2.0,False,0.7299927301157846,0.157815085972729,0.5802356549256352,3.0877382037460765e-05,0.060602362979205696,0.2258680564643525,0.20491,1,False
66332,2026-04-20 18:00:00+00:00,603.91,plan_a,estimated_total_footfall,0.8365412517088424,False,1.0092715740886788,False,0.135398102655407,False,0.5028531992603028,False,260.66708279718154,41.0,False,0.8365412517088424,0.18102515495149768,0.06286726911356111,7.848337531329062e-06,0.3807189448862415,0.3993265531456782,0.204789,0,False
66336,2026-04-23 01:00:00+00:00,519.33,plan_a,estimated_total_footfall,-0.8813573339503165,False,2.3317931070138775,False,0.4869528865394165,False,0.6407358582354236,True,,,False,0.8813573339503165,0.19078769641739968,0.14524679832398404,2.822617555537589e-05,0.6843809165646364,0.0,0.204089,1,False
66336,2026-04-24 09:00:00+00:00,629.75,plan_a,estimated_total_footfall,0.6741439808680945,False,0.8562754471281165,False,14.424932148863931,False,0.4687988564955137,False,336.0638910981524,89.0,False,0.6741439808680945,0.14564923605725444,0.05333717935982243,0.000836139754919106,0.3057203268944486,0.5148300039609022,0.204075,0,False
66331,2026-04-25 08:00:00+00:00,519.33,plan_a,estimated_total_footfall,-0.6335807776892438,False,0.7759815618804384,False,10.90598823981541,False,0.4781829793646399,False,331.4709567785612,433.0,False,0.6335807776892438,0.13681312336695622,0.04833569371251572,0.0006321645218073412,0.326387184308515,0.5077939002419914,0.203992,0,False
66340,2026-04-22 10:00:00+00:00,585.11,plan_a,estimated_total_footfall,0.8028355758704175,False,0.4465562042308662,False,7.879316115848772,False,0.48062170186885617,False,316.6477433941975,56.0,False,0.8028355758704175,0.17368285634904734,0.027815872146266893,0.0004567237736750688,0.331758035795651,0.48508561408709366,0.20376,0,False
66335,2026-04-26 09:00:00+00:00,547.52,plan_a,estimated_total_footfall,0.48909794061983153,False,0.9970114855631234,False,1.3041794561475226,False,0.51338404644561,False,291.49557301963404,46.0,False,0.48909794061983153,0.10533960722154075,0.062103591324074045,7.559663224617702e-05,0.4039112581437865,0.4465539767509663,0.203597,0,False
66331,2026-04-25 10:00:00+00:00,528.72,plan_a,estimated_total_footfall,-0.1865673119031956,False,1.2108548395975058,False,5.395514804439089,False,0.4595346177855294,False,401.161729637475,790.0,False,0.1865673119031956,0.03943764391207634,0.07542383934390465,0.0003127504781089327,0.2853174929653411,0.6145560422553801,0.20301,0,False
66342,2026-04-21 10:00:00+00:00,521.67,plan_a,estimated_total_footfall,-0.6611285770351776,False,8.472372876048619,False,5.206581295848957,False,0.3720705663871554,False,162.42368052613125,5.0,False,0.6611285770351776,0.14281401679534578,0.5277419470670485,0.00030179896610608406,0.09269351475062552,0.2488234716778597,0.202475,0,False
66336,2026-04-22 17:00:00+00:00,620.35,plan_a,estimated_total_footfall,0.5417249230951092,False,0.5304498027333943,False,0.10319881354624645,False,0.48666735010442413,False,336.0638910981524,53.0,False,0.5417249230951092,0.11680364140176941,0.033041583014747244,5.981908945983977e-06,0.3450724980850519,0.5148300039609022,0.201951,0,False
66330,2026-04-25 03:00:00+00:00,516.98,plan_a,estimated_total_footfall,-0.9036421319411858,False,2.0385037954361267,False,0.842318602697901,False,0.53498963386518,False,153.67101288508454,11.0,False,0.9036421319411858,0.19564212040013193,0.126977881857434,4.882491388904698e-05,0.4514937121221389,0.2354149025466035,0.201915,0,False
66330,2026-04-25 23:00:00+00:00,526.37,plan_a,estimated_total_footfall,-0.5705906721873786,False,1.0250720971333918,False,0.24938248346568886,False,0.4700814042535695,False,335.47309403240257,29.0,False,0.5705906721873786,0.12309163130100283,0.0638514796668841,1.4455430809256282e-05,0.3085449096511039,0.5139249378001011,0.201885,0,False
66338,2026-04-26 07:00:00+00:00,519.33,plan_a,estimated_total_footfall,0.33743662664759344,False,0.8941917782283401,False,0.2233194331130874,False,0.5047356257909439,False,323.5234702964964,4.0,False,0.33743662664759344,0.07230236272414091,0.05569897796019319,1.2944688692109837e-05,0.3848646536801032,0.4956188210221724,0.2017,0,False
66330,2026-04-24 22:00:00+00:00,524.02,plan_a,estimated_total_footfall,-0.6539422089734761,False,1.2999151994596658,False,0.6293875018245952,False,0.45231632325251253,False,335.47309403240257,53.0,False,0.6539422089734761,0.14124856946745173,0.08097138646060673,3.6482383840274216e-05,0.2694204862906527,0.5139249378001011,0.20112,0,False
66332,2026-04-24 16:00:00+00:00,601.56,plan_a,estimated_total_footfall,0.7906058951174091,False,1.8847938479490076,False,0.6561170550003953,False,0.43094255227430134,False,322.95354615970024,42.0,False,0.7906058951174091,0.17101879560356123,0.11740332840502993,3.8031759727166745e-05,0.22234856669112438,0.49474573095395535,0.201111,0,False
66335,2026-04-26 08:00:00+00:00,545.17,plan_a,estimated_total_footfall,0.3957057299403359,False,0.9595131115357635,False,0.012010001705600752,False,0.48608671153314803,False,337.17117693788396,44.0,False,0.3957057299403359,0.0849954520935167,0.059767827163245836,6.961585523637934e-07,0.3437937451606683,0.5165263003746348,0.201017,0,False
66333,2026-04-25 22:00:00+00:00,528.72,plan_a,estimated_total_footfall,-0.2434076241415808,False,1.3187346295164897,False,1.8847283793199547,False,0.463020128257249,False,377.2126915828801,108.0,False,0.2434076241415808,0.051819491619605924,0.08214364396227518,0.00010924809274044206,0.29299370830681515,0.5778675324716681,0.200987,0,False
66335,2026-04-26 16:00:00+00:00,545.17,plan_a,estimated_total_footfall,0.3957057299403359,False,0.3270599236935317,False,17.769394672906152,True,0.5013444009288862,False,337.17117693788396,49.0,False,0.3957057299403359,0.0849954520935167,0.020372479288013133,0.0010300011919317604,0.3773960855826237,0.5165263003746348,0.200064,1,False
66332,2026-04-22 08:00:00+00:00,603.91,plan_a,estimated_total_footfall,0.8365412517088424,False,0.4393136100766125,False,10.867430036484064,False,0.5060573323802301,False,262.95790827804694,46.0,False,0.8365412517088424,0.18102515495149768,0.027364732802342633,0.0006299294993926166,0.3877754767804569,0.4028359622867014,0.199926,0,False
66332,2026-04-23 13:00:00+00:00,521.67,plan_a,estimated_total_footfall,-0.7710007593887945,False,5.112470960008655,False,21.540154445437953,False,0.49318398563625215,False,100.33865491103819,2.0,False,0.7710007593887945,0.16674809765491025,0.31845451306636136,0.0012485729064830747,0.3594242259166239,0.15371288458418192,0.199918,0,False
66333,2026-04-23 20:00:00+00:00,526.37,plan_a,estimated_total_footfall,-0.309551637639944,False,0.6087797045938964,False,0.045597609974187846,False,0.4738760395260882,False,377.2126915828801,22.0,False,0.309551637639944,0.06622801735864013,0.03792073263743377,2.643060919473171e-06,0.3169019172488566,0.5778675324716681,0.199784,0,False
66331,2026-04-24 22:00:00+00:00,521.67,plan_a,estimated_total_footfall,-0.5221844507521493,False,1.03317269352865,False,1.5254807050677328,False,0.42353155716780705,False,401.161729637475,105.0,False,0.5221844507521493,0.11254702944529368,0.06435606375171865,8.842433709260915e-05,0.2060271713621943,0.6145560422553801,0.199515,0,False
66342,2026-04-23 09:00:00+00:00,580.41,plan_a,estimated_total_footfall,0.20136190312578292,False,0.8594173773290581,False,0.5209210177838467,False,0.5275544690342204,False,303.23053589532776,53.0,False,0.20136190312578292,0.042660433657582396,0.053532889391244814,3.0195134898870257e-05,0.43511908728457743,0.46453124578761484,0.199175,0,False
66336,2026-04-24 08:00:00+00:00,596.86,plan_a,estimated_total_footfall,0.21081815000070148,False,0.9349804886871785,False,9.75865479211404,False,0.5012281279660328,False,336.0638910981524,50.0,False,0.21081815000070148,0.04472034156588157,0.058239696338719144,0.0005656594528148974,0.3771400151136075,0.5148300039609022,0.199099,0,False
66336,2026-04-20 17:00:00+00:00,627.4,plan_a,estimated_total_footfall,0.6410392164248477,False,1.4252960467650173,False,0.036564428557791094,False,0.4444657878226693,False,336.0638910981524,40.0,False,0.6410392164248477,0.1384378373933831,0.08878132748302105,2.1194534586061433e-06,0.25213108177033927,0.5148300039609022,0.198836,0,False
66332,2026-04-24 15:00:00+00:00,601.56,plan_a,estimated_total_footfall,0.7906058951174091,False,2.1117481673976797,False,0.4559768215909044,False,0.4430640696315124,False,288.7502556928455,47.0,False,0.7906058951174091,0.17101879560356123,0.131540255118881,2.6430651036638586e-05,0.249044047383071,0.44234831298385935,0.198796,0,False
66335,2026-04-25 07:00:00+00:00,531.07,plan_a,estimated_total_footfall,-0.1646475341366287,False,1.4896768640837261,False,0.9830763478573475,False,0.5325973056960206,False,274.0258427063832,9.0,False,0.1646475341366287,0.03466273435580479,0.09279159218484911,5.69839225641661e-05,0.4462250358857764,0.41979138319479037,0.198706,0,False
66336,2026-04-20 10:00:00+00:00,629.75,plan_a,estimated_total_footfall,0.6741439808680945,False,0.5344707662654716,False,0.01411962239828069,False,0.4658709549939189,False,336.0638910981524,60.0,False,0.6741439808680945,0.14564923605725444,0.03329204780832391,8.184425056431577e-07,0.29927214588703965,0.5148300039609022,0.198609,0,False
66333,2026-04-23 10:00:00+00:00,528.72,plan_a,estimated_total_footfall,-0.2434076241415808,False,0.5442608444355753,False,0.01395953824677733,False,0.4795060543364055,False,377.2126915828801,47.0,False,0.2434076241415808,0.051819491619605924,0.0339018692823097,8.091632437497149e-07,0.32930102102729464,0.5778675324716681,0.198578,0,False
66340,2026-04-20 11:00:00+00:00,582.76,plan_a,estimated_total_footfall,0.7472233800915818,False,0.2538269747218799,False,0.46156975422972246,False,0.4798189034559807,False,316.6477433941975,90.0,False,0.7472233800915818,0.16156853621781744,0.015810817561695653,2.6754844819849465e-05,0.32999001543162515,0.48508561408709366,0.198496,0,False
66342,2026-04-23 20:00:00+00:00,578.06,plan_a,estimated_total_footfall,0.16685641064402815,False,0.8984484568381008,False,5.164062587454315,False,0.528076094340895,False,303.23053589532776,318.0,False,0.16685641064402815,0.0351439064578273,0.05596412538588127,0.00029933437340993243,0.4362678740158423,0.46453124578761484,0.198441,0,False
66332,2026-04-25 08:00:00+00:00,545.17,plan_a,estimated_total_footfall,-0.31164719347446496,False,0.7772488218789345,False,0.8231560225114389,False,0.5292079200267821,False,286.004938366057,25.0,False,0.31164719347446496,0.06668450417554649,0.04841463101483125,4.771415683761863e-05,0.43876051828254986,0.43814264921675244,0.19841,0,False
66340,2026-04-24 15:00:00+00:00,552.22,plan_a,estimated_total_footfall,0.02450148260833771,False,3.243071882078296,False,21.93743132160105,False,0.46597422839207775,False,316.6477433941975,85.0,False,0.02450148260833771,0.004133924810261189,0.20201012096207652,0.0012716010210309966,0.2994995871326607,0.48508561408709366,0.1984,0,False
66336,2026-04-23 23:00:00+00:00,524.02,plan_a,estimated_total_footfall,-0.8152886764018809,False,0.7040050784529502,False,0.19004249444371132,False,0.4465667301943191,False,336.0638910981524,2.0,False,0.8152886764018809,0.1763955858924823,0.043852296904704616,1.101579425736814e-05,0.2567580327422738,0.5148300039609022,0.198369,0,False
66335,2026-04-25 20:00:00+00:00,538.12,plan_a,estimated_total_footfall,0.1155290979018536,False,0.723145652852705,False,3.3248242275052706,False,0.5457058775559507,False,291.49557301963404,35.0,False,0.1155290979018536,0.02396298670944552,0.04504455840564311,0.00019272310511036334,0.47509432812645286,0.4465539767509663,0.19817,0,False
66331,2026-04-23 02:00:00+00:00,516.98,plan_a,estimated_total_footfall,-0.7454531573055616,False,2.4352184950532516,False,0.6520127133670992,False,0.637811536167018,True,0.0,8.0,False,0.7454531573055616,0.16118291854469532,0.15168913938458198,3.779385197328946e-05,0.6779406186206077,0.0,0.19817,1,False
66338,2026-04-22 04:00:00+00:00,524.02,plan_a,estimated_total_footfall,2.1086117575234815,False,1.6619994767186372,False,0.7821310928854519,False,0.5247990394412964,False,,,False,2.1086117575234815,0.4581274905294567,0.10352552380543692,4.533615087897376e-05,0.42905074490397904,0.0,0.19815,0,False
66335,2026-04-22 15:00:00+00:00,533.42,plan_a,estimated_total_footfall,-0.07125532345713761,False,1.464608173319561,False,0.5720616748985897,False,0.4969140193967098,False,337.17117693788396,18.0,False,0.07125532345713761,0.014318579227781719,0.09123006982649036,3.3159497993617364e-05,0.36763896020262227,0.5165263003746348,0.197949,0,False
66330,2026-04-24 18:00:00+00:00,556.92,plan_a,estimated_total_footfall,0.5129793060318768,False,0.9040173802630753,False,4.122953304300619,False,0.46990658309604205,False,335.47309403240257,157.0,False,0.5129793060318768,0.11054182054400948,0.056311012206652786,0.00023898657753286857,0.30815989722256165,0.5139249378001011,0.197835,0,False
66332,2026-04-26 14:00:00+00:00,599.21,plan_a,estimated_total_footfall,0.7446705385259779,False,1.0010970488984647,False,0.1167924026707121,False,0.44486063440420637,False,333.42212677955376,86.0,False,0.7446705385259779,0.16101243625562522,0.062358080022931264,6.769859985316727e-06,0.2530006609643527,0.5107829772774829,0.197432,0,False
66335,2026-04-25 02:00:00+00:00,516.98,plan_a,estimated_total_footfall,-0.7246033845511323,False,2.4318424649216506,True,0.6841698325863392,False,0.4337973778520601,False,291.49557301963404,1.0,False,0.7246033845511323,0.156641094251063,0.15147884732814465,3.9657836185166495e-05,0.22863581100584673,0.4465539767509663,0.19667,1,False
66335,2026-04-22 14:00:00+00:00,531.07,plan_a,estimated_total_footfall,-0.1646475341366287,False,1.326233817632661,False,3.329848701208799,False,0.5200580965059989,False,291.49557301963404,21.0,False,0.1646475341366287,0.03466273435580479,0.08261076647868833,0.00019301434822802314,0.41860966340723366,0.4465539767509663,0.196526,0,False
66331,2026-04-25 22:00:00+00:00,542.82,plan_a,estimated_total_footfall,0.4846669657947063,False,1.029425600173797,False,9.266784750473763,False,0.5013273369592383,False,284.6448083380434,266.0,False,0.4846669657947063,0.10437438283553628,0.06412265826167907,0.0005371482548539736,0.3773585052320091,0.43605901046156986,0.19649,0,False
66333,2026-04-26 20:00:00+00:00,524.02,plan_a,estimated_total_footfall,-0.37569565113830716,False,0.40960027037685437,False,0.10580666806838245,False,0.46518674688575173,False,377.2126915828801,32.0,False,0.37569565113830716,0.08063654309767433,0.025513896445582995,6.133072973551012e-06,0.2977652995242793,0.5778675324716681,0.196358,0,False
66333,2026-04-26 16:00:00+00:00,561.62,plan_a,estimated_total_footfall,0.6826085648354941,False,0.03400387085892605,False,73.78957278184197,True,0.5062675269397459,False,285.7018719626486,77.0,False,0.6826085648354941,0.14749312440804999,0.002118092449122175,0.0042772052349829654,0.3882383928197403,0.43767836941222693,0.195961,1,False
66331,2026-04-20 14:00:00+00:00,528.72,plan_a,estimated_total_footfall,-0.1865673119031956,False,1.9549288692581979,False,0.16794994181727604,False,0.4225991359986791,False,401.161729637475,391.0,False,0.1865673119031956,0.03943764391207634,0.12177202100683186,9.735201645356451e-06,0.20397367998948185,0.6145560422553801,0.19595,0,False
66336,2026-04-24 17:00:00+00:00,559.27,plan_a,estimated_total_footfall,-0.31871720975318496,False,0.8403681217237331,False,11.630887893741852,False,0.48575986404856936,False,336.0638910981524,89.0,False,0.31871720975318496,0.06822460593441312,0.05234631611473663,0.0006741832580287615,0.3430739218533502,0.5148300039609022,0.19583,0,False
66340,2026-04-21 11:00:00+00:00,573.36,plan_a,estimated_total_footfall,0.5247745969762417,False,0.6349237427331438,False,0.7681812322909299,False,0.4848909892793127,False,316.6477433941975,49.0,False,0.5247745969762417,0.11311125569289843,0.03954923810970903,4.452754859937288e-05,0.34116038009592226,0.48508561408709366,0.19579,0,False
66335,2026-04-23 09:00:00+00:00,545.17,plan_a,estimated_total_footfall,0.3957057299403359,False,0.4288406582957114,False,0.09164751131193954,False,0.4888533078328593,False,337.17117693788396,31.0,False,0.3957057299403359,0.0849954520935167,0.02671237530518656,5.312338862775608e-06,0.34988668022192254,0.5165263003746348,0.195625,0,False
66335,2026-04-23 07:00:00+00:00,542.82,plan_a,estimated_total_footfall,0.3023135192608448,False,0.7260508120722653,False,8.670745593966084,False,0.5210429567784519,False,291.49557301963404,16.0,False,0.3023135192608448,0.06465129696549363,0.045225520032981865,0.0005025989045276519,0.42077864255503766,0.4465539767509663,0.195542,0,False
66330,2026-04-23 12:00:00+00:00,561.62,plan_a,estimated_total_footfall,0.6796823796040717,False,1.367715965406175,False,1.3087416521386477,False,0.4898495114740898,False,256.6362374405389,131.0,False,0.6796823796040717,0.14685569687690728,0.08519467889080673,7.586107948229192e-05,0.3520806411169168,0.3931515364720778,0.195472,0,False
66338,2026-04-21 05:00:00+00:00,524.02,plan_a,estimated_total_footfall,2.1086117575234815,False,1.2859208137418718,False,0.08932058233900451,False,0.5292924641154418,False,,,False,2.1086117575234815,0.4581274905294567,0.08009967974104124,5.177458656680684e-06,0.43894671156346715,0.0,0.195436,0,False
66338,2026-04-22 23:00:00+00:00,519.33,plan_a,estimated_total_footfall,0.33743662664759344,False,1.1375629331999493,False,3453.0598968611794,False,0.4599290946264598,False,226.01366425665876,1.0,False,0.33743662664759344,0.07230236272414091,0.07085850517455425,0.20015627290904736,0.2861862578715938,0.3462395655904888,0.195149,0,False
66340,2026-04-24 21:00:00+00:00,526.37,plan_a,estimated_total_footfall,-0.5872326709588496,False,5.7776246335411905,False,5.630568135428648,False,0.39779146126678006,False,221.2343187510366,18.0,False,0.5872326709588496,0.1267168523144457,0.35988676586076085,0.0003263753210224578,0.14933919964337808,0.33891789096025804,0.195037,0,False
66335,2026-04-21 15:00:00+00:00,519.33,plan_a,estimated_total_footfall,-0.6312111738716366,False,1.75551572824976,False,0.23796499122609638,False,0.4574771030326171,False,291.49557301963404,12.0,False,0.6312111738716366,0.13629693912303895,0.10935062727851066,1.3793617009060658e-05,0.2807861835804571,0.4465539767509663,0.1946,0,False
66340,2026-04-24 13:00:00+00:00,552.22,plan_a,estimated_total_footfall,0.02450148260833771,False,2.916579508932665,False,16.556196361195518,False,0.4666046330619392,False,316.6477433941975,98.0,False,0.02450148260833771,0.004133924810261189,0.1816729942530386,0.0009596782726588337,0.30088794101579797,0.48508561408709366,0.194548,0,False
66340,2026-04-24 11:00:00+00:00,563.97,plan_a,estimated_total_footfall,0.3025624615025135,False,2.0889356695872765,False,1.856977339335842,False,0.46139452514336027,False,316.6477433941975,112.0,False,0.3025624615025135,0.0647055254664101,0.13011927044456864,0.00010763950647247171,0.2894136072962954,0.48508561408709366,0.193886,0,False
66340,2026-04-24 07:00:00+00:00,533.42,plan_a,estimated_total_footfall,-0.42039608362234515,False,3.9318549204236657,False,1.3994294297899033,False,0.43467150572904034,False,263.3448411899737,5.0,False,0.42039608362234515,0.09037389192075657,0.2449142408681722,8.111778747903985e-05,0.2305609217963978,0.4034287206218171,0.193872,0,False
66342,2026-04-24 19:00:00+00:00,585.11,plan_a,estimated_total_footfall,0.2703728880892925,False,0.7826770131082867,False,0.5398979988450735,False,0.5101316312683317,False,303.23053589532776,321.0,False,0.2703728880892925,0.05769348805709259,0.04875275166300634,3.1295133715494736e-05,0.39674839362702913,0.46453124578761484,0.193551,0,False
66332,2026-04-23 19:00:00+00:00,519.33,plan_a,estimated_total_footfall,-0.8167406463777092,False,8.039659377288395,True,17.394924815716372,False,0.36477825135250774,False,138.2664560193434,2.0,False,0.8167406463777092,0.17671187675030187,0.5007883335164113,0.001008295083966468,0.07663349111907752,0.21181603256301107,0.193392,1,False
66331,2026-04-23 14:00:00+00:00,519.33,plan_a,estimated_total_footfall,-0.6335807776892438,False,3.0078779859033955,False,0.9762806102130348,False,0.4537786382353556,False,240.58229460398357,123.0,False,0.6335807776892438,0.13681312336695622,0.18735995311399714,5.659000830864167e-05,0.2726409743070979,0.36855784559048904,0.193086,0,False
66330,2026-04-26 15:00:00+00:00,547.52,plan_a,estimated_total_footfall,0.1795731588874908,False,0.7320272820290536,False,0.20066869565882003,False,0.4969344187962996,False,335.47309403240257,153.0,False,0.1795731588874908,0.03791406787821471,0.04559779282334732,1.1631740952162254e-05,0.36768388624297094,0.5139249378001011,0.193026,0,False
66338,2026-04-26 19:00:00+00:00,519.33,plan_a,estimated_total_footfall,0.33743662664759344,False,0.6306301478745588,False,0.5540843988438942,False,0.4218567395257678,False,424.4645808055869,2.0,True,0.33743662664759344,0.07230236272414091,0.039281791180290654,3.2117446978100445e-05,0.20233868412845765,0.6502546319490745,0.192842,1,False
66333,2026-04-24 22:00:00+00:00,524.02,plan_a,estimated_total_footfall,-0.37569565113830716,False,0.6854757926712373,False,0.9346619598036042,False,0.4482867847347124,False,377.2126915828801,13.0,False,0.37569565113830716,0.08063654309767433,0.04269811241598277,5.417758738393417e-05,0.2605461461788188,0.5778675324716681,0.192361,0,False
66336,2026-04-23 08:00:00+00:00,580.41,plan_a,estimated_total_footfall,-0.020915201102023932,False,0.9349804886871785,False,0.005018751444444323,False,0.5042239240360427,False,336.0638910981524,26.0,False,0.020915201102023932,0.0033527047623966425,0.058239696338719144,2.9091142748204056e-07,0.38373772180223276,0.5148300039609022,0.192032,0,False
66342,2026-04-23 21:00:00+00:00,547.52,plan_a,estimated_total_footfall,-0.28156815973587823,False,0.849059468934259,False,1.8741874305777124,False,0.5149286740782573,False,286.6891209426893,316.0,False,0.28156815973587823,0.06013221759804042,0.05288769791728754,0.00010863708769674433,0.40731302509493905,0.43919077645674426,0.191926,0,False
66335,2026-04-22 08:00:00+00:00,516.98,plan_a,estimated_total_footfall,-0.7246033845511323,False,1.696115212191124,False,5.359590288217115,False,0.48394242258279874,False,233.62514918441,4.0,False,0.7246033845511323,0.156641094251063,0.10565058427282649,0.00031066811710512063,0.3390713310779173,0.35789991030261387,0.191915,0,False
66340,2026-04-22 18:00:00+00:00,578.06,plan_a,estimated_total_footfall,0.6359989885339105,False,0.7697972420944662,False,5.685361801483733,False,0.4611346603468804,False,316.6477433941975,47.0,False,0.6359989885339105,0.13733989595535764,0.04795047400926578,0.0003295514304164993,0.28884130141638686,0.48508561408709366,0.191909,0,False
66340,2026-04-21 18:00:00+00:00,568.67,plan_a,estimated_total_footfall,0.4137868530601822,False,0.2915467289742989,False,2.329023599682965,False,0.49532624858481134,False,316.6477433941975,32.0,False,0.4137868530601822,0.08893416572886934,0.01816037144031887,0.00013500162092569006,0.3641421780916717,0.48508561408709366,0.191291,0,False
66336,2026-04-24 22:00:00+00:00,521.67,plan_a,estimated_total_footfall,-0.8483934408451276,False,1.9372495352428825,False,0.35615216434794766,False,0.444381658844121,False,260.15769419081494,23.0,False,0.8483934408451276,0.18360698455635366,0.12067077979700887,2.064432472462309e-05,0.25194580269542766,0.39854619992957874,0.190958,0,False
66333,2026-04-24 19:00:00+00:00,540.47,plan_a,estimated_total_footfall,0.0873124433502319,False,0.5355673181693668,False,11.864934055811625,False,0.4774301054122032,False,377.2126915828801,51.0,False,0.0873124433502319,0.017816392756743526,0.03336035174693569,0.0006877497204961909,0.32472911366698876,0.5778675324716681,0.190892,0,False
66336,2026-04-21 07:00:00+00:00,545.17,plan_a,estimated_total_footfall,-0.5173457964126636,False,1.022727253996765,False,7.873910088201029,False,0.44975626891977954,False,336.0638910981524,13.0,False,0.5173457964126636,0.11149299791764088,0.06370541998554163,0.00045641041382104517,0.2637824230848816,0.5148300039609022,0.190853,0,False
66332,2026-04-26 13:00:00+00:00,592.16,plan_a,estimated_total_footfall,0.6068644687516777,False,1.8839012924424352,False,0.04454568636717645,False,0.4515250083860974,False,286.004938366057,98.0,False,0.6068644687516777,0.13099335821181582,0.11734773135001414,2.5820862723910772e-06,0.26767775639016966,0.43814264921675244,0.190833,0,False
66330,2026-04-25 22:00:00+00:00,531.07,plan_a,estimated_total_footfall,-0.4038875986151836,False,1.3835155205097662,False,0.8378319407136268,False,0.4508038725959911,False,335.47309403240257,63.0,False,0.4038875986151836,0.086777754968105,0.08617882915132395,4.856484497411406e-05,0.26608958339220734,0.5139249378001011,0.190604,0,False
66336,2026-04-23 20:00:00+00:00,538.12,plan_a,estimated_total_footfall,-0.6166600897424022,False,1.5128839877609364,False,0.5213990900558583,False,0.49503495399396896,False,236.34768814596998,20.0,False,0.6166600897424022,0.13312719390925457,0.09423715800382529,3.022284631048926e-05,0.36350065369366596,0.3620706789614647,0.190593,0,False
66331,2026-04-26 04:00:00+00:00,519.33,plan_a,estimated_total_footfall,-0.6335807776892438,False,0.7759815618804384,False,1.7869032529308049,False,0.3995096218168997,False,401.161729637475,27.0,False,0.6335807776892438,0.13681312336695622,0.04833569371251572,0.00010357766903516338,0.15312314190404705,0.6145560422553801,0.190586,0,False
66330,2026-04-24 06:00:00+00:00,524.02,plan_a,estimated_total_footfall,-0.6539422089734761,False,4.4392413438466525,True,2.1613098814841614,False,0.45902211403450927,False,162.99746973484625,46.0,False,0.6539422089734761,0.14124856946745173,0.2765192118639148,0.0001252801119588445,0.28418879483401605,0.24970248280764867,0.190357,1,False
66331,2026-04-22 02:00:00+00:00,516.98,plan_a,estimated_total_footfall,-0.7454531573055616,False,2.435218495053288,False,0.003060667422273437,False,0.5309592039572719,False,128.0048255494378,14.0,False,0.7454531573055616,0.16118291854469532,0.15168913938458425,1.7741128221183038e-07,0.44261740888252876,0.19609582162870445,0.190317,0,False
66330,2026-04-26 17:00:00+00:00,538.12,plan_a,estimated_total_footfall,-0.15383298825689515,False,0.8550623513265351,False,0.946113587856108,False,0.48974490292538597,False,335.47309403240257,107.0,False,0.15383298825689515,0.03230694046875916,0.05326161593152771,5.48413798631244e-05,0.3518502594402801,0.5139249378001011,0.19028,0,False
66332,2026-04-26 11:00:00+00:00,601.56,plan_a,estimated_total_footfall,0.7906058951174091,False,0.969316433107612,False,0.11640169929293322,False,0.4320339481141154,False,322.95354615970024,91.0,False,0.7906058951174091,0.17101879560356123,0.060378473565350914,6.747212902947759e-06,0.22475217143056686,0.49474573095395535,0.19018,0,False
66335,2026-04-20 12:00:00+00:00,528.72,plan_a,estimated_total_footfall,-0.2580397448161243,False,1.6122492853866413,False,0.06789616130022574,False,0.4883088048892597,False,291.49557301963404,22.0,False,0.2580397448161243,0.05500688948382884,0.1004265970673646,3.935594225584621e-06,0.3486875095744521,0.4465539767509663,0.190136,0,False
66332,2026-04-24 10:00:00+00:00,599.21,plan_a,estimated_total_footfall,0.7446705385259779,False,0.42384082495340347,False,5.486545233393676,False,0.47728509797886876,False,286.004938366057,88.0,False,0.7446705385259779,0.16101243625562522,0.026400936960618453,0.00031802704785434144,0.3244097606501434,0.43814264921675244,0.190057,0,False
66336,2026-04-24 23:00:00+00:00,519.33,plan_a,estimated_total_footfall,-0.8813573339503165,False,1.9316755832950596,False,0.2729397712748786,False,0.44133861668300534,False,257.0844248627809,13.0,False,0.8813573339503165,0.19078769641739968,0.12032357975083077,1.582092665021149e-05,0.24524404491520088,0.3938381330939705,0.190042,0,False
66335,2026-04-24 08:00:00+00:00,542.82,plan_a,estimated_total_footfall,0.3023135192608448,False,1.283744500811164,False,0.12527010751300738,False,0.46096584283387015,False,337.17117693788396,28.0,False,0.3023135192608448,0.06465129696549363,0.07996411776327161,7.261269301905545e-06,0.2884695109444336,0.5165263003746348,0.189924,0,False
66330,2026-04-23 22:00:00+00:00,554.57,plan_a,estimated_total_footfall,0.42962776924578333,False,0.8550623513265351,False,8.314789701486768,False,0.4614149731584288,False,335.47309403240257,56.0,False,0.42962776924578333,0.09238488237756144,0.05326161593152771,0.00048196595668234044,0.28945864040356767,0.5139249378001011,0.189902,0,False
66342,2026-04-20 12:00:00+00:00,528.72,plan_a,estimated_total_footfall,-0.5576120995899132,False,6.229433021550885,False,0.009184437348774272,False,0.3877288644575011,False,204.91452679163558,15.0,False,0.5576120995899132,0.12026443519608047,0.3880297951959693,5.323749959183564e-07,0.12717812434919099,0.3139169349466719,0.189878,0,False
66335,2026-04-25 21:00:00+00:00,528.72,plan_a,estimated_total_footfall,-0.2580397448161243,False,0.672189454885831,False,2.227168688497447,False,0.4823320647703895,False,337.17117693788396,29.0,False,0.2580397448161243,0.05500688948382884,0.04187050982166318,0.00012909761114615888,0.33552480512564264,0.5165263003746348,0.189812,0,False
66336,2026-04-21 10:00:00+00:00,596.86,plan_a,estimated_total_footfall,0.21081815000070148,False,0.9191636911360747,False,21.32447912855849,False,0.4801018209375567,False,336.0638910981524,48.0,False,0.21081815000070148,0.04472034156588157,0.05725447205054099,0.0012360713082268987,0.3306130907401246,0.5148300039609022,0.189731,0,False
66342,2026-04-21 02:00:00+00:00,516.98,plan_a,estimated_total_footfall,-0.7299927301157846,False,6.314529109079505,False,0.3890966538136735,False,0.5101829083735362,False,,,False,0.7299927301157846,0.157815085972729,0.3933304087994025,2.255394877439559e-05,0.39686132230844623,0.0,0.189606,0,False
66342,2026-04-20 18:00:00+00:00,521.67,plan_a,estimated_total_footfall,-0.6611285770351776,False,6.002257625586599,False,1.6738708047075475,False,0.4000880513694793,False,180.63621972672783,4.0,False,0.6611285770351776,0.14281401679534578,0.37387909768230715,9.702575443480636e-05,0.1543970298586234,0.27672400451446466,0.189582,0,False
66342,2026-04-23 22:00:00+00:00,549.87,plan_a,estimated_total_footfall,-0.24706266725412343,False,0.9108361650484987,False,2.3574583832404623,False,0.4992636235550768,False,303.23053589532776,348.0,False,0.24706266725412343,0.05261569039828532,0.05673575257301032,0.00013664984032177343,0.3728135444229789,0.46453124578761484,0.189367,0,False
66331,2026-04-24 18:00:00+00:00,542.82,plan_a,estimated_total_footfall,0.4846669657947063,False,3.2308081815840115,False,0.6666286623511375,False,0.42504522857178456,False,281.87079476849095,266.0,False,0.4846669657947063,0.10437438283553628,0.2012462181839779,3.8641064000029314e-05,0.2093607627392503,0.4318093857478479,0.189366,0,False
66330,2026-04-26 11:00:00+00:00,545.17,plan_a,estimated_total_footfall,0.09622162210139332,False,0.5577562130108681,False,0.4639151817644407,False,0.5014744996500774,False,335.47309403240257,162.0,False,0.09622162210139332,0.019757129711765804,0.03474249235125494,2.6890797293235222e-05,0.37768260481922244,0.5139249378001011,0.189227,0,False
66342,2026-04-23 08:00:00+00:00,582.76,plan_a,estimated_total_footfall,0.23586739560753772,False,0.8764771972985405,False,5.866599909703309,False,0.5006358767976765,False,303.23053589532776,37.0,False,0.23586739560753772,0.05017696085733749,0.054595541229050484,0.000340056879303526,0.37583568751470076,0.46453124578761484,0.189096,0,False
66331,2026-04-23 07:00:00+00:00,521.67,plan_a,estimated_total_footfall,-0.5221844507521493,False,2.4309989845802,False,0.07144858333318169,False,0.4541772294922568,False,266.059080780759,172.0,False,0.5221844507521493,0.11254702944529368,0.15142630715265634,4.141510014813408e-06,0.2735188004809189,0.4075867751355248,0.189017,0,False
66330,2026-04-26 19:00:00+00:00,531.07,plan_a,estimated_total_footfall,-0.4038875986151836,False,0.4769321739729554,False,7.53038535770531,False,0.47217908534958053,False,335.47309403240257,87.0,False,0.4038875986151836,0.086777754968105,0.029707983559476594,0.00043649803704165317,0.3131646782449352,0.5139249378001011,0.188802,0,False
66340,2026-04-20 10:00:00+00:00,573.36,plan_a,estimated_total_footfall,0.5247745969762417,False,0.21410456239634829,False,1.0019803801996299,False,0.48087072931748326,False,316.6477433941975,76.0,False,0.5247745969762417,0.11311125569289843,0.013336518622122411,5.807969291556451e-05,0.33230647434923144,0.48508561408709366,0.18878,0,False
66342,2026-04-21 09:00:00+00:00,516.98,plan_a,estimated_total_footfall,-0.7299927301157846,False,8.46954342854637,False,1.7471684117987,False,0.3607138469347684,False,123.9839565564693,3.0,False,0.7299927301157846,0.157815085972729,0.5275657015032842,0.0001012744429275408,0.06768236507927718,0.18993608815417995,0.18862,0,False
66340,2026-04-24 12:00:00+00:00,554.57,plan_a,estimated_total_footfall,0.08011367838717341,False,2.1683280583657303,False,15.389937771522865,False,0.46858823359315777,False,316.6477433941975,130.0,False,0.08011367838717341,0.016248244941491092,0.13506460210657478,0.0008920762096974495,0.3052564675064339,0.48508561408709366,0.188509,0,False
66333,2026-04-23 16:00:00+00:00,552.22,plan_a,estimated_total_footfall,0.41803251084204457,False,1.3580783691881528,False,15.089648938926155,False,0.4961999198436381,False,261.78018391964736,95.0,False,0.41803251084204457,0.08985902145191384,0.08459435547875252,0.0008746699974323795,0.3660662832621555,0.40103175822860276,0.188485,0,False
66340,2026-04-26 10:00:00+00:00,552.22,plan_a,estimated_total_footfall,0.02450148260833771,False,1.3333987137979015,False,0.1700447730528799,False,0.49776492367627345,False,316.6477433941975,130.0,False,0.02450148260833771,0.004133924810261189,0.0830570660346801,9.856628329229805e-06,0.3695129251606704,0.48508561408709366,0.18836,0,False
66332,2026-04-26 10:00:00+00:00,599.21,plan_a,estimated_total_footfall,0.7446705385259779,False,0.6897663182542978,False,0.11621087636531767,False,0.44027618570657806,False,322.95354615970024,73.0,False,0.7446705385259779,0.16101243625562522,0.04296536816101101,6.736151870959336e-06,0.24290423012288298,0.49474573095395535,0.188327,0,False
66335,2026-04-25 08:00:00+00:00,535.77,plan_a,estimated_total_footfall,0.022136887222357998,False,1.283744500811164,False,4.4599511086965045,False,0.4846495839915966,False,337.17117693788396,60.0,False,0.022136887222357998,0.0036188315814214634,0.07996411776327161,0.00025852062169113134,0.3406287279927039,0.5165263003746348,0.188199,0,False
66340,2026-04-24 09:00:00+00:00,547.52,plan_a,estimated_total_footfall,-0.08672290894933368,False,2.8796345170217497,False,0.5342228169548762,False,0.4593138561345083,False,299.2235051669583,46.0,False,0.08672290894933368,0.017687971133377743,0.17937170012320136,3.0966172362621776e-05,0.28483130479114777,0.458392711715963,0.188063,0,False
66336,2026-04-22 19:00:00+00:00,545.17,plan_a,estimated_total_footfall,-0.5173457964126636,False,0.5251928797840983,False,0.14959458631488612,False,0.45726292896631177,False,336.0638910981524,16.0,False,0.5173457964126636,0.11149299791764088,0.03271413062408514,8.671235292320252e-06,0.28031450338702246,0.5148300039609022,0.187872,0,False
66336,2026-04-21 01:00:00+00:00,519.33,plan_a,estimated_total_footfall,-0.8813573339503165,False,1.3133337092933093,False,0.5682701895929005,False,0.3978552495942816,False,336.0638910981524,4.0,False,0.8813573339503165,0.19078769641739968,0.08180722201812388,3.293972492560137e-05,0.14947968206113216,0.5148300039609022,0.187388,0,False
66336,2026-04-20 06:00:00+00:00,561.62,plan_a,estimated_total_footfall,-0.28561244530993823,False,1.0711422280866219,False,0.22567279944100752,False,0.463474439448589,False,336.0638910981524,16.0,False,0.28561244530993823,0.061013207270541776,0.06672117638191241,1.308110133685264e-05,0.2939942477012779,0.5148300039609022,0.187314,0,False
66332,2026-04-23 17:00:00+00:00,519.33,plan_a,estimated_total_footfall,-0.8167406463777092,False,6.2683094526827565,True,34.46398099207771,True,0.36612919249612585,False,187.20686670101924,2.0,False,0.8167406463777092,0.17671187675030187,0.39045139818260755,0.0019977012247175186,0.07960869811277614,0.2867898470444261,0.187112,2,True
66342,2026-04-21 16:00:00+00:00,519.33,plan_a,estimated_total_footfall,-0.6954872376340298,False,8.133053167350191,False,6.761902985744284,False,0.3585197771724136,False,140.53937319652286,3.0,False,0.6954872376340298,0.1502985587729739,0.5066058088957728,0.00039195303291130433,0.06285031763408823,0.21529800724201145,0.187089,0,False
66332,2026-04-22 20:00:00+00:00,575.71,plan_a,estimated_total_footfall,0.2853169726116483,False,0.782240833499277,False,2.0304952813570325,False,0.5218205393845552,False,262.95790827804694,50.0,False,0.2853169726116483,0.06094884277626146,0.04872558214633168,0.00011769745669493376,0.42249112960066937,0.4028359622867014,0.187024,0,False
66336,2026-04-23 07:00:00+00:00,554.57,plan_a,estimated_total_footfall,-0.38492673863967675,False,0.5447747200205012,False,0.000670215341747515,False,0.4677468428351635,False,336.0638910981524,16.0,False,0.38492673863967675,0.08264740326215546,0.03393387846152154,3.884896551391593e-08,0.3034034543833651,0.5148300039609022,0.186963,0,False
66330,2026-04-24 05:00:00+00:00,531.07,plan_a,estimated_total_footfall,-0.4038875986151836,False,4.6309138495921225,True,1.7299188809141415,False,0.44961718529241645,False,192.13223337579174,20.0,False,0.4038875986151836,0.086777754968105,0.28845844339458737,0.00010027457558830897,0.2634761161944634,0.2943352174690679,0.18663,1,False
66336,2026-04-26 21:00:00+00:00,533.42,plan_a,estimated_total_footfall,-0.6828696186288956,False,0.4091087295253762,False,1.34485103378047,False,0.4412374758852895,False,336.0638910981524,31.0,False,0.6828696186288956,0.14754999123699725,0.02548327849122508,7.795415619174818e-05,0.24502130034180925,0.5148300039609022,0.186593,0,False
66330,2026-04-25 21:00:00+00:00,535.77,plan_a,estimated_total_footfall,-0.23718452504299264,False,0.5515357851474771,False,0.16075069726396302,False,0.4670150346198352,False,356.34289280764136,69.0,False,0.23718452504299264,0.05046387863520807,0.03435502348506558,9.317898152051358e-06,0.301791777271763,0.5458962351358846,0.186503,0,False
66342,2026-04-26 01:00:00+00:00,524.02,plan_a,estimated_total_footfall,-0.6266230845534229,False,1.2648798929197524,False,0.7339707317347519,False,0.4449277480026616,False,303.23053589532776,83.0,False,0.6266230845534229,0.13529748959559068,0.0787890461458013,4.2544540342869195e-05,0.2531484666984808,0.46453124578761484,0.186362,0,False
66342,2026-04-22 19:00:00+00:00,528.72,plan_a,estimated_total_footfall,-0.5576120995899132,False,6.489321699622033,False,2.5741722039426147,False,0.40830534553158254,False,152.13977959362907,8.0,False,0.5576120995899132,0.12026443519608047,0.40421819471432424,0.00014921163534857026,0.17249415509302932,0.23306914371208817,0.186039,0,False
66335,2026-04-21 09:00:00+00:00,519.33,plan_a,estimated_total_footfall,-0.6312111738716366,False,0.9392171901829822,False,5.363772216061794,False,0.4609336000384885,False,291.49557301963404,3.0,False,0.6312111738716366,0.13629693912303895,0.05850359939507047,0.0003109105221360112,0.28839850193655114,0.4465539767509663,0.186013,0,False
66335,2026-04-26 21:00:00+00:00,516.98,plan_a,estimated_total_footfall,-0.7246033845511323,False,0.1982696100363529,False,0.3656536509886846,False,0.43932004942407593,False,337.17117693788396,22.0,False,0.7246033845511323,0.156641094251063,0.012350163475525585,2.1195077451163893e-05,0.24079851044140924,0.5165263003746348,0.185267,0,False
66332,2026-04-21 15:00:00+00:00,589.81,plan_a,estimated_total_footfall,0.5609291121602442,False,1.0726744880224541,False,17.384516756439183,False,0.4658945484182627,False,286.004938366057,31.0,False,0.5609291121602442,0.12098699886387933,0.06681662046278318,0.001007691781847373,0.29932410619740896,0.43814264921675244,0.185256,0,False
66332,2026-04-20 08:00:00+00:00,587.46,plan_a,estimated_total_footfall,0.5149937555688131,False,0.7762879309784835,False,0.6690897990934324,False,0.4965626887330181,False,260.66708279718154,47.0,False,0.5149937555688131,0.11098063951594335,0.04835477736554763,3.878372354610468e-05,0.36686521705870057,0.3993265531456782,0.185113,0,False
66335,2026-04-21 13:00:00+00:00,528.72,plan_a,estimated_total_footfall,-0.2580397448161243,False,1.9607517064887627,False,1.1361596014712585,False,0.466897669302496,False,291.49557301963404,16.0,False,0.2580397448161243,0.05500688948382884,0.12213472405383774,6.585737810891442e-05,0.3015333010867606,0.4465539767509663,0.185059,0,False
66342,2026-04-20 17:00:00+00:00,531.07,plan_a,estimated_total_footfall,-0.5231066071081585,False,6.09176658775132,False,4.323803085899836,False,0.4004482082452883,False,180.63621972672783,12.0,False,0.5231066071081585,0.11274790799632539,0.379454588122099,0.00025062881511352515,0.15519021116100487,0.27672400451446466,0.184873,0,False
66340,2026-04-24 08:00:00+00:00,528.72,plan_a,estimated_total_footfall,-0.5316204751800139,False,3.294573191038274,False,6.035442651742737,False,0.4504119615086653,False,221.2343187510366,19.0,False,0.5316204751800139,0.1146025321832158,0.2052181243708826,0.0003498438320248139,0.26522646910079056,0.33891789096025804,0.184863,0,False
66342,2026-04-21 13:00:00+00:00,519.33,plan_a,estimated_total_footfall,-0.6954872376340298,False,8.812567017041701,False,7.591724476531809,False,0.3654951927362295,False,95.12154219430343,3.0,False,0.6954872376340298,0.1502985587729739,0.5489325534030888,0.0004400535529534963,0.07821242668484774,0.14572057647918363,0.184721,0,False
66336,2026-04-20 19:00:00+00:00,554.57,plan_a,estimated_total_footfall,-0.38492673863967675,False,1.3996026089697806,False,0.10376044849446497,False,0.43751438523107056,False,336.0638910981524,22.0,False,0.38492673863967675,0.08264740326215546,0.0871808897913282,6.014464059804352e-06,0.23682185700933386,0.5148300039609022,0.184297,0,False
66340,2026-04-22 08:00:00+00:00,566.32,plan_a,estimated_total_footfall,0.3581746572813492,False,0.7173273059309578,False,1.1327800714003262,False,0.47287837661848303,False,316.6477433941975,36.0,False,0.3581746572813492,0.07681984559764,0.04468213505882902,6.566148398503989e-05,0.31470474257986175,0.48508561408709366,0.184272,0,False
66340,2026-04-20 17:00:00+00:00,573.36,plan_a,estimated_total_footfall,0.5247745969762417,False,0.5532556435700229,False,0.405843227011858,False,0.4606596776321281,False,316.6477433941975,49.0,False,0.5247745969762417,0.11311125569289843,0.03446215302785988,2.3524662221444117e-05,0.2877952366773767,0.48508561408709366,0.184096,0,False
66332,2026-04-21 13:00:00+00:00,594.51,plan_a,estimated_total_footfall,0.6527998253431111,False,2.15212136715718,False,19.32931379404222,False,0.43951164831843526,False,262.95790827804694,29.0,False,0.6527998253431111,0.1409997175597523,0.1340550914418478,0.0011204217483808292,0.24122047284382453,0.4028359622867014,0.184046,0,False
66331,2026-04-23 15:00:00+00:00,526.37,plan_a,estimated_total_footfall,-0.2984396915195135,False,2.813431143764832,False,4.702660702824649,False,0.4531755266845837,False,266.059080780759,175.0,False,0.2984396915195135,0.06380743908981545,0.1752479088765032,0.0002725892591347262,0.2713127286523456,0.4075867751355248,0.183645,0,False
66340,2026-04-22 01:00:00+00:00,519.33,plan_a,estimated_total_footfall,-0.7538326106537421,False,1.676725064759125,False,0.11712400172321147,False,0.40507997653455124,False,316.6477433941975,9.0,False,0.7538326106537421,0.1630082624097041,0.10444277693131901,6.7890810913591615e-06,0.1653908549658856,0.48508561408709366,0.183587,0,False
66331,2026-04-25 13:00:00+00:00,535.77,plan_a,estimated_total_footfall,0.14904982694575264,False,1.006325053238351,False,0.09971569964725713,False,0.5187652328554772,False,266.059080780759,837.0,False,0.14904982694575264,0.03126499730231894,0.06268373108078382,5.780010595835714e-06,0.4157623617367633,0.4075867751355248,0.183461,0,False
66335,2026-04-23 23:00:00+00:00,519.33,plan_a,estimated_total_footfall,-0.6312111738716366,False,1.1495644519673416,False,0.09858255633670633,False,0.41730499826383016,False,337.17117693788396,4.0,False,0.6312111738716366,0.13629693912303895,0.07160607671970787,5.714328056729505e-06,0.19231428558230482,0.5165263003746348,0.18335,0,False
66340,2026-04-24 06:00:00+00:00,528.72,plan_a,estimated_total_footfall,-0.5316204751800139,False,3.285905931031777,False,1.8342671223938942,False,0.4472766411675283,False,221.2343187510366,10.0,False,0.5316204751800139,0.1146025321832158,0.20467824295413148,0.00010632311100994641,0.2583214850824244,0.33891789096025804,0.183325,0,False
66330,2026-04-24 03:00:00+00:00,524.02,plan_a,estimated_total_footfall,-0.6539422089734761,False,2.7470346574679554,False,0.5577314296001324,False,0.4319235706398607,False,247.676685298809,4.0,False,0.6539422089734761,0.14124856946745173,0.17111208866776537,3.232884675254886e-05,0.22450908472401365,0.3794260325223913,0.183266,0,False
66342,2026-04-20 13:00:00+00:00,531.07,plan_a,estimated_total_footfall,-0.5231066071081585,False,5.791113524665146,False,0.3360963036605081,False,0.398458477459526,False,190.30977346759514,27.0,False,0.5231066071081585,0.11274790799632539,0.36072698545091325,1.9481788757949016e-05,0.15080818387777117,0.2915433166829123,0.183169,0,False
66336,2026-04-22 21:00:00+00:00,535.77,plan_a,estimated_total_footfall,-0.6497648541856489,False,0.43985660065466037,False,0.10327793293111708,False,0.43587503407751904,False,336.0638910981524,11.0,False,0.6497648541856489,0.14033859257312592,0.02739855554705541,5.9864950932457015e-06,0.23321147839275577,0.5148300039609022,0.183157,0,False
66331,2026-04-25 09:00:00+00:00,524.02,plan_a,estimated_total_footfall,-0.41031207113583135,False,1.5305345477252934,False,9.061803904808356,False,0.4641875949624602,False,284.6448083380434,532.0,False,0.41031207113583135,0.08817723426755456,0.09533660688534781,0.0005252665605562793,0.2955648455637293,0.43605901046156986,0.183133,0,False
66333,2026-04-23 17:00:00+00:00,549.87,plan_a,estimated_total_footfall,0.35188849734368144,False,1.0221436662163117,False,0.05394394419707829,False,0.5001848544282071,False,261.78018391964736,91.0,False,0.35188849734368144,0.07545049571287965,0.06366906845143817,3.12685535119604e-06,0.37484239116400564,0.40103175822860276,0.182999,0,False
66332,2026-04-21 16:00:00+00:00,594.51,plan_a,estimated_total_footfall,0.6527998253431111,False,1.4501159289945935,False,15.964604101710155,False,0.4569934013556336,False,262.95790827804694,25.0,False,0.6527998253431111,0.1409997175597523,0.09032735162117492,0.0009253866862753865,0.27972091688173856,0.4028359622867014,0.182962,0,False
66332,2026-04-25 23:00:00+00:00,528.72,plan_a,estimated_total_footfall,-0.6331946896144943,False,0.9043455552396966,False,1.762185142576559,False,0.43279901466651494,False,322.95354615970024,11.0,False,0.6331946896144943,0.13672901961110084,0.05633145414230348,0.00010214488623103142,0.2264370940995499,0.49474573095395535,0.182869,0,False
66332,2026-04-25 06:00:00+00:00,519.33,plan_a,estimated_total_footfall,-0.8167406463777092,False,1.0014798934971751,False,4.478314132286441,False,0.43739778949159114,False,286.004938366057,2.0,False,0.8167406463777092,0.17671187675030187,0.06238192731540805,0.0002595850325240982,0.23656507568235055,0.43814264921675244,0.182812,0,False
66340,2026-04-26 06:00:00+00:00,519.33,plan_a,estimated_total_footfall,-0.7538326106537421,False,3.1293197004206528,False,0.2804788434330694,False,0.42828757448556065,False,221.2343187510366,8.0,False,0.7538326106537421,0.1630082624097041,0.194924526559021,1.6257928216777858e-05,0.2165014514985111,0.33891789096025804,0.182674,0,False
66331,2026-04-26 01:00:00+00:00,519.33,plan_a,estimated_total_footfall,-0.6335807776892438,False,1.8255365609149903,False,1.4640257010589344,False,0.4498908281640778,False,259.92566318207076,102.0,False,0.6335807776892438,0.13681312336695622,0.11371220709878398,8.486210390771917e-05,0.26407876582830475,0.39819074214814176,0.182576,0,False
66332,2026-04-24 09:00:00+00:00,601.56,plan_a,estimated_total_footfall,0.7906058951174091,False,0.41704496036676153,False,9.980275148512838,False,0.43004697360297534,False,322.95354615970024,70.0,False,0.7906058951174091,0.17101879560356123,0.025977624287601267,0.0005785056546945347,0.2203762143507402,0.49474573095395535,0.182539,0,False
66330,2026-04-24 21:00:00+00:00,524.02,plan_a,estimated_total_footfall,-0.6539422089734761,False,0.9281785087759918,False,2.271339278912473,False,0.50636142219186,False,211.93122181542486,86.0,False,0.6539422089734761,0.14124856946745173,0.0578160027436947,0.00013165795501905267,0.38844518037083736,0.32466609670601965,0.182462,0,False
66340,2026-04-22 03:00:00+00:00,516.98,plan_a,estimated_total_footfall,-0.8094448064325778,False,0.8968199353688431,False,0.7484216304539905,False,0.41876589017158933,False,316.6477433941975,6.0,False,0.8094448064325778,0.175122582540934,0.05586268519862792,4.338218524745314e-05,0.1955316395296145,0.48508561408709366,0.182329,0,False
66336,2026-04-22 06:00:00+00:00,556.92,plan_a,estimated_total_footfall,-0.35182197419643163,False,0.8910101509971182,False,0.7268798864788601,False,0.4502568638781816,False,336.0638910981524,6.0,False,0.35182197419643163,0.07543600459828446,0.05550079521087236,4.21335202040398e-05,0.2648848942238234,0.5148300039609022,0.182139,0,False
66335,2026-04-22 10:00:00+00:00,516.98,plan_a,estimated_total_footfall,-0.7246033845511323,False,0.7818941838540631,False,15.432027822474677,False,0.44698159618940697,False,291.49557301963404,9.0,False,0.7246033845511323,0.156641094251063,0.04870398942828306,0.0008945159553076326,0.2576717011251372,0.4465539767509663,0.182093,0,False
66331,2026-04-20 15:00:00+00:00,545.17,plan_a,estimated_total_footfall,0.5965393454110187,False,2.402819901474759,False,0.6318182169438328,False,0.43570232697530215,False,259.92566318207076,540.0,False,0.5965393454110187,0.1287441780132742,0.14967103924811562,3.662327999999982e-05,0.23283112179409526,0.39819074214814176,0.181895,0,False
66342,2026-04-20 14:00:00+00:00,521.67,plan_a,estimated_total_footfall,-0.6611285770351776,False,5.780715008444652,False,0.026833243542883578,False,0.39798718111895687,False,167.13977642885843,8.0,False,0.6611285770351776,0.14281401679534578,0.3600792645258433,1.5553862886903344e-06,0.14977023772061257,0.25604825165748535,0.181743,0,False
66332,2026-04-23 23:00:00+00:00,516.98,plan_a,estimated_total_footfall,-0.8626760029691426,False,4.991967269932062,False,0.9482679151723503,False,0.5165605456064962,False,,,False,0.8626760029691426,0.18671823609823834,0.31094836892466904,5.496625523138465e-05,0.41090693117039623,0.0,0.181726,0,False
66330,2026-04-24 15:00:00+00:00,563.97,plan_a,estimated_total_footfall,0.7630339163901693,False,1.4750065290348005,False,0.5062376018432051,False,0.4922208628218998,False,192.13223337579174,172.0,False,0.7630339163901693,0.1650126350433562,0.0918777807537289,2.9344012156712315e-05,0.3573031196444606,0.2943352174690679,0.181712,0,False
66330,2026-04-25 18:00:00+00:00,542.82,plan_a,estimated_total_footfall,0.012870085315299852,False,1.5260770229859235,False,0.6284949497410987,False,0.5200849692384755,False,256.6362374405389,97.0,False,0.012870085315299852,0.0016001915453177779,0.09505894880543671,3.64306471476752e-05,0.4186688458090591,0.3931515364720778,0.181703,0,False
66335,2026-04-22 05:00:00+00:00,516.98,plan_a,estimated_total_footfall,-0.7246033845511323,False,1.474825774543753,False,0.15224581072676163,False,0.4723171396545067,False,225.39252625954978,2.0,False,0.7246033845511323,0.156641094251063,0.09186652160255106,8.824913251225295e-06,0.3134687182362161,0.3452880189174234,0.181455,0,False
66331,2026-04-25 11:00:00+00:00,524.02,plan_a,estimated_total_footfall,-0.41031207113583135,False,0.4020627995875819,False,0.2682902460495783,False,0.47856019493143814,False,304.67367851914884,693.0,False,0.41031207113583135,0.08817723426755456,0.02504438931121961,1.5551417383737816e-05,0.3272179343362064,0.466742054929621,0.181439,0,False
66331,2026-04-20 11:00:00+00:00,547.52,plan_a,estimated_total_footfall,0.7084117250273366,False,0.9093814420827935,False,1.4622082267530028,False,0.4654218899745547,False,259.92566318207076,534.0,False,0.7084117250273366,0.15311397319101333,0.05664513825024665,8.475675419064247e-05,0.29828316025095225,0.39819074214814176,0.181264,0,False
66340,2026-04-25 00:00:00+00:00,521.67,plan_a,estimated_total_footfall,-0.698457062516521,False,4.570658523780951,False,0.05359770072285506,False,0.38953106127369264,False,221.2343187510366,15.0,False,0.698457062516521,0.1509454925769055,0.28470515450728595,3.1067853827073388e-06,0.1311471415020731,0.33891789096025804,0.181144,0,False
66336,2026-04-22 02:00:00+00:00,521.67,plan_a,estimated_total_footfall,-0.8483934408451276,False,0.6732318556125461,False,0.044127962009192466,False,0.4047712333466209,False,336.0638910981524,2.0,False,0.8483934408451276,0.18360698455635366,0.0419354406972501,2.5578729215964963e-06,0.16471090314390835,0.5148300039609022,0.181017,0,False
66330,2026-04-24 19:00:00+00:00,556.92,plan_a,estimated_total_footfall,0.5129793060318768,False,1.0979570518200963,False,0.3405419722840994,False,0.4962566993637222,False,234.00438959999101,110.0,False,0.5129793060318768,0.11054182054400948,0.0683914649178867,1.9739481496813922e-05,0.366191330031255,0.35848088418831675,0.180725,0,False
66331,2026-04-22 21:00:00+00:00,516.98,plan_a,estimated_total_footfall,-0.7454531573055616,False,2.3496645467352213,False,1.074559710154667,False,0.4598535812080422,False,202.00261592432264,344.0,False,0.7454531573055616,0.16118291854469532,0.1463600057492729,6.228674654566266e-05,0.2860199530317009,0.3094560597290048,0.180616,0,False
66331,2026-04-23 16:00:00+00:00,524.02,plan_a,estimated_total_footfall,-0.41031207113583135,False,2.382290908714905,False,1.0186901945724671,False,0.4473209678959792,False,266.29487608786127,198.0,False,0.41031207113583135,0.08817723426755456,0.14839229352139738,5.90482756409639e-05,0.2584191067983059,0.40794799959939904,0.180599,0,False
66330,2026-04-24 13:00:00+00:00,559.27,plan_a,estimated_total_footfall,0.5963308428179743,False,1.9064931740567683,False,0.13471335040201984,False,0.4490546489522136,False,256.6362374405389,162.0,False,0.5963308428179743,0.12869875871045838,0.1187549738977025,7.8086459351802e-06,0.26223723020635975,0.3931515364720778,0.18057,0,False
66342,2026-04-23 19:00:00+00:00,575.71,plan_a,estimated_total_footfall,0.132350918162275,False,0.8219515705104493,False,1.4075921270894063,False,0.4929420501577802,False,303.23053589532776,187.0,False,0.132350918162275,0.027627379258072564,0.051199153833549206,8.159093741479346e-05,0.3588914061627997,0.46453124578761484,0.180466,0,False
66335,2026-04-21 14:00:00+00:00,521.67,plan_a,estimated_total_footfall,-0.5382163768546111,False,1.645943282835664,False,0.5175385219598421,False,0.4495789395950439,False,274.0258427063832,12.0,False,0.5382163768546111,0.11603935486790101,0.10252538758076236,2.9999068865414366e-05,0.26339188686527376,0.41979138319479037,0.180356,0,False
66342,2026-04-21 19:00:00+00:00,516.98,plan_a,estimated_total_footfall,-0.7299927301157846,False,11.038230138074939,True,1.227115146150535,False,0.35551392810417337,False,,,False,0.7299927301157846,0.157815085972729,0.6875685419500434,7.112960719476517e-05,0.0562304710093274,0.0,0.180337,1,False
66331,2026-04-23 09:00:00+00:00,524.02,plan_a,estimated_total_footfall,-0.41031207113583135,False,3.4353161707287323,True,0.5751208059089958,False,0.45359888403096693,False,213.30395705229233,285.0,False,0.41031207113583135,0.08817723426755456,0.21398496870416717,3.333682021786837e-05,0.2722450977224145,0.326769045895605,0.180242,1,False
66331,2026-04-24 07:00:00+00:00,521.67,plan_a,estimated_total_footfall,-0.5221844507521493,False,2.0654945752878713,False,0.5733817544283187,False,0.4196632884565589,False,301.1793835930069,134.0,False,0.5221844507521493,0.11254702944529368,0.12865913065516882,3.3236016272044637e-05,0.19750799924460846,0.4613890017801507,0.180027,0,False
66330,2026-04-23 05:00:00+00:00,516.98,plan_a,estimated_total_footfall,-0.9036421319411858,False,2.3875202853080233,False,1.5671756042978655,False,0.43618981968722614,False,210.04193898574997,4.0,False,0.9036421319411858,0.19564212040013193,0.148718030056554,9.084117777261232e-05,0.23390473757132219,0.32177182715654074,0.180026,0,False
66342,2026-04-22 15:00:00+00:00,533.42,plan_a,estimated_total_footfall,-0.4886011146264053,False,3.0311080709811966,False,11.177590968812147,False,0.3932651693845408,False,303.23053589532776,24.0,False,0.4886011146264053,0.10523138079657064,0.18880694919276386,0.0006479079469351035,0.13937084881834297,0.46453124578761484,0.179718,0,False
66342,2026-04-24 07:00:00+00:00,566.32,plan_a,estimated_total_footfall,-0.00552421988184154,False,1.065095684491954,False,1.2630906647083358,False,0.49676787792237936,False,303.23053589532776,93.0,False,0.00552421988184154,0.0,0.06634453872250333,7.321492454389227e-05,0.3673171096626847,0.46453124578761484,0.179653,0,False
66335,2026-04-22 20:00:00+00:00,519.33,plan_a,estimated_total_footfall,-0.6312111738716366,False,3.8425682766717,True,1.0891612930333898,False,0.46126693945260216,False,152.31926126768684,4.0,False,0.6312111738716366,0.13629693912303895,0.2393525985856479,6.313312584253914e-05,0.2891326225611479,0.23334409902092582,0.179638,1,False
66330,2026-04-21 22:00:00+00:00,516.98,plan_a,estimated_total_footfall,-0.9036421319411858,False,0.8546735592719487,False,0.5297211256579242,False,0.4523926463388802,False,247.676685298809,13.0,False,0.9036421319411858,0.19564212040013193,0.05323739817354025,3.0705232275076795e-05,0.26958857427984045,0.3794260325223913,0.179585,0,False
66331,2026-04-20 18:00:00+00:00,526.37,plan_a,estimated_total_footfall,-0.2984396915195135,False,2.269976289903556,False,0.6077846341834842,False,0.44837559667413285,False,281.87079476849095,318.0,False,0.2984396915195135,0.06380743908981545,0.1413962445416411,3.523017576965177e-05,0.2607417386400714,0.4318093857478479,0.179558,0,False
66340,2026-04-26 16:00:00+00:00,545.17,plan_a,estimated_total_footfall,-0.14233510472816938,False,0.8577154571983515,False,0.10590283142955924,False,0.47925613892190694,False,316.6477433941975,117.0,False,0.14233510472816938,0.029802291264607646,0.05342687722007718,6.13864707320131e-06,0.32875062688720813,0.48508561408709366,0.179414,0,False
66331,2026-04-23 20:00:00+00:00,524.02,plan_a,estimated_total_footfall,-0.41031207113583135,False,1.7659281480520115,False,0.9373564036261174,False,0.4491094619503851,False,284.6448083380434,107.0,False,0.41031207113583135,0.08817723426755456,0.10999921425414463,5.433377055167107e-05,0.262357946061581,0.43605901046156986,0.17933,0,False
66331,2026-04-21 10:00:00+00:00,519.33,plan_a,estimated_total_footfall,-0.6335807776892438,False,0.7867413481291591,False,4.704295479359113,False,0.4673418165388841,False,266.29487608786127,421.0,False,0.6335807776892438,0.13681312336695622,0.04900591805556581,0.0002726840187936811,0.30251145618269226,0.40794799959939904,0.17931,0,False
66342,2026-04-23 06:00:00+00:00,540.47,plan_a,estimated_total_footfall,-0.38508463718114094,False,0.9040171456642876,False,1.0050409996596679,False,0.462996353593725,False,303.23053589532776,29.0,False,0.38508463718114094,0.08268179919730535,0.056310997593554096,5.825710141765014e-05,0.2929413488494668,0.46453124578761484,0.179305,0,False
66331,2026-04-23 19:00:00+00:00,521.67,plan_a,estimated_total_footfall,-0.5221844507521493,False,1.7860702587911026,False,0.41658262167233173,False,0.4500860984949859,False,266.29487608786127,132.0,False,0.5221844507521493,0.11254702944529368,0.11125386119839548,2.4147170163021875e-05,0.26450881391509523,0.40794799959939904,0.179256,0,False
66332,2026-04-21 11:00:00+00:00,599.21,plan_a,estimated_total_footfall,0.7446705385259779,False,0.7163557569847379,False,23.52129671132785,False,0.44333262536776197,False,286.004938366057,27.0,False,0.7446705385259779,0.16101243625562522,0.04462161752259091,0.0013634096205532703,0.24963549350821282,0.43814264921675244,0.178955,0,False
66342,2026-04-21 14:00:00+00:00,519.33,plan_a,estimated_total_footfall,-0.6954872376340298,False,7.678955395346472,False,9.460698618076009,False,0.369611366698561,False,116.27864626125522,5.0,False,0.6954872376340298,0.1502985587729739,0.47832017441507957,0.0005483884528707892,0.08727756591601375,0.17813200852859934,0.178915,0,False
66335,2026-04-24 23:00:00+00:00,519.33,plan_a,estimated_total_footfall,-0.6312111738716366,False,1.1495644519673416,False,0.508973091291942,False,0.40715265341034185,False,337.17117693788396,9.0,False,0.6312111738716366,0.13629693912303895,0.07160607671970787,2.950257453008409e-05,0.16995555622297664,0.5165263003746348,0.178883,0,False
66330,2026-04-22 15:00:00+00:00,561.62,plan_a,estimated_total_footfall,0.6796823796040717,False,1.7352412506969457,False,0.6165517260963034,False,0.4573772479321967,False,234.12628090943446,143.0,False,0.6796823796040717,0.14685569687690728,0.10808773523916979,3.573835937895321e-05,0.28056627052611655,0.3586676144648677,0.178843,0,False
66331,2026-04-24 12:00:00+00:00,540.47,plan_a,estimated_total_footfall,0.3727945861783884,False,0.6288697014538223,False,5.375886688527034,False,0.4836857681128843,False,284.6448083380434,278.0,False,0.3727945861783884,0.08000458765779717,0.039172133421433844,0.00031161273632554953,0.33850609536986237,0.43605901046156986,0.178811,0,False
66331,2026-04-26 23:00:00+00:00,516.98,plan_a,estimated_total_footfall,-0.7454531573055616,False,0.0,False,6.179057090838531,False,0.4771744299898783,False,266.29487608786127,90.0,False,0.7454531573055616,0.16118291854469532,0.0,0.00035816842867935413,0.32416603413668393,0.40794799959939904,0.178731,0,False
66335,2026-04-25 03:00:00+00:00,516.98,plan_a,estimated_total_footfall,-0.7246033845511323,False,1.4693243594441905,False,0.8216212515486435,False,0.4321790669614676,False,274.0258427063832,7.0,False,0.7246033845511323,0.156641094251063,0.09152383985816338,4.762519399166237e-05,0.22507176981692095,0.41979138319479037,0.178615,0,False
66336,2026-04-23 22:00:00+00:00,528.72,plan_a,estimated_total_footfall,-0.7490791475153874,False,1.2859466099409314,False,0.5872900772007146,False,0.46091659658635614,False,236.34768814596998,13.0,False,0.7490791475153874,0.1619727885647396,0.0801012865797059,3.40422108159242e-05,0.28836105486497426,0.3620706789614647,0.178508,0,False
66330,2026-04-23 10:00:00+00:00,549.87,plan_a,estimated_total_footfall,0.26292469567358834,False,1.6455989978392611,False,0.17695198192367909,False,0.4298441789472395,False,335.47309403240257,84.0,False,0.26292469567358834,0.05607100604466363,0.1025039421560855,1.0257004003292159e-05,0.21992959528011652,0.5139249378001011,0.178488,0,False
66340,2026-04-25 20:00:00+00:00,566.32,plan_a,estimated_total_footfall,0.3581746572813492,False,0.5682016693814007,False,10.602260499752859,False,0.4637153122857419,False,316.6477433941975,85.0,False,0.3581746572813492,0.07681984559764,0.03539313716630701,0.0006145589736136162,0.2945247271770677,0.48508561408709366,0.178488,0,False
66335,2026-04-23 08:00:00+00:00,542.82,plan_a,estimated_total_footfall,0.3023135192608448,False,0.44798584834926386,False,3.517775315354839,False,0.4582928818049577,False,337.17117693788396,21.0,False,0.3023135192608448,0.06465129696549363,0.027904924314023704,0.0002039074956947322,0.28258279087178456,0.5165263003746348,0.178374,0,False
66335,2026-04-26 03:00:00+00:00,519.33,plan_a,estimated_total_footfall,-0.6312111738716366,False,1.6447752699601796,False,1.4310430822716775,False,0.4228258320993514,False,291.49557301963404,4.0,False,0.6312111738716366,0.13629693912303895,0.1024526323564438,8.295026969562278e-05,0.2044729377309094,0.4465539767509663,0.177972,0,False
66342,2026-04-26 23:00:00+00:00,528.72,plan_a,estimated_total_footfall,-0.5576120995899132,False,0.0,False,0.24821698773000647,False,0.46817610173487734,False,303.23053589532776,89.0,False,0.5576120995899132,0.12026443519608047,0.0,1.4387872965050444e-05,0.30434882057238766,0.46453124578761484,0.177832,0,False
66342,2026-04-26 06:00:00+00:00,556.92,plan_a,estimated_total_footfall,-0.14354618980886072,False,0.9654530016556646,False,1.4986607235310248,False,0.4817557039614817,False,303.23053589532776,110.0,False,0.14354618980886072,0.03006610879902039,0.06013782140489481,8.686971953478555e-05,0.33425547321014293,0.46453124578761484,0.177816,0,False
66342,2026-04-26 21:00:00+00:00,549.87,plan_a,estimated_total_footfall,-0.24706266725412343,False,1.0636314772371473,False,0.5434112993615542,False,0.5007997523732873,False,256.6362374405389,297.0,False,0.24706266725412343,0.05261569039828532,0.06625333362578884,3.149878182991853e-05,0.3761965942506877,0.3931515364720778,0.17765,0,False
66342,2026-04-26 08:00:00+00:00,568.67,plan_a,estimated_total_footfall,0.028981272599911585,False,0.9932027171059427,False,0.3036214975891536,False,0.4919157536895044,False,303.23053589532776,461.0,False,0.028981272599911585,0.005109782880933862,0.06186634410762982,1.7599389859338848e-05,0.35663117118184073,0.46453124578761484,0.177631,0,False
66342,2026-04-25 20:00:00+00:00,563.97,plan_a,estimated_total_footfall,-0.040029712363596336,False,0.9637109460063581,False,0.9417210369066321,False,0.49147729379744903,False,303.23053589532776,479.0,False,0.040029712363596336,0.007516527199755097,0.06002930920250306,5.4586766084947726e-05,0.35566554144773865,0.46453124578761484,0.177559,0,False
66336,2026-04-21 09:00:00+00:00,580.41,plan_a,estimated_total_footfall,-0.020915201102023932,False,0.843269167362757,False,1.9839204240679422,False,0.47375949515424864,False,336.0638910981524,27.0,False,0.020915201102023932,0.0033527047623966425,0.052527021508192225,0.00011499774973221094,0.31664524904994107,0.5148300039609022,0.177494,0,False
66332,2026-04-26 20:00:00+00:00,524.02,plan_a,estimated_total_footfall,-0.7250654027973612,False,0.5331467534822731,False,0.2748414759744085,False,0.4652617225796528,False,260.66708279718154,40.0,False,0.7250654027973612,0.1567417383069738,0.033209575389514044,1.5931158773661628e-05,0.29793042012180176,0.3993265531456782,0.177445,0,False
66331,2026-04-23 22:00:00+00:00,519.33,plan_a,estimated_total_footfall,-0.6335807776892438,False,1.108344368509714,False,0.22639799950979145,False,0.45709066338958715,False,261.6896504753211,84.0,False,0.6335807776892438,0.13681312336695622,0.06903848822703283,1.3123137486591345e-05,0.27993511916953395,0.4008930663466848,0.177339,0,False
66342,2026-04-21 07:00:00+00:00,516.98,plan_a,estimated_total_footfall,-0.7299927301157846,False,9.381875359348891,True,0.47922755799910965,False,0.3551194794054669,False,57.66600077549006,1.0,False,0.7299927301157846,0.157815085972729,0.5843946249438817,2.7778377656176036e-05,0.05536176808130512,0.08834090241186925,0.177188,1,False
66335,2026-04-24 21:00:00+00:00,519.33,plan_a,estimated_total_footfall,-0.6312111738716366,False,1.0008301084436257,False,2.0234970145321,False,0.40732473586657986,False,337.17117693788396,13.0,False,0.6312111738716366,0.13629693912303895,0.06234145237003535,0.00011729180285563175,0.1703345371502441,0.5165263003746348,0.177123,0,False
66342,2026-04-23 23:00:00+00:00,519.33,plan_a,estimated_total_footfall,-0.6954872376340298,False,1.2908777910158231,False,1.3746566730629597,False,0.4686084265616242,False,228.01219280399457,73.0,False,0.6954872376340298,0.1502985587729739,0.08040844859203429,7.968183710335863e-05,0.30530093891904037,0.3493011931178579,0.177078,0,False
66331,2026-04-23 13:00:00+00:00,528.72,plan_a,estimated_total_footfall,-0.1865673119031956,False,2.485121980362857,False,0.7444792221055465,False,0.4718450281643649,False,247.09384614278434,134.0,False,0.1865673119031956,0.03943764391207634,0.15479761476544904,4.3153663940299635e-05,0.31242897685746623,0.378533157408602,0.177048,0,False
66332,2026-04-24 22:00:00+00:00,531.07,plan_a,estimated_total_footfall,-0.587259333023061,False,0.9867287482208054,False,1.599441241178862,False,0.4216060092127912,False,322.95354615970024,15.0,False,0.587259333023061,0.12672266026316437,0.06146308223581672,9.271145219994196e-05,0.201786495319771,0.49474573095395535,0.176962,0,False
66336,2026-04-26 13:00:00+00:00,552.22,plan_a,estimated_total_footfall,-0.4180315030829235,False,2.833126074496249,False,0.9892178516782851,False,0.4460436839939798,False,236.34768814596998,18.0,False,0.4180315030829235,0.08985880192602681,0.1764747010920503,5.7339914221296907e-05,0.25560611674606015,0.3620706789614647,0.176814,0,False
66330,2026-04-24 12:00:00+00:00,552.22,plan_a,estimated_total_footfall,0.3462762324596858,False,2.58601442667229,False,2.341798353392034,False,0.45399601433951364,False,244.9295557068464,228.0,False,0.3462762324596858,0.07422794421111252,0.1610821795312683,0.0001357421082517462,0.2731197064179743,0.3752175924722279,0.176757,0,False
66342,2026-04-24 08:00:00+00:00,566.32,plan_a,estimated_total_footfall,-0.00552421988184154,False,0.9932027171059427,False,0.7901201344160671,False,0.4919981830364692,False,303.23053589532776,175.0,False,0.00552421988184154,0.0,0.06186634410762982,4.579923487538432e-05,0.3568127071212369,0.46453124578761484,0.176651,0,False
66342,2026-04-21 20:00:00+00:00,516.98,plan_a,estimated_total_footfall,-0.7299927301157846,False,8.92632402049532,False,0.5664016191375462,False,0.3666999258389066,False,57.66600077549006,1.0,False,0.7299927301157846,0.157815085972729,0.5560184481545867,3.283141342531385e-05,0.08086563653751795,0.08834090241186925,0.176615,0,False
66340,2026-04-21 10:00:00+00:00,559.27,plan_a,estimated_total_footfall,0.19133806994484212,False,0.7777116645949623,False,2.1648394373210604,False,0.4702011592046684,False,316.6477433941975,35.0,False,0.19133806994484212,0.04047688520395031,0.04844346136964635,0.0001254847023112969,0.3088086485783863,0.48508561408709366,0.176588,0,False
66340,2026-04-25 02:00:00+00:00,521.67,plan_a,estimated_total_footfall,-0.698457062516521,False,4.369577774220919,False,0.01918065267287163,False,0.3846925032106778,False,221.2343187510366,6.0,False,0.698457062516521,0.1509454925769055,0.27217988586731495,1.111804621302601e-06,0.12049108009147477,0.33891789096025804,0.176507,0,False
66335,2026-04-21 10:00:00+00:00,521.67,plan_a,estimated_total_footfall,-0.5382163768546111,False,0.9444832899161718,False,8.077033362236332,False,0.4748081950916449,False,253.08810402023906,7.0,False,0.5382163768546111,0.11603935486790101,0.05883162340526239,0.00046818443416426185,0.31895482367706096,0.3877160059339479,0.176402,0,False
66330,2026-04-26 13:00:00+00:00,547.52,plan_a,estimated_total_footfall,0.1795731588874908,False,1.4438854553675586,False,0.8398449364932083,False,0.4937990800864056,False,256.6362374405389,113.0,False,0.1795731588874908,0.03791406787821471,0.08993925700692858,4.868152807393198e-05,0.3607788617706926,0.3931515364720778,0.176366,0,False
66342,2026-04-22 23:00:00+00:00,519.33,plan_a,estimated_total_footfall,-0.6954872376340298,False,3.6933996638297724,False,0.1767686812647183,False,0.5575524959793229,False,,,False,0.6954872376340298,0.1502985587729739,0.23006092371082762,1.0246378998856902e-05,0.5011843929315702,0.0,0.176311,0,False
66331,2026-04-24 13:00:00+00:00,533.42,plan_a,estimated_total_footfall,0.03717744732943477,False,1.4590318369781248,False,0.15235355544717682,False,0.40650707600500713,False,401.161729637475,271.0,False,0.03717744732943477,0.006895202124579833,0.09088272125704179,8.83115866321005e-06,0.16853378709528427,0.6145560422553801,0.176175,0,False
66340,2026-04-25 08:00:00+00:00,573.36,plan_a,estimated_total_footfall,0.5247745969762417,False,1.0707862074039378,False,10.686810126168346,False,0.4875884959328306,False,229.19086676295044,95.0,False,0.5247745969762417,0.11311125569289843,0.0666989999443282,0.0006194598842854987,0.3471011575302379,0.3511068519078427,0.175728,0,False
66335,2026-04-25 05:00:00+00:00,524.02,plan_a,estimated_total_footfall,-0.4448241661751155,False,1.549479917942622,False,0.18523778712554775,False,0.5004019601886401,False,202.8699929575802,11.0,False,0.4448241661751155,0.09569519973987695,0.09651670916751533,1.0737289876341728e-05,0.37532052789103026,0.3107848300411273,0.175666,0,False
66342,2026-04-26 07:00:00+00:00,566.32,plan_a,estimated_total_footfall,-0.00552421988184154,False,1.065095684491954,False,0.3140144973088442,False,0.48771286555774584,False,303.23053589532776,268.0,False,0.00552421988184154,0.0,0.06634453872250333,1.8201819052683848e-05,0.34737505945379654,0.46453124578761484,0.175654,0,False
66336,2026-04-23 21:00:00+00:00,542.82,plan_a,estimated_total_footfall,-0.5504505608559087,False,1.451734968495152,False,1.2819484825242704,False,0.46876899996065347,False,236.34768814596998,9.0,False,0.5504505608559087,0.11870439658151186,0.09042820117901469,7.430801607487508e-05,0.3056545731998902,0.3620706789614647,0.175386,0,False
66330,2026-04-25 06:00:00+00:00,524.02,plan_a,estimated_total_footfall,-0.6539422089734761,False,0.5963829149113508,False,0.75765721998652,False,0.47675993479157647,False,244.9295557068464,27.0,False,0.6539422089734761,0.14124856946745173,0.037148539767719264,4.391752527460681e-05,0.3232531823676281,0.3752175924722279,0.175382,0,False
66336,2026-04-22 07:00:00+00:00,568.67,plan_a,estimated_total_footfall,-0.18629815198019967,False,0.6010774295127799,False,2.8116162520107846,False,0.45935767304994596,False,336.0638910981524,13.0,False,0.18629815198019967,0.039379011278928074,0.03744095988573564,0.00016297505593938088,0.28492780373476806,0.5148300039609022,0.175348,0,False
66332,2026-04-25 00:00:00+00:00,519.33,plan_a,estimated_total_footfall,-0.8167406463777092,False,1.3155277254222948,False,0.15263947564395872,False,0.415690213578975,False,280.0153905362201,2.0,False,0.8167406463777092,0.17671187675030187,0.08194388672360216,8.847731998931594e-06,0.18875801023278702,0.42896701620577143,0.175278,0,False
66335,2026-04-21 11:00:00+00:00,521.67,plan_a,estimated_total_footfall,-0.5382163768546111,False,0.8447076672538509,False,0.12262115305345579,False,0.44835839324790905,False,291.49557301963404,10.0,False,0.5382163768546111,0.11603935486790101,0.05261662529977318,7.107722920560814e-06,0.26070385116121386,0.4465539767509663,0.175184,0,False
66335,2026-04-25 23:00:00+00:00,516.98,plan_a,estimated_total_footfall,-0.7246033845511323,False,1.0973281542529498,False,1.2536993190053334,False,0.47060142339463085,False,222.58329295235927,28.0,False,0.7246033845511323,0.156641094251063,0.06835229104871837,7.267055612583441e-05,0.3096901590889879,0.3409844396487849,0.175148,0,False
66340,2026-04-26 07:00:00+00:00,531.07,plan_a,estimated_total_footfall,-0.4760082794011782,False,4.2472615077590525,False,0.08034309781405231,False,0.4070251370334168,False,221.2343187510366,27.0,False,0.4760082794011782,0.10248821205198588,0.26456083680456133,4.657079660577414e-06,0.1696747241391877,0.33891789096025804,0.175129,0,False
66331,2026-04-23 17:00:00+00:00,526.37,plan_a,estimated_total_footfall,-0.2984396915195135,False,2.389314135035048,False,11.592223415930459,False,0.45827163522348113,False,247.09384614278434,155.0,False,0.2984396915195135,0.06380743908981545,0.1488297684988459,0.0006719420754243887,0.2825359990643843,0.378533157408602,0.174876,0,False
66331,2026-04-23 18:00:00+00:00,526.37,plan_a,estimated_total_footfall,-0.2984396915195135,False,2.277602664080871,False,1.524246981862795,False,0.44832722859726326,False,266.059080780759,158.0,False,0.2984396915195135,0.06380743908981545,0.14187128944538654,8.835282444994512e-05,0.2606352165748771,0.4075867751355248,0.174798,0,False
66336,2026-04-24 07:00:00+00:00,578.06,plan_a,estimated_total_footfall,-0.05401996554527065,False,0.815501647465304,False,8.973881598723843,False,0.46477626253537413,False,336.0638910981524,25.0,False,0.05401996554527065,0.010564103426267991,0.05079738977098056,0.0005201701528433864,0.29686128093263553,0.5148300039609022,0.174715,0,False
66335,2026-04-20 19:00:00+00:00,521.67,plan_a,estimated_total_footfall,-0.5382163768546111,False,0.5489109299545973,False,0.6335688608363345,False,0.45542751069136356,False,291.49557301963404,4.0,False,0.5382163768546111,0.11603935486790101,0.034191521924106724,3.672475589882007e-05,0.2762723218946718,0.4465539767509663,0.174619,0,False
66331,2026-04-24 11:00:00+00:00,524.02,plan_a,estimated_total_footfall,-0.41031207113583135,False,0.15564805546699795,False,0.4310513147650207,False,0.4966844591288952,False,266.29487608786127,340.0,False,0.41031207113583135,0.08817723426755456,0.009695277704498672,2.4985846516690094e-05,0.3671333946437496,0.40794799959939904,0.174596,0,False
66340,2026-04-22 20:00:00+00:00,542.82,plan_a,estimated_total_footfall,-0.19794730050700238,False,0.8502238898365928,False,4.748928141765987,False,0.46288926674674735,False,316.6477433941975,24.0,False,0.19794730050700238,0.04191661139583696,0.052960229398514067,0.0002752711466235482,0.29270550916276683,0.48508561408709366,0.174589,0,False
66340,2026-04-26 18:00:00+00:00,531.07,plan_a,estimated_total_footfall,-0.4760082794011782,False,0.3971444125467295,False,0.11791691075827396,False,0.44747892350531615,False,316.6477433941975,92.0,False,0.4760082794011782,0.10248821205198588,0.024738024236010674,6.83504198458267e-06,0.2587669758641148,0.48508561408709366,0.174217,0,False
66333,2026-04-26 18:00:00+00:00,547.52,plan_a,estimated_total_footfall,0.28574448384531825,False,1.1754937780258214,False,0.1484637630436749,False,0.49126006752598683,False,249.06393603280867,96.0,False,0.28574448384531825,0.06104196997384544,0.0732212078311965,8.605687234063226e-06,0.3551871393166595,0.38155121859503377,0.174202,0,False
66340,2026-04-23 18:00:00+00:00,516.98,plan_a,estimated_total_footfall,-0.8094448064325778,False,9.297010622875854,False,15.736669577926147,False,0.38252333376816683,False,,,False,0.8094448064325778,0.175122582540934,0.5791084221387356,0.0009121744843123171,0.11571387116097201,0.0,0.174171,0,False
66335,2026-04-26 01:00:00+00:00,516.98,plan_a,estimated_total_footfall,-0.7246033845511323,False,1.2658120190783806,False,0.8281759905744038,False,0.4156779775808153,False,291.49557301963404,7.0,False,0.7246033845511323,0.156641094251063,0.07884710804664814,4.8005138786272004e-05,0.18873106262853973,0.4465539767509663,0.174164,0,False
66335,2026-04-22 11:00:00+00:00,516.98,plan_a,estimated_total_footfall,-0.7246033845511323,False,0.6468183109017662,False,9.931976509579032,False,0.4635510080782882,False,247.02839389465765,12.0,False,0.7246033845511323,0.156641094251063,0.040290147729324134,0.0005757060289005083,0.29416287645587247,0.378432888435782,0.174021,0,False
66331,2026-04-24 15:00:00+00:00,528.72,plan_a,estimated_total_footfall,-0.1865673119031956,False,2.42322877138103,False,6.763173575317475,False,0.4402143151032669,False,284.6448083380434,307.0,False,0.1865673119031956,0.03943764391207634,0.15094230255290028,0.00039202668250933135,0.24276797115072477,0.43605901046156986,0.17392,0,False
66332,2026-04-20 19:00:00+00:00,587.46,plan_a,estimated_total_footfall,0.5149937555688131,False,0.9168894118421311,False,0.019972399093573415,False,0.4667808143469788,False,260.66708279718154,19.0,False,0.5149937555688131,0.11098063951594335,0.05711280777297442,1.1576981237005177e-06,0.3012759488826728,0.3993265531456782,0.173739,0,False
66340,2026-04-23 06:00:00+00:00,516.98,plan_a,estimated_total_footfall,-0.8094448064325778,False,3.2496629025826866,False,1.8848824207536155,False,0.4986703637158658,False,77.08635069374797,1.0,False,0.8094448064325778,0.175122582540934,0.20242067394941954,0.00010925702173679776,0.3715069954063624,0.11809172982944119,0.17345,0,False
66330,2026-04-22 21:00:00+00:00,519.33,plan_a,estimated_total_footfall,-0.8202905951550883,False,1.4002449214237198,False,1.6987466132079247,False,0.4875726943089131,False,166.59254042344241,39.0,False,0.8202905951550883,0.177485182233683,0.08722089927037574,9.84676781962681e-05,0.3470663572710162,0.2552099184646057,0.173416,0,False
66335,2026-04-26 04:00:00+00:00,521.67,plan_a,estimated_total_footfall,-0.5382163768546111,False,0.803191462738351,False,0.768131189244344,False,0.4136918504647537,False,337.17117693788396,3.0,False,0.5382163768546111,0.11603935486790101,0.05003059150187663,4.452464785916309e-05,0.18435697178528135,0.5165263003746348,0.1734,0,False
66330,2026-04-26 18:00:00+00:00,531.07,plan_a,estimated_total_footfall,-0.4038875986151836,False,0.8969180936767488,False,0.41106641145910705,False,0.5099361283696922,False,213.98811469387093,74.0,False,0.4038875986151836,0.086777754968105,0.05586879945460943,2.3827423587567014e-05,0.39631783335127724,0.3278171349365693,0.173361,0,False
66333,2026-04-24 21:00:00+00:00,533.42,plan_a,estimated_total_footfall,-0.11111959714485764,False,1.1754937780258214,False,4.5177813204504425,False,0.48090143282199527,False,285.7018719626486,28.0,False,0.11111959714485764,0.023002440141538214,0.0732212078311965,0.0002618727441540897,0.3323740933434317,0.43767836941222693,0.173308,0,False
66331,2026-04-25 14:00:00+00:00,535.77,plan_a,estimated_total_footfall,0.14904982694575264,False,1.2696478426615483,False,4.3936106385844464,False,0.4768464243537552,False,281.87079476849095,743.0,False,0.14904982694575264,0.03126499730231894,0.07908604051999447,0.00025467520295028244,0.3234436602070896,0.4318093857478479,0.173172,0,False
66330,2026-04-23 09:00:00+00:00,549.87,plan_a,estimated_total_footfall,0.26292469567358834,False,0.6657120885963858,False,2.40670883239812,False,0.4454110726065285,False,335.47309403240257,43.0,False,0.26292469567358834,0.05607100604466363,0.041467036326401654,0.0001395046377006008,0.2542129029608928,0.5139249378001011,0.173163,0,False
66335,2026-04-24 00:00:00+00:00,516.98,plan_a,estimated_total_footfall,-0.7246033845511323,False,1.3947553772224452,False,1.021588980536618,False,0.4097309544066999,False,291.49557301963404,5.0,False,0.7246033845511323,0.156641094251063,0.08687895696121685,5.921630348058316e-05,0.17563380445197055,0.4465539767509663,0.173153,0,False
66342,2026-04-25 07:00:00+00:00,547.52,plan_a,estimated_total_footfall,-0.28156815973587823,False,0.78650549720321,False,2.5066800131301896,False,0.462343503260604,False,303.23053589532776,130.0,False,0.28156815973587823,0.06013221759804042,0.04899122696150055,0.00014529945723206527,0.2915035623951007,0.46453124578761484,0.173061,0,False
66335,2026-04-25 01:00:00+00:00,516.98,plan_a,estimated_total_footfall,-0.7246033845511323,False,0.9513171620632864,False,0.4415556928559667,False,0.43401912362244194,False,274.0258427063832,8.0,False,0.7246033845511323,0.156641094251063,0.059257303559534305,2.5594731746228795e-05,0.22912416652746206,0.41979138319479037,0.172968,0,False
66330,2026-04-24 17:00:00+00:00,552.22,plan_a,estimated_total_footfall,0.3462762324596858,False,1.3465355184111347,False,0.13709158398106028,False,0.4722687974279209,False,256.6362374405389,168.0,False,0.3462762324596858,0.07422794421111252,0.08387535424581706,7.94650000765678e-06,0.3133622531016626,0.3931515364720778,0.172925,0,False
66332,2026-04-25 04:00:00+00:00,516.98,plan_a,estimated_total_footfall,-0.8626760029691426,False,2.0147698518128525,False,0.6622844009809111,False,0.399263024137745,False,260.66708279718154,2.0,False,0.8626760029691426,0.18671823609823834,0.12549950055828987,3.8389249322502966e-05,0.1525800544844975,0.3993265531456782,0.172833,0,False
66340,2026-04-20 09:00:00+00:00,589.81,plan_a,estimated_total_footfall,0.9140599674280863,False,0.18024061970638117,False,8.468146322125955,False,0.5018941807948649,False,179.5140679618003,59.0,False,0.9140599674280863,0.19791149661150656,0.011227142262980728,0.0004908552579194745,0.37860687771074986,0.2750049343826079,0.172648,0,False
66336,2026-04-20 20:00:00+00:00,540.47,plan_a,estimated_total_footfall,-0.5835553252991554,False,1.5128839877609364,False,0.5541281246525733,False,0.4330242512032859,False,271.0435399678144,20.0,False,0.5835553252991554,0.1259157952453832,0.09423715800382529,3.2119981540244335e-05,0.2269331374117276,0.41522267179383376,0.172468,0,False
66330,2026-04-26 02:00:00+00:00,521.67,plan_a,estimated_total_footfall,-0.7372937457595736,False,1.0525011122962131,False,0.03291540228375161,False,0.440675382785966,False,256.6362374405389,10.0,False,0.7372937457595736,0.15940550763390066,0.0655600260304514,1.907938014167186e-06,0.24378339051271183,0.3931515364720778,0.17238,0,False
66342,2026-04-24 20:00:00+00:00,568.67,plan_a,estimated_total_footfall,0.028981272599911585,False,0.7154095889520089,False,2.434132894912875,False,0.48770045967205417,False,303.23053589532776,388.0,False,0.028981272599911585,0.005109782880933862,0.044562680956985234,0.0001410942707521351,0.3473477377025513,0.46453124578761484,0.172339,0,False
66332,2026-04-25 07:00:00+00:00,528.72,plan_a,estimated_total_footfall,-0.6331946896144943,False,0.820405387382169,False,1.0640290823593326,False,0.45255302126918473,False,262.95790827804694,9.0,False,0.6331946896144943,0.13672901961110084,0.05110284248056949,6.167633975462423e-05,0.26994177146871134,0.4028359622867014,0.172134,0,False
66340,2026-04-25 22:00:00+00:00,538.12,plan_a,estimated_total_footfall,-0.30917169206467376,False,1.1068389168344404,False,1.6599698013710995,False,0.4387943182488408,False,316.6477433941975,30.0,False,0.30917169206467376,0.06614525165829677,0.06894471402587954,9.621998416130233e-05,0.23964068126672305,0.48508561408709366,0.171982,0,False
66342,2026-04-21 00:00:00+00:00,516.98,plan_a,estimated_total_footfall,-0.7299927301157846,False,5.374810797581817,False,0.00926904988488455,False,0.4966817015257679,False,,,False,0.7299927301157846,0.157815085972729,0.3347955946853615,5.372795531444301e-07,0.36712732151454713,0.0,0.171948,0,False
66338,2026-04-24 02:00:00+00:00,516.98,plan_a,estimated_total_footfall,-0.5500391851985535,False,0.7886915447766362,False,1724.8076676420035,False,0.39117658587791687,False,297.6107997357086,2.0,False,0.5500391851985535,0.11861478428806431,0.049127395307684014,0.09997830462019622,0.13477111604302103,0.455922142382123,0.171683,0,False
66335,2026-04-22 18:00:00+00:00,526.37,plan_a,estimated_total_footfall,-0.3514319554956199,False,1.4904606552359734,False,0.612163269782714,False,0.45258078677988584,False,274.0258427063832,8.0,False,0.3514319554956199,0.0753510446118529,0.09284041433595512,3.548398294593776e-05,0.2700029200553924,0.41979138319479037,0.171604,0,False
66336,2026-04-21 20:00:00+00:00,554.57,plan_a,estimated_total_footfall,-0.38492673863967675,False,0.08991359757360749,False,5.567231881356234,False,0.4452639371562934,False,336.0638910981524,24.0,False,0.38492673863967675,0.08264740326215546,0.0056006950762805836,0.00032270404136505065,0.2538888633662528,0.5148300039609022,0.171458,0,False
66335,2026-04-22 17:00:00+00:00,535.77,plan_a,estimated_total_footfall,0.022136887222357998,False,1.322066153434243,False,1.8296681299310977,False,0.47726718747226826,False,291.49557301963404,11.0,False,0.022136887222357998,0.0036188315814214634,0.08235116373799539,0.00010605653087001692,0.3243703159528298,0.4465539767509663,0.1714,0,False
66340,2026-04-24 23:00:00+00:00,521.67,plan_a,estimated_total_footfall,-0.698457062516521,False,6.20193407445476,False,0.7855048498954645,False,0.40375145214740316,False,102.40005132047027,2.0,False,0.698457062516521,0.1509454925769055,0.38631689279010034,4.5531710367947206e-05,0.1624650168813661,0.15687082195783136,0.171329,0,False
66340,2026-04-20 20:00:00+00:00,540.47,plan_a,estimated_total_footfall,-0.25355949628583807,False,0.8502238898365928,False,0.2311574288942499,False,0.4500274630866912,False,316.6477433941975,26.0,False,0.25355949628583807,0.05403093152706686,0.052960229398514067,1.3399017336701371e-05,0.26437967988312,0.48508561408709366,0.171294,0,False
66332,2026-04-22 22:00:00+00:00,526.37,plan_a,estimated_total_footfall,-0.6791300462059278,False,0.8845179938879685,False,0.43929948997230045,False,0.42819642448234485,False,286.004938366057,13.0,False,0.6791300462059278,0.14673537895903732,0.05509640039922122,2.5463951170852222e-05,0.21630070986863004,0.43814264921675244,0.17126,0,False
66335,2026-04-21 12:00:00+00:00,524.02,plan_a,estimated_total_footfall,-0.4448241661751155,False,0.7745355556113154,False,7.295579274662826,False,0.4504224676005693,False,291.49557301963404,17.0,False,0.4448241661751155,0.09569519973987695,0.0482456223505605,0.0004228875258307481,0.26524960689495497,0.4465539767509663,0.171233,0,False
66342,2026-04-22 18:00:00+00:00,533.42,plan_a,estimated_total_footfall,-0.4886011146264053,False,5.39662138480264,False,2.956055022622041,False,0.4035741357565803,False,164.52881258835512,18.0,False,0.4886011146264053,0.10523138079657064,0.3361541706044093,0.0001713474348880905,0.162074509146395,0.25204840948474955,0.171136,0,False
66340,2026-04-26 19:00:00+00:00,526.37,plan_a,estimated_total_footfall,-0.5872326709588496,False,0.42236236818383494,False,0.34135093035653996,False,0.42851286706078257,False,316.6477433941975,51.0,False,0.5872326709588496,0.1267168523144457,0.026308844265261252,1.978637267089016e-05,0.21699761822538527,0.48508561408709366,0.171026,0,False
66330,2026-04-26 16:00:00+00:00,542.82,plan_a,estimated_total_footfall,0.012870085315299852,False,1.0457316342720848,False,0.11980796291235046,False,0.45377915566871224,False,335.47309403240257,111.0,False,0.012870085315299852,0.0016001915453177779,0.06513835696968795,6.944656634296867e-06,0.2726421138618067,0.5139249378001011,0.170663,0,False
66332,2026-04-23 11:00:00+00:00,521.67,plan_a,estimated_total_footfall,-0.7710007593887945,False,5.349207540807086,False,32.46079757065979,True,0.38484092775524426,False,150.28563375501113,2.0,False,0.7710007593887945,0.16674809765491025,0.33320077434645123,0.0018815868972630004,0.12081795868653177,0.2302287019546577,0.170575,1,False
66335,2026-04-20 06:00:00+00:00,519.33,plan_a,estimated_total_footfall,-0.6312111738716366,False,1.3067725215779609,False,0.02749969458635611,False,0.4321122017309389,False,267.3464627517824,1.0,False,0.6312111738716366,0.13629693912303895,0.08139852730760669,1.5940170570297608e-06,0.22492451106886668,0.40955896817023435,0.170436,0,False
66331,2026-04-21 16:00:00+00:00,542.82,plan_a,estimated_total_footfall,0.4846669657947063,False,2.434410653236052,False,1.96418675907702,False,0.41500902353414276,False,266.29487608786127,518.0,False,0.4846669657947063,0.10437438283553628,0.15163881912368596,0.0001138538898069866,0.18725781061639596,0.40794799959939904,0.170267,0,False
66336,2026-04-20 07:00:00+00:00,571.01,plan_a,estimated_total_footfall,-0.1533342588750092,False,0.6744907594765952,False,0.29940894189666467,False,0.4485383875797767,False,336.0638910981524,14.0,False,0.1533342588750092,0.03219829941788169,0.04201385749808068,1.7355209488301322e-05,0.26110025658385466,0.5148300039609022,0.170032,0,False
66330,2026-04-22 16:00:00+00:00,559.27,plan_a,estimated_total_footfall,0.5963308428179743,False,1.0827000489491547,False,0.8075041253044157,False,0.45464081768016334,False,247.676685298809,161.0,False,0.5963308428179743,0.12869875871045838,0.0674411100976591,4.6806896175340214e-05,0.27453977080621494,0.3794260325223913,0.17003,0,False
66333,2026-04-23 18:00:00+00:00,542.82,plan_a,estimated_total_footfall,0.15345645684859507,False,1.0073074235142059,False,0.04954120684297749,False,0.490410746426971,False,261.78018391964736,33.0,False,0.15345645684859507,0.03222491849577773,0.06274492267488682,2.8716511190901046e-06,0.3533166610314842,0.40103175822860276,0.169864,0,False
66330,2026-04-23 11:00:00+00:00,561.62,plan_a,estimated_total_footfall,0.6796823796040717,False,1.572769186546643,False,1.4744452801234726,False,0.4577108981543235,False,210.04193898574997,107.0,False,0.6796823796040717,0.14685569687690728,0.09796739177304599,8.546607377014029e-05,0.2813010756499446,0.32177182715654074,0.169596,0,False
66331,2026-04-20 21:00:00+00:00,524.02,plan_a,estimated_total_footfall,-0.41031207113583135,False,2.3496645467352213,False,0.35505626206204277,False,0.41664170282681134,False,275.7106181008524,327.0,False,0.41031207113583135,0.08817723426755456,0.1463600057492729,2.0580800857800326e-05,0.1908534956489836,0.42237235944955404,0.169557,0,False
66335,2026-04-24 07:00:00+00:00,526.37,plan_a,estimated_total_footfall,-0.3514319554956199,False,1.4896768640837261,False,0.7974198660744515,False,0.43558144062457443,False,291.49557301963404,17.0,False,0.3514319554956199,0.0753510446118529,0.09279159218484911,4.622236309372381e-05,0.2325648911608609,0.4465539767509663,0.169462,0,False
66342,2026-04-21 11:00:00+00:00,519.33,plan_a,estimated_total_footfall,-0.6954872376340298,False,8.412679838625493,False,7.732168611405087,False,0.36768253966834646,False,57.66600077549006,2.0,False,0.6954872376340298,0.1502985587729739,0.5240236829801261,0.00044819438323962126,0.08302966829513012,0.08834090241186925,0.169228,0,False
66335,2026-04-23 22:00:00+00:00,521.67,plan_a,estimated_total_footfall,-0.5382163768546111,False,1.0973281542529498,False,0.16949386853846785,False,0.4760618242989625,False,221.23892602589638,11.0,False,0.5382163768546111,0.11603935486790101,0.06835229104871837,9.824695203936e-06,0.3217157184819426,0.3389249490328363,0.169008,0,False
66332,2026-04-26 19:00:00+00:00,554.57,plan_a,estimated_total_footfall,-0.12790576710873136,False,0.0,False,0.07755752341398892,False,0.47692571211014606,False,322.95354615970024,49.0,False,0.12790576710873136,0.026659066783800592,0.0,4.495614117991733e-06,0.3236182773533977,0.49474573095395535,0.169006,0,False
66336,2026-04-25 06:00:00+00:00,521.67,plan_a,estimated_total_footfall,-0.8483934408451276,False,3.4243435178612773,False,7.45854128817016,False,0.4650438792719308,False,97.73397957124635,7.0,False,0.8483934408451276,0.18360698455635366,0.21330148495369014,0.0004323336027085432,0.297450659078379,0.14972267602258954,0.168903,0,False
66342,2026-04-20 16:00:00+00:00,526.37,plan_a,estimated_total_footfall,-0.592117592071668,False,5.360286870751443,False,0.029243464948463867,False,0.39302939480490334,False,159.16654178633578,21.0,False,0.592117592071668,0.12778096239583558,0.33389090298485935,1.695094532345498e-06,0.1388515973457029,0.2438337277787737,0.168872,0,False
66340,2026-04-22 09:00:00+00:00,559.27,plan_a,estimated_total_footfall,0.19133806994484212,False,0.3922933720561921,False,0.4628122319995522,False,0.46360484499934734,False,316.6477433941975,52.0,False,0.19133806994484212,0.04047688520395031,0.024435854160256017,2.6826864919995285e-05,0.29428144267529,0.48508561408709366,0.168861,0,False
66342,2026-04-20 21:00:00+00:00,519.33,plan_a,estimated_total_footfall,-0.6954872376340298,False,6.0456088705581745,False,0.04478861352325292,False,0.36525952141533613,False,156.42313298005544,2.0,False,0.6954872376340298,0.1502985587729739,0.37657943568250973,2.5961675207913318e-06,0.07769340262118035,0.23963098775220187,0.168841,0,False
66340,2026-04-25 23:00:00+00:00,526.37,plan_a,estimated_total_footfall,-0.5872326709588496,False,1.2227119068366328,False,0.5887517448875983,False,0.40062628857675864,False,316.6477433941975,18.0,False,0.5872326709588496,0.1267168523144457,0.07616241304017947,3.4126936237775164e-05,0.15558240133904008,0.48508561408709366,0.168716,0,False
66336,2026-04-20 09:00:00+00:00,585.11,plan_a,estimated_total_footfall,0.0452943277844695,False,0.6723549085728838,False,0.8557319858615574,False,0.4562428422523199,False,336.0638910981524,44.0,False,0.0452943277844695,0.00866334824652518,0.041880815889659966,4.960241930781451e-05,0.2780679442826641,0.5148300039609022,0.168698,0,False
66340,2026-04-24 02:00:00+00:00,519.33,plan_a,estimated_total_footfall,-0.7538326106537421,False,1.8122094654771965,False,0.6540381712211789,False,0.43331730498801885,False,221.2343187510366,1.0,False,0.7538326106537421,0.1630082624097041,0.11288206572068521,3.791125743601412e-05,0.22757853612061002,0.33891789096025804,0.168485,0,False
66330,2026-04-23 04:00:00+00:00,516.98,plan_a,estimated_total_footfall,-0.9036421319411858,False,1.8439567791009381,False,0.7869800324694414,False,0.42531370692946696,False,210.04193898574997,5.0,False,0.9036421319411858,0.19564212040013193,0.11485959779476404,4.561721917888211e-05,0.2099520384518947,0.32177182715654074,0.168454,0,False
66340,2026-04-22 19:00:00+00:00,556.92,plan_a,estimated_total_footfall,0.1357258741660064,False,0.8441659148464916,False,0.42762112645303973,False,0.45539284184784656,False,316.6477433941975,30.0,False,0.1357258741660064,0.028362565072720402,0.052582879680397016,2.478701599292004e-05,0.27619596994833984,0.48508561408709366,0.16845,0,False
66335,2026-04-22 16:00:00+00:00,528.72,plan_a,estimated_total_footfall,-0.2580397448161243,False,1.8999683877183156,False,7.57845465955145,False,0.44269589994859404,False,274.0258427063832,18.0,False,0.2580397448161243,0.05500688948382884,0.1183485466196744,0.0004392843693342407,0.2482332193017285,0.41979138319479037,0.168364,0,False
66332,2026-04-26 17:00:00+00:00,559.27,plan_a,estimated_total_footfall,-0.036035053925866777,False,0.4601145703937933,False,0.16198202773270215,False,0.5067618423361654,False,272.02963917937154,100.0,False,0.036035053925866777,0.006646348087928132,0.028660419318889473,9.389272100000017e-06,0.3893270343430723,0.41673331746103975,0.168275,0,False
66332,2026-04-21 14:00:00+00:00,573.36,plan_a,estimated_total_footfall,0.23938161602021488,False,1.8476676396661351,False,27.657516683532137,False,0.44098433120948943,False,280.0153905362201,20.0,False,0.23938161602021488,0.05094248342832498,0.11509074635357071,0.0016031651991694777,0.24446379432948898,0.42896701620577143,0.168213,0,False
66330,2026-04-24 02:00:00+00:00,526.37,plan_a,estimated_total_footfall,-0.5705906721873786,False,1.869504216757434,False,0.5523714846957175,False,0.4567464261971526,False,210.04193898574997,4.0,False,0.5705906721873786,0.12309163130100283,0.11645094117502626,3.201815808015116e-05,0.279176998131278,0.32177182715654074,0.168105,0,False
66331,2026-04-22 20:00:00+00:00,528.72,plan_a,estimated_total_footfall,-0.1865673119031956,False,2.3192686137253564,False,0.44370148436142176,False,0.44287992068188425,False,266.29487608786127,524.0,False,0.1865673119031956,0.03943764391207634,0.14446665082920157,2.571911233706714e-05,0.2486384921555882,0.40794799959939904,0.168103,0,False
66335,2026-04-24 22:00:00+00:00,524.02,plan_a,estimated_total_footfall,-0.4448241661751155,False,0.8402911588813894,False,0.11045820136904333,False,0.44103236052490496,False,291.49557301963404,9.0,False,0.4448241661751155,0.09569519973987695,0.05234152211890281,6.402698637912904e-06,0.24456957033298246,0.4465539767509663,0.167833,0,False
66330,2026-04-23 07:00:00+00:00,531.07,plan_a,estimated_total_footfall,-0.4038875986151836,False,1.6645720839406906,False,0.6762696197340715,False,0.4780179654472308,False,210.04193898574997,19.0,False,0.4038875986151836,0.086777754968105,0.10368577085360961,3.9199901134246746e-05,0.32602377057768567,0.32177182715654074,0.16766,0,False
66335,2026-04-26 07:00:00+00:00,526.37,plan_a,estimated_total_footfall,-0.3514319554956199,False,0.9253000337068126,False,0.1823702234279981,False,0.44714589694846607,False,291.49557301963404,12.0,False,0.3514319554956199,0.0753510446118529,0.05763670326528209,1.0571071832295475e-05,0.2580335442518581,0.4465539767509663,0.167517,0,False
66335,2026-04-23 19:00:00+00:00,528.72,plan_a,estimated_total_footfall,-0.2580397448161243,False,0.4499871684164449,False,0.7354991612878377,False,0.4239704617995111,False,357.191934260382,18.0,False,0.2580397448161243,0.05500688948382884,0.02802958603092527,4.263313560964339e-05,0.20699378055607473,0.5471969164231515,0.167454,0,False
66330,2026-04-26 08:00:00+00:00,538.12,plan_a,estimated_total_footfall,-0.15383298825689515,False,1.044278842376309,False,0.49399109235858635,False,0.4951086050050959,False,244.9295557068464,60.0,False,0.15383298825689515,0.03230694046875916,0.065047862932778,2.8634144454499927e-05,0.3636628569135716,0.3752175924722279,0.167253,0,False
66330,2026-04-23 23:00:00+00:00,521.67,plan_a,estimated_total_footfall,-0.7372937457595736,False,1.4002449214237198,False,1.064480071029218,False,0.4485956512503991,False,213.98811469387093,19.0,False,0.7372937457595736,0.15940550763390066,0.08722089927037574,6.17024812679442e-05,0.26122636960818985,0.3278171349365693,0.167146,0,False
66335,2026-04-24 19:00:00+00:00,531.07,plan_a,estimated_total_footfall,-0.1646475341366287,False,0.6891737433589421,False,0.2612319730673313,False,0.4396611570368277,False,337.17117693788396,24.0,False,0.1646475341366287,0.03466273435580479,0.042928456821810845,1.5142285293505217e-05,0.24154973913842323,0.5165263003746348,0.167136,0,False
66330,2026-04-20 11:00:00+00:00,568.67,plan_a,estimated_total_footfall,0.9297369899623602,False,1.6685405109412825,False,0.590976509626481,False,0.4542809982938287,False,167.07377693352896,117.0,False,0.9297369899623602,0.20132651137625313,0.10393296316003023,3.4255894504221395e-05,0.27374733276422586,0.25594714433431875,0.166998,0,False
66342,2026-04-23 04:00:00+00:00,519.33,plan_a,estimated_total_footfall,-0.6954872376340298,False,0.8379700948196737,False,0.019889099287810894,False,0.40614577855161366,False,303.23053589532776,4.0,False,0.6954872376340298,0.1502985587729739,0.052196943630075904,1.1528696587582705e-06,0.16773809387414004,0.46453124578761484,0.166953,0,False
66330,2026-04-26 10:00:00+00:00,540.47,plan_a,estimated_total_footfall,-0.07048145147079765,False,0.4263100467984554,False,0.12178431878196898,False,0.4570196017721996,False,335.47309403240257,101.0,False,0.07048145147079765,0.014150002302310258,0.026554744160007904,7.0592159053840385e-06,0.27977861862764597,0.5139249378001011,0.166883,0,False
66335,2026-04-23 02:00:00+00:00,516.98,plan_a,estimated_total_footfall,-0.7246033845511323,False,1.0309193128016665,False,0.1467890997478726,False,0.41794723984149074,False,274.0258427063832,2.0,False,0.7246033845511323,0.156641094251063,0.06421570124056153,8.508615542961065e-06,0.1937287081443287,0.41979138319479037,0.166877,0,False
66342,2026-04-23 07:00:00+00:00,561.62,plan_a,estimated_total_footfall,-0.07453520484535113,False,0.5817209202242307,False,2.3011782856572456,False,0.4743749714693171,False,303.23053589532776,27.0,False,0.07453520484535113,0.015033054399510195,0.0362352478556102,0.0001333875700722901,0.318000725893398,0.46453124578761484,0.166787,0,False
66333,2026-04-21 07:00:00+00:00,516.98,plan_a,estimated_total_footfall,-0.5738462277461667,False,3.3937295949315156,False,0.5512749065251643,False,0.5558882099207434,False,,,False,0.5738462277461667,0.12380080743929106,0.21139455149706823,3.19545950357421e-05,0.4975190996326043,0.0,0.166549,0,False
66340,2026-04-26 03:00:00+00:00,521.67,plan_a,estimated_total_footfall,-0.698457062516521,False,2.587228405386188,False,0.3761112575064339,False,0.4121520754749682,False,221.2343187510366,8.0,False,0.698457062516521,0.1509454925769055,0.16115779795594617,2.180125157112189e-05,0.18096589191479728,0.33891789096025804,0.166402,0,False
66331,2026-04-25 00:00:00+00:00,516.98,plan_a,estimated_total_footfall,-0.7454531573055616,False,0.5999237253253434,False,0.7119326805953368,False,0.4319612028732365,False,266.29487608786127,50.0,False,0.7454531573055616,0.16118291854469532,0.03736909594594867,4.126710690412289e-05,0.22459196300813225,0.40794799959939904,0.166227,0,False
66340,2026-04-22 06:00:00+00:00,540.47,plan_a,estimated_total_footfall,-0.25355949628583807,False,0.5448768994293732,False,4.64403800254002,False,0.44696074265919356,False,316.6477433941975,21.0,False,0.25355949628583807,0.05403093152706686,0.033940243190857367,0.00026919120015303825,0.2576257749430623,0.48508561408709366,0.16619,0,False
66331,2026-04-26 05:00:00+00:00,531.07,plan_a,estimated_total_footfall,-0.07469493228687771,False,1.5305345477252934,False,0.1314803386518896,False,0.4720773876787196,False,266.059080780759,55.0,False,0.07469493228687771,0.015067848734337226,0.09533660688534781,7.621244731174024e-06,0.31294070725773293,0.4075867751355248,0.166188,0,False
66342,2026-04-21 04:00:00+00:00,516.98,plan_a,estimated_total_footfall,-0.7299927301157846,False,6.935725444179756,False,0.2659967849917968,False,0.43909079465530687,False,,,False,0.7299927301157846,0.157815085972729,0.432024570186409,1.5418477142010514e-05,0.24029361768971338,0.0,0.16603,0,False
66335,2026-04-20 05:00:00+00:00,519.33,plan_a,estimated_total_footfall,-0.6312111738716366,False,0.5319531042360324,False,0.2012116123447267,False,0.42710055465331986,False,291.49557301963404,2.0,False,0.6312111738716366,0.13629693912303895,0.033135223282195085,1.1663211063772537e-05,0.2138872519656704,0.4465539767509663,0.165977,0,False
66333,2026-04-21 11:00:00+00:00,521.67,plan_a,estimated_total_footfall,-0.44183966463667035,False,3.369334119040903,False,7.36970685624244,False,0.413857789347692,False,221.36373290033765,2.0,False,0.44183966463667035,0.09504506883670853,0.20987496352159854,0.0004271843237120197,0.18472242258776586,0.33911614578251686,0.165837,0,False
66331,2026-04-23 04:00:00+00:00,519.33,plan_a,estimated_total_footfall,-0.6335807776892438,False,2.4141749894872504,False,1.1839177923934994,False,0.4760762734371683,False,143.33814905146377,30.0,False,0.6335807776892438,0.13681312336695622,0.15037834478630444,6.862567688779271e-05,0.3217475401325348,0.21958556631233145,0.165719,0,False
66330,2026-04-25 02:00:00+00:00,521.67,plan_a,estimated_total_footfall,-0.7372937457595736,False,1.1119071255273396,False,0.2790687519974974,False,0.5050863288961827,False,139.81443906111065,3.0,False,0.7372937457595736,0.15940550763390066,0.06926041145360892,1.6176192407195867e-05,0.3856370147384271,0.21418745102430506,0.165701,0,False
66331,2026-04-24 21:00:00+00:00,526.37,plan_a,estimated_total_footfall,-0.2984396915195135,False,1.4148329568419562,False,0.16501810692629562,False,0.4453451466393605,False,275.7106181008524,162.0,False,0.2984396915195135,0.06380743908981545,0.0881295842784763,9.565258127986026e-06,0.25406771277291806,0.42237235944955404,0.165677,0,False
66335,2026-04-24 20:00:00+00:00,533.42,plan_a,estimated_total_footfall,-0.07125532345713761,False,0.6776709436407483,False,1.1985628382930396,False,0.4457811399110069,False,337.17117693788396,31.0,False,0.07125532345713761,0.014318579227781719,0.0422119503591216,6.947457551434085e-05,0.255027910215372,0.5165263003746348,0.165631,0,False
66331,2026-04-23 21:00:00+00:00,516.98,plan_a,estimated_total_footfall,-0.7454531573055616,False,1.2698830762360993,False,1.1979522203429516,False,0.4775791011843786,False,171.0908249603592,73.0,False,0.7454531573055616,0.16118291854469532,0.07910069315939848,6.943918110569706e-05,0.32505725028900356,0.2621010243147185,0.165502,0,False
66330,2026-04-26 00:00:00+00:00,519.33,plan_a,estimated_total_footfall,-0.8202905951550883,False,0.8969180936767488,False,0.16372789070536922,False,0.45348028947365054,False,210.04193898574997,15.0,False,0.8202905951550883,0.177485182233683,0.05586879945460943,9.490470873278349e-06,0.27198391435553787,0.32177182715654074,0.165424,0,False
66338,2026-04-25 03:00:00+00:00,516.98,plan_a,estimated_total_footfall,-0.5500391851985535,False,3.6956701658087443,True,0.4590049902923481,False,0.5470824860382942,False,,,False,0.5500391851985535,0.11861478428806431,0.23020235270040734,2.660617853373522e-05,0.4781260628571638,0.0,0.165394,1,False
66331,2026-04-26 02:00:00+00:00,524.02,plan_a,estimated_total_footfall,-0.41031207113583135,False,1.002125192491663,False,0.8956833940752783,False,0.451453246911946,False,266.29487608786127,54.0,False,0.41031207113583135,0.08817723426755456,0.06242212282530518,5.1918198704747385e-05,0.267519714538545,0.40794799959939904,0.165224,0,False
66336,2026-04-26 20:00:00+00:00,535.77,plan_a,estimated_total_footfall,-0.6497648541856489,False,0.25073278936446164,False,0.3635165435780097,False,0.45290892519065096,False,260.15769419081494,27.0,False,0.6497648541856489,0.14033859257312592,0.015618081544407442,2.107120023301433e-05,0.2707255863974618,0.39854619992957874,0.16505,0,False
66332,2026-04-26 08:00:00+00:00,526.37,plan_a,estimated_total_footfall,-0.6791300462059278,False,1.1315573958977232,False,0.6702481244369551,False,0.42455718215344723,False,260.66708279718154,40.0,False,0.6791300462059278,0.14673537895903732,0.07048442178664996,3.885086575924334e-05,0.20828592752237482,0.3993265531456782,0.164974,0,False
66335,2026-04-26 17:00:00+00:00,528.72,plan_a,estimated_total_footfall,-0.2580397448161243,False,0.5739383319788094,False,24.959027399167333,True,0.42811542149710036,False,337.17117693788396,43.0,False,0.2580397448161243,0.05500688948382884,0.03575047241737721,0.0014467475366393755,0.21612231523660008,0.5165263003746348,0.164971,1,False
66331,2026-04-20 23:00:00+00:00,524.02,plan_a,estimated_total_footfall,-0.41031207113583135,False,2.003538551253182,False,0.2938675996810916,False,0.42237903746252276,False,266.29487608786127,71.0,False,0.41031207113583135,0.08817723426755456,0.12479990570898715,1.7034006138834124e-05,0.20348895220754354,0.40794799959939904,0.164886,0,False
66340,2026-04-25 21:00:00+00:00,545.17,plan_a,estimated_total_footfall,-0.14233510472816938,False,0.498455253431545,False,0.18700353703167438,False,0.4563686448044757,False,316.6477433941975,73.0,False,0.14233510472816938,0.029802291264607646,0.03104865069329287,1.0839641393736798e-05,0.2783450019729766,0.48508561408709366,0.164858,0,False
66332,2026-04-24 06:00:00+00:00,540.47,plan_a,estimated_total_footfall,-0.40351790665732956,False,0.5224679205284326,False,0.7573052882392155,False,0.42539809774519893,False,322.95354615970024,8.0,False,0.40351790665732956,0.08669722287141896,0.0325443936065692,4.389712558593565e-05,0.21013789417651732,0.49474573095395535,0.164834,0,False
66340,2026-04-20 08:00:00+00:00,559.27,plan_a,estimated_total_footfall,0.19133806994484212,False,0.5966189650606503,False,0.008302031611133595,False,0.4486688002917241,False,316.6477433941975,33.0,False,0.19133806994484212,0.04047688520395031,0.03716324327135624,4.812264352460487e-07,0.2613874673291089,0.48508561408709366,0.164823,0,False
66332,2026-04-26 16:00:00+00:00,589.81,plan_a,estimated_total_footfall,0.5609291121602442,False,0.45894616371762237,False,0.7386125597088736,False,0.4532470274270865,False,262.95790827804694,48.0,False,0.5609291121602442,0.12098699886387933,0.028587639564826507,4.2813603438945146e-05,0.2714701962890031,0.4028359622867014,0.164785,0,False
66336,2026-04-22 09:00:00+00:00,610.96,plan_a,estimated_total_footfall,0.40944673666018017,False,1.0711422280866219,False,7.8860338280744315,False,0.4525095695173372,False,260.15769419081494,31.0,False,0.40944673666018017,0.08798873354910931,0.06672117638191241,0.00045711316519497433,0.2698460767327889,0.39854619992957874,0.164712,0,False
66336,2026-04-25 04:00:00+00:00,521.67,plan_a,estimated_total_footfall,-0.8483934408451276,False,3.305132358487223,False,0.4493037138162638,False,0.4292405306532688,False,139.81572456342684,4.0,False,0.8483934408451276,0.18360698455635366,0.2058758522200273,2.6043845009292645e-05,0.218600167544171,0.21418942033781974,0.16446,0,False
66331,2026-04-21 09:00:00+00:00,519.33,plan_a,estimated_total_footfall,-0.6335807776892438,False,0.45623964006603707,False,4.222778056447847,False,0.4783590880820724,False,215.19813124691368,317.0,False,0.6335807776892438,0.13681312336695622,0.028419050896389998,0.00024477290934600066,0.32677503235817407,0.3296708087268719,0.164385,0,False
66330,2026-04-21 17:00:00+00:00,542.82,plan_a,estimated_total_footfall,0.012870085315299852,False,1.0827000489491547,False,2.676326220141833,False,0.4382190292297071,False,335.47309403240257,65.0,False,0.012870085315299852,0.0016001915453177779,0.0674411100976591,0.00015513298272042212,0.2383737097770988,0.5139249378001011,0.164299,0,False
66330,2026-04-20 18:00:00+00:00,531.07,plan_a,estimated_total_footfall,-0.4038875986151836,False,0.6744907594765952,False,0.98030491291624,False,0.4808484059278257,False,235.15937813964103,57.0,False,0.4038875986151836,0.086777754968105,0.04201385749808068,5.682327661391015e-05,0.33225731106380924,0.3602502583168486,0.164271,0,False
66335,2026-04-26 20:00:00+00:00,521.67,plan_a,estimated_total_footfall,-0.5382163768546111,False,0.5854045459816126,False,1.3373239056389197,False,0.4306805446259775,False,291.49557301963404,13.0,False,0.5382163768546111,0.11603935486790101,0.036464699965179495,7.751784695891645e-05,0.22177154156210366,0.4465539767509663,0.164181,0,False
66332,2026-04-26 09:00:00+00:00,568.67,plan_a,estimated_total_footfall,0.14770637243986462,False,0.8889418489479017,False,0.11601211547219373,False,0.4388265047463788,False,322.95354615970024,55.0,False,0.14770637243986462,0.030972344984996406,0.055371961203381725,6.724630715591042e-06,0.23971156628864285,0.49474573095395535,0.164162,0,False
66335,2026-04-26 23:00:00+00:00,516.98,plan_a,estimated_total_footfall,-0.7246033845511323,False,0.0,False,1.8445257285669139,False,0.4406365214393434,False,274.0258427063832,13.0,False,0.7246033845511323,0.156641094251063,0.0,0.00010691775009474763,0.2436978053258202,0.41979138319479037,0.164047,0,False
66336,2026-04-24 06:00:00+00:00,575.71,plan_a,estimated_total_footfall,-0.08712472998851577,False,1.0923384980453907,False,12.223491046397688,False,0.4840410812390458,False,257.0844248627809,23.0,False,0.08712472998851577,0.01777550209013899,0.06804148663527988,0.0007085334407341246,0.3392886091772941,0.3938381330939705,0.16393,0,False
66335,2026-04-24 05:00:00+00:00,521.67,plan_a,estimated_total_footfall,-0.5382163768546111,False,1.549479917942622,False,0.8686204009409898,False,0.40278389799721354,False,291.49557301963404,9.0,False,0.5382163768546111,0.11603935486790101,0.09651670916751533,5.034949500388016e-05,0.16033415138213603,0.4465539767509663,0.163899,0,False
66340,2026-04-24 10:00:00+00:00,556.92,plan_a,estimated_total_footfall,0.1357258741660064,False,2.1480374974496557,False,0.36994195231576543,False,0.46868427638212723,False,229.19086676295044,81.0,False,0.1357258741660064,0.028362565072720402,0.13380070823863563,2.1443648410364353e-05,0.30546798462454533,0.3511068519078427,0.163752,0,False
66332,2026-04-22 07:00:00+00:00,571.01,plan_a,estimated_total_footfall,0.19344625942878146,False,0.8194172940380235,False,6.239320592095724,False,0.47690607232825327,False,262.95790827804694,36.0,False,0.19344625942878146,0.040936124080388506,0.05104129439800133,0.00036166159652595124,0.3235750242355856,0.4028359622867014,0.16375,0,False
66331,2026-04-24 17:00:00+00:00,535.77,plan_a,estimated_total_footfall,0.14904982694575264,False,3.4148078887030877,True,15.946486492064915,True,0.4043899740536302,False,266.29487608786127,220.0,False,0.14904982694575264,0.03126499730231894,0.21270751304380422,0.0009243365008372745,0.1638712475302814,0.40794799959939904,0.163343,2,True
66338,2026-04-21 06:00:00+00:00,521.67,plan_a,estimated_total_footfall,1.2211359456773345,False,1.5604829805064366,False,0.14556073096432523,False,0.5364151342834108,False,,,False,1.2211359456773345,0.26480359919843066,0.09720208713022797,8.437413268799486e-06,0.4546331226241257,0.0,0.163329,0,False
66342,2026-04-22 09:00:00+00:00,538.12,plan_a,estimated_total_footfall,-0.4195901296628957,False,2.814897809391789,False,1.6205902225944893,False,0.42754848777862525,False,217.9342904019919,23.0,False,0.4195901296628957,0.09019832639706044,0.17533926710459238,9.393735080072283e-05,0.2148737448069119,0.3338624427165978,0.162874,0,False
66335,2026-04-22 13:00:00+00:00,524.02,plan_a,estimated_total_footfall,-0.4448241661751155,False,0.37880641282013466,False,7.591631886910838,False,0.4424068816925009,False,291.49557301963404,20.0,False,0.4448241661751155,0.09569519973987695,0.023595754906908423,0.00044004818600534097,0.2475967081251336,0.4465539767509663,0.162776,0,False
66333,2026-04-23 09:00:00+00:00,526.37,plan_a,estimated_total_footfall,-0.309551637639944,False,0.6155373446886692,False,0.033818551869275446,False,0.4531079116067423,False,285.7018719626486,25.0,False,0.309551637639944,0.06622801735864013,0.03834166431659483,1.960288989915427e-06,0.2711638184992841,0.43767836941222693,0.162683,0,False
66330,2026-04-21 14:00:00+00:00,559.27,plan_a,estimated_total_footfall,0.5963308428179743,False,1.348145198757473,False,1.960138909778508,False,0.48345362081642385,False,170.76256714007988,94.0,False,0.5963308428179743,0.12869875871045838,0.08397562082432586,0.00011361925662566702,0.33799483234166894,0.2615981527495456,0.162476,0,False
66332,2026-04-23 18:00:00+00:00,521.67,plan_a,estimated_total_footfall,-0.7710007593887945,False,6.284063921128702,True,20.154671582560862,False,0.3822099289745808,False,88.8121686947739,1.0,False,0.7710007593887945,0.16674809765491025,0.3914327400067114,0.0011682635303657035,0.11502365298371034,0.1360549894589914,0.162086,1,False
66331,2026-04-26 00:00:00+00:00,524.02,plan_a,estimated_total_footfall,-0.41031207113583135,False,1.3929808363432252,False,0.04841612273850433,False,0.4464435574543227,False,247.09384614278434,102.0,False,0.41031207113583135,0.08817723426755456,0.08676842126213341,2.806435731061284e-06,0.2564867667443423,0.378533157408602,0.161994,0,False
66332,2026-04-21 10:00:00+00:00,592.16,plan_a,estimated_total_footfall,0.6068644687516777,False,0.5724099826777854,False,13.987972392346814,False,0.44029703441541923,False,260.66708279718154,24.0,False,0.6068644687516777,0.13099335821181582,0.035655271928951925,0.0008108114261648865,0.24295014568674517,0.3993265531456782,0.161947,0,False
66336,2026-04-21 19:00:00+00:00,549.87,plan_a,estimated_total_footfall,-0.4511362675261702,False,1.1180236419170577,False,0.02668926838636804,False,0.4430722371187434,False,257.0844248627809,15.0,False,0.4511362675261702,0.09707020058989817,0.06964140770058747,1.5470407830864952e-06,0.24906203481742029,0.3938381330939705,0.161923,0,False
66335,2026-04-25 06:00:00+00:00,524.02,plan_a,estimated_total_footfall,-0.4448241661751155,False,1.411896043010764,False,0.6838097100423782,False,0.4597398480699602,False,221.23892602589638,34.0,False,0.4448241661751155,0.09569519973987695,0.0879466446644724,3.963696171778315e-05,0.2857694760738887,0.3389249490328363,0.161675,0,False
66332,2026-04-24 18:00:00+00:00,585.11,plan_a,estimated_total_footfall,0.46905839897737966,False,0.5612489501288305,False,2.7386057572298657,False,0.43436513083502426,False,288.7502556928455,52.0,False,0.46905839897737966,0.10097428016800686,0.034960054056127225,0.00015874300988310546,0.22988618571949584,0.44234831298385935,0.161666,0,False
66336,2026-04-23 05:00:00+00:00,524.02,plan_a,estimated_total_footfall,-0.8152886764018809,False,1.0450821443692369,False,4.813035711872157,False,0.4227513265658072,False,236.34768814596998,12.0,False,0.8152886764018809,0.1763955858924823,0.06509790040917722,0.0002789871355380094,0.20430885257774267,0.3620706789614647,0.16163,0,False
66335,2026-04-20 15:00:00+00:00,528.72,plan_a,estimated_total_footfall,-0.2580397448161243,False,1.4930442836007056,False,10.938685943420387,False,0.5049688967039524,False,178.90689823173693,14.0,False,0.2580397448161243,0.05500688948382884,0.09300134788829628,0.0006340598409392815,0.385378391273401,0.274074786268474,0.161619,0,False
66331,2026-04-26 07:00:00+00:00,521.67,plan_a,estimated_total_footfall,-0.5221844507521493,False,0.6435319743058654,False,0.44034497161778136,False,0.4423573558088446,False,266.29487608786127,154.0,False,0.5221844507521493,0.11254702944529368,0.040085442660365074,2.5524552410275985e-05,0.24748763619693048,0.40794799959939904,0.161619,0,False
66338,2026-04-23 02:00:00+00:00,516.98,plan_a,estimated_total_footfall,-0.5500391851985535,False,1.7656435769984054,False,3443.151383521588,False,0.5023780706168144,False,,,False,0.5500391851985535,0.11861478428806431,0.10998148839574509,0.19958192692045765,0.37967255876520933,0.0,0.16157,0,False
66342,2026-04-20 19:00:00+00:00,521.67,plan_a,estimated_total_footfall,-0.6611285770351776,False,6.035539049128116,False,0.986140133136162,False,0.3958131723376628,False,93.86520493828556,4.0,False,0.6611285770351776,0.14281401679534578,0.3759521890721605,5.716151457262171e-05,0.14498237100930245,0.14379594211165794,0.16152,0,False
66340,2026-04-25 07:00:00+00:00,547.52,plan_a,estimated_total_footfall,-0.08672290894933368,False,0.8969569511715887,False,2.962948159004452,False,0.44280624561719933,False,316.6477433941975,39.0,False,0.08672290894933368,0.017687971133377743,0.05587121987805927,0.0001717469948517654,0.2484762359620099,0.48508561408709366,0.161459,0,False
66332,2026-04-23 12:00:00+00:00,519.33,plan_a,estimated_total_footfall,-0.8167406463777092,False,4.232570510542629,False,36.60132336657692,True,0.36606009310027465,False,185.87245943944058,5.0,False,0.8167406463777092,0.17671187675030187,0.2636457383322939,0.0021215920625217532,0.07945651901395454,0.284745614045995,0.161336,1,False
66340,2026-04-23 01:00:00+00:00,516.98,plan_a,estimated_total_footfall,-0.8094448064325778,False,2.0882279326786892,False,0.1576350620916652,False,0.5575498636474396,False,,,False,0.8094448064325778,0.175122582540934,0.130075185692916,9.137300669685549e-06,0.5011785956899467,0.0,0.161277,0,False
66332,2026-04-22 21:00:00+00:00,538.12,plan_a,estimated_total_footfall,-0.44945326324876295,False,0.6944180492451152,False,0.17427893485632584,False,0.45094088922571157,False,260.66708279718154,41.0,False,0.44945326324876295,0.09670358221935542,0.04325512329882678,1.0102061096336441e-05,0.2663913380888669,0.3993265531456782,0.161137,0,False
66331,2026-04-24 04:00:00+00:00,516.98,plan_a,estimated_total_footfall,-0.7454531573055616,False,1.493583177292042,False,0.003060667422273437,False,0.40840831160358565,False,247.09384614278434,15.0,False,0.7454531573055616,0.16118291854469532,0.09303491543897999,1.7741128221183038e-07,0.17272091950758914,0.378533157408602,0.161094,0,False
66342,2026-04-22 11:00:00+00:00,538.12,plan_a,estimated_total_footfall,-0.4195901296628957,False,2.9678728416977798,False,9.740089605584535,False,0.4346012568678141,False,195.1458618392765,25.0,False,0.4195901296628957,0.09019832639706044,0.18486804287767428,0.000564583323627279,0.2304062112050393,0.2989519180277703,0.160998,0,False
66330,2026-04-22 17:00:00+00:00,547.52,plan_a,estimated_total_footfall,0.1795731588874908,False,0.7608916210054445,False,0.4471423389794214,False,0.48434963940034625,False,247.676685298809,183.0,False,0.1795731588874908,0.03791406787821471,0.04739574514143607,2.5918561132202933e-05,0.33996815351110954,0.3794260325223913,0.160946,0,False
66335,2026-04-25 00:00:00+00:00,516.98,plan_a,estimated_total_footfall,-0.7246033845511323,False,1.3947553772224452,False,1.0812149834010347,False,0.4308486617215381,False,221.23892602589638,5.0,False,0.7246033845511323,0.156641094251063,0.08687895696121685,6.267251879635405e-05,0.2221417894895097,0.3389249490328363,0.16093,0,False
66335,2026-04-24 02:00:00+00:00,519.33,plan_a,estimated_total_footfall,-0.6312111738716366,False,0.9988179663921348,False,0.032320589223294234,False,0.40232442260961093,False,291.49557301963404,3.0,False,0.6312111738716366,0.13629693912303895,0.06221611655448935,1.87345973437627e-06,0.15932223876619003,0.4465539767509663,0.160878,0,False
66342,2026-04-24 00:00:00+00:00,521.67,plan_a,estimated_total_footfall,-0.6611285770351776,False,1.1713077387868802,False,0.5764422009838407,False,0.3862789363917606,False,303.23053589532776,10.0,False,0.6611285770351776,0.14281401679534578,0.07296046051391268,3.341341475173723e-05,0.12398491630905557,0.46453124578761484,0.160865,0,False
66340,2026-04-22 22:00:00+00:00,519.33,plan_a,estimated_total_footfall,-0.7538326106537421,False,1.1320387107487164,False,0.005438629304048508,False,0.46419645375720014,False,179.5140679618003,12.0,False,0.7538326106537421,0.1630082624097041,0.07051440276604401,3.152496057834929e-07,0.29558435547960576,0.2750049343826079,0.160822,0,False
66335,2026-04-22 19:00:00+00:00,516.98,plan_a,estimated_total_footfall,-0.7246033845511323,False,2.5688615631987823,True,2.245673019109104,False,0.44505331882761023,False,152.31926126768684,2.0,False,0.7246033845511323,0.156641094251063,0.1600137320373112,0.00013017021282656207,0.2534250140509369,0.23334409902092582,0.160711,1,False
66332,2026-04-26 00:00:00+00:00,516.98,plan_a,estimated_total_footfall,-0.8626760029691426,False,1.2662219519111166,False,0.06921654282430706,False,0.3927512503532562,False,260.66708279718154,6.0,False,0.8626760029691426,0.18671823609823834,0.07887264265831832,4.012130009084442e-06,0.1382390337845823,0.3993265531456782,0.160632,0,False
66331,2026-04-24 19:00:00+00:00,526.37,plan_a,estimated_total_footfall,-0.2984396915195135,False,1.8587996493892547,False,4.883994832304606,False,0.42791680801095217,False,266.059080780759,184.0,False,0.2984396915195135,0.06380743908981545,0.11578415640197126,0.00028310027388454476,0.21568490444648353,0.4075867751355248,0.160629,0,False
66336,2026-04-21 06:00:00+00:00,540.47,plan_a,estimated_total_footfall,-0.5835553252991554,False,0.9282875686177195,False,6.419963649352802,False,0.4321703849573492,False,257.0844248627809,11.0,False,0.5835553252991554,0.1259157952453832,0.05782279605343947,0.00037213255334321896,0.2250526492508665,0.3938381330939705,0.1606,0,False
66330,2026-04-23 08:00:00+00:00,540.47,plan_a,estimated_total_footfall,-0.07048145147079765,False,0.832070761908087,False,0.9147792753724127,False,0.47086592232707547,False,278.4184134663701,42.0,False,0.07048145147079765,0.014150002302310258,0.05182947568659589,5.3025089561700756e-05,0.3102726708270844,0.42652054179130894,0.160565,0,False
66336,2026-04-21 21:00:00+00:00,533.42,plan_a,estimated_total_footfall,-0.6828696186288956,False,0.29162725201375395,False,1.2387792052142792,False,0.43826361040572775,False,260.15769419081494,11.0,False,0.6828696186288956,0.14754999123699725,0.01816538719992335,7.180571321635843e-05,0.23847189186838416,0.39854619992957874,0.160561,0,False
66332,2026-04-24 07:00:00+00:00,575.71,plan_a,estimated_total_footfall,0.2853169726116483,False,0.6770752055725056,False,11.576592472238186,False,0.46436233745732985,False,262.95790827804694,30.0,False,0.2853169726116483,0.06094884277626146,0.04217484198668851,0.0006710360293305052,0.29594968475179356,0.4028359622867014,0.160516,0,False
66340,2026-04-26 04:00:00+00:00,516.98,plan_a,estimated_total_footfall,-0.8094448064325778,False,1.6842621748076574,False,0.005438629304048508,False,0.4124924626798408,False,221.2343187510366,3.0,False,0.8094448064325778,0.175122582540934,0.10491226159523365,3.152496057834929e-07,0.18171553404190746,0.33891789096025804,0.160134,0,False
66340,2026-04-26 17:00:00+00:00,552.22,plan_a,estimated_total_footfall,0.02450148260833771,False,0.46506913980216436,False,0.4622179586693652,False,0.458072422516149,False,316.6477433941975,89.0,False,0.02450148260833771,0.004133924810261189,0.02896903818454923,2.6792417925615722e-05,0.28209726859645223,0.48508561408709366,0.160063,0,False
66331,2026-04-21 22:00:00+00:00,519.33,plan_a,estimated_total_footfall,-0.6335807776892438,False,1.1157305270627673,False,0.027052961035001516,False,0.41281437147779476,False,266.29487608786127,158.0,False,0.6335807776892438,0.13681312336695622,0.06949857016076758,1.5681221912315051e-06,0.1824244807725109,0.40794799959939904,0.159337,0,False
66335,2026-04-21 08:00:00+00:00,519.33,plan_a,estimated_total_footfall,-0.6312111738716366,False,0.8775046943334378,False,2.745933485189249,False,0.47498190432369963,False,186.77679000936172,2.0,False,0.6312111738716366,0.13629693912303895,0.05465954375747263,0.00015916776090424322,0.3193373872880078,0.2861309949905919,0.159317,0,False
66336,2026-04-26 06:00:00+00:00,540.47,plan_a,estimated_total_footfall,-0.5835553252991554,False,3.246410872029048,False,0.05810863235221992,False,0.4339706449067148,False,156.25423441598258,7.0,False,0.5835553252991554,0.1259157952453832,0.2022181057950893,3.368261085200056e-06,0.22901740079991104,0.23937224514190095,0.159305,0,False
66332,2026-04-20 07:00:00+00:00,573.36,plan_a,estimated_total_footfall,0.23938161602021488,False,0.7994210461596025,False,0.7236954576985363,False,0.4643212735021579,False,260.66708279718154,27.0,False,0.23938161602021488,0.05094248342832498,0.049795733214165076,4.194893510703836e-05,0.29585924871230085,0.3993265531456782,0.159193,0,False
66342,2026-04-20 20:00:00+00:00,516.98,plan_a,estimated_total_footfall,-0.7299927301157846,False,5.88794284563409,False,0.2343133195152104,False,0.36764580805172076,False,121.63725103528488,4.0,False,0.7299927301157846,0.157815085972729,0.3667584591748558,1.3581948222138447e-05,0.08294877345882218,0.18634107409652986,0.158775,0,False
66342,2026-04-21 06:00:00+00:00,516.98,plan_a,estimated_total_footfall,-0.7299927301157846,False,9.204839901723295,True,0.25931036287652987,False,0.3580388960638646,False,,,False,0.7299927301157846,0.157815085972729,0.5733671314100027,1.5030899350236615e-05,0.06179126273443442,0.0,0.158598,1,False
66335,2026-04-24 04:00:00+00:00,524.02,plan_a,estimated_total_footfall,-0.4448241661751155,False,1.416748474563913,False,0.8748939548318232,False,0.4027386828839527,False,291.49557301963404,3.0,False,0.4448241661751155,0.09569519973987695,0.08824890138916257,5.0713140930156936e-05,0.16023457315711118,0.4465539767509663,0.158157,0,False
66330,2026-04-26 09:00:00+00:00,531.07,plan_a,estimated_total_footfall,-0.4038875986151836,False,1.030686800686767,False,0.40240489674799246,False,0.47434266258737395,False,210.04193898574997,63.0,False,0.4038875986151836,0.086777754968105,0.06420121812018559,2.3325359750244217e-05,0.31792957134164723,0.32177182715654074,0.158141,0,False
66333,2026-04-23 15:00:00+00:00,542.82,plan_a,estimated_total_footfall,0.15345645684859507,False,1.6493158866733568,False,25.602499746596436,False,0.4952151046533339,False,189.28967509302626,35.0,False,0.15345645684859507,0.03222491849577773,0.10273546621422544,0.0014840463471519065,0.3638974033997461,0.2899805863089239,0.158064,0,False
66331,2026-04-20 12:00:00+00:00,540.47,plan_a,estimated_total_footfall,0.3727945861783884,False,1.8713377908309252,False,0.34751195723204836,False,0.41749515141894344,False,261.6896504753211,463.0,False,0.3727945861783884,0.08000458765779717,0.11656515403673487,2.014349597993417e-05,0.1927330640018085,0.4008930663466848,0.158043,0,False
66340,2026-04-26 20:00:00+00:00,528.72,plan_a,estimated_total_footfall,-0.5316204751800139,False,0.643839028935268,False,0.2001283341901782,False,0.39818801733671594,False,316.6477433941975,29.0,False,0.5316204751800139,0.1146025321832158,0.040104569014970524,1.1600418953466163e-05,0.15021254368078524,0.48508561408709366,0.158003,0,False
66333,2026-04-26 21:00:00+00:00,528.72,plan_a,estimated_total_footfall,-0.2434076241415808,False,0.2918688662101009,False,0.11896076089429972,False,0.4581623345763545,False,285.7018719626486,41.0,False,0.2434076241415808,0.051819491619605924,0.01818043728663278,6.895548653723405e-06,0.28229528387758057,0.43767836941222693,0.157996,0,False
66335,2026-04-25 22:00:00+00:00,524.02,plan_a,estimated_total_footfall,-0.4448241661751155,False,0.8574130015637114,False,0.2205983438429795,False,0.4670496497664138,False,221.23892602589638,24.0,False,0.4448241661751155,0.09569519973987695,0.05340803733568333,1.2786961023657669e-05,0.3018680109601624,0.3389249490328363,0.157982,0,False
66332,2026-04-24 21:00:00+00:00,538.12,plan_a,estimated_total_footfall,-0.44945326324876295,False,1.1947162424887596,False,0.5701283136258233,False,0.42797302445907703,False,262.95790827804694,14.0,False,0.44945326324876295,0.09670358221935542,0.07441857024329909,3.304743090005337e-05,0.21580871114998953,0.4028359622867014,0.15796,0,False
66331,2026-04-20 13:00:00+00:00,542.82,plan_a,estimated_total_footfall,0.4846669657947063,False,1.8713377908309252,False,0.2252044600462463,False,0.41582919628401843,False,247.09384614278434,545.0,False,0.4846669657947063,0.10437438283553628,0.11656515403673487,1.305395409049381e-05,0.18906409485979075,0.378533157408602,0.15771,0,False
66336,2026-04-26 03:00:00+00:00,528.72,plan_a,estimated_total_footfall,-0.7490791475153874,False,4.431618831697452,False,0.02635722182971025,False,0.41719764803951065,False,103.3724742019783,8.0,False,0.7490791475153874,0.1619727885647396,0.27604440752491627,1.527793737510101e-06,0.19207786585397,0.15836051629631723,0.157691,0,False
66332,2026-04-26 07:00:00+00:00,528.72,plan_a,estimated_total_footfall,-0.6331946896144943,False,1.2499101661975018,False,0.9313944363010263,False,0.4009745296391826,False,272.15863953001895,27.0,False,0.6331946896144943,0.13672901961110084,0.07785658568365665,5.398818570963561e-05,0.15634934018705088,0.4169309383682361,0.157584,0,False
66330,2026-04-25 20:00:00+00:00,535.77,plan_a,estimated_total_footfall,-0.23718452504299264,False,0.5509911594253754,False,1.6040838953973777,False,0.4704620111439288,False,256.9294675683827,117.0,False,0.23718452504299264,0.05046387863520807,0.034321098887646444,9.298056318919189e-05,0.3093831284642598,0.39360074768422554,0.157572,0,False
66332,2026-04-20 21:00:00+00:00,538.12,plan_a,estimated_total_footfall,-0.44945326324876295,False,1.1947162424887596,False,0.1901866484912376,False,0.42853435130153705,False,260.66708279718154,16.0,False,0.44945326324876295,0.09670358221935542,0.07441857024329909,1.1024150132371594e-05,0.21704493343497008,0.3993265531456782,0.157501,0,False
66331,2026-04-25 04:00:00+00:00,521.67,plan_a,estimated_total_footfall,-0.5221844507521493,False,2.7056612910658244,False,1.1827092506847234,False,0.41890925611823654,False,202.00261592432264,60.0,False,0.5221844507521493,0.11254702944529368,0.16853495221954493,6.855562388804498e-05,0.1958473774647111,0.3094560597290048,0.157291,0,False
66332,2026-04-20 06:00:00+00:00,538.12,plan_a,estimated_total_footfall,-0.44945326324876295,False,0.9643087039104459,False,0.7580106460895568,False,0.4341002238845195,False,260.66708279718154,17.0,False,0.44945326324876295,0.09670358221935542,0.06006654338999613,4.393801158345912e-05,0.22930277539437227,0.3993265531456782,0.157089,0,False
66330,2026-04-21 08:00:00+00:00,521.67,plan_a,estimated_total_footfall,-0.7372937457595736,False,0.7916615432360654,False,2.7325364420097156,False,0.4847566216081416,False,153.67101288508454,44.0,False,0.7372937457595736,0.15940550763390066,0.04931239575474842,0.00015839120263102749,0.3408644592581539,0.2354149025466035,0.157031,0,False
66338,2026-04-24 14:00:00+00:00,516.98,plan_a,estimated_total_footfall,-0.5500391851985535,False,0.9266908155118169,False,5750.013917801011,False,0.45497823573402835,False,,,False,0.5500391851985535,0.11861478428806431,0.0577233347094426,0.3332989838978367,0.27528287390763556,0.0,0.156984,0,False
66335,2026-04-26 02:00:00+00:00,516.98,plan_a,estimated_total_footfall,-0.7246033845511323,False,0.713640949992266,False,0.6974153598415507,False,0.40438727097205046,False,274.0258427063832,6.0,False,0.7246033845511323,0.156641094251063,0.04445251288696178,4.042561185292373e-05,0.16386529447506612,0.41979138319479037,0.156958,0,False
66331,2026-04-22 18:00:00+00:00,524.02,plan_a,estimated_total_footfall,-0.41031207113583135,False,2.269976289903556,False,1.124661572047163,False,0.42845256634208,False,220.08136264489494,699.0,False,0.41031207113583135,0.08817723426755456,0.1413962445416411,6.519089597884264e-05,0.21686481664416432,0.3371516303996485,0.156731,0,False
66333,2026-04-26 08:00:00+00:00,540.47,plan_a,estimated_total_footfall,0.0873124433502319,False,0.39488001014991586,False,0.474775032711454,False,0.4843274374359438,False,261.78018391964736,41.0,False,0.0873124433502319,0.017816392756743526,0.02459697518784897,2.7520287471461736e-05,0.33991925764316144,0.40103175822860276,0.156678,0,False
66342,2026-04-25 21:00:00+00:00,542.82,plan_a,estimated_total_footfall,-0.3505791446993861,False,1.1383356903342503,False,0.6577798902323096,False,0.4830657188770418,False,195.1458618392765,375.0,False,0.3505791446993861,0.07516527199755024,0.07090664001949466,3.812814580572402e-05,0.3371405474837603,0.2989519180277703,0.156441,0,False
66335,2026-04-20 18:00:00+00:00,526.37,plan_a,estimated_total_footfall,-0.3514319554956199,False,0.669154993770434,False,0.5445669730688424,False,0.42914787585002884,False,291.49557301963404,14.0,False,0.3514319554956199,0.0753510446118529,0.041681494012188354,3.1565770341227026e-05,0.2183961118605452,0.4465539767509663,0.156403,0,False
66335,2026-04-26 19:00:00+00:00,526.37,plan_a,estimated_total_footfall,-0.3514319554956199,False,0.3421728776370327,False,0.17251737740195439,False,0.43804389682195793,False,291.49557301963404,16.0,False,0.3514319554956199,0.0753510446118529,0.021313861337264674,9.999952593989684e-06,0.23798801187543953,0.4465539767509663,0.156243,0,False
66330,2026-04-23 06:00:00+00:00,538.12,plan_a,estimated_total_footfall,-0.15383298825689515,False,1.982666458346257,False,1.7212971905916534,False,0.4672477477392011,False,210.04193898574997,15.0,False,0.15383298825689515,0.03230694046875916,0.12349978836155494,9.97748201677054e-05,0.3023042864240185,0.32177182715654074,0.155997,0,False
66340,2026-04-23 07:00:00+00:00,516.98,plan_a,estimated_total_footfall,-0.8094448064325778,False,3.3401751960786505,False,6.715179745081706,False,0.5092891923089128,False,,,False,0.8094448064325778,0.175122582540934,0.2080586616421121,0.00038924472492112006,0.3948930720272186,0.0,0.155693,0,False
66332,2026-04-21 09:00:00+00:00,561.62,plan_a,estimated_total_footfall,0.009900302665566631,False,0.5577372928807279,False,0.0654928036935504,False,0.44229828764548484,False,322.95354615970024,23.0,False,0.009900302665566631,0.0009532669411874703,0.03474131382117075,3.7962838413491734e-06,0.2473575490990853,0.49474573095395535,0.15556,0,False
66335,2026-04-23 06:00:00+00:00,531.07,plan_a,estimated_total_footfall,-0.1646475341366287,False,0.8418306540930579,False,4.406879385294469,False,0.4405108630253577,False,291.49557301963404,22.0,False,0.1646475341366287,0.03466273435580479,0.052437416883261354,0.0002554443245314246,0.24342106507412714,0.4465539767509663,0.155466,0,False
66331,2026-04-21 19:00:00+00:00,533.42,plan_a,estimated_total_footfall,0.03717744732943477,False,1.0774851046283171,False,2.0507800646449232,False,0.46400533467675975,False,266.29487608786127,293.0,False,0.03717744732943477,0.006895202124579833,0.06711627254506444,0.00011887326213733648,0.29516344978179526,0.40794799959939904,0.155448,0,False
66331,2026-04-24 08:00:00+00:00,519.33,plan_a,estimated_total_footfall,-0.6335807776892438,False,0.6317131435636574,False,6.897380657193827,False,0.4305999425043908,False,247.09384614278434,199.0,False,0.6335807776892438,0.13681312336695622,0.039349250705737866,0.00039980598263985846,0.22159402976080536,0.378533157408602,0.155338,0,False
66335,2026-04-21 20:00:00+00:00,519.33,plan_a,estimated_total_footfall,-0.6312111738716366,False,0.8238114112955397,False,0.4442699267095756,False,0.45588465874500866,False,202.8699929575802,4.0,False,0.6312111738716366,0.13629693912303895,0.05131500284202864,2.5752062041146573e-05,0.27727910897254404,0.3107848300411273,0.15514,0,False
66332,2026-04-26 04:00:00+00:00,516.98,plan_a,estimated_total_footfall,-0.8626760029691426,False,1.135300267725428,False,0.33891495123568555,False,0.38397401390540076,False,260.66708279718154,8.0,False,0.8626760029691426,0.18671823609823834,0.07071756431883944,1.9645171383835254e-05,0.11890873550447605,0.3993265531456782,0.155138,0,False
66342,2026-04-22 13:00:00+00:00,533.42,plan_a,estimated_total_footfall,-0.4886011146264053,False,3.0906767677715474,False,12.15701529565317,True,0.3975606391294079,False,213.95822785895535,21.0,False,0.4886011146264053,0.10523138079657064,0.19251746813336176,0.0007046801804648926,0.1488308550417985,0.32777135007319796,0.155011,1,False
66332,2026-04-21 07:00:00+00:00,554.57,plan_a,estimated_total_footfall,-0.12790576710873136,False,1.2499101661975018,False,0.8263914134725457,False,0.4530039979460058,False,260.66708279718154,15.0,False,0.12790576710873136,0.026659066783800592,0.07785658568365665,4.790169595235203e-05,0.2709349671894957,0.3993265531456782,0.154965,0,False
66335,2026-04-22 09:00:00+00:00,521.67,plan_a,estimated_total_footfall,-0.5382163768546111,False,1.3919054331092477,False,6.821122507167151,False,0.48341140295250673,False,152.31926126768684,10.0,False,0.5382163768546111,0.11603935486790101,0.08670143466878057,0.0003953856865708117,0.33790185502390896,0.23334409902092582,0.154876,0,False
66332,2026-04-22 04:00:00+00:00,521.67,plan_a,estimated_total_footfall,-0.7710007593887945,False,0.9643087039104459,False,0.35386042086353797,False,0.39704973395209936,False,260.66708279718154,10.0,False,0.7710007593887945,0.16674809765491025,0.06006654338999613,2.0511484041865167e-05,0.14770567748404476,0.3993265531456782,0.154773,0,False
66330,2026-04-20 16:00:00+00:00,554.57,plan_a,estimated_total_footfall,0.42962776924578333,False,0.9070259962061,False,0.46145388489959743,False,0.45005212705072556,False,235.15937813964103,99.0,False,0.42962776924578333,0.09238488237756144,0.05649841812692778,2.6748128465672296e-05,0.2644339978662786,0.3602502583168486,0.154719,0,False
66332,2026-04-21 08:00:00+00:00,571.01,plan_a,estimated_total_footfall,0.19344625942878146,False,1.1315573958977232,False,0.7704354966497958,False,0.4475435494262182,False,262.95790827804694,13.0,False,0.19344625942878146,0.040936124080388506,0.07048442178664996,4.465821680835253e-05,0.25890930293198916,0.4028359622867014,0.154642,0,False
66332,2026-04-26 06:00:00+00:00,526.37,plan_a,estimated_total_footfall,-0.6791300462059278,False,1.1458716037700611,False,0.1458235227718931,False,0.40066261484749344,False,260.66708279718154,11.0,False,0.6791300462059278,0.14673537895903732,0.07137605014670785,8.452645969744415e-06,0.15566240347329716,0.3993265531456782,0.154622,0,False
66333,2026-04-23 21:00:00+00:00,516.98,plan_a,estimated_total_footfall,-0.5738462277461667,False,0.593331893541614,False,4.462056415568975,False,0.4853248564937319,False,176.01095430725434,16.0,False,0.5738462277461667,0.12380080743929106,0.03695849242422239,0.000258642655594252,0.342115895276413,0.26963837146282477,0.154554,0,False
66332,2026-04-21 19:00:00+00:00,549.87,plan_a,estimated_total_footfall,-0.21977648029159816,False,0.8618529657028158,False,9.469588120302241,False,0.45186727581211505,False,262.95790827804694,7.0,False,0.21977648029159816,0.04667178547967354,0.05368460157027963,0.0005489037319817123,0.2684315393691052,0.4028359622867014,0.154435,0,False
66330,2026-04-22 13:00:00+00:00,554.57,plan_a,estimated_total_footfall,0.42962776924578333,False,1.857010766384731,False,0.0031722808846585977,False,0.44102222262267315,False,208.18695218112322,136.0,False,0.42962776924578333,0.09238488237756144,0.11567272733555808,1.8388094543944915e-07,0.24454724341092224,0.31893009708892545,0.154307,0,False
66331,2026-04-23 06:00:00+00:00,528.72,plan_a,estimated_total_footfall,-0.1865673119031956,False,2.4992552661010814,False,1.6593491493151373,False,0.5063824511090479,False,122.42186682837497,118.0,False,0.1865673119031956,0.03943764391207634,0.15567797353188523,9.61840081267112e-05,0.3884914928114518,0.18754305908380237,0.154249,0,False
66330,2026-04-20 14:00:00+00:00,547.52,plan_a,estimated_total_footfall,0.1795731588874908,False,2.5974604436702573,False,0.642127501410659,False,0.4571944168605313,False,188.94041822566163,81.0,False,0.1795731588874908,0.03791406787821471,0.16179514901278702,3.7220856647052705e-05,0.28016361768986686,0.28944554544564893,0.153871,0,False
66332,2026-04-21 06:00:00+00:00,542.82,plan_a,estimated_total_footfall,-0.3575825500658962,False,1.0974690151247346,False,1.548696435030462,False,0.4320148400837879,False,260.66708279718154,10.0,False,0.3575825500658962,0.07669086352348248,0.06836106523652016,8.977003456702211e-05,0.22471008940076506,0.3993265531456782,0.153836,0,False
66332,2026-04-26 18:00:00+00:00,542.82,plan_a,estimated_total_footfall,-0.3575825500658962,False,0.6005761817191051,False,0.26762255171286614,False,0.4877189584504169,False,200.53588338961603,61.0,False,0.3575825500658962,0.07669086352348248,0.03740973728842234,1.551271454802962e-05,0.3473884779635314,0.30720911223879666,0.153743,0,False
66332,2026-04-20 20:00:00+00:00,571.01,plan_a,estimated_total_footfall,0.19344625942878146,False,0.7201905294349276,False,0.562531541050734,False,0.44097113202787797,False,286.004938366057,28.0,False,0.19344625942878146,0.040936124080388506,0.04486048452113194,3.260708473456991e-05,0.2444347254854264,0.43814264921675244,0.153681,0,False
66331,2026-04-24 09:00:00+00:00,524.02,plan_a,estimated_total_footfall,-0.41031207113583135,False,0.7277902057885296,False,5.219886163523304,False,0.4324379291757334,False,266.059080780759,249.0,False,0.41031207113583135,0.08817723426755456,0.04533386642424288,0.0003025701814353247,0.22564186768826522,0.4075867751355248,0.153408,0,False
66332,2026-04-20 23:00:00+00:00,516.98,plan_a,estimated_total_footfall,-0.8626760029691426,False,0.6156654663790602,False,0.2821468998079463,False,0.3946274459089548,False,260.66708279718154,6.0,False,0.8626760029691426,0.18671823609823834,0.03834964498403448,1.6354616938366797e-05,0.14237101996712673,0.3993265531456782,0.153356,0,False
66331,2026-04-21 18:00:00+00:00,538.12,plan_a,estimated_total_footfall,0.26092220656207055,False,0.9561819869633591,False,4.7137502902975905,False,0.44035886520467576,False,266.29487608786127,401.0,False,0.26092220656207055,0.05563479248005806,0.059560332262645635,0.0002732320659677905,0.24308631697554703,0.40794799959939904,0.153301,0,False
66335,2026-04-26 18:00:00+00:00,526.37,plan_a,estimated_total_footfall,-0.3514319554956199,False,0.9217126085785154,False,0.04635428171086764,False,0.414953997066185,False,291.49557301963404,36.0,False,0.3514319554956199,0.0753510446118529,0.05741324346837951,2.6869213213060828e-06,0.18713662463203254,0.4465539767509663,0.153292,0,False
66331,2026-04-24 01:00:00+00:00,519.33,plan_a,estimated_total_footfall,-0.6335807776892438,False,1.1870375743795192,False,1.3668901208248798,False,0.3902703725300559,False,275.7106181008524,22.0,False,0.6335807776892438,0.13681312336695622,0.07394026796386233,7.92316496766243e-05,0.13277534272374966,0.42237235944955404,0.153196,0,False
66331,2026-04-22 16:00:00+00:00,538.12,plan_a,estimated_total_footfall,0.26092220656207055,False,1.8713377908309243,False,1.9051824498532959,False,0.41868392820232914,False,259.92566318207076,788.0,False,0.26092220656207055,0.05563479248005806,0.11656515403673481,0.000110433710901162,0.19535113290627845,0.39819074214814176,0.15317,0,False
66332,2026-04-23 06:00:00+00:00,516.98,plan_a,estimated_total_footfall,-0.8626760029691426,False,3.151783540773797,False,6.922592964826737,False,0.5035706429645116,False,,,False,0.8626760029691426,0.18671823609823834,0.19632379344918421,0.00040126741154001357,0.3822989867233198,0.0,0.153148,0,False
66342,2026-04-22 20:00:00+00:00,519.33,plan_a,estimated_total_footfall,-0.6954872376340298,False,7.212673802127831,False,2.3550934651977453,False,0.3651534731464687,False,57.66600077549006,5.0,False,0.6954872376340298,0.1502985587729739,0.44927561281624007,0.00013651275808303326,0.0774598502175878,0.08834090241186925,0.153102,0,False
66332,2026-04-25 05:00:00+00:00,519.33,plan_a,estimated_total_footfall,-0.8167406463777092,False,0.7619664810171016,False,0.9185401494852908,False,0.3926801528811972,False,260.66708279718154,2.0,False,0.8167406463777092,0.17671187675030187,0.04746269789760902,5.324308825497511e-05,0.13808245427917337,0.3993265531456782,0.152327,0,False
66342,2026-04-26 00:00:00+00:00,524.02,plan_a,estimated_total_footfall,-0.6266230845534229,False,1.1713077387868802,False,0.49633259199767893,False,0.4487073969883619,False,190.30977346759514,115.0,False,0.6266230845534229,0.13529748959559068,0.07296046051391268,2.8769869247807064e-05,0.2614724696715964,0.2915433166829123,0.152261,0,False
66332,2026-04-20 22:00:00+00:00,528.72,plan_a,estimated_total_footfall,-0.6331946896144943,False,0.9867287482208054,False,0.5846509000346584,False,0.4036675540161026,False,260.66708279718154,11.0,False,0.6331946896144943,0.13672901961110084,0.06146308223581672,3.388923117442285e-05,0.1622802462063572,0.3993265531456782,0.151967,0,False
66340,2026-04-21 01:00:00+00:00,519.33,plan_a,estimated_total_footfall,-0.7538326106537421,False,3.549919812404125,False,0.7458340955751,False,0.3823811498716568,False,169.67422869378612,5.0,False,0.7538326106537421,0.1630082624097041,0.2211236003347138,4.323219904598248e-05,0.11540073648054096,0.25993088262187647,0.151901,0,False
66336,2026-04-22 00:00:00+00:00,519.33,plan_a,estimated_total_footfall,-0.8813573339503165,False,0.5356760226161604,False,0.20732831690345255,False,0.39297218730254996,False,258.87575382998125,3.0,False,0.8813573339503165,0.19078769641739968,0.0333671229192206,1.2017765234139876e-05,0.13872560802196524,0.3965823431198244,0.151895,0,False
66340,2026-04-23 20:00:00+00:00,519.33,plan_a,estimated_total_footfall,-0.7538326106537421,False,3.7658545234153924,False,0.27957050970286534,False,0.49406128793715653,False,,,False,0.7538326106537421,0.1630082624097041,0.23457411844760342,1.62052767425997e-05,0.3613563278098626,0.0,0.151791,0,False
66336,2026-04-21 05:00:00+00:00,531.07,plan_a,estimated_total_footfall,-0.7159743830721408,False,0.8815739805867273,False,0.2606895357721369,False,0.40684248586773936,False,247.676685298809,6.0,False,0.7159743830721408,0.15476138990086827,0.05491301856103743,1.511084296972981e-05,0.16927246751379887,0.3794260325223913,0.151678,0,False
66335,2026-04-21 19:00:00+00:00,519.33,plan_a,estimated_total_footfall,-0.6312111738716366,False,0.9301202881794711,False,0.3649099791416361,False,0.45263326498439915,False,190.75506401531865,2.0,False,0.6312111738716366,0.13629693912303895,0.05793695568782961,2.115197058663834e-05,0.2701184939438792,0.29222547546438427,0.15132,0,False
66331,2026-04-22 14:00:00+00:00,528.72,plan_a,estimated_total_footfall,-0.1865673119031956,False,1.8713377908309252,False,1.3664951516837005,False,0.4307720084922094,False,247.09384614278434,792.0,False,0.1865673119031956,0.03943764391207634,0.11656515403673487,7.920875532970479e-05,0.22197297441931543,0.378533157408602,0.151318,0,False
66342,2026-04-21 23:00:00+00:00,516.98,plan_a,estimated_total_footfall,-0.7299927301157846,False,3.545011439784652,False,0.47273852688544876,False,0.5014707480737658,False,,,False,0.7299927301157846,0.157815085972729,0.2208178590552602,2.7402241614145073e-05,0.3776743426413086,0.0,0.151267,0,False
66332,2026-04-22 05:00:00+00:00,542.82,plan_a,estimated_total_footfall,-0.3575825500658962,False,0.7994210461596025,False,6.342267782584099,False,0.4344807637584767,False,260.66708279718154,10.0,False,0.3575825500658962,0.07669086352348248,0.049795733214165076,0.00036762892016645377,0.23014084661585155,0.3993265531456782,0.151264,0,False
66331,2026-04-20 19:00:00+00:00,528.72,plan_a,estimated_total_footfall,-0.1865673119031956,False,2.186864785904821,False,0.7036411404532819,False,0.42128422809714283,False,247.09384614278434,270.0,False,0.1865673119031956,0.03943764391207634,0.13621925014046699,4.078648860583678e-05,0.20107782978667968,0.378533157408602,0.151062,0,False
66330,2026-04-22 11:00:00+00:00,549.87,plan_a,estimated_total_footfall,0.26292469567358834,False,0.6995754079678306,False,1.8367048439346298,False,0.4315976788625209,False,281.587912390263,156.0,False,0.26292469567358834,0.05607100604466363,0.04357637385919145,0.00010646441329619614,0.2237913661914849,0.43137602667607233,0.150984,0,False
66332,2026-04-21 00:00:00+00:00,516.98,plan_a,estimated_total_footfall,-0.8626760029691426,False,1.3155277254222948,False,0.030081267784531802,False,0.36886756584358305,False,260.66708279718154,2.0,False,0.8626760029691426,0.18671823609823834,0.08194388672360216,1.7436576902717241e-06,0.08563947715389152,0.3993265531456782,0.150726,0,False
66332,2026-04-22 03:00:00+00:00,519.33,plan_a,estimated_total_footfall,-0.8167406463777092,False,0.7619664810171016,False,0.5422105695768814,False,0.3888195956719754,False,260.66708279718154,2.0,False,0.8167406463777092,0.17671187675030187,0.04746269789760902,3.142918164757317e-05,0.12958026536982648,0.3993265531456782,0.150623,0,False
66333,2026-04-21 01:00:00+00:00,516.98,plan_a,estimated_total_footfall,-0.5738462277461667,False,3.9806677298382533,True,0.18905449029730312,False,0.5030558677608385,False,,,False,0.5738462277461667,0.12380080743929106,0.24795477832552285,1.0958524695451908e-05,0.3811652861225306,0.0,0.150586,1,False
66336,2026-04-26 02:00:00+00:00,524.02,plan_a,estimated_total_footfall,-0.8152886764018809,False,6.007925594866599,False,0.46782267350382123,False,0.3950445859627504,False,38.48262612558195,3.0,False,0.8152886764018809,0.1763955858924823,0.37423215404414406,2.7117294662622947e-05,0.14328969655882526,0.05895310708901148,0.15058,0,False
66335,2026-04-23 21:00:00+00:00,521.67,plan_a,estimated_total_footfall,-0.5382163768546111,False,1.0008301084436257,False,0.17814686067973953,False,0.39978266811285823,False,274.0258427063832,9.0,False,0.5382163768546111,0.11603935486790101,0.06234145237003535,1.0326265031346916e-05,0.15372447768627337,0.41979138319479037,0.150381,0,False
66330,2026-04-21 13:00:00+00:00,540.47,plan_a,estimated_total_footfall,-0.07048145147079765,False,1.4428412643787913,False,4.366106632100476,False,0.4516525412826899,False,247.676685298809,94.0,False,0.07048145147079765,0.014150002302310258,0.08987421461637471,0.0002530809359545371,0.2679586248555807,0.3794260325223913,0.150332,0,False
66331,2026-04-20 20:00:00+00:00,538.12,plan_a,estimated_total_footfall,0.26092220656207055,False,2.3192686137253564,False,0.6438174735491968,False,0.46182305881320257,False,170.20124984552956,469.0,False,0.26092220656207055,0.05563479248005806,0.14446665082920157,3.731881571369888e-05,0.2903573762958356,0.2607382478545795,0.150247,0,False
66335,2026-04-26 00:00:00+00:00,521.67,plan_a,estimated_total_footfall,-0.5382163768546111,False,0.5589227622789781,False,1.84789059666896,False,0.3991931026696119,False,291.49557301963404,9.0,False,0.5382163768546111,0.11603935486790101,0.0348151564078432,0.00010711279433905638,0.15242606491805186,0.4465539767509663,0.149988,0,False
66340,2026-04-26 21:00:00+00:00,531.07,plan_a,estimated_total_footfall,-0.4760082794011782,False,2.2866913022278377,False,0.019506102241344542,False,0.39973208337627214,False,229.19086676295044,35.0,False,0.4760082794011782,0.10248821205198588,0.14243741839910948,1.1306692731160866e-06,0.1536130738232877,0.3511068519078427,0.149929,0,False
66340,2026-04-25 01:00:00+00:00,519.33,plan_a,estimated_total_footfall,-0.7538326106537421,False,2.086784510768256,False,0.9338551116692405,False,0.3832224400413863,False,221.2343187510366,5.0,False,0.7538326106537421,0.1630082624097041,0.1299852753100049,5.4130818512208354e-05,0.11725352807589166,0.33891789096025804,0.149844,0,False
66331,2026-04-22 12:00:00+00:00,533.42,plan_a,estimated_total_footfall,0.03717744732943477,False,1.8713377908309252,False,0.10060233428076171,False,0.4286397107772541,False,266.29487608786127,818.0,False,0.03717744732943477,0.006895202124579833,0.11656515403673487,5.8314042840354674e-06,0.21727696889446185,0.40794799959939904,0.149738,0,False
66342,2026-04-22 14:00:00+00:00,538.12,plan_a,estimated_total_footfall,-0.4195901296628957,False,3.0736890316151237,False,14.248854465725461,True,0.41087773351379436,False,186.64074848825575,28.0,False,0.4195901296628957,0.09019832639706044,0.1914593063778993,0.0008259334295577962,0.17815938096266676,0.2859225874267178,0.149313,1,False
66336,2026-04-20 21:00:00+00:00,521.67,plan_a,estimated_total_footfall,-0.8483934408451276,False,1.451734968495152,False,1.0402464353047562,False,0.41854334671770704,False,180.25331095900816,10.0,False,0.8483934408451276,0.18360698455635366,0.09042820117901469,6.0297780987461695e-05,0.19504152725231785,0.27613741093025773,0.149055,0,False
66331,2026-04-21 08:00:00+00:00,524.02,plan_a,estimated_total_footfall,-0.41031207113583135,False,1.0053935064106014,False,0.34790493578005144,False,0.41465740967207304,False,266.29487608786127,213.0,False,0.41031207113583135,0.08817723426755456,0.06262570526630976,2.016627494231852e-05,0.18648344377854137,0.40794799959939904,0.149051,0,False
66331,2026-04-25 23:00:00+00:00,519.33,plan_a,estimated_total_footfall,-0.6335807776892438,False,1.6780393194712555,False,1.0921909696400023,False,0.41806656403881554,False,202.00261592432264,95.0,False,0.6335807776892438,0.13681312336695622,0.10452464152236914,6.330874074520866e-05,0.19399149841322774,0.3094560597290048,0.14897,0,False
66331,2026-04-26 03:00:00+00:00,521.67,plan_a,estimated_total_footfall,-0.5221844507521493,False,0.39376892025245047,False,0.5960576452931934,False,0.4339426664828815,False,247.09384614278434,25.0,False,0.5221844507521493,0.11254702944529368,0.024527765681323047,3.455042202693215e-05,0.22895578331001912,0.378533157408602,0.14892,0,False
66338,2026-04-26 04:00:00+00:00,519.33,plan_a,estimated_total_footfall,0.33743662664759344,False,1.5419469244094308,False,0.1131265196006871,False,0.4343599735364369,False,226.01366425665876,1.0,False,0.33743662664759344,0.07230236272414091,0.09604748092029211,6.557367438377835e-06,0.22987482768891238,0.3462395655904888,0.148894,0,False
66330,2026-04-20 15:00:00+00:00,556.92,plan_a,estimated_total_footfall,0.5129793060318768,False,1.1359385767481716,False,0.3943102594508823,False,0.44815512339486807,False,197.57879638668936,89.0,False,0.5129793060318768,0.11054182054400948,0.07075732442517817,2.285615490574879e-05,0.26025618555325414,0.30267902985340633,0.148851,0,False
66332,2026-04-26 15:00:00+00:00,578.06,plan_a,estimated_total_footfall,0.33125232920307945,False,0.5935325187203346,False,0.46047314861559907,False,0.43587443966016215,False,262.95790827804694,91.0,False,0.33125232920307945,0.07095520212419744,0.03697098931547089,2.6691280184676586e-05,0.23321016929451285,0.4028359622867014,0.1488,0,False
66336,2026-04-22 18:00:00+00:00,594.51,plan_a,estimated_total_footfall,0.17771338555745478,False,0.5646558604303779,False,4.655442900027631,False,0.45578741959967095,False,257.0844248627809,34.0,False,0.17771338555745478,0.03750894290201023,0.03517226963047999,0.00026985228389969006,0.2770649570928439,0.3938381330939705,0.148771,0,False
66340,2026-04-20 18:00:00+00:00,559.27,plan_a,estimated_total_footfall,0.19133806994484212,False,0.7697972420944662,False,1.0813896823630482,False,0.4635215447405989,False,235.15937813964103,43.0,False,0.19133806994484212,0.04047688520395031,0.04795047400926578,6.26826452042827e-05,0.29409798870797543,0.3602502583168486,0.148568,0,False
66330,2026-04-22 14:00:00+00:00,549.87,plan_a,estimated_total_footfall,0.26292469567358834,False,1.8388193800316466,False,0.9771882719123186,False,0.4327723512948394,False,225.68032905314263,163.0,False,0.26292469567358834,0.05607100604466363,0.11453959051612395,5.664262082861449e-05,0.22637837277755932,0.34572891577450965,0.148555,0,False
66335,2026-04-23 20:00:00+00:00,528.72,plan_a,estimated_total_footfall,-0.2580397448161243,False,0.6768297525603558,False,0.16369072482422609,False,0.41989316228694584,False,291.49557301963404,17.0,False,0.2580397448161243,0.05500688948382884,0.042159552781121136,9.488316556680553e-06,0.19801425536913786,0.4465539767509663,0.148349,0,False
66330,2026-04-20 13:00:00+00:00,554.57,plan_a,estimated_total_footfall,0.42962776924578333,False,2.58601442667229,False,0.13721414978509508,False,0.4407451994418041,False,159.28947949946553,100.0,False,0.42962776924578333,0.09238488237756144,0.1610821795312683,7.95360452227699e-06,0.24393714924876592,0.24402206108388041,0.148287,0,False
66330,2026-04-20 17:00:00+00:00,556.92,plan_a,estimated_total_footfall,0.5129793060318768,False,0.6489267993221779,False,0.9278659747912443,False,0.4257819126495536,False,247.676685298809,76.0,False,0.5129793060318768,0.11054182054400948,0.04042148493563408,5.378365878974553e-05,0.21098317806850356,0.3794260325223913,0.148285,0,False
66330,2026-04-26 06:00:00+00:00,524.02,plan_a,estimated_total_footfall,-0.6539422089734761,False,0.9661774996367827,False,0.9343982143929269,False,0.4290225237211295,False,210.04193898574997,16.0,False,0.6539422089734761,0.14124856946745173,0.060182950199483436,5.4162299407480004e-05,0.21812004614714367,0.32177182715654074,0.148276,0,False
66342,2026-04-20 22:00:00+00:00,516.98,plan_a,estimated_total_footfall,-0.7299927301157846,False,6.075190198287485,False,0.14172310842688418,False,0.3828986633308753,False,57.66600077549006,1.0,False,0.7299927301157846,0.157815085972729,0.37842204904727655,8.214965860741438e-06,0.1165404676009334,0.08834090241186925,0.148225,0,False
66331,2026-04-21 12:00:00+00:00,535.77,plan_a,estimated_total_footfall,0.14904982694575264,False,1.2108548395975058,False,0.2103522219675399,False,0.4323692297500655,False,266.059080780759,605.0,False,0.14904982694575264,0.03126499730231894,0.07542383934390465,1.2193045589921913e-05,0.22549056945245685,0.4075867751355248,0.147956,0,False
66330,2026-04-26 07:00:00+00:00,524.02,plan_a,estimated_total_footfall,-0.6539422089734761,False,0.9326419655270515,False,0.8274237390273789,False,0.4470273776146926,False,184.45888041071123,21.0,False,0.6539422089734761,0.14124856946745173,0.05809403032710205,4.796153460029207e-05,0.2577725265514222,0.28258009458306876,0.147949,0,False
66330,2026-04-20 10:00:00+00:00,554.57,plan_a,estimated_total_footfall,0.42962776924578333,False,1.1686182706554422,False,0.01933564418349173,False,0.46053326866858296,False,187.28537578705254,77.0,False,0.42962776924578333,0.09238488237756144,0.07279293422947915,1.1207886887746025e-06,0.2875168434741033,0.2869101183206451,0.147921,0,False
66340,2026-04-24 05:00:00+00:00,531.07,plan_a,estimated_total_footfall,-0.4760082794011782,False,0.4274771922927262,False,0.6824525707773242,False,0.45306683119878394,False,221.2343187510366,6.0,False,0.4760082794011782,0.10248821205198588,0.026627445355371752,3.955829527548985e-05,0.2710733462254629,0.33891789096025804,0.147829,0,False
66332,2026-04-24 20:00:00+00:00,561.62,plan_a,estimated_total_footfall,0.009900302665566631,False,0.8618529657028158,False,1.2824887779655663,False,0.441776635985848,False,286.004938366057,14.0,False,0.009900302665566631,0.0009532669411874703,0.05368460157027963,7.433933424630264e-05,0.2462087043301197,0.43814264921675244,0.147813,0,False
66342,2026-04-26 22:00:00+00:00,538.12,plan_a,estimated_total_footfall,-0.4195901296628957,False,0.0,False,0.7029595870572409,False,0.4724966564358552,False,217.9342904019919,127.0,False,0.4195901296628957,0.09019832639706044,0.0,4.07469824311353e-05,0.31386407193898647,0.3338624427165978,0.147593,0,False
66331,2026-04-21 15:00:00+00:00,531.07,plan_a,estimated_total_footfall,-0.07469493228687771,False,1.738393431964021,False,3.8472260067949353,False,0.41706116263068416,False,275.7106181008524,466.0,False,0.07469493228687771,0.015067848734337226,0.10828408380688892,0.00022300407220239687,0.19177728107661185,0.42237235944955404,0.147545,0,False
66331,2026-04-22 13:00:00+00:00,533.42,plan_a,estimated_total_footfall,0.03717744732943477,False,1.8713377908309252,False,0.19315269822769363,False,0.42285055516617914,False,266.975752944227,652.0,False,0.03717744732943477,0.006895202124579833,0.11656515403673487,1.1196076909851344e-05,0.2045273858774324,0.4089910626714661,0.147398,0,False
66330,2026-04-24 00:00:00+00:00,531.07,plan_a,estimated_total_footfall,-0.4038875986151836,False,1.144273978886083,False,2.4129225916825345,False,0.44315459458582696,False,214.77603192382182,11.0,False,0.4038875986151836,0.086777754968105,0.07127653449987684,0.00013986481763847357,0.24924341245419437,0.32902417752984214,0.147292,0,False
66335,2026-04-22 21:00:00+00:00,516.98,plan_a,estimated_total_footfall,-0.7246033845511323,False,3.4098706222503514,True,0.09833231668021133,False,0.448272216744321,False,69.67609481700799,2.0,False,0.7246033845511323,0.156641094251063,0.2123999719748409,5.699822939971002e-06,0.2605140627774794,0.10673965612135242,0.14726,1,False
66331,2026-04-24 05:00:00+00:00,524.02,plan_a,estimated_total_footfall,-0.41031207113583135,False,0.8579739068284992,False,1.4959551013760153,False,0.41448401803088636,False,266.29487608786127,50.0,False,0.41031207113583135,0.08817723426755456,0.053442975981667154,8.671288841611915e-05,0.18610157960485438,0.40794799959939904,0.147151,0,False
66331,2026-04-21 23:00:00+00:00,519.33,plan_a,estimated_total_footfall,-0.6335807776892438,False,1.6556488242609628,False,0.7742108852778827,False,0.39027527348993896,False,236.90594507795987,53.0,False,0.6335807776892438,0.13681312336695622,0.10312994328246042,4.487705683405494e-05,0.1327861362140425,0.36292589556199983,0.14714,0,False
66340,2026-04-23 19:00:00+00:00,519.33,plan_a,estimated_total_footfall,-0.7538326106537421,False,6.702540558715426,False,11.968317843784316,False,0.4001004769698038,False,,,False,0.7538326106537421,0.1630082624097041,0.4174995431034478,0.0006937423514663755,0.1544243950278323,0.0,0.147125,0,False
66331,2026-04-26 22:00:00+00:00,526.37,plan_a,estimated_total_footfall,-0.2984396915195135,False,0.0,False,0.7744984337993875,False,0.4484767829836714,False,266.975752944227,137.0,False,0.2984396915195135,0.06380743908981545,0.0,4.489372455545683e-05,0.2609645834451377,0.4089910626714661,0.146762,0,False
66330,2026-04-25 00:00:00+00:00,516.98,plan_a,estimated_total_footfall,-0.9036421319411858,False,0.7748903792743544,False,0.8898219831637444,False,0.45404436148037813,False,141.31318858772278,22.0,False,0.9036421319411858,0.19564212040013193,0.04826772422609611,5.157844260520579e-05,0.2732261823753503,0.21648344665240055,0.146734,0,False
66332,2026-04-24 08:00:00+00:00,554.57,plan_a,estimated_total_footfall,-0.12790576710873136,False,0.36670008526659004,False,0.8316524593575447,False,0.44113349337872343,False,286.004938366057,44.0,False,0.12790576710873136,0.026659066783800592,0.022841654849178335,4.820665195294214e-05,0.24479229741135652,0.43814264921675244,0.146497,0,False
66342,2026-04-23 00:00:00+00:00,519.33,plan_a,estimated_total_footfall,-0.6954872376340298,False,3.243621887342932,False,0.3634809162140342,False,0.4133310098713219,False,126.57902412307786,2.0,False,0.6954872376340298,0.1502985587729739,0.202044380649829,2.106913509641088e-05,0.1835622847167437,0.19391157817552737,0.145968,0,False
66331,2026-04-22 11:00:00+00:00,542.82,plan_a,estimated_total_footfall,0.4846669657947063,False,1.0047211786961843,False,5.406426638714991,False,0.4135111105845907,False,247.09384614278434,800.0,False,0.4846669657947063,0.10437438283553628,0.06258382614433712,0.00031338298149563934,0.18395892442545264,0.378533157408602,0.145953,0,False
66338,2026-04-25 06:00:00+00:00,516.98,plan_a,estimated_total_footfall,-0.5500391851985535,False,0.3896871849627158,False,3447.405907564504,False,0.5053714580734692,False,,,False,0.5500391851985535,0.11861478428806431,0.024273515430451004,0.19982853998274658,0.3862649609123799,0.0,0.145796,0,False
66331,2026-04-23 08:00:00+00:00,524.02,plan_a,estimated_total_footfall,-0.41031207113583135,False,3.2712488087842373,True,0.7134178081742409,False,0.4553146200597741,False,105.02096949287498,127.0,False,0.41031207113583135,0.08817723426755456,0.20376525454504202,4.135319217627763e-05,0.276023700407189,0.16088591357827037,0.145779,1,False
66342,2026-04-22 16:00:00+00:00,528.72,plan_a,estimated_total_footfall,-0.5576120995899132,False,3.0750426668969393,False,13.169733892752692,True,0.3863068237000247,False,190.63014280569277,18.0,False,0.5576120995899132,0.12026443519608047,0.191543623974598,0.00076338231305326,0.1240463331331525,0.29203410355996356,0.14573,1,False
66332,2026-04-25 01:00:00+00:00,516.98,plan_a,estimated_total_footfall,-0.8626760029691426,False,1.0293739253566696,False,0.36042991311291783,False,0.39906407414571676,False,212.1173577541787,1.0,False,0.8626760029691426,0.18671823609823834,0.06411943945049074,2.0892284005612108e-05,0.1521419026001797,0.3249512459547913,0.14559,0,False
66330,2026-04-20 23:00:00+00:00,519.33,plan_a,estimated_total_footfall,-0.8202905951550883,False,1.2999151994596658,False,0.22494060262459636,False,0.43226190585831603,False,159.28947949946553,14.0,False,0.8202905951550883,0.177485182233683,0.08097138646060673,1.3038659621334776e-05,0.22525420771691246,0.24402206108388041,0.145549,0,False
66340,2026-04-24 03:00:00+00:00,519.33,plan_a,estimated_total_footfall,-0.7538326106537421,False,1.2984617979518622,False,0.33031972932561987,False,0.39572525730939956,False,221.2343187510366,6.0,False,0.7538326106537421,0.1630082624097041,0.08088085445111894,1.9146950202120813e-05,0.14478875383495285,0.33891789096025804,0.145523,0,False
66340,2026-04-21 09:00:00+00:00,559.27,plan_a,estimated_total_footfall,0.19133806994484212,False,0.9781443085289985,False,0.46387981728522937,False,0.48858933352824496,False,179.5140679618003,23.0,False,0.19133806994484212,0.04047688520395031,0.06092835967535894,2.688874739472094e-05,0.3493053238830802,0.2750049343826079,0.145148,0,False
66342,2026-04-22 12:00:00+00:00,540.47,plan_a,estimated_total_footfall,-0.38508463718114094,False,3.0716903332181245,False,12.59820728762108,True,0.43647888720071304,False,141.14315494692627,19.0,False,0.38508463718114094,0.08268179919730535,0.19133480796416516,0.0007302538303253789,0.23454135722854422,0.2162229651716955,0.145102,1,False
66340,2026-04-20 19:00:00+00:00,556.92,plan_a,estimated_total_footfall,0.1357258741660064,False,0.8441659148464916,False,0.2831491631804515,False,0.4631763855060244,False,229.19086676295044,18.0,False,0.1357258741660064,0.028362565072720402,0.052582879680397016,1.641271303490316e-05,0.29333783703630795,0.3511068519078427,0.145081,0,False
66332,2026-04-21 18:00:00+00:00,554.57,plan_a,estimated_total_footfall,-0.12790576710873136,False,0.5883510404038724,False,13.138646482478373,False,0.44727986422451277,False,262.95790827804694,11.0,False,0.12790576710873136,0.026659066783800592,0.03664823635175917,0.0007615803344138051,0.2583285832907561,0.4028359622867014,0.145047,0,False
66331,2026-04-20 17:00:00+00:00,538.12,plan_a,estimated_total_footfall,0.26092220656207055,False,1.8713377908309252,False,7.876713503459678,False,0.4313801919446023,False,214.67154370876037,443.0,False,0.26092220656207055,0.05563479248005806,0.11656515403673487,0.00045657291350722134,0.2233123900330593,0.32886410776454195,0.144967,0,False
66330,2026-04-22 10:00:00+00:00,547.52,plan_a,estimated_total_footfall,0.1795731588874908,False,1.2868510763176404,False,0.27233916138760983,False,0.4689127297693068,False,196.21494828882336,138.0,False,0.1795731588874908,0.03791406787821471,0.08015762555978673,1.578611235793196e-05,0.3059711124761781,0.30058969523512286,0.14493,0,False
66335,2026-04-22 22:00:00+00:00,516.98,plan_a,estimated_total_footfall,-0.7246033845511323,False,2.7794705278835528,True,0.3189886495258579,False,0.46061991079614883,False,69.67609481700799,1.0,False,0.7246033845511323,0.156641094251063,0.17313251076891412,1.849014529039109e-05,0.28770765731162734,0.10673965612135242,0.144848,1,False
66330,2026-04-21 05:00:00+00:00,519.33,plan_a,estimated_total_footfall,-0.8202905951550883,False,1.0879465187518025,False,0.7407033513200831,False,0.43643826934353397,False,159.28947949946553,18.0,False,0.8202905951550883,0.177485182233683,0.06776791136448072,4.293479596639293e-05,0.23445190364034083,0.24402206108388041,0.144754,0,False
66335,2026-04-24 01:00:00+00:00,516.98,plan_a,estimated_total_footfall,-0.7246033845511323,False,1.239993152537694,False,0.7984060034959853,False,0.42250118547674137,False,186.68935280976274,1.0,False,0.7246033845511323,0.156641094251063,0.07723885743036966,4.627952445111867e-05,0.20375796142965985,0.28599704637246226,0.144736,0,False
66332,2026-04-24 19:00:00+00:00,573.36,plan_a,estimated_total_footfall,0.23938161602021488,False,0.5883510404038724,False,0.018868548410491348,False,0.43693449644054366,False,260.66708279718154,33.0,False,0.23938161602021488,0.05094248342832498,0.03664823635175917,1.0937135288272435e-06,0.23554475534336317,0.3993265531456782,0.144493,0,False
66331,2026-04-21 14:00:00+00:00,542.82,plan_a,estimated_total_footfall,0.4846669657947063,False,0.6288697014538223,False,6.111104524621635,False,0.4114957554730094,False,259.92566318207076,480.0,False,0.4846669657947063,0.10437438283553628,0.039172133421433844,0.00035422956494839407,0.1795204641334637,0.39819074214814176,0.144322,0,False
66338,2026-04-22 22:00:00+00:00,516.98,plan_a,estimated_total_footfall,-0.5500391851985535,False,1.1375629331999493,False,8047.2156801129195,False,0.3597476568584371,False,,,False,0.5500391851985535,0.11861478428806431,0.07085850517455425,0.4664560551905771,0.06555450370950343,0.0,0.144297,0,False
66332,2026-04-22 00:00:00+00:00,521.67,plan_a,estimated_total_footfall,-0.7710007593887945,False,2.2294151377043514,False,0.9814868303441185,False,0.3907302037096911,False,183.63280024256247,4.0,False,0.7710007593887945,0.16674809765491025,0.1388697007091092,5.689178633986812e-05,0.13378803890820903,0.2813145886257036,0.144155,0,False
66333,2026-04-22 11:00:00+00:00,516.98,plan_a,estimated_total_footfall,-0.5738462277461667,False,0.0,False,21.421949809072544,False,0.33802348430570045,False,377.2126915828801,3.0,False,0.5738462277461667,0.12380080743929106,0.0,0.001241721186512339,0.01771088711928376,0.5778675324716681,0.144124,0,False
66330,2026-04-22 01:00:00+00:00,516.98,plan_a,estimated_total_footfall,-0.9036421319411858,False,1.730459019610834,False,0.13041180705115651,False,0.4759785624800578,False,62.19539178074987,4.0,False,0.9036421319411858,0.19564212040013193,0.10778985128367913,7.559307403390431e-06,0.32153234917153,0.09527966153162641,0.14405,0,False
66342,2026-04-26 04:00:00+00:00,519.33,plan_a,estimated_total_footfall,-0.6954872376340298,False,1.499979995246612,False,0.2485025955494522,False,0.40928326368797596,False,196.7878950421251,83.0,False,0.6954872376340298,0.1502985587729739,0.09343337159899176,1.4404428193850819e-05,0.17464784546800322,0.3014674157730475,0.143972,0,False
66335,2026-04-23 05:00:00+00:00,521.67,plan_a,estimated_total_footfall,-0.5382163768546111,False,0.7406832888350279,False,0.8731532278448123,False,0.41473008635537645,False,242.15646833367325,4.0,False,0.5382163768546111,0.11603935486790101,0.046136973281106046,5.061223986377549e-05,0.18664350121513998,0.3709693866365772,0.143968,0,False
66336,2026-04-21 00:00:00+00:00,516.98,plan_a,estimated_total_footfall,-0.9144620983935632,False,1.3929789386091125,False,0.000670215341747515,False,0.4369135374584264,False,130.07884709540747,2.0,False,0.9144620983935632,0.19799909508127103,0.0867683030527592,3.884896551391593e-08,0.23549859692227237,0.19927309996478937,0.143908,0,False
66342,2026-04-24 01:00:00+00:00,519.33,plan_a,estimated_total_footfall,-0.6954872376340298,False,1.2648798929197524,False,1.0510507013504478,False,0.38268024479407364,False,244.10183534589075,10.0,False,0.6954872376340298,0.1502985587729739,0.0787890461458013,6.092404919242076e-05,0.11605943971802704,0.3739495738364952,0.143832,0,False
66332,2026-04-22 06:00:00+00:00,556.92,plan_a,estimated_total_footfall,-0.08197041051730018,False,0.7069307802893435,False,5.0084717941331744,False,0.4475179127592965,False,260.66708279718154,21.0,False,0.08197041051730018,0.016652707435864604,0.04403453812641014,0.00029031556857586925,0.25885284274415565,0.3993265531456782,0.143831,0,False
66336,2026-04-20 22:00:00+00:00,526.37,plan_a,estimated_total_footfall,-0.7821839119586341,False,1.2859466099409314,False,0.08144382687202427,False,0.4025005350388935,False,201.74792162113937,3.0,False,0.7821839119586341,0.16918418722861095,0.0801012865797059,4.720883310762174e-06,0.15971009499053704,0.3090658831209551,0.143613,0,False
66333,2026-04-25 21:00:00+00:00,535.77,plan_a,estimated_total_footfall,-0.04497558364649446,False,0.6627584353022312,False,3.889851893024777,False,0.5089696925565012,False,178.38584110436287,224.0,False,0.04497558364649446,0.008593914402504009,0.04128305401551626,0.00022547487745108822,0.39418943078988516,0.2732765575683501,0.143514,0,False
66330,2026-04-26 23:00:00+00:00,516.98,plan_a,estimated_total_footfall,-0.9036421319411858,False,0.0,False,0.44097287992996614,False,0.4471528055497474,False,171.47732100943097,14.0,False,0.9036421319411858,0.19564212040013193,0.0,2.5560949053036153e-05,0.25804875921436476,0.26269311340177953,0.143282,0,False
66335,2026-04-20 08:00:00+00:00,524.02,plan_a,estimated_total_footfall,-0.4448241661751155,False,0.3825450917887522,False,0.6866265114155797,False,0.4530453594910124,False,212.15573823069715,7.0,False,0.4448241661751155,0.09569519973987695,0.023828636266973992,3.980023732875578e-05,0.2710260586175383,0.32501004257472405,0.14312,0,False
66336,2026-04-26 23:00:00+00:00,531.07,plan_a,estimated_total_footfall,-0.7159743830721408,False,0.0,False,0.8042219738855372,False,0.40573064068826253,False,257.0844248627809,16.0,False,0.7159743830721408,0.15476138990086827,0.0,4.6616646595330605e-05,0.16682382674990143,0.3938381330939705,0.143094,0,False
66336,2026-04-24 02:00:00+00:00,526.37,plan_a,estimated_total_footfall,-0.7821839119586341,False,2.079857754618153,False,1.2481220647448825,False,0.3984974696958599,False,173.0809872535989,2.0,False,0.7821839119586341,0.16918418722861095,0.12955380943486047,7.234727113826363e-05,0.1508940573259141,0.2651498352356519,0.142971,0,False
66331,2026-04-23 05:00:00+00:00,516.98,plan_a,estimated_total_footfall,-0.7454531573055616,False,2.5712570583974523,False,0.641577171436632,False,0.4523155579390685,False,80.54412515194262,59.0,False,0.7454531573055616,0.16118291854469532,0.16016294682268847,3.7188956824935076e-05,0.26941880082424896,0.1233888357820957,0.142838,0,False
66330,2026-04-26 20:00:00+00:00,535.77,plan_a,estimated_total_footfall,-0.23718452504299264,False,0.8226826383525812,False,0.3993642212252339,False,0.4443262090246382,False,235.15937813964103,52.0,False,0.23718452504299264,0.05046387863520807,0.05124469186310589,2.3149107296496068e-05,0.25182368435481456,0.3602502583168486,0.142761,0,False
66333,2026-04-24 07:00:00+00:00,524.02,plan_a,estimated_total_footfall,-0.37569565113830716,False,0.9997240346126227,False,4.296572703991914,False,0.40692560378430076,False,261.78018391964736,6.0,False,0.37569565113830716,0.08063654309767433,0.06227255531301091,0.00024905040873907043,0.16945551990495844,0.40103175822860276,0.142729,0,False
66331,2026-04-25 02:00:00+00:00,521.67,plan_a,estimated_total_footfall,-0.5221844507521493,False,2.1326876913670874,False,0.6313114536399386,False,0.4239677836999923,False,170.20124984552956,5.0,False,0.5221844507521493,0.11254702944529368,0.13284457273000888,3.6593905515576096e-05,0.20698788251939426,0.2607382478545795,0.142631,0,False
66332,2026-04-20 04:00:00+00:00,524.02,plan_a,estimated_total_footfall,-0.7250654027973612,False,0.5158419179029705,False,0.006773125052580438,False,0.3867085690993729,False,260.66708279718154,4.0,False,0.7250654027973612,0.1567417383069738,0.032131661591820626,3.92603518897459e-07,0.1249311057433239,0.3993265531456782,0.142626,0,False
66333,2026-04-25 00:00:00+00:00,519.33,plan_a,estimated_total_footfall,-0.5077022142478035,False,0.665900462475344,False,0.864147328902777,False,0.43597368509329476,False,214.5200105070562,39.0,False,0.5077022142478035,0.10939228170025686,0.041478770087310476,5.00902138288168e-05,0.23342873966535668,0.3286319678622792,0.142596,0,False
66331,2026-04-21 06:00:00+00:00,526.37,plan_a,estimated_total_footfall,-0.2984396915195135,False,0.6332445819158035,False,2.0510719260756614,False,0.42073114942536916,False,266.29487608786127,137.0,False,0.2984396915195135,0.06380743908981545,0.039444643610370235,0.0001188901798560924,0.19985977262697285,0.40794799959939904,0.142236,0,False
66340,2026-04-21 08:00:00+00:00,559.27,plan_a,estimated_total_footfall,0.19133806994484212,False,0.7602234973866058,False,0.07644769287272461,False,0.48773275172898095,False,179.5140679618003,16.0,False,0.19133806994484212,0.04047688520395031,0.047354127891505504,4.431282901234671e-06,0.3474188552002035,0.2750049343826079,0.142052,0,False
66331,2026-04-22 15:00:00+00:00,535.77,plan_a,estimated_total_footfall,0.14904982694575264,False,1.8713377908309252,False,1.2489396380347186,False,0.39979176910932623,False,266.29487608786127,841.0,False,0.14904982694575264,0.03126499730231894,0.11656515403673487,7.239466169255791e-05,0.1537445210082709,0.40794799959939904,0.141919,0,False
66331,2026-04-21 11:00:00+00:00,531.07,plan_a,estimated_total_footfall,-0.07469493228687771,False,0.7719373311696495,False,1.9151016064583777,False,0.42736397027012907,False,281.87079476849095,493.0,False,0.07469493228687771,0.015067848734337226,0.04808377961230729,0.0001110086738255755,0.21446737789423692,0.4318093857478479,0.141908,0,False
66330,2026-04-26 05:00:00+00:00,521.67,plan_a,estimated_total_footfall,-0.7372937457595736,False,0.8087291480289293,False,0.34635278441127165,False,0.42306104935890115,False,192.13223337579174,16.0,False,0.7372937457595736,0.15940550763390066,0.05037553250721837,2.0076304642860918e-05,0.20499096180542745,0.2943352174690679,0.141825,0,False
66340,2026-04-26 01:00:00+00:00,521.67,plan_a,estimated_total_footfall,-0.698457062516521,False,1.4988098327526034,False,0.6840427914122975,False,0.4080560281780997,False,191.08540912184841,2.0,False,0.698457062516521,0.1509454925769055,0.0933604824754832,3.965047225616969e-05,0.17194507807569465,0.2927315446286359,0.141804,0,False
66340,2026-04-20 00:00:00+00:00,516.98,plan_a,estimated_total_footfall,-0.8094448064325778,False,0.0,False,0.25057168349013026,False,0.447524882643589,False,179.5140679618003,5.0,False,0.8094448064325778,0.175122582540934,0.0,1.4524362670198486e-05,0.2588681926715676,0.2750049343826079,0.141802,0,False
66338,2026-04-25 02:00:00+00:00,516.98,plan_a,estimated_total_footfall,-0.5500391851985535,False,3.6956701658087443,True,5166.863596868378,False,0.35745044645895896,False,,,False,0.5500391851985535,0.11861478428806431,0.23020235270040734,0.2994967336415669,0.06049530740120246,0.0,0.141762,1,False
66333,2026-04-26 19:00:00+00:00,528.72,plan_a,estimated_total_footfall,-0.2434076241415808,False,0.4722672702101873,False,0.36329141549494637,False,0.48143504123309294,False,190.97600149720967,50.0,False,0.2434076241415808,0.051819491619605924,0.029417407893053398,2.105815070610804e-05,0.33354927072558044,0.292563938618832,0.141474,0,False
66340,2026-04-26 05:00:00+00:00,519.33,plan_a,estimated_total_footfall,-0.7538326106537421,False,1.3909942423466035,False,0.6167173404886049,False,0.38366944606511555,False,221.2343187510366,11.0,False,0.7538326106537421,0.1630082624097041,0.0866446768284137,3.574795920070356e-05,0.11823797914121556,0.33891789096025804,0.141369,0,False
66331,2026-04-22 19:00:00+00:00,524.02,plan_a,estimated_total_footfall,-0.41031207113583135,False,2.186864785904821,False,0.3525893668470078,False,0.4082805592363233,False,202.00261592432264,422.0,False,0.41031207113583135,0.08817723426755456,0.13621925014046699,2.0437807522426275e-05,0.1724395676971597,0.3094560597290048,0.141263,0,False
66336,2026-04-24 05:00:00+00:00,535.77,plan_a,estimated_total_footfall,-0.6497648541856489,False,1.0450821443692369,False,0.5353867480472368,False,0.4267403569279967,False,187.82690153173294,18.0,False,0.6497648541856489,0.14033859257312592,0.06509790040917722,3.103363951243335e-05,0.21309398069951768,0.2877397037318231,0.14126,0,False
66340,2026-04-22 23:00:00+00:00,516.98,plan_a,estimated_total_footfall,-0.8094448064325778,False,1.057242240695941,False,0.11269618654107659,False,0.43578641624563835,False,151.4478293988316,3.0,False,0.8094448064325778,0.175122582540934,0.06585534971008318,6.53242322544962e-06,0.23301631341874982,0.23200911694049942,0.141202,0,False
66331,2026-04-20 06:00:00+00:00,538.12,plan_a,estimated_total_footfall,0.26092220656207055,False,1.3563366232543994,False,0.8992503959971254,False,0.4871891620409926,False,143.33814905146377,149.0,False,0.26092220656207055,0.05563479248005806,0.08448586256846363,5.212495961578322e-05,0.34622169583538176,0.21958556631233145,0.141196,0,False
66330,2026-04-22 23:00:00+00:00,516.98,plan_a,estimated_total_footfall,-0.9036421319411858,False,0.9608308379427706,False,0.7121050547262374,False,0.4756964449424715,False,83.01943152241927,5.0,False,0.9036421319411858,0.19564212040013193,0.059849908005284974,4.127709855344771e-05,0.3209110355970364,0.12718085873449536,0.140725,0,False
66340,2026-04-26 00:00:00+00:00,519.33,plan_a,estimated_total_footfall,-0.7538326106537421,False,2.0882279326786892,False,0.22648169499130996,False,0.3866648515854045,False,186.4338667002942,18.0,False,0.7538326106537421,0.1630082624097041,0.130075185692916,1.312798888683937e-05,0.1248348257137161,0.2856056567640166,0.140707,0,False
66330,2026-04-21 03:00:00+00:00,516.98,plan_a,estimated_total_footfall,-0.9036421319411858,False,0.7938132896263674,False,0.07242510810611012,False,0.5223300004023251,False,22.700713993374748,13.0,False,0.9036421319411858,0.19564212040013193,0.04944642748897753,4.1981141759895225e-06,0.42361312665453543,0.034776151156659274,0.140696,0,False
66340,2026-04-23 02:00:00+00:00,516.98,plan_a,estimated_total_footfall,-0.8094448064325778,False,1.4988098327526034,False,0.03291292971630399,False,0.5273256339416947,False,,,False,0.8094448064325778,0.175122582540934,0.0933604824754832,1.9077946920414157e-06,0.4346151187949786,0.0,0.14062,0,False
66332,2026-04-21 17:00:00+00:00,568.67,plan_a,estimated_total_footfall,0.14770637243986462,False,0.5319448041804202,False,10.080046847161329,False,0.4381671091767169,False,260.66708279718154,18.0,False,0.14770637243986462,0.030972344984996406,0.033134706273846466,0.000584288911266898,0.23825936511782225,0.3993265531456782,0.140455,0,False
66335,2026-04-21 18:00:00+00:00,519.33,plan_a,estimated_total_footfall,-0.6312111738716366,False,1.0533144543603872,False,2.16207552344595,False,0.44338085419420187,False,163.38025983989445,8.0,False,0.6312111738716366,0.13629693912303895,0.06561068890032959,0.00012532449231888218,0.24974170889916433,0.25028889460766146,0.140413,0,False
66336,2026-04-23 03:00:00+00:00,519.33,plan_a,estimated_total_footfall,-0.8813573339503165,False,2.6410802354271077,False,0.6265181432440362,False,0.4873297982477087,False,,,False,0.8813573339503165,0.19078769641739968,0.16451221472379898,3.6316061756013134e-05,0.3465314220049974,0.0,0.140374,0,False
66336,2026-04-21 08:00:00+00:00,556.92,plan_a,estimated_total_footfall,-0.35182197419643163,False,0.815501647465304,False,8.470767234005262,False,0.46611150459181533,False,179.38230254576357,16.0,False,0.35182197419643163,0.07543600459828446,0.05079738977098056,0.0004910071788154491,0.29980191348600116,0.2748030775587807,0.140266,0,False
66342,2026-04-21 03:00:00+00:00,516.98,plan_a,estimated_total_footfall,-0.7299927301157846,False,7.33141344142743,False,0.33474050372828457,False,0.368940404276594,False,,,False,0.7299927301157846,0.157815085972729,0.45667187468464293,1.9403199949949803e-05,0.08579989081538082,0.0,0.140061,0,False
66332,2026-04-24 03:00:00+00:00,516.98,plan_a,estimated_total_footfall,-0.8626760029691426,False,2.1776597434362017,False,0.2321362795203277,False,0.3775836614193021,False,177.60875907835918,1.0,False,0.8626760029691426,0.18671823609823834,0.13564587039121664,1.3455756315723576e-05,0.10483512356463966,0.2720861138666536,0.13986,0,False
66330,2026-04-21 04:00:00+00:00,519.33,plan_a,estimated_total_footfall,-0.8202905951550883,False,1.2019302371754572,False,0.2618880463575745,False,0.4587179317497475,False,106.59851768794343,7.0,False,0.8202905951550883,0.177485182233683,0.07486792813367853,1.5180314516412592e-05,0.28351888758805077,0.16330262410572896,0.139838,0,False
66330,2026-04-21 02:00:00+00:00,516.98,plan_a,estimated_total_footfall,-0.9036421319411858,False,1.1869643116562543,False,0.19565607890281633,False,0.43448753326402073,False,130.16888428546974,11.0,False,0.9036421319411858,0.19564212040013193,0.07393570444750287,1.1341185121284503e-05,0.23015575524479778,0.19941103161452692,0.139831,0,False
66331,2026-04-24 06:00:00+00:00,524.02,plan_a,estimated_total_footfall,-0.41031207113583135,False,0.47508360918750864,False,0.47351553432958016,False,0.40846284920645526,False,266.29487608786127,98.0,False,0.41031207113583135,0.08817723426755456,0.029592836930141007,2.7447280773234466e-05,0.17284102885376143,0.40794799959939904,0.139717,0,False
66330,2026-04-22 22:00:00+00:00,516.98,plan_a,estimated_total_footfall,-0.9036421319411858,False,1.144273978886083,False,0.5721282932038636,False,0.45181440748307405,False,106.59851768794343,11.0,False,0.9036421319411858,0.19564212040013193,0.07127653449987684,3.3163359517045685e-05,0.268315106300906,0.16330262410572896,0.139714,0,False
66330,2026-04-21 15:00:00+00:00,542.82,plan_a,estimated_total_footfall,0.012870085315299852,False,1.9547929170395186,False,4.890566641892885,False,0.4445678995227555,False,210.04193898574997,95.0,False,0.012870085315299852,0.0016001915453177779,0.12176355257778093,0.00028348120817261015,0.252355964583088,0.32177182715654074,0.139555,0,False
66331,2026-04-26 06:00:00+00:00,535.77,plan_a,estimated_total_footfall,0.14904982694575264,False,1.148459895095421,False,0.7416721898319236,False,0.48556744100994315,False,163.78044123819316,81.0,False,0.14904982694575264,0.03126499730231894,0.07153727415367804,4.299095459421083e-05,0.3426501444201334,0.2509019488402896,0.139279,0,False
66335,2026-04-26 22:00:00+00:00,519.33,plan_a,estimated_total_footfall,-0.6312111738716366,False,0.0,False,0.3323270517067268,False,0.41226661463611697,False,247.02839389465765,17.0,False,0.6312111738716366,0.13629693912303895,0.0,1.9263304443961355e-05,0.18121814399469882,0.378432888435782,0.139193,0,False
66332,2026-04-20 03:00:00+00:00,516.98,plan_a,estimated_total_footfall,-0.8626760029691426,False,0.23063642689250194,False,0.5147606216644327,False,0.37302235091608676,False,260.66708279718154,3.0,False,0.8626760029691426,0.18671823609823834,0.01436628424805621,2.983804815154042e-05,0.09478965047078478,0.3993265531456782,0.139046,0,False
66330,2026-04-24 23:00:00+00:00,528.72,plan_a,estimated_total_footfall,-0.4872391354012811,False,0.6349045277518741,False,1.1398064430833874,False,0.48132857978845145,False,141.8429596350527,34.0,False,0.4872391354012811,0.10493469313455392,0.039548041213423125,6.606876691964337e-05,0.3333148083760155,0.21729502456249378,0.139032,0,False
66332,2026-04-26 23:00:00+00:00,516.98,plan_a,estimated_total_footfall,-0.8626760029691426,False,0.0,False,0.3357908939924105,False,0.3974586627043149,False,234.76743422485328,4.0,False,0.8626760029691426,0.18671823609823834,0.0,1.9464085716964304e-05,0.1486062701481024,0.359649823421736,0.138999,0,False
66330,2026-04-26 01:00:00+00:00,516.98,plan_a,estimated_total_footfall,-0.9036421319411858,False,0.6999781757725715,False,0.02107640269621467,False,0.4638855013345893,False,104.85234680300583,9.0,False,0.9036421319411858,0.19564212040013193,0.04360146216309398,1.2216915825408056e-06,0.294899538212155,0.16062759359093237,0.138954,0,False
66335,2026-04-26 06:00:00+00:00,524.02,plan_a,estimated_total_footfall,-0.4448241661751155,False,1.0389170267073318,False,0.4167697844791218,False,0.4213130828071835,False,217.4869159906928,8.0,False,0.4448241661751155,0.09569519973987695,0.06471387680134132,2.4158019036471287e-05,0.20114137714070002,0.3331770915793825,0.13895,0,False
66332,2026-04-26 03:00:00+00:00,516.98,plan_a,estimated_total_footfall,-0.8626760029691426,False,2.822365235545782,False,0.1549261250903353,False,0.3762539353045192,False,150.28563375501113,4.0,False,0.8626760029691426,0.18671823609823834,0.17580441117647672,8.980277406282423e-06,0.10190663888927463,0.2302287019546577,0.138933,0,False
66331,2026-04-25 07:00:00+00:00,519.33,plan_a,estimated_total_footfall,-0.6335807776892438,False,0.6738316189041593,False,0.1170194560016426,False,0.42342566522586894,False,202.00261592432264,166.0,False,0.6335807776892438,0.13681312336695622,0.04197279979982101,6.783021109023832e-06,0.2057939632407903,0.3094560597290048,0.138809,0,False
66331,2026-04-22 04:00:00+00:00,519.33,plan_a,estimated_total_footfall,-0.6335807776892438,False,1.720795102025338,False,0.596332645335149,False,0.39330509414603615,False,202.00261592432264,52.0,False,0.6335807776892438,0.13681312336695622,0.10718788832035359,3.456636237696712e-05,0.13945877598688308,0.3094560597290048,0.13859,0,False
66330,2026-04-22 00:00:00+00:00,516.98,plan_a,estimated_total_footfall,-0.9036421319411858,False,0.7669880298921599,False,0.2916601389527331,False,0.45962524647040914,False,106.94400323822519,5.0,False,0.9036421319411858,0.19564212040013193,0.047775488897177434,1.6906050897634e-05,0.285517086484539,0.16383188753429542,0.138557,0,False
66330,2026-04-24 01:00:00+00:00,519.33,plan_a,estimated_total_footfall,-0.8202905951550883,False,0.9608308379427706,False,0.669546654631343,False,0.42578285910377267,False,159.28947949946553,10.0,False,0.8202905951550883,0.177485182233683,0.059849908005284974,3.881020513184525e-05,0.2109852624651666,0.24402206108388041,0.138476,0,False
66340,2026-04-25 03:00:00+00:00,521.67,plan_a,estimated_total_footfall,-0.698457062516521,False,1.2984617979518622,False,0.7387209426891442,False,0.3846816213886171,False,221.2343187510366,4.0,False,0.698457062516521,0.1509454925769055,0.08088085445111894,4.281988584759883e-05,0.12046711481863356,0.33891789096025804,0.138251,0,False
66330,2026-04-24 20:00:00+00:00,547.52,plan_a,estimated_total_footfall,0.1795731588874908,False,0.6935165024700624,False,1.812895103050051,False,0.45623167903304895,False,216.29054037841286,141.0,False,0.1795731588874908,0.03791406787821471,0.04319896617998898,0.00010508428403787675,0.2780433592826409,0.3313443149035066,0.138121,0,False
66338,2026-04-24 07:00:00+00:00,516.98,plan_a,estimated_total_footfall,-0.5500391851985535,False,1.5604829805064366,False,3447.9383931261277,False,0.4548060562132094,False,,,False,0.5500391851985535,0.11861478428806431,0.09720208713022797,0.199859405455277,0.2749036792129354,0.0,0.138116,0,False
66330,2026-04-25 07:00:00+00:00,524.02,plan_a,estimated_total_footfall,-0.6539422089734761,False,0.9326419655270515,False,0.9709377161577554,False,0.44567464263932616,False,153.67101288508454,43.0,False,0.6539422089734761,0.14124856946745173,0.05809403032710205,5.628030798701541e-05,0.2547933689631412,0.2354149025466035,0.137921,0,False
66340,2026-04-26 02:00:00+00:00,516.98,plan_a,estimated_total_footfall,-0.8094448064325778,False,2.0027549773393964,False,0.29597728975310256,False,0.4128525586751348,False,135.01284573510878,4.0,False,0.8094448064325778,0.175122582540934,0.12475109708960955,1.7156294113679496e-05,0.18250858126580966,0.20683169404914642,0.137846,0,False
66342,2026-04-26 03:00:00+00:00,526.37,plan_a,estimated_total_footfall,-0.592117592071668,False,2.1610956128065935,False,1.2666567898721801,False,0.4033965219731467,False,172.986251428313,83.0,False,0.592117592071668,0.12778096239583558,0.13461409491605375,7.342163463373783e-05,0.16168334645722435,0.2650047055546624,0.137831,0,False
66335,2026-04-20 07:00:00+00:00,521.67,plan_a,estimated_total_footfall,-0.5382163768546111,False,0.019391646612870517,False,0.0695912619083579,False,0.4833739093538064,False,152.31926126768684,2.0,False,0.5382163768546111,0.11603935486790101,0.001207900725101856,4.033850563459907e-06,0.3378192820579444,0.23334409902092582,0.137683,0,False
66332,2026-04-23 20:00:00+00:00,519.33,plan_a,estimated_total_footfall,-0.8167406463777092,False,5.712726424712101,True,14.212727770320914,False,0.3998947847690441,False,,,False,0.8167406463777092,0.17671187675030187,0.3558442729736205,0.0008238393492578084,0.1539713946309309,0.0,0.13747,1,False
66340,2026-04-25 05:00:00+00:00,535.77,plan_a,estimated_total_footfall,-0.36478388784350946,False,1.007528444553842,False,1.451552695873509,False,0.4236535904803133,False,221.2343187510366,6.0,False,0.36478388784350946,0.07825957178952667,0.06275869001911338,8.413910740477426e-05,0.20629592797424068,0.33891789096025804,0.137263,0,False
66330,2026-04-25 01:00:00+00:00,519.33,plan_a,estimated_total_footfall,-0.8202905951550883,False,0.6999781757725715,False,0.16208000934053027,False,0.43400117584704767,False,153.67101288508454,10.0,False,0.8202905951550883,0.177485182233683,0.04360146216309398,9.394951594136316e-06,0.22908463975227528,0.2354149025466035,0.137119,0,False
66331,2026-04-24 10:00:00+00:00,531.07,plan_a,estimated_total_footfall,-0.07469493228687771,False,0.8586445981840594,False,1.1252139913531813,False,0.42489985468761515,False,266.059080780759,329.0,False,0.07469493228687771,0.015067848734337226,0.053484753175263654,6.522291690888098e-05,0.20904060267977978,0.4075867751355248,0.137049,0,False
66330,2026-04-20 21:00:00+00:00,528.72,plan_a,estimated_total_footfall,-0.4872391354012811,False,0.6546243401032307,False,0.04893116580820557,False,0.4678929914432563,False,153.67101288508454,35.0,False,0.4872391354012811,0.10493469313455392,0.04077638329873458,2.836290151285139e-06,0.3037253206341423,0.2354149025466035,0.136971,0,False
66330,2026-04-26 21:00:00+00:00,533.42,plan_a,estimated_total_footfall,-0.32053606182909017,False,0.42392406478490047,False,0.47121201450641265,False,0.4489287315623024,False,213.98811469387093,36.0,False,0.32053606182909017,0.06862081680165698,0.026406121948506785,2.7313757476173668e-05,0.26195991960636666,0.3278171349365693,0.136966,0,False
66342,2026-04-21 05:00:00+00:00,516.98,plan_a,estimated_total_footfall,-0.7299927301157846,False,7.284183128205181,False,0.15263310543854633,False,0.36302103317204093,False,,,False,0.7299927301157846,0.157815085972729,0.453729910511777,8.8473627506095e-06,0.07276353139161132,0.0,0.136863,0,False
66333,2026-04-23 19:00:00+00:00,519.33,plan_a,estimated_total_footfall,-0.5077022142478035,False,0.7113408212935581,False,0.07260337632243305,False,0.4479121005148165,False,176.01095430725434,14.0,False,0.5077022142478035,0.10939228170025686,0.04430923845656076,4.208447475388637e-06,0.2597209709913364,0.26963837146282477,0.136613,0,False
66333,2026-04-25 06:00:00+00:00,533.42,plan_a,estimated_total_footfall,-0.11111959714485764,False,0.9630833931277518,False,0.09802619824085503,False,0.457928808902022,False,207.57582717533649,32.0,False,0.11111959714485764,0.023002440141538214,0.059990219093641176,5.682078815130888e-06,0.2817809852178909,0.31799388972632636,0.136555,0,False
66335,2026-04-20 16:00:00+00:00,528.72,plan_a,estimated_total_footfall,-0.2580397448161243,False,1.3529209395002662,False,0.5345405748070401,False,0.4309436603345581,False,209.3056515488394,11.0,False,0.2580397448161243,0.05500688948382884,0.08427310049798542,3.09845911648657e-05,0.22235100699627086,0.32064387835245356,0.136461,0,False
66330,2026-04-21 06:00:00+00:00,531.07,plan_a,estimated_total_footfall,-0.4038875986151836,False,1.0322758784178776,False,1.8447359002397261,False,0.4601225872785477,False,159.28947949946553,24.0,False,0.4038875986151836,0.086777754968105,0.0643002013670429,0.00010692993267482376,0.28661239093774604,0.24402206108388041,0.136364,0,False
66330,2026-04-20 09:00:00+00:00,552.22,plan_a,estimated_total_footfall,0.3462762324596858,False,0.6744907594765952,False,0.3447122659437755,False,0.47213336906638437,False,164.3398234242189,81.0,False,0.3462762324596858,0.07422794421111252,0.04201385749808068,1.998121215332983e-05,0.31306399628248727,0.2517588892634521,0.136217,0,False
66333,2026-04-25 02:00:00+00:00,524.02,plan_a,estimated_total_footfall,-0.37569565113830716,False,1.58703148022501,False,1.1993343712928677,False,0.4335796045037022,False,178.38584110436287,9.0,False,0.37569565113830716,0.08063654309767433,0.09885578641119297,6.95192973478116e-05,0.22815620403544962,0.2732765575683501,0.136199,0,False
66335,2026-04-21 16:00:00+00:00,533.42,plan_a,estimated_total_footfall,-0.07125532345713761,False,2.2426415509241986,True,0.9470472049194362,False,0.46297092446034965,False,152.31926126768684,14.0,False,0.07125532345713761,0.014318579227781719,0.1396935706175133,5.4895496883188236e-05,0.2928853457172657,0.23334409902092582,0.136059,1,False
66330,2026-04-22 05:00:00+00:00,521.67,plan_a,estimated_total_footfall,-0.7372937457595736,False,1.0879465187518025,False,0.331301024731036,False,0.42848506803150627,False,153.67101288508454,24.0,False,0.7372937457595736,0.15940550763390066,0.06776791136448072,1.9203830892533798e-05,0.21693639582001875,0.2354149025466035,0.135909,0,False
66331,2026-04-20 10:00:00+00:00,535.77,plan_a,estimated_total_footfall,0.14904982694575264,False,0.28465500828366025,False,0.29276149911270105,False,0.4065972967878101,False,301.1793835930069,475.0,False,0.14904982694575264,0.03126499730231894,0.017731087915014897,1.696989112958309e-05,0.16873248228288765,0.4613890017801507,0.135827,0,False
66331,2026-04-21 17:00:00+00:00,531.07,plan_a,estimated_total_footfall,-0.07469493228687771,False,0.9662761410347888,False,0.5833154719081194,False,0.41881382707225273,False,266.059080780759,517.0,False,0.07469493228687771,0.015067848734337226,0.06018909454702417,3.38118232161106e-05,0.19563721200609413,0.4075867751355248,0.135703,0,False
66330,2026-04-21 18:00:00+00:00,545.17,plan_a,estimated_total_footfall,0.09622162210139332,False,0.7608916210054445,False,2.1554606097320086,False,0.4792779594347339,False,184.31289007533746,56.0,False,0.09622162210139332,0.019757129711765804,0.04739574514143607,0.00012494105950446708,0.3287986826760747,0.2823564460241798,0.135687,0,False
66336,2026-04-26 22:00:00+00:00,526.37,plan_a,estimated_total_footfall,-0.7821839119586341,False,0.0,False,0.5031160857210587,False,0.3966602534677529,False,236.34768814596998,10.0,False,0.7821839119586341,0.16918418722861095,0.0,2.9163073785674424e-05,0.1468479161623093,0.3620706789614647,0.135626,0,False
66330,2026-04-23 02:00:00+00:00,516.98,plan_a,estimated_total_footfall,-0.9036421319411858,False,1.809625723738498,False,0.8118621681808086,False,0.48870688704470533,False,11.350356996687372,1.0,False,0.9036421319411858,0.19564212040013193,0.11272112510630858,4.705950969649851e-05,0.3495642145430908,0.017388075578329634,0.135073,0,False
66335,2026-04-21 00:00:00+00:00,516.98,plan_a,estimated_total_footfall,-0.7246033845511323,False,1.40558833977346,False,0.06043231844120722,False,0.5254340894140721,False,,,False,0.7246033845511323,0.156641094251063,0.08755373943748616,3.5029533178500235e-06,0.43044932923851953,0.0,0.13493,0,False
66330,2026-04-25 08:00:00+00:00,535.77,plan_a,estimated_total_footfall,-0.23718452504299264,False,0.746944660353656,False,0.9701207985084653,False,0.44271133979409966,False,214.77603192382182,109.0,False,0.23718452504299264,0.05046387863520807,0.046526992517144684,5.6232955436860074e-05,0.24826722280850372,0.32902417752984214,0.134868,0,False
66342,2026-04-24 21:00:00+00:00,538.12,plan_a,estimated_total_footfall,-0.4195901296628957,False,1.1383356903342503,False,0.7273463048107817,False,0.4316991593059201,False,188.4377231015709,155.0,False,0.4195901296628957,0.09019832639706044,0.07090664001949466,4.216055609618251e-05,0.22401485877393482,0.28867544624849606,0.134767,0,False
66331,2026-04-23 23:00:00+00:00,519.33,plan_a,estimated_total_footfall,-0.6335807776892438,False,0.6898135143581017,False,0.6322774383133192,False,0.4641377590906848,False,129.21424114531925,24.0,False,0.6335807776892438,0.13681312336695622,0.04296830799428792,3.6649898720931985e-05,0.29545509094196526,0.19794857478818081,0.134644,0,False
66338,2026-04-25 01:00:00+00:00,516.98,plan_a,estimated_total_footfall,-0.5500391851985535,False,1.7656435769984054,False,0.5194166480036677,False,0.3731723712604268,False,228.0620443190217,1.0,False,0.5500391851985535,0.11861478428806431,0.10998148839574509,3.0107934254435643e-05,0.09512004353030928,0.3493775626903074,0.134625,0,False
66330,2026-04-25 05:00:00+00:00,519.33,plan_a,estimated_total_footfall,-0.8202905951550883,False,0.5374661531969389,False,1.0601651770412879,False,0.4656376471985941,False,106.59851768794343,26.0,False,0.8202905951550883,0.177485182233683,0.03347862969684072,6.145236886780693e-05,0.2987583270670163,0.16330262410572896,0.134617,0,False
66336,2026-04-25 03:00:00+00:00,521.67,plan_a,estimated_total_footfall,-0.8483934408451276,False,3.8934552212856244,False,0.13175033726135038,False,0.44194268826716865,False,,,False,0.8483934408451276,0.18360698455635366,0.2425223333959234,7.636895173672696e-06,0.24657440487232224,0.0,0.134542,0,False
66330,2026-04-21 21:00:00+00:00,528.72,plan_a,estimated_total_footfall,-0.4872391354012811,False,0.7148395312562994,False,0.4106301010675877,False,0.4605578169268559,False,153.67101288508454,19.0,False,0.4872391354012811,0.10493469313455392,0.044527172208412,2.3802132899190195e-05,0.2875709066359529,0.2354149025466035,0.134494,0,False
66335,2026-04-22 06:00:00+00:00,516.98,plan_a,estimated_total_footfall,-0.7246033845511323,False,1.3937762922217818,False,0.6970077469025497,False,0.4524473372357468,False,102.39367852761126,2.0,False,0.7246033845511323,0.156641094251063,0.0868179700060682,4.040198460952315e-05,0.26970902122870855,0.1568610592161035,0.134014,0,False
66335,2026-04-20 17:00:00+00:00,521.67,plan_a,estimated_total_footfall,-0.5382163768546111,False,0.7054974954065955,False,1.1913879035552468,False,0.4320669048103593,False,185.79787983231316,6.0,False,0.5382163768546111,0.11603935486790101,0.04394525917636988,6.905868113707051e-05,0.2248247526778087,0.28463136249904264,0.133902,0,False
66330,2026-04-20 12:00:00+00:00,542.82,plan_a,estimated_total_footfall,0.012870085315299852,False,2.4502263581598442,False,0.6128300734298432,False,0.4345050966733627,False,184.77821298299517,96.0,False,0.012870085315299852,0.0016001915453177779,0.15262397535238736,3.552263415291302e-05,0.23019443552228747,0.28306929319621515,0.133505,0,False
66342,2026-04-22 10:00:00+00:00,528.72,plan_a,estimated_total_footfall,-0.5576120995899132,False,2.8703015480345657,False,9.06619148189395,False,0.38520830031718933,False,160.31195452676852,18.0,False,0.5576120995899132,0.12026443519608047,0.17879035186371472,0.0005255208860249316,0.12162703125105864,0.24558843234928535,0.133359,0,False
66331,2026-04-20 16:00:00+00:00,538.12,plan_a,estimated_total_footfall,0.26092220656207055,False,1.8713377908309243,False,1.4326596147797683,False,0.4135283209876569,False,202.00261592432264,502.0,False,0.26092220656207055,0.05563479248005806,0.11656515403673481,8.304397184140654e-05,0.18399682726956157,0.3094560597290048,0.133147,0,False
66330,2026-04-22 08:00:00+00:00,531.07,plan_a,estimated_total_footfall,-0.4038875986151836,False,0.6734338474010051,False,0.20668836463290294,False,0.4483481740222498,False,179.75801204608405,65.0,False,0.4038875986151836,0.086777754968105,0.04194802271427089,1.1980670464532975e-05,0.2606813451388048,0.2753786422911477,0.13296,0,False
66333,2026-04-23 05:00:00+00:00,519.33,plan_a,estimated_total_footfall,-0.5077022142478035,False,0.6744907594765952,False,1.0948316703044505,False,0.398389411959236,False,235.51688038774387,7.0,False,0.5077022142478035,0.10939228170025686,0.04201385749808068,6.346180869614252e-05,0.15065607942787945,0.36079793061572424,0.132585,0,False
66331,2026-04-22 10:00:00+00:00,528.72,plan_a,estimated_total_footfall,-0.1865673119031956,False,0.5219913072051199,False,0.03475247779408722,False,0.42595867008423055,False,247.09384614278434,573.0,False,0.1865673119031956,0.03943764391207634,0.03251470548413608,2.014423913104388e-06,0.21137245480222608,0.378533157408602,0.132372,0,False
66333,2026-04-23 23:00:00+00:00,516.98,plan_a,estimated_total_footfall,-0.5738462277461667,False,0.40800227512417125,False,2.1634022856218675,False,0.4085498422436145,False,221.36373290033765,2.0,False,0.5738462277461667,0.12380080743929106,0.02541435772857976,0.00012540139795623,0.17303261550709712,0.33911614578251686,0.132298,0,False
66331,2026-04-20 01:00:00+00:00,516.98,plan_a,estimated_total_footfall,-0.7454531573055616,False,0.0,False,0.02337533574043265,False,0.41615528722337203,False,202.00261592432264,20.0,False,0.7454531573055616,0.16118291854469532,0.0,1.3549490074167518e-06,0.1897822520111439,0.3094560597290048,0.132085,0,False
66330,2026-04-20 07:00:00+00:00,535.77,plan_a,estimated_total_footfall,-0.23718452504299264,False,0.02745647661869803,False,0.9049169582328406,False,0.46013326474348926,False,209.86941192624917,41.0,False,0.23718452504299264,0.05046387863520807,0.0017102569306546465,5.245342133124286e-05,0.2866359061504695,0.3215075259058591,0.132074,0,False
66336,2026-04-22 20:00:00+00:00,545.17,plan_a,estimated_total_footfall,-0.5173457964126636,False,0.7526424546452981,False,1.9976216730930483,False,0.437657209600257,False,172.37906296722124,13.0,False,0.5173457964126636,0.11149299791764088,0.046881906671355174,0.00011579194126695865,0.23713640221663732,0.2640745287457008,0.13194,0,False
66333,2026-04-21 13:00:00+00:00,519.33,plan_a,estimated_total_footfall,-0.5077022142478035,False,1.4757500265349472,False,12.218726310492958,False,0.38374340944884816,False,221.36373290033765,1.0,False,0.5077022142478035,0.10939228170025686,0.09192409302351535,0.0007082572532920956,0.1184008703060886,0.33911614578251686,0.131908,0,False
66331,2026-04-22 22:00:00+00:00,516.98,plan_a,estimated_total_footfall,-0.7454531573055616,False,2.038885660478677,False,0.05584220977616088,False,0.4254723481424311,False,104.86179342257013,172.0,False,0.7454531573055616,0.16118291854469532,0.12700166813360725,3.236888126372074e-06,0.2103014174374482,0.1606420652533648,0.131826,0,False
66340,2026-04-25 06:00:00+00:00,545.17,plan_a,estimated_total_footfall,-0.14233510472816938,False,0.9007654276036634,False,6.60339347382027,False,0.435696906587647,False,221.2343187510366,26.0,False,0.14233510472816938,0.029802291264607646,0.05610844890433407,0.0003827650448442041,0.23281918435674917,0.33891789096025804,0.131606,0,False
66336,2026-04-22 08:00:00+00:00,578.06,plan_a,estimated_total_footfall,-0.05401996554527065,False,0.6744907594765952,False,0.6933713649616875,False,0.47439668446262573,False,187.49881621950024,20.0,False,0.05401996554527065,0.010564103426267991,0.04201385749808068,4.0191202092597114e-05,0.31804854488969636,0.2872370964387744,0.131581,0,False
66330,2026-04-20 22:00:00+00:00,519.33,plan_a,estimated_total_footfall,-0.8202905951550883,False,0.9122682028947768,False,0.4456497956927642,False,0.43813972805712587,False,120.80560184320824,20.0,False,0.8202905951550883,0.177485182233683,0.05682495384546671,2.5832046009287088e-05,0.2381990630840235,0.18506703672389868,0.13152,0,False
66331,2026-04-22 03:00:00+00:00,516.98,plan_a,estimated_total_footfall,-0.7454531573055616,False,1.2696478426615483,False,0.033719338716490695,False,0.41486109752713324,False,148.77727156936393,44.0,False,0.7454531573055616,0.16118291854469532,0.07908604051999447,1.95453810939841e-06,0.18693202996141794,0.22791798030148128,0.131024,0,False
66336,2026-04-24 03:00:00+00:00,521.67,plan_a,estimated_total_footfall,-0.8483934408451276,False,2.6410802354271077,False,0.26607380169488193,False,0.44257927591250606,False,38.48262612558195,1.0,False,0.8483934408451276,0.18360698455635366,0.16451221472379898,1.5422941407532023e-05,0.24797637565651018,0.05895310708901148,0.131013,0,False
66332,2026-04-23 02:00:00+00:00,516.98,plan_a,estimated_total_footfall,-0.8626760029691426,False,1.285090505543421,False,0.31551912207554333,False,0.5052225308204197,False,,,False,0.8626760029691426,0.18671823609823834,0.08004796005498317,1.8289034477386702e-05,0.3859369751915227,0.0,0.130544,0,False
66331,2026-04-20 08:00:00+00:00,526.37,plan_a,estimated_total_footfall,-0.2984396915195135,False,1.393646081840664,False,0.4253776703947677,False,0.41721918390627494,False,202.00261592432264,242.0,False,0.2984396915195135,0.06380743908981545,0.08680985923461552,2.4656974286007532e-05,0.1921252947606364,0.3094560597290048,0.130445,0,False
66331,2026-04-22 08:00:00+00:00,526.37,plan_a,estimated_total_footfall,-0.2984396915195135,False,1.3332161622040493,False,0.19795542887040224,False,0.4186673568571606,False,202.00261592432264,299.0,False,0.2984396915195135,0.06380743908981545,0.08304569494242658,1.1474466713081936e-05,0.195314637473244,0.3094560597290048,0.130327,0,False
66338,2026-04-22 18:00:00+00:00,516.98,plan_a,estimated_total_footfall,-0.5500391851985535,False,0.9904629262889861,False,6895.651535090584,False,0.3624247131603809,False,,,False,0.5500391851985535,0.11861478428806431,0.06169568323594125,0.39970575424940846,0.07145024289080973,0.0,0.130293,0,False
66340,2026-04-23 21:00:00+00:00,516.98,plan_a,estimated_total_footfall,-0.8094448064325778,False,3.2756926823710093,False,6.242952055750029,False,0.4533237697781452,False,,,False,0.8094448064325778,0.175122582540934,0.2040420622981371,0.000361872093954887,0.27163920763391725,0.0,0.130233,0,False
66335,2026-04-24 06:00:00+00:00,526.37,plan_a,estimated_total_footfall,-0.3514319554956199,False,1.4064054852718946,False,0.535056772703725,False,0.41727884523476366,False,192.88386930712574,10.0,False,0.3514319554956199,0.0753510446118529,0.08760463922231504,3.101451252452061e-05,0.19225668819891573,0.2954866792587929,0.130146,0,False
66340,2026-04-25 04:00:00+00:00,521.67,plan_a,estimated_total_footfall,-0.698457062516521,False,0.6582309697402037,False,0.17771492925567464,False,0.3843165621863122,False,221.2343187510366,1.0,False,0.698457062516521,0.1509454925769055,0.04100103933958786,1.030122816938234e-05,0.11966313701623821,0.33891789096025804,0.130108,0,False
66338,2026-04-23 20:00:00+00:00,516.98,plan_a,estimated_total_footfall,-0.5500391851985535,False,0.898130219469244,False,3443.66159508929,False,0.45497823573402835,False,,,False,0.5500391851985535,0.11861478428806431,0.0559443024612854,0.19961150128314947,0.27528287390763556,0.0,0.129891,0,False
66340,2026-04-24 04:00:00+00:00,519.33,plan_a,estimated_total_footfall,-0.7538326106537421,False,0.1526069533865416,False,0.32418074938506963,False,0.39203021306711583,False,221.2343187510366,16.0,False,0.7538326106537421,0.1630082624097041,0.009505848231002907,1.8791104841465215e-05,0.1366510777240415,0.33891789096025804,0.12962,0,False
66332,2026-04-21 22:00:00+00:00,516.98,plan_a,estimated_total_footfall,-0.8626760029691426,False,1.0061778008750013,False,2.3885593075185643,False,0.40163071966484115,False,157.06119011996248,2.0,False,0.8626760029691426,0.18671823609823834,0.06267455876860147,0.00013845260229911123,0.15779448171875807,0.24060845355131588,0.129587,0,False
66332,2026-04-23 04:00:00+00:00,516.98,plan_a,estimated_total_footfall,-0.8626760029691426,False,1.950869999616856,False,0.6817647285649634,False,0.4838535253302692,False,,,False,0.8626760029691426,0.18671823609823834,0.12151919505137035,3.951842457017692e-05,0.33887555072975345,0.0,0.129431,0,False
66336,2026-04-26 04:00:00+00:00,524.02,plan_a,estimated_total_footfall,-0.8152886764018809,False,1.6263666846068796,False,0.38174994051797967,False,0.39928448977238856,False,141.48172526088226,9.0,False,0.8152886764018809,0.1763955858924823,0.10130596626664448,2.2128097270130026e-05,0.1526273287174405,0.21674163486722697,0.129419,0,False
66330,2026-04-21 12:00:00+00:00,552.22,plan_a,estimated_total_footfall,0.3462762324596858,False,0.9225801418246259,False,1.127467911223551,False,0.4259512520154029,False,197.81858382271776,78.0,False,0.3462762324596858,0.07422794421111252,0.05746728189316863,6.535356514961926e-05,0.21135611782828756,0.3030463700226726,0.129233,0,False
66333,2026-04-24 23:00:00+00:00,524.02,plan_a,estimated_total_footfall,-0.37569565113830716,False,0.7360505423441782,False,0.25408675573396805,False,0.4119351382921513,False,221.36373290033765,5.0,False,0.37569565113830716,0.08063654309767433,0.045848400682954614,1.4728113482622027e-05,0.18048812644991438,0.33911614578251686,0.129221,0,False
66342,2026-04-23 05:00:00+00:00,540.47,plan_a,estimated_total_footfall,-0.38508463718114094,False,0.6192911143421995,False,1.8042621006807003,False,0.45373722491619617,False,164.52881258835512,16.0,False,0.38508463718114094,0.08268179919730535,0.038575485671577404,0.00010458387291560373,0.2725497688557151,0.25204840948474955,0.129192,0,False
66342,2026-04-21 21:00:00+00:00,516.98,plan_a,estimated_total_footfall,-0.7299927301157846,False,6.166084408702722,False,0.13191442542450793,False,0.37709578744863415,False,,,False,0.7299927301157846,0.157815085972729,0.3840838262475302,7.646406527702773e-06,0.10376066813300823,0.0,0.129133,0,False
66333,2026-04-26 00:00:00+00:00,519.33,plan_a,estimated_total_footfall,-0.5077022142478035,False,0.5713621521019641,False,0.0971960659365038,False,0.4063375623621156,False,216.61977953614158,19.0,False,0.5077022142478035,0.10939228170025686,0.035590002829448096,5.633960278811441e-06,0.1681604635213886,0.33184868981960863,0.128999,0,False
66330,2026-04-22 04:00:00+00:00,519.33,plan_a,estimated_total_footfall,-0.8202905951550883,False,0.7339905440744761,False,0.397685519719282,False,0.43744227909269223,False,120.80560184320824,10.0,False,0.8202905951550883,0.177485182233683,0.04572008391577352,2.305180153094489e-05,0.2366630560962036,0.18506703672389868,0.128992,0,False
66333,2026-04-21 14:00:00+00:00,516.98,plan_a,estimated_total_footfall,-0.5738462277461667,False,0.718651329871999,False,10.825744890336448,False,0.3471249729963643,False,285.7018719626486,2.0,False,0.5738462277461667,0.12380080743929106,0.044764608172658066,0.0006275132240490698,0.03775529314944516,0.43767836941222693,0.128925,0,False
66335,2026-04-23 04:00:00+00:00,516.98,plan_a,estimated_total_footfall,-0.7246033845511323,False,1.4763899981163737,False,0.6416403406965455,False,0.40358771166135476,False,152.31926126768684,2.0,False,0.7246033845511323,0.156641094251063,0.09196395669021071,3.7192618424792704e-05,0.1621044076560537,0.23334409902092582,0.128818,0,False
66330,2026-04-20 06:00:00+00:00,542.82,plan_a,estimated_total_footfall,0.012870085315299852,False,0.8118784212172683,False,0.4759733077529175,False,0.4970872647633806,False,146.10350949151155,25.0,False,0.012870085315299852,0.0016001915453177779,0.05057169993145422,2.7589745364861527e-05,0.36802050223276905,0.2238219349434597,0.128808,0,False
66340,2026-04-20 01:00:00+00:00,516.98,plan_a,estimated_total_footfall,-0.8094448064325778,False,0.0,False,0.697364189383413,False,0.45405518100837877,False,127.620626549345,1.0,False,0.8094448064325778,0.175122582540934,0.0,4.042264576241566e-05,0.2732500104566313,0.1955072514848154,0.128784,0,False
66330,2026-04-22 18:00:00+00:00,538.12,plan_a,estimated_total_footfall,-0.15383298825689515,False,1.0783241429838684,False,0.08161941075699049,False,0.4486179782259888,False,184.77821298299517,138.0,False,0.15383298825689515,0.03230694046875916,0.06716853603038321,4.731061013161624e-06,0.26127554079098825,0.28306929319621515,0.128765,0,False
66330,2026-04-22 06:00:00+00:00,533.42,plan_a,estimated_total_footfall,-0.32053606182909017,False,0.47377495614705456,False,0.16731267520879486,False,0.4514672512867292,False,181.51741102931967,30.0,False,0.32053606182909017,0.06862081680165698,0.029511321265791902,9.698262549883787e-06,0.267550556677001,0.27807393747013337,0.128753,0,False
66330,2026-04-22 02:00:00+00:00,519.33,plan_a,estimated_total_footfall,-0.8202905951550883,False,1.508894722424096,False,0.2785864452750948,False,0.48320880836508107,False,22.700713993374748,2.0,False,0.8202905951550883,0.177485182233683,0.09398866768275091,1.6148235546081804e-05,0.33745567656806597,0.034776151156659274,0.128744,0,False
66340,2026-04-22 21:00:00+00:00,531.07,plan_a,estimated_total_footfall,-0.4760082794011782,False,0.9633403540231952,False,0.5072956767511723,False,0.44308897786556,False,151.4478293988316,14.0,False,0.4760082794011782,0.10248821205198588,0.06000622512232586,2.9405343363341483e-05,0.24909890332738005,0.23200911694049942,0.128726,0,False
66330,2026-04-20 05:00:00+00:00,524.02,plan_a,estimated_total_footfall,-0.6539422089734761,False,0.2914564866318126,False,0.31319142974942016,False,0.4499442016450675,False,143.47825896175158,13.0,False,0.6539422089734761,0.14124856946745173,0.018154750267805768,1.8154110023600276e-05,0.2641963114036014,0.21980020640779876,0.128684,0,False
66332,2026-04-26 21:00:00+00:00,521.67,plan_a,estimated_total_footfall,-0.7710007593887945,False,0.4187289594168132,False,0.38527561243419906,False,0.41114232722801924,False,176.73602917751265,12.0,False,0.7710007593887945,0.16674809765491025,0.026082520159222515,2.233246249150717e-05,0.17874210144073452,0.2707491432779914,0.128469,0,False
66331,2026-04-21 21:00:00+00:00,526.37,plan_a,estimated_total_footfall,-0.2984396915195135,False,1.2101240123232777,False,1.350037140742937,False,0.41768116540288497,False,202.00261592432264,274.0,False,0.2984396915195135,0.06380743908981545,0.07537831629926138,7.825476836515954e-05,0.1931427266348277,0.3094560597290048,0.128373,0,False
66330,2026-04-21 20:00:00+00:00,535.77,plan_a,estimated_total_footfall,-0.23718452504299264,False,0.5966962028669619,False,0.6761839279281496,False,0.4744254083649581,False,153.67101288508454,42.0,False,0.23718452504299264,0.05046387863520807,0.03716805439462553,3.9194934017253566e-05,0.3181118041630624,0.2354149025466035,0.12824,0,False
66342,2026-04-24 04:00:00+00:00,516.98,plan_a,estimated_total_footfall,-0.7299927301157846,False,1.499979995246612,False,1.4690125182738665,False,0.40111510797709005,False,152.13977959362907,23.0,False,0.7299927301157846,0.157815085972729,0.09343337159899176,8.5151164270769e-05,0.1566589389109335,0.23306914371208817,0.128212,0,False
66330,2026-04-25 04:00:00+00:00,524.02,plan_a,estimated_total_footfall,-0.6539422089734761,False,0.94356886686823,False,0.6727975910250409,False,0.45584674107761647,False,106.59851768794343,14.0,False,0.6539422089734761,0.14124856946745173,0.05877466422666816,3.899864533603007e-05,0.2771956020708978,0.16330262410572896,0.128112,0,False
66333,2026-04-23 08:00:00+00:00,519.33,plan_a,estimated_total_footfall,-0.5077022142478035,False,0.5414163664408227,False,0.0010178624215491255,False,0.4466480314946224,False,156.69926355141797,26.0,False,0.5077022142478035,0.10939228170025686,0.03372468747299818,5.900029386013313e-08,0.2569370843600307,0.2400540034552093,0.128022,0,False
66331,2026-04-21 20:00:00+00:00,526.37,plan_a,estimated_total_footfall,-0.2984396915195135,False,0.7231357654966403,False,2.4139477139455465,False,0.4305231785353474,False,202.00261592432264,363.0,False,0.2984396915195135,0.06380743908981545,0.04504394252475386,0.00013992423874832085,0.2214249708061344,0.3094560597290048,0.127974,0,False
66335,2026-04-21 21:00:00+00:00,516.98,plan_a,estimated_total_footfall,-0.7246033845511323,False,0.6888327865656315,False,0.2925188756569754,False,0.44388473263686096,False,123.51419694732883,2.0,False,0.7246033845511323,0.156641094251063,0.04290721871005633,1.695582748514341e-05,0.25085141132673144,0.189216444217891,0.127927,0,False
66340,2026-04-20 21:00:00+00:00,524.02,plan_a,estimated_total_footfall,-0.6428448667376853,False,0.8469197961172468,False,0.666528948175866,False,0.40841297560419554,False,179.5140679618003,13.0,False,0.6428448667376853,0.1388311724456756,0.05275441824286142,3.863528407779377e-05,0.17273119113733312,0.2750049343826079,0.127872,0,False
66332,2026-04-23 00:00:00+00:00,516.98,plan_a,estimated_total_footfall,-0.8626760029691426,False,1.0900898629518363,False,0.899183613233831,False,0.504550300636043,False,,,False,0.8626760029691426,0.18671823609823834,0.06790141972841952,5.212108855956212e-05,0.3844565080702266,0.0,0.127826,0,False
66331,2026-04-22 07:00:00+00:00,531.07,plan_a,estimated_total_footfall,-0.07469493228687771,False,1.0129783850114549,False,2.1712908185681705,False,0.44395722224948875,False,202.00261592432264,205.0,False,0.07469493228687771,0.015067848734337226,0.06309816542117354,0.00012585865598256413,0.25101105677352203,0.3094560597290048,0.127752,0,False
66333,2026-04-24 09:00:00+00:00,540.47,plan_a,estimated_total_footfall,0.0873124433502319,False,0.8787817890089398,False,5.31123121175063,False,0.47070526315107336,False,166.95004267154528,18.0,False,0.0873124433502319,0.017816392756743526,0.05473909365931225,0.0003078649880555337,0.3099188476377461,0.25575759076348137,0.127708,0,False
66335,2026-04-20 20:00:00+00:00,516.98,plan_a,estimated_total_footfall,-0.7246033845511323,False,0.6426672826205954,False,0.0017252037524573072,False,0.4246279526487786,False,152.31926126768684,7.0,False,0.7246033845511323,0.156641094251063,0.04003158123567647,1.0000126363705518e-07,0.20844178691984164,0.23334409902092582,0.127692,0,False
66330,2026-04-20 19:00:00+00:00,533.42,plan_a,estimated_total_footfall,-0.32053606182909017,False,0.5574233715720104,False,0.5215327657108293,False,0.4442901473429151,False,183.63280024256247,62.0,False,0.32053606182909017,0.06862081680165698,0.03472175974286091,3.0230594806512167e-05,0.2517442649306791,0.2813145886257036,0.127286,0,False
66342,2026-04-25 23:00:00+00:00,528.72,plan_a,estimated_total_footfall,-0.5576120995899132,False,0.9032976000206031,False,0.22958912114940153,False,0.386967910744213,False,217.9342904019919,51.0,False,0.5576120995899132,0.12026443519608047,0.05626617727880199,1.3308110534514539e-05,0.12550225947502464,0.3338624427165978,0.127182,0,False
66330,2026-04-21 11:00:00+00:00,549.87,plan_a,estimated_total_footfall,0.26292469567358834,False,0.7703708231517402,False,3.5340533387409816,False,0.43807547080176507,False,191.43093982401749,87.0,False,0.26292469567358834,0.05607100604466363,0.04798620222713286,0.00020485104969860518,0.23805754793627004,0.2932608772272231,0.127116,0,False
66332,2026-04-23 01:00:00+00:00,516.98,plan_a,estimated_total_footfall,-0.8626760029691426,False,1.0293739253566696,False,0.07526313859149329,False,0.504550300636043,False,,,False,0.8626760029691426,0.18671823609823834,0.06411943945049074,4.362620330334805e-06,0.3844565080702266,0.0,0.12706,0,False
66330,2026-04-21 09:00:00+00:00,533.42,plan_a,estimated_total_footfall,-0.32053606182909017,False,0.48301125753347324,False,3.870940446712538,False,0.46237623437721914,False,159.28947949946553,54.0,False,0.32053606182909017,0.06862081680165698,0.030086648125064886,0.0002243786773496599,0.29157564684343135,0.24402206108388041,0.126906,0,False
66340,2026-04-22 00:00:00+00:00,519.33,plan_a,estimated_total_footfall,-0.7538326106537421,False,0.5892375367816114,False,0.22959492413613597,False,0.40250586659819443,False,179.5140679618003,13.0,False,0.7538326106537421,0.1630082624097041,0.03670345598518423,1.3308446904062477e-05,0.15972183679927118,0.2750049343826079,0.12689,0,False
66335,2026-04-20 21:00:00+00:00,516.98,plan_a,estimated_total_footfall,-0.7246033845511323,False,0.6090527740771077,False,0.2407810330758969,False,0.42348116527142793,False,152.31926126768684,1.0,False,0.7246033845511323,0.156641094251063,0.03793774206594487,1.3956848594335019e-05,0.20591619219538077,0.23334409902092582,0.126771,0,False
66331,2026-04-20 22:00:00+00:00,519.33,plan_a,estimated_total_footfall,-0.6335807776892438,False,2.038885660478677,False,0.13105444495246954,False,0.40877787426718254,False,128.0048255494378,152.0,False,0.6335807776892438,0.13681312336695622,0.12700166813360725,7.5965578453169755e-06,0.17353481538050525,0.19609582162870445,0.126691,0,False
66342,2026-04-25 22:00:00+00:00,531.07,plan_a,estimated_total_footfall,-0.5231066071081585,False,1.0539178829196643,False,1.2927429500094896,False,0.40373616017416963,False,190.30977346759514,126.0,False,0.5231066071081585,0.11274790799632539,0.06564827631148909,7.493371630725255e-05,0.1624313390369043,0.2915433166829123,0.126489,0,False
66340,2026-04-24 01:00:00+00:00,516.98,plan_a,estimated_total_footfall,-0.8094448064325778,False,1.4296606502525597,False,0.038827466334372895,False,0.42589052708685793,False,102.40005132047027,4.0,False,0.8094448064325778,0.175122582540934,0.08905319752183896,2.2506302178696393e-06,0.21122238200052604,0.15687082195783136,0.126454,0,False
66338,2026-04-23 03:00:00+00:00,516.98,plan_a,estimated_total_footfall,-0.5500391851985535,False,1.7656435769984054,False,1724.0560144793365,False,0.4678175129413095,False,,,False,0.5500391851985535,0.11861478428806431,0.10998148839574509,0.09993473511950597,0.30355909269155074,0.0,0.126418,0,False
66333,2026-04-26 05:00:00+00:00,521.67,plan_a,estimated_total_footfall,-0.44183966463667035,False,0.7279735004273812,False,0.031665546280508626,False,0.42625439703984236,False,181.99717119972127,13.0,False,0.44183966463667035,0.09504506883670853,0.045345283800580026,1.8354902354566245e-06,0.21202374069333826,0.2788089016747703,0.126245,0,False
66342,2026-04-25 02:00:00+00:00,519.33,plan_a,estimated_total_footfall,-0.6954872376340298,False,1.2895954901795381,False,0.333697373213018,False,0.3888850094931757,False,176.7437867603071,11.0,False,0.6954872376340298,0.1502985587729739,0.0803285743997664,1.9342734993554685e-05,0.12972432764762384,0.270761027435994,0.126226,0,False
66342,2026-04-26 02:00:00+00:00,526.37,plan_a,estimated_total_footfall,-0.592117592071668,False,1.1900825084645137,False,1.1414812764822304,False,0.4029713239052173,False,175.18881697792813,52.0,False,0.592117592071668,0.12778096239583558,0.0741299361319441,6.616584847075134e-05,0.16074692352615377,0.2683789057013283,0.126221,0,False
66338,2026-04-21 19:00:00+00:00,516.98,plan_a,estimated_total_footfall,-0.5500391851985535,False,1.2085544826413421,False,5164.921157796855,False,0.39241210192259796,False,,,False,0.5500391851985535,0.11861478428806431,0.07528055069540489,0.2993841403543024,0.1374921198368037,0.0,0.126154,0,False
66340,2026-04-26 23:00:00+00:00,524.02,plan_a,estimated_total_footfall,-0.6428448667376853,False,0.0,False,5.557055150444022,False,0.4101307041319759,False,205.55485824501525,4.0,False,0.6428448667376853,0.1388311724456756,0.0,0.00032211414817158527,0.1765141819458301,0.3148978848595069,0.126113,0,False
66331,2026-04-22 00:00:00+00:00,516.98,plan_a,estimated_total_footfall,-0.7454531573055616,False,1.8255365609149903,False,0.3032429732513784,False,0.39129402540757047,False,143.33814905146377,78.0,False,0.7454531573055616,0.16118291854469532,0.11371220709878398,1.757744873381035e-05,0.13502975566741374,0.21958556631233145,0.125906,0,False
66330,2026-04-26 03:00:00+00:00,519.33,plan_a,estimated_total_footfall,-0.8202905951550883,False,1.5684671996361672,False,0.3658244564404667,False,0.4353186541963488,False,79.29086743819977,9.0,False,0.8202905951550883,0.177485182233683,0.09769942210485424,2.120497817215988e-05,0.2319861509079643,0.12146891909118938,0.125732,0,False
66330,2026-04-22 20:00:00+00:00,533.42,plan_a,estimated_total_footfall,-0.32053606182909017,False,0.770215469771748,False,1.0115094282288102,False,0.4514072903028747,False,159.28947949946553,56.0,False,0.32053606182909017,0.06862081680165698,0.047976525304688586,5.863204323524062e-05,0.2674185033012076,0.24402206108388041,0.125619,0,False
66332,2026-04-22 01:00:00+00:00,516.98,plan_a,estimated_total_footfall,-0.8626760029691426,False,1.3243092982817368,False,0.15015520414339906,False,0.3983788765844151,False,135.01268599847307,1.0,False,0.8626760029691426,0.18671823609823834,0.08249088865882795,8.703731448898223e-06,0.15063287714331186,0.20683144934206849,0.125336,0,False
66340,2026-04-20 07:00:00+00:00,552.22,plan_a,estimated_total_footfall,0.02450148260833771,False,1.266516151767339,False,0.2562246974637609,False,0.45158892270930623,False,179.5140679618003,29.0,False,0.02450148260833771,0.004133924810261189,0.0788909682923787,1.4852039061996148e-05,0.26781851629100384,0.2750049343826079,0.125173,0,False
66333,2026-04-26 03:00:00+00:00,521.67,plan_a,estimated_total_footfall,-0.44183966463667035,False,1.784583962095343,False,0.32808212435537537,False,0.39641386588770433,False,178.38584110436287,6.0,False,0.44183966463667035,0.09504506883670853,0.11116128015603402,1.9017247652942903e-05,0.14630529144857993,0.2732765575683501,0.125161,0,False
66342,2026-04-20 11:00:00+00:00,531.07,plan_a,estimated_total_footfall,-0.5231066071081585,False,1.9453268388997564,False,0.10886380292105095,False,0.3962334381577566,False,160.31195452676852,19.0,False,0.5231066071081585,0.11274790799632539,0.12117391298310615,6.310279490717626e-06,0.14590793154394335,0.24558843234928535,0.125085,0,False
66338,2026-04-24 06:00:00+00:00,519.33,plan_a,estimated_total_footfall,0.33743662664759344,False,1.5604829805064366,False,3453.374920623458,False,0.4459969779823128,False,,,False,0.33743662664759344,0.07230236272414091,0.09720208713022797,0.20017453323004347,0.25550325508312544,0.0,0.125036,0,False
66333,2026-04-26 06:00:00+00:00,535.77,plan_a,estimated_total_footfall,-0.04497558364649446,False,0.8864708645731558,False,0.1968187262368376,False,0.46671350731790145,False,169.80313809991182,13.0,False,0.04497558364649446,0.008593914402504009,0.05521804421646686,1.1408577858171829e-05,0.30112771715208847,0.2601283642074447,0.125016,0,False
66340,2026-04-20 05:00:00+00:00,519.33,plan_a,estimated_total_footfall,-0.7538326106537421,False,0.37894637370451373,False,10.296047102523838,False,0.42332478859999934,False,151.4478293988316,9.0,False,0.7538326106537421,0.1630082624097041,0.023604473034724096,0.0005968093445498716,0.2055718004587877,0.23200911694049942,0.124958,0,False
66330,2026-04-24 04:00:00+00:00,521.67,plan_a,estimated_total_footfall,-0.7372937457595736,False,3.572649948972437,False,0.5116363332503187,False,0.42388861266920935,False,22.700713993374748,12.0,False,0.7372937457595736,0.15940550763390066,0.222539454748248,2.9656949084874817e-05,0.2068135224404253,0.034776151156659274,0.124713,0,False
66333,2026-04-26 07:00:00+00:00,535.77,plan_a,estimated_total_footfall,-0.04497558364649446,False,0.5270302946868775,False,0.7736653984108699,False,0.47722467965569026,False,168.27191944239001,21.0,False,0.04497558364649446,0.008593914402504009,0.032828582730071165,4.48454377421529e-05,0.32427670006603326,0.25778262779125016,0.124705,0,False
66330,2026-04-23 03:00:00+00:00,516.98,plan_a,estimated_total_footfall,-0.9036421319411858,False,2.1778116415148365,False,0.4198654567253077,False,0.4468410276310054,False,22.700713993374748,2.0,False,0.9036421319411858,0.19564212040013193,0.13565533208382005,2.4337459369813832e-05,0.2573621239388726,0.034776151156659274,0.124692,0,False
66342,2026-04-24 03:00:00+00:00,519.33,plan_a,estimated_total_footfall,-0.6954872376340298,False,1.2674387677331422,False,0.8285230507940486,False,0.38291532336939804,False,180.63621972672783,4.0,False,0.6954872376340298,0.1502985587729739,0.07894843780573838,4.80252560973277e-05,0.11657715836526632,0.27672400451446466,0.124519,0,False
66331,2026-04-22 06:00:00+00:00,528.72,plan_a,estimated_total_footfall,-0.1865673119031956,False,0.8973515510567639,False,0.06173739176799277,False,0.42852081031337286,False,202.00261592432264,176.0,False,0.1865673119031956,0.03943764391207634,0.05589579940433384,3.5786017632186815e-06,0.21701511182291983,0.3094560597290048,0.124362,0,False
66330,2026-04-21 23:00:00+00:00,519.33,plan_a,estimated_total_footfall,-0.8202905951550883,False,1.0287490365591927,False,0.0031722808846585977,False,0.4222424402279175,False,115.37868178941626,5.0,False,0.8202905951550883,0.177485182233683,0.0640805152865634,1.8388094543944915e-07,0.20318812115384643,0.17675331618802234,0.124301,0,False
66330,2026-04-22 09:00:00+00:00,535.77,plan_a,estimated_total_footfall,-0.23718452504299264,False,0.7562256409963023,False,1.6871387607786428,False,0.43949130441924156,False,183.63280024256247,105.0,False,0.23718452504299264,0.05046387863520807,0.047105102435900534,9.779483018664184e-05,0.2411756690332025,0.2813145886257036,0.124031,0,False
66340,2026-04-21 07:00:00+00:00,545.17,plan_a,estimated_total_footfall,-0.14233510472816938,False,0.46213390052758424,False,0.018665111801291406,False,0.4549791127864798,False,186.26450790720713,8.0,False,0.14233510472816938,0.029802291264607646,0.028786202878249886,1.0819213460424246e-06,0.2752848054592799,0.2853462091100871,0.123844,0,False
66342,2026-04-22 05:00:00+00:00,521.67,plan_a,estimated_total_footfall,-0.6611285770351776,False,0.1536247365568295,False,0.2835012934561542,False,0.3771354104211963,False,236.74712546167999,5.0,False,0.6611285770351776,0.14281401679534578,0.00956924568527434,1.6433124231253143e-05,0.1038479306652325,0.3626825933035773,0.123786,0,False
66330,2026-04-22 12:00:00+00:00,540.47,plan_a,estimated_total_footfall,-0.07048145147079765,False,0.7916615432360654,False,2.640972372836502,False,0.44079318348027263,False,202.95158745907352,206.0,False,0.07048145147079765,0.014150002302310258,0.04931239575474842,0.00015308370048351018,0.24404282553785656,0.31090982799133765,0.123714,0,False
66340,2026-04-21 04:00:00+00:00,516.98,plan_a,estimated_total_footfall,-0.8094448064325778,False,1.1367624595812562,False,0.010968371031676636,False,0.39336827497387256,False,151.4478293988316,2.0,False,0.8094448064325778,0.175122582540934,0.07080864387686524,6.357805341226659e-07,0.1395979204949429,0.23200911694049942,0.123508,0,False
66331,2026-04-21 04:00:00+00:00,516.98,plan_a,estimated_total_footfall,-0.7454531573055616,False,2.4352184950532516,False,0.04623098298590349,False,0.3950703563148203,False,104.86179342257013,31.0,False,0.7454531573055616,0.16118291854469532,0.15168913938458198,2.679774322997222e-06,0.1433464511643613,0.1606420652533648,0.123373,0,False
66333,2026-04-22 18:00:00+00:00,516.98,plan_a,estimated_total_footfall,-0.5738462277461667,False,3.9806677298382533,True,13.234488483415923,False,0.3351740443600006,False,151.78660534835703,2.0,False,0.5738462277461667,0.12380080743929106,0.24795477832552285,0.0007671358064498515,0.011435503698903646,0.23252810165756055,0.123297,1,False
66333,2026-04-21 05:00:00+00:00,516.98,plan_a,estimated_total_footfall,-0.5738462277461667,False,3.3843788680989513,False,0.09466933467238016,False,0.45760402143385337,False,,,False,0.5738462277461667,0.12380080743929106,0.21081209710591883,5.487498552813154e-06,0.28106569872941156,0.0,0.123137,0,False
66332,2026-04-23 03:00:00+00:00,516.98,plan_a,estimated_total_footfall,-0.8626760029691426,False,1.4427872331054148,False,0.1827448761646568,False,0.4838535253302692,False,,,False,0.8626760029691426,0.18671823609823834,0.08987084902212722,1.0592788540850962e-05,0.33887555072975345,0.0,0.123095,0,False
66331,2026-04-22 17:00:00+00:00,535.77,plan_a,estimated_total_footfall,0.14904982694575264,False,1.8713377908309252,False,2.32953182311075,False,0.4015475799762296,False,202.00261592432264,836.0,False,0.14904982694575264,0.03126499730231894,0.11656515403673487,0.00013503108004604968,0.15761138137854,0.3094560597290048,0.123007,0,False
66332,2026-04-24 05:00:00+00:00,519.33,plan_a,estimated_total_footfall,-0.8167406463777092,False,1.0014798934971751,False,0.3063542620658213,False,0.39138732576243374,False,157.06119011996248,5.0,False,0.8167406463777092,0.17671187675030187,0.06238192731540805,1.7757794279976107e-05,0.13523523306338697,0.24060845355131588,0.122991,0,False
66340,2026-04-21 21:00:00+00:00,533.42,plan_a,estimated_total_footfall,-0.42039608362234515,False,0.9633403540231952,False,1.264335101903471,False,0.41341649044567474,False,182.56128462844,12.0,False,0.42039608362234515,0.09037389192075657,0.06000622512232586,7.328705822193073e-05,0.18375054044042308,0.2796730900818992,0.122775,0,False
66331,2026-04-20 07:00:00+00:00,528.72,plan_a,estimated_total_footfall,-0.1865673119031956,False,1.0129783850114549,False,0.8585503773451435,False,0.4212220699649679,False,202.00261592432264,135.0,False,0.1865673119031956,0.03943764391207634,0.06309816542117354,4.976578708937717e-05,0.20094093758346587,0.3094560597290048,0.122597,0,False
66330,2026-04-21 07:00:00+00:00,538.12,plan_a,estimated_total_footfall,-0.15383298825689515,False,0.6167529031682321,False,0.3627621717340765,False,0.4650282965444153,False,159.28947949946553,32.0,False,0.15383298825689515,0.03230694046875916,0.03841738114447334,2.1027473144235346e-05,0.2974163408994531,0.24402206108388041,0.122437,0,False
66331,2026-04-25 05:00:00+00:00,516.98,plan_a,estimated_total_footfall,-0.7454531573055616,False,1.2859642712041175,False,2.5032820363465644,False,0.4199444700421042,False,112.46261249524161,113.0,False,0.7454531573055616,0.16118291854469532,0.08010238669528838,0.00014510249384632728,0.19812725155161356,0.172286070506362,0.122369,0,False
66330,2026-04-23 01:00:00+00:00,519.33,plan_a,estimated_total_footfall,-0.8202905951550883,False,1.0095390354505416,False,0.5106472768273586,False,0.4978933726750183,False,,,False,0.8202905951550883,0.177485182233683,0.06288392921362278,2.9599618527853087e-05,0.36979581117772947,0.0,0.122039,0,False
66330,2026-04-23 00:00:00+00:00,516.98,plan_a,estimated_total_footfall,-0.9036421319411858,False,2.2811720646610376,False,0.36965198365597046,False,0.43788834598213977,False,22.700713993374748,1.0,False,0.9036421319411858,0.19564212040013193,0.14209362649778007,2.1426840405887586e-05,0.23764543888572123,0.034776151156659274,0.122036,0,False
66330,2026-04-21 10:00:00+00:00,533.42,plan_a,estimated_total_footfall,-0.32053606182909017,False,0.5141174915730556,False,5.3918348449981535,False,0.458626702952002,False,147.0697017184712,52.0,False,0.32053606182909017,0.06862081680165698,0.032024247515240536,0.00031253716962655634,0.28331797242726714,0.22530208428770257,0.121916,0,False
66332,2026-04-24 23:00:00+00:00,521.67,plan_a,estimated_total_footfall,-0.7710007593887945,False,1.2495533253253186,False,0.572388775523448,False,0.3910858634166037,False,150.28563375501113,1.0,False,0.7710007593887945,0.16674809765491025,0.07783435815667758,3.317845834874974e-05,0.13457131599794897,0.2302287019546577,0.121883,0,False
66330,2026-04-22 03:00:00+00:00,516.98,plan_a,estimated_total_footfall,-0.9036421319411858,False,1.2019302371754572,False,0.04037597222719717,False,0.4233482840203406,False,86.94769014874738,7.0,False,0.9036421319411858,0.19564212040013193,0.07486792813367853,2.3403892076766624e-06,0.2056235449328156,0.13319871860496055,0.121867,0,False
66332,2026-04-20 01:00:00+00:00,516.98,plan_a,estimated_total_footfall,-0.8626760029691426,False,0.0,False,0.3971518380800349,False,0.38061777600344343,False,203.02950621109332,6.0,False,0.8626760029691426,0.18671823609823834,0.0,2.3020866727894187e-05,0.11151721994838268,0.3110291949107645,0.121858,0,False
66342,2026-04-20 23:00:00+00:00,516.98,plan_a,estimated_total_footfall,-0.7299927301157846,False,5.393079415482219,False,0.3462231513276014,False,0.38192631003290295,False,,,False,0.7299927301157846,0.157815085972729,0.33593354223819377,2.0068790474080718e-05,0.1143990328344081,0.0,0.121634,0,False
66331,2026-04-20 03:00:00+00:00,516.98,plan_a,estimated_total_footfall,-0.7454531573055616,False,2.435218495053288,False,0.09773101521419537,False,0.3972688775975205,False,95.71546991200876,33.0,False,0.7454531573055616,0.16118291854469532,0.15168913938458425,5.664968560398292e-06,0.14818830228939742,0.14663043861361155,0.121539,0,False
66340,2026-04-22 07:00:00+00:00,540.47,plan_a,estimated_total_footfall,-0.25355949628583807,False,0.7366386651714075,False,0.8772808704349128,False,0.4355720279240332,False,179.5140679618003,15.0,False,0.25355949628583807,0.05403093152706686,0.0458850347039659,5.085149825529257e-05,0.2325441613662195,0.2750049343826079,0.121503,0,False
66342,2026-04-24 06:00:00+00:00,542.82,plan_a,estimated_total_footfall,-0.3505791446993861,False,0.9654530016556646,False,0.3342437548522273,False,0.42974781683865343,False,164.52881258835512,51.0,False,0.3505791446993861,0.07516527199755024,0.06013782140489481,1.9374405950837955e-05,0.21971737491748478,0.25204840948474955,0.121418,0,False
66340,2026-04-22 02:00:00+00:00,519.33,plan_a,estimated_total_footfall,-0.7538326106537421,False,2.2228179036360767,False,0.1227203120748839,False,0.41457673051746136,False,77.08635069374797,15.0,False,0.7538326106537421,0.1630082624097041,0.13845876068045548,7.113470663359136e-06,0.18630576232574061,0.11809172982944119,0.121174,0,False
66333,2026-04-25 23:00:00+00:00,526.37,plan_a,estimated_total_footfall,-0.309551637639944,False,0.7360505423441782,False,1.4698927163483917,False,0.42981268973220227,False,178.38584110436287,36.0,False,0.309551637639944,0.06622801735864013,0.045848400682954614,8.520218486446876e-05,0.21986024589857806,0.2732765575683501,0.12106,0,False
66342,2026-04-20 10:00:00+00:00,538.12,plan_a,estimated_total_footfall,-0.4195901296628957,False,1.4149722709436063,False,0.04974735360926789,False,0.40864860676942566,False,164.52881258835512,19.0,False,0.4195901296628957,0.09019832639706044,0.08813826211836064,2.883600395860671e-06,0.173250126765312,0.25204840948474955,0.120728,0,False
66333,2026-04-21 03:00:00+00:00,516.98,plan_a,estimated_total_footfall,-0.5738462277461667,False,3.0319663329888167,False,0.21576629154884935,False,0.4616149491514113,False,,,False,0.5738462277461667,0.12380080743929106,0.1888604101144704,1.2506871593823611e-05,0.2898990518720496,0.0,0.120515,0,False
66336,2026-04-20 08:00:00+00:00,580.41,plan_a,estimated_total_footfall,-0.020915201102023932,False,0.7067879081996816,False,0.150892062271834,False,0.47848719744059803,False,148.15661711410272,22.0,False,0.020915201102023932,0.0033527047623966425,0.044025638660359384,8.74644335690316e-06,0.3270571703782087,0.22696717438592648,0.120282,0,False
66330,2026-04-22 19:00:00+00:00,538.12,plan_a,estimated_total_footfall,-0.15383298825689515,False,1.1128562027404492,False,1.4219391321652555,False,0.4409823569052322,False,166.59254042344241,94.0,False,0.15383298825689515,0.03230694046875916,0.06931952923131904,8.24225601346888e-05,0.24445944627638422,0.2552099184646057,0.120276,0,False
66331,2026-04-25 06:00:00+00:00,521.67,plan_a,estimated_total_footfall,-0.5221844507521493,False,1.104117647103394,False,2.1750488150429232,False,0.42074374049347324,False,143.33814905146377,128.0,False,0.5221844507521493,0.11254702944529368,0.06877520682791177,0.00012607648787383124,0.19988750220946308,0.21958556631233145,0.120184,0,False
66336,2026-04-23 00:00:00+00:00,521.67,plan_a,estimated_total_footfall,-0.8483934408451276,False,1.2280006564200314,False,0.26618057601278966,False,0.4575747836119641,False,38.48262612558195,1.0,False,0.8483934408451276,0.18360698455635366,0.07649184790376808,1.5429130570232107e-05,0.2810013076398541,0.05895310708901148,0.120014,0,False
66333,2026-04-25 04:00:00+00:00,521.67,plan_a,estimated_total_footfall,-0.44183966463667035,False,1.006464258840727,False,0.7123894795259996,False,0.4064931671443259,False,178.38584110436287,18.0,False,0.44183966463667035,0.09504506883670853,0.06269240216227603,4.129358520862999e-05,0.1685031553096075,0.2732765575683501,0.119912,0,False
66331,2026-04-21 02:00:00+00:00,516.98,plan_a,estimated_total_footfall,-0.7454531573055616,False,1.164267322278333,False,0.35070047697053597,False,0.407037957081937,False,128.0048255494378,24.0,False,0.7454531573055616,0.16118291854469532,0.07252191476400978,2.0328318208918016e-05,0.16970295801021684,0.19609582162870445,0.119905,0,False
66332,2026-04-26 01:00:00+00:00,516.98,plan_a,estimated_total_footfall,-0.8626760029691426,False,0.9308869972421637,False,0.293594431670811,False,0.3864059704796267,False,150.28563375501113,3.0,False,0.8626760029691426,0.18671823609823834,0.05798471379993103,1.7018171982332684e-05,0.12426468623718523,0.2302287019546577,0.119843,0,False
66332,2026-04-26 02:00:00+00:00,519.33,plan_a,estimated_total_footfall,-0.8167406463777092,False,1.1126745133774703,False,0.0672753123267182,False,0.38559744469182256,False,150.28563375501113,4.0,False,0.8167406463777092,0.17671187675030187,0.06930821184720685,3.89960677668759e-06,0.12248405235107966,0.2302287019546577,0.119747,0,False
66335,2026-04-24 03:00:00+00:00,516.98,plan_a,estimated_total_footfall,-0.7246033845511323,False,1.0968240796263862,False,1.0458799773574117,False,0.41081461596121044,False,127.35965629407855,1.0,False,0.7246033845511323,0.156641094251063,0.06832089236870491,6.062432869129993e-05,0.17802037580706842,0.19510746048937858,0.11963,0,False
66330,2026-04-20 08:00:00+00:00,531.07,plan_a,estimated_total_footfall,-0.4038875986151836,False,0.28103114542508345,False,0.5193421220305685,False,0.45379508271248536,False,143.47825896175158,35.0,False,0.4038875986151836,0.086777754968105,0.0175053584211802,3.0103614363829625e-05,0.2726771903358978,0.21980020640779876,0.119358,0,False
66331,2026-04-20 09:00:00+00:00,533.42,plan_a,estimated_total_footfall,0.03717744732943477,False,1.1476543263884156,False,0.18028246970291265,False,0.42419469133857285,False,202.00261592432264,362.0,False,0.03717744732943477,0.006895202124579833,0.07148709548423667,1.045005539561422e-05,0.2074876061353473,0.3094560597290048,0.119067,0,False
66332,2026-04-23 08:00:00+00:00,519.33,plan_a,estimated_total_footfall,-0.8167406463777092,False,5.079795383107206,False,11.610694754451732,False,0.3756007847973266,False,,,False,0.8167406463777092,0.17671187675030187,0.3164191597093037,0.0006730127647215595,0.10046819135503729,0.0,0.118854,0,False
66340,2026-04-21 06:00:00+00:00,526.37,plan_a,estimated_total_footfall,-0.5872326709588496,False,0.40113151942118236,False,0.4745974105890769,False,0.4252907948703077,False,151.4478293988316,13.0,False,0.5872326709588496,0.1267168523144457,0.024986380107013074,2.7509991622833827e-05,0.20990157872685578,0.23200911694049942,0.118728,0,False
66331,2026-04-22 23:00:00+00:00,516.98,plan_a,estimated_total_footfall,-0.7454531573055616,False,2.4352184950532587,False,0.11524102631279337,False,0.4196979881273114,False,53.29925884397171,103.0,False,0.7454531573055616,0.16118291854469532,0.15168913938458242,6.679934609286475e-06,0.19758441908243005,0.08165131205286447,0.118423,0,False
66342,2026-04-20 08:00:00+00:00,526.37,plan_a,estimated_total_footfall,-0.592117592071668,False,0.6373084964202932,False,2.475992198367423,False,0.40302371913573176,False,172.03865217473424,10.0,False,0.592117592071668,0.12778096239583558,0.039697783809071414,0.00014352064110662767,0.16086231467920256,0.26355303954591874,0.118408,0,False
66342,2026-04-22 22:00:00+00:00,521.67,plan_a,estimated_total_footfall,-0.6611285770351776,False,3.9396472494960815,False,0.7130529927639435,False,0.38232515563829805,False,57.66600077549006,1.0,False,0.6611285770351776,0.14281401679534578,0.24539962306003602,4.133204568736463e-05,0.1152774191654361,0.08834090241186925,0.118375,0,False
66330,2026-04-20 03:00:00+00:00,516.98,plan_a,estimated_total_footfall,-0.9036421319411858,False,1.0957646183233873,False,0.12405665567185026,False,0.4630954153787218,False,22.700713993374748,10.0,False,0.9036421319411858,0.19564212040013193,0.06825489879416956,7.190931686823511e-06,0.2931595147680363,0.034776151156659274,0.118368,0,False
66340,2026-04-23 08:00:00+00:00,516.98,plan_a,estimated_total_footfall,-0.8094448064325778,False,4.886259661523947,False,18.54428146067123,False,0.38032741203943865,False,,,False,0.8094448064325778,0.175122582540934,0.3043638689389793,0.0010749174273861485,0.11087774509005437,0.0,0.118288,0,False
66335,2026-04-20 10:00:00+00:00,528.72,plan_a,estimated_total_footfall,-0.2580397448161243,False,1.0149307220806834,False,0.062384968557808784,False,0.4386058331474872,False,152.51147868815752,15.0,False,0.2580397448161243,0.05500688948382884,0.06321977599961709,3.616138487325263e-06,0.2392255764382082,0.23363856473998568,0.118219,0,False
66342,2026-04-25 00:00:00+00:00,521.67,plan_a,estimated_total_footfall,-0.6611285770351776,False,0.8943900499153351,False,0.11906798641331526,False,0.4052706405942467,False,147.43914951769605,81.0,False,0.6611285770351776,0.14281401679534578,0.055711328253041946,6.901763970250754e-06,0.1658107585616364,0.2258680564643525,0.118042,0,False
66332,2026-04-21 20:00:00+00:00,526.37,plan_a,estimated_total_footfall,-0.6791300462059278,False,1.0684521004053016,False,12.922756674660208,False,0.406842399888012,False,135.01268599847307,3.0,False,0.6791300462059278,0.14673537895903732,0.06655360901428481,0.000749066303211736,0.16927227815877974,0.20683144934206849,0.118028,0,False
66340,2026-04-22 05:00:00+00:00,547.52,plan_a,estimated_total_footfall,-0.08672290894933368,False,0.6753977872894136,False,2.024026948873784,False,0.4458421496607816,False,179.5140679618003,11.0,False,0.08672290894933368,0.017687971133377743,0.042070356029363924,0.00011732252044695256,0.25516227331110797,0.2750049343826079,0.118009,0,False
66331,2026-04-22 09:00:00+00:00,528.72,plan_a,estimated_total_footfall,-0.1865673119031956,False,0.7239191465803401,False,0.09673011380853866,False,0.4407368982572029,False,170.20124984552956,455.0,False,0.1865673119031956,0.03943764391207634,0.04509273913279456,5.606951410134614e-06,0.24391886736979718,0.2607382478545795,0.117839,0,False
66335,2026-04-22 07:00:00+00:00,519.33,plan_a,estimated_total_footfall,-0.6312111738716366,False,0.8466610407301067,False,0.620653464915767,False,0.5113973286938996,False,,,False,0.6312111738716366,0.13629693912303895,0.05273830043574632,3.5976116260986e-05,0.3995358665308232,0.0,0.117721,0,False
66335,2026-04-22 12:00:00+00:00,526.37,plan_a,estimated_total_footfall,-0.3514319554956199,False,0.3042032266130308,False,11.86304943521553,False,0.4477867004623887,False,152.31926126768684,16.0,False,0.3514319554956199,0.0753510446118529,0.018948741452431583,0.0006876404786510943,0.2594447997349084,0.23334409902092582,0.117555,0,False
66330,2026-04-21 19:00:00+00:00,545.17,plan_a,estimated_total_footfall,0.09622162210139332,False,0.7553932792282025,False,1.5086402501514666,False,0.4551413372766552,False,159.28947949946553,48.0,False,0.09622162210139332,0.019757129711765804,0.04705325483351243,8.744818180112502e-05,0.2756420759739867,0.24402206108388041,0.117312,0,False
66342,2026-04-26 05:00:00+00:00,531.07,plan_a,estimated_total_footfall,-0.5231066071081585,False,0.770214813325985,False,0.3127777003421202,False,0.4274193751299518,False,137.4483786508764,134.0,False,0.5231066071081585,0.11274790799632539,0.047976484414849314,1.8130128239724098e-05,0.2145893972192151,0.21056278642141601,0.117179,0,False
66342,2026-04-22 08:00:00+00:00,531.07,plan_a,estimated_total_footfall,-0.5231066071081585,False,2.8682200284674657,False,0.10895194943613905,False,0.4121312789514604,False,73.64398028435545,5.0,False,0.5231066071081585,0.11274790799632539,0.17866069454040392,6.315388894683075e-06,0.18092009127982714,0.11281822196844687,0.117031,0,False
66333,2026-04-23 00:00:00+00:00,516.98,plan_a,estimated_total_footfall,-0.5738462277461667,False,1.9071486086234033,False,0.1286086625440475,False,0.3774105032356475,False,154.3860173812903,1.0,False,0.5738462277461667,0.12380080743929106,0.11879580074980539,7.454788311674868e-06,0.10445377353954119,0.23651024714435487,0.116714,0,False
66340,2026-04-24 00:00:00+00:00,519.33,plan_a,estimated_total_footfall,-0.7538326106537421,False,1.506014290617181,False,0.6914711983685672,False,0.40681473232103404,False,102.40005132047027,1.0,False,0.7538326106537421,0.1630082624097041,0.09380924631964345,4.008105912533177e-05,0.16921134527568535,0.15687082195783136,0.116588,0,False
66338,2026-04-23 04:00:00+00:00,516.98,plan_a,estimated_total_footfall,-0.5500391851985535,False,3.6956701658087443,True,0.8156817033832521,False,0.43604639076912094,False,,,False,0.5500391851985535,0.11861478428806431,0.23020235270040734,4.728090867398539e-05,0.2335888609528173,0.0,0.116491,1,False
66338,2026-04-23 05:00:00+00:00,516.98,plan_a,estimated_total_footfall,-0.5500391851985535,False,3.6956701658087443,True,0.7554616512657584,False,0.43604639076912094,False,,,False,0.5500391851985535,0.11861478428806431,0.23020235270040734,4.37902593524423e-05,0.2335888609528173,0.0,0.11649,1,False
66335,2026-04-20 09:00:00+00:00,526.37,plan_a,estimated_total_footfall,-0.3514319554956199,False,0.8650108884414033,False,0.019719155040527514,False,0.42968617011895616,False,152.31926126768684,11.0,False,0.3514319554956199,0.0753510446118529,0.05388130777279591,1.1430188573952548e-06,0.21958160900906729,0.23334409902092582,0.116432,0,False
66336,2026-04-26 05:00:00+00:00,535.77,plan_a,estimated_total_footfall,-0.6497648541856489,False,3.0858274376224872,False,0.2850804582440791,False,0.4162195868530927,False,38.48262612558195,3.0,False,0.6497648541856489,0.14033859257312592,0.1922154045943418,1.652466036086027e-05,0.1899238604808695,0.05895310708901148,0.116289,0,False
66342,2026-04-25 06:00:00+00:00,531.07,plan_a,estimated_total_footfall,-0.5231066071081585,False,0.7665799578999941,False,2.644771447836612,False,0.38843195491139226,False,190.30977346759514,92.0,False,0.5231066071081585,0.11274790799632539,0.0477500701967921,0.00015330391348740714,0.12872655571165387,0.2915433166829123,0.116184,0,False
66333,2026-04-26 04:00:00+00:00,516.98,plan_a,estimated_total_footfall,-0.5738462277461667,False,0.5633340694802413,False,1.3080242590773197,False,0.4071379530132958,False,164.33573742968701,5.0,False,0.5738462277461667,0.12380080743929106,0.035089935609085264,7.581949586496263e-05,0.16992318121958871,0.2517526297615039,0.116128,0,False
66336,2026-04-21 04:00:00+00:00,521.67,plan_a,estimated_total_footfall,-0.8483934408451276,False,0.7551374449903625,False,0.8929460549032595,False,0.40283675299398486,False,122.36707299777679,2.0,False,0.8483934408451276,0.18360698455635366,0.0470373189840427,5.175952911234985e-05,0.16045055508838837,0.18745911817622163,0.115721,0,False
66340,2026-04-21 20:00:00+00:00,554.57,plan_a,estimated_total_footfall,0.08011367838717341,False,0.47058405384228874,False,7.009275559797386,False,0.4466981633559446,False,179.5140679618003,17.0,False,0.08011367838717341,0.016248244941491092,0.029312560774503983,0.0004062919595216981,0.2570474908459961,0.2750049343826079,0.115604,0,False
66333,2026-04-22 00:00:00+00:00,516.98,plan_a,estimated_total_footfall,-0.5738462277461667,False,3.9806677298389808,True,0.46088853022859777,False,0.4234884520602469,False,,,False,0.5738462277461667,0.12380080743929106,0.24795477832556814,2.671535773849149e-05,0.20593224004850758,0.0,0.115543,1,False
66336,2026-04-24 00:00:00+00:00,521.67,plan_a,estimated_total_footfall,-0.8483934408451276,False,0.6821108878889756,False,0.9193316498589316,False,0.3932240533238369,False,137.94290235863318,5.0,False,0.8483934408451276,0.18360698455635366,0.04248851335472023,5.328896749527965e-05,0.1392802980257067,0.21132036749206076,0.11535,0,False
66333,2026-04-26 02:00:00+00:00,521.67,plan_a,estimated_total_footfall,-0.44183966463667035,False,0.8342390091695526,False,0.3743283597422325,False,0.4010163040673603,False,178.38584110436287,11.0,False,0.44183966463667035,0.09504506883670853,0.051964535255884146,2.1697906079841875e-05,0.15644134091666004,0.2732765575683501,0.11535,0,False
66333,2026-04-21 15:00:00+00:00,516.98,plan_a,estimated_total_footfall,-0.5738462277461667,False,1.4757500265349472,False,12.16835616684366,False,0.3394871837073815,False,221.36373290033765,2.0,False,0.5738462277461667,0.12380080743929106,0.09192409302351535,0.0007053375529336104,0.02093442407137545,0.33911614578251686,0.115296,0,False
66338,2026-04-23 22:00:00+00:00,516.98,plan_a,estimated_total_footfall,-0.5500391851985535,False,0.0,False,3453.321166170788,False,0.44605123214383297,False,,,False,0.5500391851985535,0.11861478428806431,0.0,0.20017141735854976,0.25562274020026365,0.0,0.114882,0,False
66340,2026-04-20 04:00:00+00:00,516.98,plan_a,estimated_total_footfall,-0.8094448064325778,False,0.8968199353688431,False,0.3775875554952236,False,0.43154842066283994,False,77.08635069374797,3.0,False,0.8094448064325778,0.175122582540934,0.05586268519862792,2.188682503696529e-05,0.223682883789509,0.11809172982944119,0.114556,0,False
66336,2026-04-22 22:00:00+00:00,526.37,plan_a,estimated_total_footfall,-0.7821839119586341,False,0.7565434045273651,False,0.33305181869543493,False,0.41051635242804557,False,116.79916626640515,8.0,False,0.7821839119586341,0.16918418722861095,0.04712489584526098,1.9305315490256616e-05,0.17736350355617173,0.17892941438924503,0.114524,0,False
66331,2026-04-23 03:00:00+00:00,516.98,plan_a,estimated_total_footfall,-0.7454531573055616,False,2.104512375924123,False,0.682352856602053,False,0.4571034219776439,False,0.0,5.0,False,0.7454531573055616,0.16118291854469532,0.13108953951220356,3.9552515353254324e-05,0.2799632176848509,0.0,0.114455,0,False
66335,2026-04-25 04:00:00+00:00,519.33,plan_a,estimated_total_footfall,-0.6312111738716366,False,1.1151049932311263,False,1.3066881519854359,False,0.4472455489299715,False,69.67609481700799,1.0,False,0.6312111738716366,0.13629693912303895,0.06945960581782655,7.57420485504918e-05,0.2582530099730047,0.10673965612135242,0.114165,0,False
66331,2026-04-21 13:00:00+00:00,526.37,plan_a,estimated_total_footfall,-0.2984396915195135,False,0.42600492402556955,False,4.487353947184656,False,0.43527371426634953,False,162.09009841826614,443.0,False,0.2984396915195135,0.06380743908981545,0.026535738140252507,0.00026010902449407795,0.23188717872500741,0.24831244361902158,0.114161,0,False
66332,2026-04-26 05:00:00+00:00,524.02,plan_a,estimated_total_footfall,-0.7250654027973612,False,0.6990060162171553,False,0.8659634394389341,False,0.3933527824508836,False,150.28563375501113,6.0,False,0.7250654027973612,0.1567417383069738,0.04354090659216467,5.019548449511438e-05,0.13956380097540316,0.2302287019546577,0.114025,0,False
66342,2026-04-24 22:00:00+00:00,535.77,plan_a,estimated_total_footfall,-0.45409562214465055,False,1.0636314772371473,False,0.3059749232286133,False,0.40011960433731614,False,162.96562494435125,99.0,False,0.45409562214465055,0.09771485359681555,0.06625333362578884,1.7735805942069133e-05,0.1544665196443359,0.24965369847213706,0.113621,0,False
66342,2026-04-23 01:00:00+00:00,516.98,plan_a,estimated_total_footfall,-0.7299927301157846,False,3.4629689145926705,False,0.009164122751585064,False,0.418049956446176,False,,,False,0.7299927301157846,0.157815085972729,0.21570745107150452,5.311974623161341e-07,0.19395492315160134,0.0,0.113496,0,False
66333,2026-04-25 05:00:00+00:00,533.42,plan_a,estimated_total_footfall,-0.11111959714485764,False,1.0366978366436357,False,8.495138545587482,False,0.45827370007506435,False,128.39303435088027,14.0,False,0.11111959714485764,0.023002440141538214,0.06457564401788608,0.0004924198594633105,0.28254054653182975,0.1966905345510931,0.11346,0,False
66336,2026-04-23 04:00:00+00:00,524.02,plan_a,estimated_total_footfall,-0.8152886764018809,False,0.6016335034606601,False,0.30037459743873934,False,0.46351224590824763,False,38.48262612558195,1.0,False,0.8152886764018809,0.1763955858924823,0.03747559759022068,1.741118361559385e-05,0.29407750968771945,0.05895310708901148,0.113384,0,False
66338,2026-04-25 05:00:00+00:00,516.98,plan_a,estimated_total_footfall,-0.5500391851985535,False,0.898130219469244,False,2301.2961326914965,False,0.44742248607280855,False,,,False,0.5500391851985535,0.11861478428806431,0.0559443024612854,0.1333944010638899,0.2586426824819077,0.0,0.113319,0,False
66331,2026-04-21 05:00:00+00:00,516.98,plan_a,estimated_total_footfall,-0.7454531573055616,False,1.9519123313192883,False,0.573133171298766,False,0.41675357714044764,False,60.40280092160411,106.0,False,0.7454531573055616,0.16118291854469532,0.1215841216274523,3.322160717570531e-05,0.19109987887738578,0.09253351836194934,0.113287,0,False
66340,2026-04-23 22:00:00+00:00,516.98,plan_a,estimated_total_footfall,-0.8094448064325778,False,3.4713632057199684,False,1.3441546998480307,False,0.40939839249479454,False,,,False,0.8094448064325778,0.175122582540934,0.21623032932634284,7.79137932647269e-05,0.17490139613735764,0.0,0.113266,0,False
66340,2026-04-21 22:00:00+00:00,516.98,plan_a,estimated_total_footfall,-0.8094448064325778,False,0.9938062476627731,False,0.7760254856676887,False,0.4011562973969955,False,112.41468162818765,9.0,False,0.8094448064325778,0.175122582540934,0.06190393787219094,4.4982239964869736e-05,0.1567496512641311,0.17221264325300667,0.113207,0,False
66340,2026-04-21 05:00:00+00:00,540.47,plan_a,estimated_total_footfall,-0.25355949628583807,False,0.5893126145234695,False,0.9910820760871936,False,0.44014449352744156,False,151.4478293988316,10.0,False,0.25355949628583807,0.05403093152706686,0.036708132558589256,5.744797380343516e-05,0.242614201579276,0.23200911694049942,0.113084,0,False
66340,2026-04-21 00:00:00+00:00,516.98,plan_a,estimated_total_footfall,-0.8094448064325778,False,0.643839028935268,False,0.14263177831854032,False,0.40820787004523895,False,114.59543338147522,2.0,False,0.8094448064325778,0.175122582540934,0.040104569014970524,8.267636820484675e-06,0.17227948271440377,0.17555342595392134,0.112614,0,False
66338,2026-04-20 00:00:00+00:00,521.67,plan_a,estimated_total_footfall,1.2211359456773345,False,0.0,False,0.9779785223791386,False,0.46497750544801236,False,,,False,1.2211359456773345,0.26480359919843066,0.0,5.668842761819468e-05,0.29730448256576514,0.0,0.112433,0,False
66331,2026-04-22 05:00:00+00:00,524.02,plan_a,estimated_total_footfall,-0.41031207113583135,False,0.9284311816124823,False,1.7241018926413256,False,0.4188120635287861,False,143.33814905146377,107.0,False,0.41031207113583135,0.08817723426755456,0.05783174167028012,9.993739444259504e-05,0.19563332811605166,0.21958556631233145,0.112266,0,False
66331,2026-04-25 01:00:00+00:00,519.33,plan_a,estimated_total_footfall,-0.6335807776892438,False,0.9749580490348249,False,0.40594193266401646,False,0.3950623143903483,False,143.33814905146377,16.0,False,0.6335807776892438,0.13681312336695622,0.06072988838355948,2.353038368473789e-05,0.1433287402596006,0.21958556631233145,0.112096,0,False
66336,2026-04-22 05:00:00+00:00,535.77,plan_a,estimated_total_footfall,-0.6497648541856489,False,0.8815739805867273,False,0.2537801364510801,False,0.41425659818100197,False,116.79916626640515,5.0,False,0.6497648541856489,0.14033859257312592,0.05491301856103743,1.47103403264365e-05,0.18560072793483284,0.17892941438924503,0.111959,0,False
66336,2026-04-21 02:00:00+00:00,516.98,plan_a,estimated_total_footfall,-0.9144620983935632,False,2.2756663547184393,False,0.28534660946096946,False,0.429678979731417,False,,,False,0.9144620983935632,0.19799909508127103,0.14175067722871432,1.6540087789631895e-05,0.2195657734625707,0.0,0.111866,0,False
66332,2026-04-23 21:00:00+00:00,516.98,plan_a,estimated_total_footfall,-0.8626760029691426,False,4.502949482903371,False,5.794818357953067,False,0.3715902762439145,False,,,False,0.8626760029691426,0.18671823609823834,0.28048757560825127,0.00033589606880758986,0.09163576134669275,0.0,0.111835,0,False
66338,2026-04-24 22:00:00+00:00,516.98,plan_a,estimated_total_footfall,-0.5500391851985535,False,1.1375629331999493,False,861.5505564417832,False,0.4745153497796053,False,,,False,0.5500391851985535,0.11861478428806431,0.07085850517455425,0.049939692171819816,0.3183098840921145,0.0,0.111545,0,False
66340,2026-04-20 06:00:00+00:00,533.42,plan_a,estimated_total_footfall,-0.42039608362234515,False,0.8299187361463637,False,0.49175200467566016,False,0.4132007321910288,False,151.4478293988316,20.0,False,0.42039608362234515,0.09037389192075657,0.05169542655039215,2.850435596002914e-05,0.18327537135463184,0.23200911694049942,0.111476,0,False
66332,2026-04-21 23:00:00+00:00,516.98,plan_a,estimated_total_footfall,-0.8626760029691426,False,0.9641943010204238,False,0.40551527388713965,False,0.3795384484337595,False,131.34742599441384,1.0,False,0.8626760029691426,0.18671823609823834,0.06005941726313491,2.3505652451242284e-05,0.10914019342210854,0.20121648780531584,0.111432,0,False
66336,2026-04-20 04:00:00+00:00,528.72,plan_a,estimated_total_footfall,-0.7490791475153874,False,0.843269167362757,False,0.407811217711307,False,0.404107246966372,False,116.79916626640515,3.0,False,0.7490791475153874,0.1619727885647396,0.052527021508192225,2.36387366062758e-05,0.16324859153131926,0.17892941438924503,0.11134,0,False
66332,2026-04-21 04:00:00+00:00,519.33,plan_a,estimated_total_footfall,-0.8167406463777092,False,1.0387414748863113,False,0.05898447460679689,False,0.3791400752263646,False,135.01268599847307,1.0,False,0.8167406463777092,0.17671187675030187,0.06470294172315343,3.419029194230466e-06,0.10826284746344665,0.20683144934206849,0.111303,0,False
66336,2026-04-22 04:00:00+00:00,526.37,plan_a,estimated_total_footfall,-0.7821839119586341,False,0.7887403453674903,False,0.35074887939163013,False,0.4020364498953057,False,116.79916626640515,5.0,False,0.7821839119586341,0.16918418722861095,0.04913043508405035,2.0331123850434627e-05,0.15868803020896102,0.17892941438924503,0.11119,0,False
66338,2026-04-24 05:00:00+00:00,519.33,plan_a,estimated_total_footfall,0.33743662664759344,False,1.6619994767186372,False,2302.372721736928,False,0.441829902685276,False,,,False,0.33743662664759344,0.07230236272414091,0.10352552380543692,0.1334568054406527,0.24632601473806615,0.0,0.111122,0,False
66336,2026-04-22 01:00:00+00:00,521.67,plan_a,estimated_total_footfall,-0.8483934408451276,False,0.8142768060282882,False,0.49099203741583497,False,0.3945671082908204,False,116.79916626640515,1.0,False,0.8483934408451276,0.18360698455635366,0.05072109471004829,2.8460304533525423e-05,0.1422381371214864,0.17892941438924503,0.111105,0,False
66336,2026-04-20 00:00:00+00:00,519.33,plan_a,estimated_total_footfall,-0.8813573339503165,False,0.0,False,0.027277603873113367,False,0.4137234928815515,False,117.62249913004193,4.0,False,0.8813573339503165,0.19078769641739968,0.0,1.5811435909625235e-06,0.1844266585663814,0.180190711638593,0.111081,0,False
66332,2026-04-26 22:00:00+00:00,519.33,plan_a,estimated_total_footfall,-0.8167406463777092,False,0.0,False,0.3165067711149073,False,0.39707733698414294,False,150.28563375501113,5.0,False,0.8167406463777092,0.17671187675030187,0.0,1.8346283455558494e-05,0.14776646824045284,0.2302287019546577,0.110945,0,False
66336,2026-04-23 02:00:00+00:00,524.02,plan_a,estimated_total_footfall,-0.8152886764018809,False,2.2430864135845847,False,0.269583418796623,False,0.43827740725264747,False,,,False,0.8152886764018809,0.1763955858924823,0.1397212809992451,1.56263760131874e-05,0.2385022769637234,0.0,0.110927,0,False
66330,2026-04-26 22:00:00+00:00,521.67,plan_a,estimated_total_footfall,-0.7372937457595736,False,0.0,False,0.27652981667754856,False,0.4515373272437137,False,83.01943152241927,16.0,False,0.7372937457595736,0.15940550763390066,0.0,1.6029023274317503e-05,0.26770488647759616,0.12718085873449536,0.110861,0,False
66342,2026-04-22 17:00:00+00:00,531.07,plan_a,estimated_total_footfall,-0.5231066071081585,False,3.06757748998273,False,10.50450627586261,False,0.3918368225285434,False,73.64398028435545,11.0,False,0.5231066071081585,0.11274790799632539,0.19107862000728654,0.0006088926597646227,0.13622516954470007,0.11281822196844687,0.110696,0,False
66336,2026-04-24 01:00:00+00:00,531.07,plan_a,estimated_total_footfall,-0.7159743830721408,False,1.4569349198177886,False,4.529096814199075,False,0.4029304428581888,False,95.4009436966344,4.0,False,0.7159743830721408,0.15476138990086827,0.09075210482157274,0.00026252864562191855,0.16065689030923427,0.14614860305496866,0.110516,0,False
66335,2026-04-21 01:00:00+00:00,516.98,plan_a,estimated_total_footfall,-0.7246033845511323,False,1.474825774543753,False,0.023730532450996815,False,0.46710932138598626,False,,,False,0.7246033845511323,0.156641094251063,0.09186652160255106,1.3755379493579853e-06,0.3019994270627188,0.0,0.110102,0,False
66332,2026-04-24 00:00:00+00:00,521.67,plan_a,estimated_total_footfall,-0.7710007593887945,False,4.370208949863172,False,0.9673493563928773,False,0.38044993393558196,False,,,False,0.7710007593887945,0.16674809765491025,0.27221920163720104,5.6072309070736074e-05,0.11114757772044603,0.0,0.110034,0,False
66338,2026-04-24 19:00:00+00:00,519.33,plan_a,estimated_total_footfall,0.33743662664759344,False,1.0606134636852924,False,3453.3354626220166,False,0.42599223118912144,False,,,False,0.33743662664759344,0.07230236272414091,0.06606534233085501,0.20017224605092093,0.21144636715174575,0.0,0.109997,0,False
66331,2026-04-22 01:00:00+00:00,516.98,plan_a,estimated_total_footfall,-0.7454531573055616,False,1.1351215934867618,False,0.08978260409759255,False,0.42659232807791736,False,68.625037138305,24.0,False,0.7454531573055616,0.16118291854469532,0.07070643474605222,5.204239701888132e-06,0.21276797355101545,0.10512949792458336,0.109958,0,False
66340,2026-04-21 03:00:00+00:00,519.33,plan_a,estimated_total_footfall,-0.7538326106537421,False,0.6539833236156893,False,0.9524458977903902,False,0.38102027986251547,False,151.88354533325924,1.0,False,0.7538326106537421,0.1630082624097041,0.04073645454510364,5.5208431577606095e-05,0.11240366293086121,0.23267660798071263,0.109776,0,False
66333,2026-04-24 04:00:00+00:00,519.33,plan_a,estimated_total_footfall,-0.5077022142478035,False,1.006464258840727,False,0.8295955629239683,False,0.3931942017592315,False,154.3860173812903,3.0,False,0.5077022142478035,0.10939228170025686,0.06269240216227603,4.808742415608903e-05,0.13921455527724833,0.23651024714435487,0.109572,0,False
66330,2026-04-20 01:00:00+00:00,516.98,plan_a,estimated_total_footfall,-0.9036421319411858,False,0.0,False,0.2039607240127427,False,0.47374573627235833,False,22.700713993374748,12.0,False,0.9036421319411858,0.19564212040013193,0.0,1.1822563047727704e-05,0.3166149475658099,0.034776151156659274,0.109409,0,False
66332,2026-04-24 04:00:00+00:00,521.67,plan_a,estimated_total_footfall,-0.7710007593887945,False,0.6452687386176715,False,0.8193714391444229,False,0.37967002754663637,False,150.28563375501113,3.0,False,0.7710007593887945,0.16674809765491025,0.04019362526669255,4.749478383979021e-05,0.1094299729574386,0.2302287019546577,0.10933,0,False
66330,2026-04-20 20:00:00+00:00,540.47,plan_a,estimated_total_footfall,-0.07048145147079765,False,0.6275899564629407,False,0.6626070245948615,False,0.44696196285819473,False,153.67101288508454,64.0,False,0.07048145147079765,0.014150002302310258,0.039092418432124715,3.8407950168144096e-05,0.25762846221379887,0.2354149025466035,0.109265,0,False
66342,2026-04-24 05:00:00+00:00,533.42,plan_a,estimated_total_footfall,-0.4886011146264053,False,0.9040171456642876,False,0.5098177670567056,False,0.39020398227585007,False,164.52881258835512,59.0,False,0.4886011146264053,0.10523138079657064,0.056310997593554096,2.955153607663744e-05,0.13262913002635734,0.25204840948474955,0.10925,0,False
66335,2026-04-21 23:00:00+00:00,516.98,plan_a,estimated_total_footfall,-0.7246033845511323,False,1.474825774543753,False,0.012490197104179935,False,0.4647737573406636,False,,,False,0.7246033845511323,0.156641094251063,0.09186652160255106,7.239930308027719e-07,0.2968557636879661,0.0,0.109073,0,False
66335,2026-04-21 02:00:00+00:00,516.98,plan_a,estimated_total_footfall,-0.7246033845511323,False,1.474825774543753,False,0.0017252037524573072,False,0.46429954389789985,False,,,False,0.7246033845511323,0.156641094251063,0.09186652160255106,1.0000126363705518e-07,0.29581139313334814,0.0,0.108864,0,False
66342,2026-04-25 01:00:00+00:00,521.67,plan_a,estimated_total_footfall,-0.6611285770351776,False,0.6492335526691896,False,0.005951716331433692,False,0.39136636739085234,False,147.43914951769605,39.0,False,0.6611285770351776,0.14281401679534578,0.04044059252343619,3.449906442093692e-07,0.1351890759868925,0.2258680564643525,0.108862,0,False
66335,2026-04-20 02:00:00+00:00,516.98,plan_a,estimated_total_footfall,-0.7246033845511323,False,0.0,False,0.43007160820595736,False,0.4199817152571566,False,123.51419694732883,1.0,False,0.7246033845511323,0.156641094251063,0.0,2.492905792359766e-05,0.19820927749688078,0.189216444217891,0.108818,0,False
66335,2026-04-23 01:00:00+00:00,516.98,plan_a,estimated_total_footfall,-0.7246033845511323,False,0.23594454361959158,False,0.48214556377985396,False,0.4129996049953881,False,123.51419694732883,1.0,False,0.7246033845511323,0.156641094251063,0.014696925486089155,2.7947519570549357e-05,0.18283242456755677,0.189216444217891,0.108683,0,False
66335,2026-04-22 03:00:00+00:00,516.98,plan_a,estimated_total_footfall,-0.7246033845511323,False,2.016836721745809,False,0.8221429481492023,False,0.4482254595117367,False,,,False,0.7246033845511323,0.156641094251063,0.12562824535962366,4.765543408313953e-05,0.2604110883096072,0.0,0.108546,0,False
66335,2026-04-23 00:00:00+00:00,516.98,plan_a,estimated_total_footfall,-0.7246033845511323,False,1.161188679614457,False,0.5365414121133534,False,0.40945401889356753,False,89.90970262934414,3.0,False,0.7246033845511323,0.156641094251063,0.0723301468971409,3.1100569499991914e-05,0.17502390336237297,0.13773634653081376,0.108353,0,False
66333,2026-04-22 09:00:00+00:00,516.98,plan_a,estimated_total_footfall,-0.5738462277461667,False,0.0,False,3.8943453209347183,False,0.33621973250196446,False,261.78018391964736,1.0,False,0.5738462277461667,0.12380080743929106,0.0,0.00022573533855222837,0.01373844538359195,0.40103175822860276,0.107759,0,False
66342,2026-04-22 06:00:00+00:00,524.02,plan_a,estimated_total_footfall,-0.6266230845534229,False,0.9412450333564263,False,0.28352386283553493,False,0.39780987767026493,False,126.57902412307786,3.0,False,0.6266230845534229,0.13529748959559068,0.058629913229501125,1.643443246308046e-05,0.14937975848837723,0.19391157817552737,0.107447,0,False
66331,2026-04-24 00:00:00+00:00,516.98,plan_a,estimated_total_footfall,-0.7454531573055616,False,1.1351215934867618,False,0.5639740649933033,False,0.3937000369754144,False,106.99405734693545,23.0,False,0.7454531573055616,0.16118291854469532,0.07070643474605222,3.269070049118889e-05,0.14032856714960557,0.1639085674682846,0.107232,0,False
66336,2026-04-20 05:00:00+00:00,533.42,plan_a,estimated_total_footfall,-0.6828696186288956,False,1.1911189848629644,False,0.007484404582750765,False,0.4153493520991818,False,82.3755808721677,3.0,False,0.6828696186288956,0.14754999123699725,0.07419449798263339,4.338327660022666e-07,0.18800732359972822,0.1261945176202028,0.107189,0,False
66342,2026-04-22 07:00:00+00:00,526.37,plan_a,estimated_total_footfall,-0.592117592071668,False,2.082964618277142,False,0.6500108635766084,False,0.4051212518526413,False,73.64398028435545,7.0,False,0.592117592071668,0.12778096239583558,0.12974733518032217,3.7677814949618766e-05,0.16548175649451902,0.11281822196844687,0.107173,0,False
66340,2026-04-21 23:00:00+00:00,519.33,plan_a,estimated_total_footfall,-0.7538326106537421,False,0.7998537452641437,False,0.25836206612137597,False,0.3967482543629459,False,114.59543338147522,9.0,False,0.7538326106537421,0.1630082624097041,0.04982268593110348,1.4975931423298574e-05,0.14704172244326152,0.17555342595392134,0.107088,0,False
66336,2026-04-20 23:00:00+00:00,526.37,plan_a,estimated_total_footfall,-0.7821839119586341,False,0.8576263920447382,False,0.1653442099531817,False,0.3898727071740892,False,117.55963771286356,3.0,False,0.7821839119586341,0.16918418722861095,0.05342132937435894,9.584160657451328e-06,0.13189955568164713,0.18009441166554566,0.106922,0,False
66333,2026-04-22 15:00:00+00:00,516.98,plan_a,estimated_total_footfall,-0.5738462277461667,False,0.0,False,25.22513081973756,False,0.33355861617342664,False,261.78018391964736,1.0,False,0.5738462277461667,0.12380080743929106,0.0,0.0014621721949020661,0.007877811151587649,0.40103175822860276,0.106835,0,False
66331,2026-04-25 03:00:00+00:00,516.98,plan_a,estimated_total_footfall,-0.7454531573055616,False,1.8363966525072324,False,0.3164720400349128,False,0.3937087794453932,False,76.83550644254227,31.0,False,0.7454531573055616,0.16118291854469532,0.11438867943611686,1.8344270271966712e-05,0.14034782088093647,0.11770745127330175,0.106729,0,False
66335,2026-04-22 04:00:00+00:00,516.98,plan_a,estimated_total_footfall,-0.7246033845511323,False,1.558245833848013,False,0.37957382027769665,False,0.456848552640789,False,,,False,0.7246033845511323,0.156641094251063,0.09706273583506381,2.2001958677198893e-05,0.2794019134140673,0.0,0.106626,0,False
66333,2026-04-22 12:00:00+00:00,516.98,plan_a,estimated_total_footfall,-0.5738462277461667,False,0.0,False,29.334318300947167,False,0.3327476731512588,False,261.78018391964736,5.0,False,0.5738462277461667,0.12380080743929106,0.0,0.00170036083787089,0.006091853737793117,0.40103175822860276,0.106525,0,False
66340,2026-04-23 23:00:00+00:00,516.98,plan_a,estimated_total_footfall,-0.8094448064325778,False,3.3261746371746628,False,0.1778517804093158,False,0.39727901746428446,False,,,False,0.8094448064325778,0.175122582540934,0.20718657039635197,1.0309160732869296e-05,0.1482106335379894,0.0,0.106106,0,False
66336,2026-04-20 01:00:00+00:00,519.33,plan_a,estimated_total_footfall,-0.8813573339503165,False,0.0,False,0.6052503807190794,False,0.40134882048395515,False,117.62249913004193,2.0,False,0.8813573339503165,0.19078769641739968,0.0,3.50832780200636e-05,0.15717364903596354,0.180190711638593,0.105637,0,False
66340,2026-04-23 04:00:00+00:00,516.98,plan_a,estimated_total_footfall,-0.8094448064325778,False,3.788167842276857,False,0.06842174410087298,False,0.38256292984454077,False,,,False,0.8094448064325778,0.175122582540934,0.23596400939241385,3.966059580262736e-06,0.11580107445913736,0.0,0.105378,0,False
66340,2026-04-23 03:00:00+00:00,516.98,plan_a,estimated_total_footfall,-0.8094448064325778,False,1.506014290617181,False,0.22433782021657006,False,0.4468662811969709,False,,,False,0.8094448064325778,0.175122582540934,0.09380924631964345,1.3003719399105976e-05,0.2574177404151575,0.0,0.105273,0,False
66342,2026-04-20 09:00:00+00:00,528.72,plan_a,estimated_total_footfall,-0.5576120995899132,False,0.6384007075537603,False,0.12085016944147849,False,0.3904237452553575,False,152.13977959362907,10.0,False,0.5576120995899132,0.12026443519608047,0.03976581736219957,7.005068031927519e-06,0.13311311880460674,0.23306914371208817,0.105244,0,False
66330,2026-04-22 07:00:00+00:00,540.47,plan_a,estimated_total_footfall,-0.07048145147079765,False,0.02745647661869803,False,2.0448429620030595,False,0.47197338975452474,False,128.31645091262675,35.0,False,0.07048145147079765,0.014150002302310258,0.0017102569306546465,0.00011852911857418713,0.3127116703727018,0.19657321325337626,0.105053,0,False
66332,2026-04-23 07:00:00+00:00,516.98,plan_a,estimated_total_footfall,-0.8626760029691426,False,4.086451189321207,False,6.947482133146193,False,0.3678251044526978,False,,,False,0.8626760029691426,0.18671823609823834,0.2545440030553318,0.0004027101097020572,0.08334364181311861,0.0,0.105002,0,False
66333,2026-04-20 16:00:00+00:00,516.98,plan_a,estimated_total_footfall,-0.5738462277461667,False,1.8105499580275082,False,20.465181994770568,False,0.33439205266431216,False,181.1253379291888,3.0,False,0.5738462277461667,0.12380080743929106,0.11277869542460833,0.0011862622354747118,0.009713306419608882,0.2774733046707161,0.10499,0,False
66333,2026-04-25 03:00:00+00:00,519.33,plan_a,estimated_total_footfall,-0.5077022142478035,False,1.0312625135152054,False,2.4912997549730846,False,0.3992787110714357,False,128.39303435088027,8.0,False,0.5077022142478035,0.10939228170025686,0.06423707912553514,0.0001444079421002532,0.1526146021589441,0.1966905345510931,0.104616,0,False
66335,2026-04-22 01:00:00+00:00,516.98,plan_a,estimated_total_footfall,-0.7246033845511323,False,1.2481936776950506,False,0.7778990750777766,False,0.4601783286567066,False,,,False,0.7246033845511323,0.156641094251063,0.07774966605232614,4.509084238836837e-05,0.2867351513843578,0.0,0.104234,0,False
66342,2026-04-24 23:00:00+00:00,528.72,plan_a,estimated_total_footfall,-0.5576120995899132,False,0.9032976000206031,False,0.14295013695264852,False,0.3928174517500175,False,133.92581866689878,41.0,False,0.5576120995899132,0.12026443519608047,0.05626617727880199,8.286090446994148e-06,0.13838483055712655,0.20516643287513736,0.104018,0,False
66335,2026-04-21 05:00:00+00:00,516.98,plan_a,estimated_total_footfall,-0.7246033845511323,False,1.629151505865661,False,0.4885142645547678,False,0.44854099217794385,False,,,False,0.7246033845511323,0.156641094251063,0.10147943207307726,2.8316680676482807e-05,0.2611059927469135,0.0,0.103851,0,False
66340,2026-04-23 05:00:00+00:00,519.33,plan_a,estimated_total_footfall,-0.7538326106537421,False,2.836525903085657,False,5.819486498148853,False,0.410912451276519,False,,,False,0.7538326106537421,0.1630082624097041,0.1766864755483588,0.000337325955096465,0.17823584064483117,0.0,0.103654,0,False
66332,2026-04-22 02:00:00+00:00,516.98,plan_a,estimated_total_footfall,-0.8626760029691426,False,1.1698250243994872,False,0.05227557140654594,False,0.40006413997610557,False,67.50634299923652,1.0,False,0.8626760029691426,0.18671823609823834,0.07286810261262634,3.030148288605157e-06,0.15434436927816023,0.10341572467103421,0.10347,0,False
66331,2026-04-24 23:00:00+00:00,521.67,plan_a,estimated_total_footfall,-0.5221844507521493,False,1.164267322278333,False,1.0190013897536938,False,0.42125911793464965,False,85.35702140185161,44.0,False,0.5221844507521493,0.11254702944529368,0.07252191476400978,5.9066314038640754e-05,0.20102252913097343,0.13076190816814495,0.103382,0,False
66331,2026-04-21 00:00:00+00:00,519.33,plan_a,estimated_total_footfall,-0.6335807776892438,False,1.4148329568419562,False,0.6417439802875776,False,0.40296905123433435,False,85.4286014027685,34.0,False,0.6335807776892438,0.13681312336695622,0.0881295842784763,3.7198625883361745e-05,0.16074191837375523,0.13087156449580084,0.103319,0,False
66332,2026-04-20 05:00:00+00:00,531.07,plan_a,estimated_total_footfall,-0.587259333023061,False,0.025691732392810123,False,0.992661533483515,False,0.4119693367192822,False,135.01268599847307,3.0,False,0.587259333023061,0.12672266026316437,0.0016003314626103539,5.7539526894058846e-05,0.18056344238803212,0.20683144934206849,0.103155,0,False
66342,2026-04-22 21:00:00+00:00,516.98,plan_a,estimated_total_footfall,-0.7299927301157846,False,4.402677046972498,False,1.3159237183444856,False,0.36745762203953153,False,,,False,0.7299927301157846,0.157815085972729,0.2742416311308884,7.627738723439703e-05,0.08253432732086376,0.0,0.102933,0,False
66335,2026-04-22 02:00:00+00:00,516.98,plan_a,estimated_total_footfall,-0.7246033845511323,False,1.5834509535969716,False,0.6651718089108122,False,0.4474853908467036,False,,,False,0.7246033845511323,0.156641094251063,0.09863275632011326,3.8556617635500485e-05,0.25878121903038254,0.0,0.102819,0,False
66330,2026-04-20 02:00:00+00:00,516.98,plan_a,estimated_total_footfall,-0.9036421319411858,False,0.0,False,0.10898575661728048,False,0.45864844826939144,False,22.700713993374748,7.0,False,0.9036421319411858,0.19564212040013193,0.0,6.317348524569884e-06,0.28336586261159014,0.034776151156659274,0.102758,0,False
66335,2026-04-21 03:00:00+00:00,516.98,plan_a,estimated_total_footfall,-0.7246033845511323,False,1.3189001054054303,False,0.052325844335041234,False,0.45483863564985977,False,,,False,0.7246033845511323,0.156641094251063,0.0821539514132219,3.0330623538969252e-06,0.27497542961318844,0.0,0.102755,0,False
66335,2026-04-21 04:00:00+00:00,516.98,plan_a,estimated_total_footfall,-0.7246033845511323,False,1.5724933203018812,False,0.06097913866566894,False,0.44755127741801065,False,,,False,0.7246033845511323,0.156641094251063,0.09795020813497073,3.5346496976837574e-06,0.25892632245599784,0.0,0.102704,0,False
66340,2026-04-26 22:00:00+00:00,519.33,plan_a,estimated_total_footfall,-0.7538326106537421,False,0.0,False,0.39471327569381703,False,0.3832911286897437,False,151.4478293988316,10.0,False,0.7538326106537421,0.1630082624097041,0.0,2.2879515702119848e-05,0.11740480257659518,0.23200911694049942,0.102489,0,False
66332,2026-04-22 23:00:00+00:00,524.02,plan_a,estimated_total_footfall,-0.7250654027973612,False,1.2495533253253186,False,1.2679700907613036,False,0.4073210103379509,False,69.82676039721622,3.0,False,0.7250654027973612,0.1567417383069738,0.07783435815667758,7.349775998893773e-05,0.17032633233770691,0.10697046687880069,0.102389,0,False
66342,2026-04-20 06:00:00+00:00,516.98,plan_a,estimated_total_footfall,-0.7299927301157846,False,0.3572101881369322,False,0.37509328046391033,False,0.374417587026381,False,152.13977959362907,2.0,False,0.7299927301157846,0.157815085972729,0.02225053157569378,2.174224463326839e-05,0.09786240923071914,0.23306914371208817,0.102204,0,False
66338,2026-04-25 20:00:00+00:00,516.98,plan_a,estimated_total_footfall,-0.5500391851985535,False,0.0,False,0.19715686351577175,False,0.360913279089079,False,211.21897069169978,1.0,False,0.5500391851985535,0.11861478428806431,0.0,1.1428177951858181e-05,0.06812157884005154,0.3235749701120547,0.102065,0,False
66330,2026-04-20 04:00:00+00:00,516.98,plan_a,estimated_total_footfall,-0.9036421319411858,False,0.7167820834803974,False,0.4825373893948403,False,0.41580041390732725,False,52.86238353595823,14.0,False,0.9036421319411858,0.19564212040013193,0.04464817329134628,2.7970231703286252e-05,0.18900070680707548,0.08098204492089131,0.10206,0,False
66333,2026-04-20 10:00:00+00:00,516.98,plan_a,estimated_total_footfall,-0.5738462277461667,False,1.4757500265349472,False,0.8002454656480517,False,0.338051770371971,False,179.48195189340618,4.0,False,0.5738462277461667,0.12380080743929106,0.09192409302351535,4.638614869150602e-05,0.017773182136790536,0.27495573446540017,0.1017,0,False
66333,2026-04-22 22:00:00+00:00,516.98,plan_a,estimated_total_footfall,-0.5738462277461667,False,0.6834545089600313,False,0.8337973733729167,False,0.3562867186870097,False,185.33547119107044,1.0,False,0.5738462277461667,0.12380080743929106,0.0425722071687831,4.833098168015523e-05,0.05793240447813953,0.2839229798107846,0.101655,0,False
66342,2026-04-23 02:00:00+00:00,516.98,plan_a,estimated_total_footfall,-0.7299927301157846,False,2.430741220725409,False,0.04093119387935744,False,0.4200147014217082,False,,,False,0.7299927301157846,0.157815085972729,0.15141025110783854,2.3725725754299472e-06,0.19828192364281605,0.0,0.101502,0,False
66335,2026-04-21 17:00:00+00:00,526.37,plan_a,estimated_total_footfall,-0.3514319554956199,False,1.40558833977346,False,0.9684574059454385,False,0.43553013836923227,False,69.67609481700799,4.0,False,0.3514319554956199,0.0753510446118529,0.08755373943748616,5.6136537052660385e-05,0.2324519070907498,0.10673965612135242,0.10043,0,False
66335,2026-04-22 23:00:00+00:00,516.98,plan_a,estimated_total_footfall,-0.7246033845511323,False,1.6089298153702232,False,0.0640354596903577,False,0.4406045513541815,False,,,False,0.7246033845511323,0.156641094251063,0.10021982812608635,3.711809041392604e-06,0.243627396913572,0.0,0.100098,0,False
66331,2026-04-20 00:00:00+00:00,519.33,plan_a,estimated_total_footfall,-0.6335807776892438,False,0.0,False,0.13868497953225378,False,0.3936473744243709,False,143.33814905146377,19.0,False,0.6335807776892438,0.13681312336695622,0.0,8.038861022039027e-06,0.14021258727075542,0.21958556631233145,0.099324,0,False
66342,2026-04-20 04:00:00+00:00,519.33,plan_a,estimated_total_footfall,-0.6954872376340298,False,0.7455432354354199,False,0.24730072359400862,False,0.4661132791906951,False,,,False,0.6954872376340298,0.1502985587729739,0.046439698116173614,1.433476180569052e-05,0.29980582172361986,0.0,0.099312,0,False
66332,2026-04-23 22:00:00+00:00,519.33,plan_a,estimated_total_footfall,-0.8167406463777092,False,3.123746048482232,False,1.2981373586712839,False,0.3865603824632055,False,,,False,0.8167406463777092,0.17671187675030187,0.1945773452003521,7.524640266791327e-05,0.12460475109909631,0.0,0.099194,0,False
66330,2026-04-26 04:00:00+00:00,519.33,plan_a,estimated_total_footfall,-0.8202905951550883,False,1.1983836164956465,False,0.16834016992997927,False,0.4243871669688257,False,22.700713993374748,2.0,False,0.8202905951550883,0.177485182233683,0.0746470100354722,9.757821179032657e-06,0.20791149939224465,0.034776151156659274,0.098966,0,False
66335,2026-04-21 22:00:00+00:00,516.98,plan_a,estimated_total_footfall,-0.7246033845511323,False,1.2324348892907646,False,0.28977271038199054,False,0.44853508484595733,False,,,False,0.7246033845511323,0.156641094251063,0.07676805513911827,1.6796646288566758e-05,0.26109298290150057,0.0,0.098904,0,False
66333,2026-04-23 07:00:00+00:00,524.02,plan_a,estimated_total_footfall,-0.37569565113830716,False,1.214688550924732,False,0.052638401893509566,False,0.4132421480144321,False,100.64980698844555,9.0,False,0.37569565113830716,0.08063654309767433,0.07566264024536674,3.051179721634867e-06,0.18336658232116532,0.15418955116302982,0.098772,0,False
66331,2026-04-21 07:00:00+00:00,528.72,plan_a,estimated_total_footfall,-0.1865673119031956,False,0.5489420626465444,False,0.4264594352336856,False,0.4209767766824576,False,143.33814905146377,147.0,False,0.1865673119031956,0.03943764391207634,0.03419346117155322,2.471967867712414e-05,0.2004007228649494,0.21958556631233145,0.098728,0,False
66333,2026-04-23 22:00:00+00:00,521.67,plan_a,estimated_total_footfall,-0.44183966463667035,False,0.5593072487984675,False,0.7699762505691484,False,0.4605172258509636,False,48.79137271918094,5.0,False,0.44183966463667035,0.09504506883670853,0.03483910597514683,4.4631596655040384e-05,0.28748151202875855,0.07474549713803476,0.098431,0,False
66333,2026-04-22 13:00:00+00:00,516.98,plan_a,estimated_total_footfall,-0.5738462277461667,False,0.0,False,29.21172960557797,False,0.3334781345471196,False,234.19606339749765,2.0,False,0.5738462277461667,0.12380080743929106,0.0,0.0016932549963567635,0.007700564719658268,0.3587745171091494,0.098394,0,False
66340,2026-04-20 23:00:00+00:00,516.98,plan_a,estimated_total_footfall,-0.8094448064325778,False,0.7998537452641437,False,0.14801880805724077,False,0.39755971722415046,False,77.08635069374797,2.0,False,0.8094448064325778,0.175122582540934,0.04982268593110348,8.579895462603395e-06,0.1488288247098462,0.11809172982944119,0.098375,0,False
66336,2026-04-24 04:00:00+00:00,538.12,plan_a,estimated_total_footfall,-0.6166600897424022,False,0.7887403453674903,False,5.907222722551341,False,0.4431223443473144,False,38.48262612558195,3.0,False,0.6166600897424022,0.13312719390925457,0.04913043508405035,0.0003424115766031978,0.24917238705414324,0.05895310708901148,0.098145,0,False
66340,2026-04-20 03:00:00+00:00,516.98,plan_a,estimated_total_footfall,-0.8094448064325778,False,1.506014290617181,False,0.43030790323195867,False,0.4300933265942862,False,,,False,0.8094448064325778,0.175122582540934,0.09380924631964345,2.4942754741238836e-05,0.22047829854928458,0.0,0.097887,0,False
66340,2026-04-21 19:00:00+00:00,556.92,plan_a,estimated_total_footfall,0.1357258741660064,False,0.20307473060216727,False,0.00606308192540961,False,0.45441037403361806,False,113.11615246252408,3.0,False,0.1357258741660064,0.028362565072720402,0.012649473210873006,3.514459397693402e-07,0.27403225976319595,0.17328725508125098,0.097666,0,False
66342,2026-04-22 00:00:00+00:00,516.98,plan_a,estimated_total_footfall,-0.7299927301157846,False,2.619304214662026,False,0.4154021613813756,False,0.40595598898345364,False,,,False,0.7299927301157846,0.157815085972729,0.1631557919404693,2.407874489986044e-05,0.16732011619007275,0.0,0.097663,0,False
66338,2026-04-25 07:00:00+00:00,516.98,plan_a,estimated_total_footfall,-0.5500391851985535,False,0.0,False,861.4567128061535,False,0.4745153497796053,False,,,False,0.5500391851985535,0.11861478428806431,0.0,0.04993425253482975,0.3183098840921145,0.0,0.097372,0,False
66342,2026-04-20 07:00:00+00:00,516.98,plan_a,estimated_total_footfall,-0.7299927301157846,False,0.5273299082351858,False,0.2936206904246439,False,0.41173855881354876,False,73.64398028435545,6.0,False,0.7299927301157846,0.157815085972729,0.03284724558163178,1.7019694068382568e-05,0.18005519519875013,0.11281822196844687,0.096711,0,False
66333,2026-04-26 01:00:00+00:00,519.33,plan_a,estimated_total_footfall,-0.5077022142478035,False,0.8357740435057174,False,0.47420989556483634,False,0.39404619992004536,False,117.76681250071476,13.0,False,0.5077022142478035,0.10939228170025686,0.05206015215344451,2.7487529353060066e-05,0.14109092931370923,0.18041179118674772,0.096597,0,False
66335,2026-04-20 22:00:00+00:00,516.98,plan_a,estimated_total_footfall,-0.7246033845511323,False,1.3914144449910468,False,0.08806117763399403,False,0.43729293345753784,False,,,False,0.7246033845511323,0.156641094251063,0.08667085114403762,5.104457388423462e-06,0.23633414896335866,0.0,0.09593,0,False
66338,2026-04-26 09:00:00+00:00,516.98,plan_a,estimated_total_footfall,-0.5500391851985535,False,0.8941917782283401,False,0.30096855103618136,False,0.4678175129413095,False,,,False,0.5500391851985535,0.11861478428806431,0.05569897796019319,1.7445612076696703e-05,0.30355909269155074,0.0,0.095578,0,False
66330,2026-04-21 00:00:00+00:00,516.98,plan_a,estimated_total_footfall,-0.9036421319411858,False,0.6463154407852678,False,0.046634046401286926,False,0.4229093248456718,False,22.700713993374748,8.0,False,0.9036421319411858,0.19564212040013193,0.040258824077935636,2.7031378537145646e-06,0.2046568156177804,0.034776151156659274,0.095067,0,False
66338,2026-04-26 03:00:00+00:00,516.98,plan_a,estimated_total_footfall,-0.5500391851985535,False,1.3764474656129075,False,0.02646446203613803,False,0.4525181122788133,False,,,False,0.5500391851985535,0.11861478428806431,0.08573856181325742,1.5340099053918377e-06,0.269864890641751,0.0,0.094844,0,False
66338,2026-04-23 00:00:00+00:00,516.98,plan_a,estimated_total_footfall,-0.5500391851985535,False,0.9591129019308873,False,0.05478917573162591,False,0.46431519408297256,False,,,False,0.5500391851985535,0.11861478428806431,0.05974289820896086,3.1758491128895536e-06,0.295845859875516,0.0,0.094841,0,False
66333,2026-04-20 11:00:00+00:00,519.33,plan_a,estimated_total_footfall,-0.5077022142478035,False,0.7186513298719993,False,0.06085516980536197,False,0.37560382242966084,False,142.8509359813243,3.0,False,0.5077022142478035,0.10939228170025686,0.04476460817265809,3.5274638550465127e-06,0.10047488119863836,0.21883918470611347,0.094695,0,False
66331,2026-04-20 04:00:00+00:00,516.98,plan_a,estimated_total_footfall,-0.7454531573055616,False,1.6822719064948175,False,0.24551827843429688,False,0.3868287730143647,False,53.29925884397171,36.0,False,0.7454531573055616,0.16118291854469532,0.1047882882892932,1.423144254958466e-05,0.12519583343352936,0.08165131205286447,0.094567,0,False
66330,2026-04-21 01:00:00+00:00,516.98,plan_a,estimated_total_footfall,-0.9036421319411858,False,0.6718251619530234,False,0.0907537995124126,False,0.4210325718468592,False,22.700713993374748,10.0,False,0.9036421319411858,0.19564212040013193,0.041847818107727155,5.260534947352434e-06,0.20052360176617057,0.034776151156659274,0.094559,0,False
66338,2026-04-22 20:00:00+00:00,516.98,plan_a,estimated_total_footfall,-0.5500391851985535,False,1.0606134636852924,False,3452.7428320948275,False,0.36930129036522746,False,,,False,0.5500391851985535,0.11861478428806431,0.06606534233085501,0.20013789428145348,0.08659467807898812,0.0,0.094283,0,False
66342,2026-04-21 22:00:00+00:00,519.33,plan_a,estimated_total_footfall,-0.6954872376340298,False,3.295192088934303,False,0.08936759455507591,False,0.3797341587810449,False,,,False,0.6954872376340298,0.1502985587729739,0.2052566753630857,5.180183715101651e-06,0.1095712105665144,0.0,0.093026,0,False
66333,2026-04-22 02:00:00+00:00,516.98,plan_a,estimated_total_footfall,-0.5738462277461667,False,0.0,False,0.5394824295570564,False,0.4837641997730075,False,,,False,0.5738462277461667,0.12380080743929106,0.0,3.127104528311608e-05,0.33867882711678443,0.0,0.092502,0,False
66340,2026-04-20 22:00:00+00:00,519.33,plan_a,estimated_total_footfall,-0.7538326106537421,False,1.1068389168344404,False,0.7370169071658316,False,0.38036886889885446,False,77.08635069374797,3.0,False,0.7538326106537421,0.1630082624097041,0.06894471402587954,4.272111159825525e-05,0.11096904643108864,0.11809172982944119,0.092211,0,False
66333,2026-04-25 01:00:00+00:00,521.67,plan_a,estimated_total_footfall,-0.44183966463667035,False,1.6668702356308733,False,0.7262224747803689,False,0.4059091771426626,False,61.21767650176819,15.0,False,0.44183966463667035,0.09504506883670853,0.10382892213665348,4.209541340043167e-05,0.16721702145736192,0.09378185955324081,0.091983,0,False
66330,2026-04-20 00:00:00+00:00,516.98,plan_a,estimated_total_footfall,-0.9036421319411858,False,0.0,False,0.051257723380591605,False,0.4336041139365004,False,22.700713993374748,10.0,False,0.9036421319411858,0.19564212040013193,0.0,2.9711488291842417e-06,0.22821018169111376,0.034776151156659274,0.091726,0,False
66340,2026-04-22 04:00:00+00:00,521.67,plan_a,estimated_total_footfall,-0.698457062516521,False,0.40383147631220495,False,0.7183569221665755,False,0.40434461983934383,False,77.08635069374797,1.0,False,0.698457062516521,0.1509454925769055,0.025154559733607827,4.163948742678205e-05,0.1637713629600498,0.11809172982944119,0.091601,0,False
66342,2026-04-25 03:00:00+00:00,516.98,plan_a,estimated_total_footfall,-0.7299927301157846,False,0.5008321914647376,False,0.6349936088801521,False,0.40045942107985866,False,73.64398028435545,30.0,False,0.7299927301157846,0.157815085972729,0.031196709557562288,3.6807341277238845e-05,0.15521490542987842,0.11281822196844687,0.091416,0,False
66333,2026-04-26 22:00:00+00:00,521.67,plan_a,estimated_total_footfall,-0.44183966463667035,False,0.0,False,0.6078472432949894,False,0.39638043158757713,False,139.3226840021076,6.0,False,0.44183966463667035,0.09504506883670853,0.0,3.523380490056272e-05,0.14623165836394275,0.21343411135979348,0.090949,0,False
66331,2026-04-23 01:00:00+00:00,516.98,plan_a,estimated_total_footfall,-0.7454531573055616,False,0.2131192254065544,False,0.4784375160734557,False,0.4567576980927786,False,0.0,11.0,False,0.7454531573055616,0.16118291854469532,0.013275142232164286,2.7732582954663757e-05,0.279201822471596,0.0,0.090738,0,False
66335,2026-04-22 00:00:00+00:00,516.98,plan_a,estimated_total_footfall,-0.7246033845511323,False,0.6294837221421187,False,0.7425375111314951,False,0.4467442410665926,False,,,False,0.7246033845511323,0.156641094251063,0.03921038061361032,4.30411128571325e-05,0.2571489687879636,0.0,0.090609,0,False
66333,2026-04-24 05:00:00+00:00,519.33,plan_a,estimated_total_footfall,-0.5077022142478035,False,1.0366978366436357,False,0.5236702397136195,False,0.42082824346924536,False,48.79137271918094,1.0,False,0.5077022142478035,0.10939228170025686,0.06457564401788608,3.0354493274137175e-05,0.2000736049465758,0.07474549713803476,0.089763,0,False
66335,2026-04-20 03:00:00+00:00,516.98,plan_a,estimated_total_footfall,-0.7246033845511323,False,1.474825774543753,False,0.5482808519935964,False,0.42083496147462046,False,,,False,0.7246033845511323,0.156641094251063,0.09186652160255106,3.178104496310368e-05,0.20008840015558263,0.0,0.089726,0,False
66333,2026-04-23 06:00:00+00:00,516.98,plan_a,estimated_total_footfall,-0.5738462277461667,False,0.9016738655890385,False,3.1885357941708206,False,0.41762219869336453,False,48.79137271918094,15.0,False,0.5738462277461667,0.12380080743929106,0.05616503527490646,0.0001848231596499231,0.19301286297097428,0.07474549713803476,0.089582,0,False
66331,2026-04-24 03:00:00+00:00,519.33,plan_a,estimated_total_footfall,-0.6335807776892438,False,0.8434007192382135,False,1.47606056889421,False,0.4402740165966252,False,9.728877425732032,2.0,False,0.6335807776892438,0.13681312336695622,0.05253521584098534,8.555970382281227e-05,0.2428994530449678,0.014904064781425396,0.089447,0,False
66336,2026-04-21 03:00:00+00:00,521.67,plan_a,estimated_total_footfall,-0.8483934408451276,False,1.0945753048976645,False,1.5674771436455273,False,0.41791405678063215,False,,,False,0.8483934408451276,0.18360698455635366,0.06818081676400557,9.085865647085857e-05,0.19365562836938424,0.0,0.089107,0,False
66335,2026-04-20 23:00:00+00:00,519.33,plan_a,estimated_total_footfall,-0.6312111738716366,False,1.2481936776950506,False,0.05024640090881665,False,0.4350701944621358,False,,,False,0.6312111738716366,0.13629693912303895,0.07774966605232614,2.912527622861223e-06,0.23143896264415642,0.0,0.089098,0,False
66338,2026-04-24 18:00:00+00:00,516.98,plan_a,estimated_total_footfall,-0.5500391851985535,False,0.9904629262889861,False,0.09302868424280318,False,0.4500134267316732,False,,,False,0.5500391851985535,0.11861478428806431,0.06169568323594125,5.392398414113198e-06,0.26434876731389895,0.0,0.088933,0,False
66342,2026-04-22 03:00:00+00:00,516.98,plan_a,estimated_total_footfall,-0.7299927301157846,False,1.2677777714754281,False,0.8075726471809669,False,0.42433873377209025,False,,,False,0.7299927301157846,0.157815085972729,0.07896955426244234,4.6810868039087984e-05,0.2078048339121567,0.0,0.088927,0,False
66332,2026-04-23 05:00:00+00:00,519.33,plan_a,estimated_total_footfall,-0.8167406463777092,False,2.991874037488347,False,0.12606653259725456,False,0.3669401556302426,False,,,False,0.8167406463777092,0.17671187675030187,0.18636307124620363,7.307434002569757e-06,0.08139469981955222,0.0,0.088895,0,False
66338,2026-04-21 07:00:00+00:00,519.33,plan_a,estimated_total_footfall,0.33743662664759344,False,1.5604829805064366,False,0.22706806609561742,False,0.45424609752517675,False,,,False,0.33743662664759344,0.07230236272414091,0.09720208713022797,1.316197782948309e-05,0.27367047004413686,0.0,0.088638,0,False
66333,2026-04-26 23:00:00+00:00,519.33,plan_a,estimated_total_footfall,-0.5077022142478035,False,0.0,False,0.7320418763941028,False,0.396017287326122,False,122.74774402678091,3.0,False,0.5077022142478035,0.10939228170025686,0.0,4.2432734435211475e-05,0.1454318978773318,0.18804228367707204,0.088582,0,False
66331,2026-04-23 00:00:00+00:00,516.98,plan_a,estimated_total_footfall,-0.7454531573055616,False,0.9891355406347204,False,0.6187181763318482,False,0.4296255264514182,False,0.0,29.0,False,0.7454531573055616,0.16118291854469532,0.06161300072185226,3.5863937451023064e-05,0.21944805214418478,0.0,0.088456,0,False
66333,2026-04-21 10:00:00+00:00,516.98,plan_a,estimated_total_footfall,-0.5738462277461667,False,3.369334119040903,False,1.7705531844083404,False,0.34187792362900465,False,53.228686747335495,1.0,False,0.5738462277461667,0.12380080743929106,0.20987496352159854,0.00010262993894214103,0.026199602475726703,0.08154319977495199,0.088304,0,False
66338,2026-04-25 04:00:00+00:00,516.98,plan_a,estimated_total_footfall,-0.5500391851985535,False,0.898130219469244,False,3452.4055818548045,False,0.3596162220586831,False,,,False,0.5500391851985535,0.11861478428806431,0.0559443024612854,0.20011834560488925,0.06526504199809516,0.0,0.087988,0,False
66331,2026-04-21 03:00:00+00:00,516.98,plan_a,estimated_total_footfall,-0.7454531573055616,False,2.4352184950532587,False,0.3042697288241413,False,0.38688707213389867,False,0.0,62.0,False,0.7454531573055616,0.16118291854469532,0.15168913938458242,1.7636964518294607e-05,0.12532422684947006,0.0,0.087643,0,False
66342,2026-04-25 05:00:00+00:00,531.07,plan_a,estimated_total_footfall,-0.5231066071081585,False,0.8764771972985405,False,0.13770040308921025,False,0.39079573127229567,False,89.0242978623123,41.0,False,0.5231066071081585,0.11274790799632539,0.054595541229050484,7.98179014660684e-06,0.13393235168116896,0.1363799587968371,0.087533,0,False
66332,2026-04-21 21:00:00+00:00,521.67,plan_a,estimated_total_footfall,-0.7710007593887945,False,0.9658667245700496,False,4.6139134865924145,False,0.3976510981132088,False,39.428349997961945,1.0,False,0.7710007593887945,0.16674809765491025,0.06016359209978491,0.0002674450355873026,0.14903007482462816,0.06040190012468192,0.087322,0,False
66333,2026-04-23 01:00:00+00:00,516.98,plan_a,estimated_total_footfall,-0.5738462277461667,False,1.8105499580275082,False,0.39614935784721966,False,0.3866505855158078,False,48.79137271918094,1.0,False,0.5738462277461667,0.12380080743929106,0.11277869542460833,2.2962758061071555e-05,0.124803407239094,0.07474549713803476,0.08723,0,False
66333,2026-04-23 04:00:00+00:00,516.98,plan_a,estimated_total_footfall,-0.5738462277461667,False,1.4757500265349472,False,0.15091248760559836,False,0.3957776907113687,False,48.79137271918094,4.0,False,0.5738462277461667,0.12380080743929106,0.09192409302351535,8.74762730933993e-06,0.1449042290538245,0.07474549713803476,0.087077,0,False
66336,2026-04-22 03:00:00+00:00,519.33,plan_a,estimated_total_footfall,-0.8813573339503165,False,0.5046023283669759,False,0.5767386537992714,False,0.3999204087351912,False,38.48262612558195,1.0,False,0.8813573339503165,0.19078769641739968,0.03143155042429531,3.343059860964943e-05,0.1540278268475728,0.05895310708901148,0.087047,0,False
66342,2026-04-25 04:00:00+00:00,524.02,plan_a,estimated_total_footfall,-0.6266230845534229,False,0.14573533266066807,False,0.6744907594765952,False,0.389402502489187,False,103.9758172652506,20.0,False,0.6266230845534229,0.13529748959559068,0.00907781672738121,3.909678967664182e-05,0.13086401370145098,0.15928480218326346,0.086913,0,False
66332,2026-04-20 00:00:00+00:00,519.33,plan_a,estimated_total_footfall,-0.8167406463777092,False,0.0,False,0.15126218136269587,False,0.3800968503737162,False,96.22789962785254,2.0,False,0.8167406463777092,0.17671187675030187,0.0,8.767897273131703e-06,0.11036997413084068,0.14741545062955733,0.086901,0,False
66333,2026-04-20 02:00:00+00:00,516.98,plan_a,estimated_total_footfall,-0.5738462277461667,False,0.0,False,0.4800241614015686,False,0.4698835934127866,False,,,False,0.5738462277461667,0.12380080743929106,0.0,2.7824552693037628e-05,0.3081092665442915,0.0,0.086388,0,False
66332,2026-04-24 02:00:00+00:00,519.33,plan_a,estimated_total_footfall,-0.8167406463777092,False,2.370189417032961,False,0.19277082978722807,False,0.3781184198771613,False,,,False,0.8167406463777092,0.17671187675030187,0.14763849468887674,1.1173941943743558e-05,0.10601283371972542,0.0,0.086075,0,False
66338,2026-04-25 21:00:00+00:00,516.98,plan_a,estimated_total_footfall,-0.5500391851985535,False,3.6956701658087443,True,0.2224888261447471,False,0.3665951103909013,False,,,False,0.5500391851985535,0.11861478428806431,0.23020235270040734,1.2896542641939553e-05,0.08063479920206026,0.0,0.085893,1,False
66333,2026-04-23 03:00:00+00:00,516.98,plan_a,estimated_total_footfall,-0.5738462277461667,False,1.9838949964737436,False,0.12210197782335476,False,0.37678146037827615,False,48.79137271918094,1.0,False,0.5738462277461667,0.12380080743929106,0.12357631368839445,7.077628980071053e-06,0.10306841880559987,0.07474549713803476,0.08504,0,False
66336,2026-04-20 03:00:00+00:00,519.33,plan_a,estimated_total_footfall,-0.8813573339503165,False,0.20549632153991698,False,0.546669400357402,False,0.42984927996916716,False,,,False,0.8813573339503165,0.19078769641739968,0.012800313493186452,3.16876373295532e-05,0.2199408293713913,0.0,0.084712,0,False
66333,2026-04-22 04:00:00+00:00,516.98,plan_a,estimated_total_footfall,-0.5738462277461667,False,0.0,False,0.4304315478352996,False,0.4637732482873734,False,,,False,0.5738462277461667,0.12380080743929106,0.0,2.4949921788353344e-05,0.2946523208905726,0.0,0.083696,0,False
66333,2026-04-20 18:00:00+00:00,516.98,plan_a,estimated_total_footfall,-0.5738462277461667,False,0.0,False,0.008882957487819532,False,0.3335336234768437,False,186.67220153236278,1.0,False,0.5738462277461667,0.12380080743929106,0.0,5.148997458131699e-07,0.007822769193604298,0.2859707716299337,0.083519,0,False
66338,2026-04-24 21:00:00+00:00,519.33,plan_a,estimated_total_footfall,0.33743662664759344,False,1.0606134636852924,False,1731.9336757437643,False,0.4104324337122931,False,,,False,0.33743662664759344,0.07230236272414091,0.06606534233085501,0.1003913629698833,0.17717868754757768,0.0,0.083188,0,False
66333,2026-04-21 04:00:00+00:00,516.98,plan_a,estimated_total_footfall,-0.5738462277461667,False,3.3923538556461392,False,0.2241459673777227,False,0.33262612688473575,False,48.79137271918094,1.0,False,0.5738462277461667,0.12380080743929106,0.21130885704762142,1.2992598668415606e-05,0.005824169757683639,0.07474549713803476,0.083138,0,False
66338,2026-04-24 23:00:00+00:00,516.98,plan_a,estimated_total_footfall,-0.5500391851985535,False,1.1375629331999493,False,0.4426450281188642,False,0.43237838118714056,False,,,False,0.5500391851985535,0.11861478428806431,0.07085850517455425,2.5657874956217177e-05,0.22551072386089782,0.0,0.083002,0,False
66335,2026-04-23 03:00:00+00:00,516.98,plan_a,estimated_total_footfall,-0.7246033845511323,False,1.4748257745436906,False,0.3440605790017762,False,0.4055453613689943,False,,,False,0.7246033845511323,0.156641094251063,0.09186652160254717,1.994343718466142e-05,0.1664157820848331,0.0,0.082989,0,False
66332,2026-04-24 01:00:00+00:00,516.98,plan_a,estimated_total_footfall,-0.8626760029691426,False,2.202492945762538,False,0.16283093779990213,False,0.3710643849734292,False,,,False,0.8626760029691426,0.18671823609823834,0.13719272423480278,9.43847908747225e-06,0.09047757959076334,0.0,0.08288,0,False
66333,2026-04-20 00:00:00+00:00,516.98,plan_a,estimated_total_footfall,-0.5738462277461667,False,0.0,False,0.39227582433460384,False,0.4616149491514113,False,,,False,0.5738462277461667,0.12380080743929106,0.0,2.2738229076915147e-05,0.2898990518720496,0.0,0.082745,0,False
66333,2026-04-21 22:00:00+00:00,516.98,plan_a,estimated_total_footfall,-0.5738462277461667,False,0.0,False,0.028145081196267414,False,0.46131382703667334,False,,,False,0.5738462277461667,0.12380080743929106,0.0,1.6314268275763631e-06,0.2892358841049281,0.0,0.082608,0,False
66342,2026-04-23 03:00:00+00:00,516.98,plan_a,estimated_total_footfall,-0.7299927301157846,False,0.8773391422245987,False,0.00640846661076765,False,0.420754366899573,False,0.3372453797382976,1.0,False,0.7299927301157846,0.157815085972729,0.05464923155880787,3.7146612864702784e-07,0.19991090497419142,0.0005166399746759887,0.082578,0,False
66340,2026-04-21 02:00:00+00:00,516.98,plan_a,estimated_total_footfall,-0.8094448064325778,False,1.506014290617181,False,0.1692182809713953,False,0.3942399298654922,False,,,False,0.8094448064325778,0.175122582540934,0.09380924631964345,9.808720798066163e-06,0.14151758497617478,0.0,0.082092,0,False
66333,2026-04-21 00:00:00+00:00,516.98,plan_a,estimated_total_footfall,-0.5738462277461667,False,3.9806677298382533,True,0.12746705467651398,False,0.3474689479733431,False,,,False,0.5738462277461667,0.12380080743929106,0.24795477832552285,7.388615125366441e-06,0.03851283670491329,0.0,0.082055,1,False
66340,2026-04-23 00:00:00+00:00,516.98,plan_a,estimated_total_footfall,-0.8094448064325778,False,1.2227119068366328,False,0.14752587639015083,False,0.40058748933103067,False,,,False,0.8094448064325778,0.175122582540934,0.07616241304017947,8.551322727629046e-06,0.15549695291829618,0.0,0.081358,0,False
66338,2026-04-26 05:00:00+00:00,516.98,plan_a,estimated_total_footfall,-0.5500391851985535,False,1.3820759592241476,False,0.031664394331328005,False,0.42124480867224395,False,,,False,0.5500391851985535,0.11861478428806431,0.08608915924574857,1.8354234628371333e-06,0.2009910155318909,0.0,0.081139,0,False
66333,2026-04-21 21:00:00+00:00,516.98,plan_a,estimated_total_footfall,-0.5738462277461667,False,0.0,False,0.010337900555021852,False,0.45760402143385337,False,,,False,0.5738462277461667,0.12380080743929106,0.0,5.992353757542515e-07,0.28106569872941156,0.0,0.080973,0,False
66338,2026-04-24 09:00:00+00:00,516.98,plan_a,estimated_total_footfall,-0.5500391851985535,False,0.8941917782283401,False,2296.9209387184987,False,0.372885390486593,False,,,False,0.5500391851985535,0.11861478428806431,0.05569897796019319,0.13314079338112558,0.09448801954510404,0.0,0.080389,0,False
66336,2026-04-21 23:00:00+00:00,526.37,plan_a,estimated_total_footfall,-0.7821839119586341,False,0.6979285648003886,False,0.21382655833147948,False,0.38834833806374947,False,38.48262612558195,1.0,False,0.7821839119586341,0.16918418722861095,0.043473792418027915,1.2394435151125484e-05,0.12854240451374777,0.05895310708901148,0.080033,0,False
66332,2026-04-21 03:00:00+00:00,516.98,plan_a,estimated_total_footfall,-0.8626760029691426,False,1.2850905055434374,False,0.4243697864112532,False,0.38993222313687803,False,,,False,0.8626760029691426,0.18671823609823834,0.08004796005498419,2.4598552391313972e-05,0.13203062897789147,0.0,0.079764,0,False
66338,2026-04-20 23:00:00+00:00,519.33,plan_a,estimated_total_footfall,0.33743662664759344,False,1.7971183940367979,False,0.2791597773082746,False,0.42710114141602806,False,,,False,0.33743662664759344,0.07230236272414091,0.11194204672697464,1.6181468680266634e-05,0.2138885442059144,0.0,0.07963,0,False
66333,2026-04-22 19:00:00+00:00,516.98,plan_a,estimated_total_footfall,-0.5738462277461667,False,3.9806677298382533,True,0.32456585381826186,False,0.3411798710550085,False,,,False,0.5738462277461667,0.12380080743929106,0.24795477832552285,1.8813427381569016e-05,0.02466226614547003,0.0,0.079287,1,False
66340,2026-04-20 02:00:00+00:00,516.98,plan_a,estimated_total_footfall,-0.8094448064325778,False,0.0,False,0.2572536825777319,False,0.4298330244081499,False,,,False,0.8094448064325778,0.175122582540934,0.0,1.491168408161441e-05,0.21990502939664516,0.0,0.079009,0,False
66333,2026-04-21 02:00:00+00:00,516.98,plan_a,estimated_total_footfall,-0.5738462277461667,False,0.6834545089600313,False,0.22071833966565335,False,0.4334973731987753,False,,,False,0.5738462277461667,0.12380080743929106,0.0425722071687831,1.2793916569564325e-05,0.22797510424833065,0.0,0.078872,0,False
66336,2026-04-20 02:00:00+00:00,519.33,plan_a,estimated_total_footfall,-0.8813573339503165,False,0.0,False,0.07468904662569828,False,0.3955323803804186,False,38.48262612558195,1.0,False,0.8813573339503165,0.19078769641739968,0.0,4.329343146731645e-06,0.14436397678915916,0.05895310708901148,0.078822,0,False
66336,2026-04-22 23:00:00+00:00,519.33,plan_a,estimated_total_footfall,-0.8813573339503165,False,0.9600685798887619,False,2.205813728971693,False,0.3941379324336946,False,,,False,0.8813573339503165,0.19078769641739968,0.05980242714538003,0.00012785977304474518,0.14129295381895735,0.0,0.078402,0,False
66336,2026-04-21 22:00:00+00:00,526.37,plan_a,estimated_total_footfall,-0.7821839119586341,False,0.19899997437698624,False,0.2450702871095311,False,0.39743242495019326,False,38.48262612558195,2.0,False,0.7821839119586341,0.16918418722861095,0.012395657684153233,1.420547477707593e-05,0.14854848617288602,0.05895310708901148,0.077819,0,False
66333,2026-04-20 23:00:00+00:00,516.98,plan_a,estimated_total_footfall,-0.5738462277461667,False,3.9806677298389808,True,0.2933526828463681,False,0.3371245399974762,False,,,False,0.5738462277461667,0.12380080743929106,0.24795477832556814,1.7004159035808176e-05,0.015731122563730063,0.0,0.077501,1,False
66332,2026-04-20 02:00:00+00:00,516.98,plan_a,estimated_total_footfall,-0.8626760029691426,False,0.0,False,0.2864732610164537,False,0.3740963012055489,False,67.50634299923652,1.0,False,0.8626760029691426,0.18671823609823834,0.0,1.6605394034802414e-05,0.09715483449614863,0.10341572467103421,0.077461,0,False
66335,2026-04-20 04:00:00+00:00,516.98,plan_a,estimated_total_footfall,-0.7246033845511323,False,0.5549330882806636,False,0.22835420923642896,False,0.4190129536899402,False,,,False,0.7246033845511323,0.156641094251063,0.034566640631349746,1.3236528988507691e-05,0.19607575287693368,0.0,0.077459,0,False
66333,2026-04-22 01:00:00+00:00,516.98,plan_a,estimated_total_footfall,-0.5738462277461667,False,3.9806677298389808,True,0.6608540204012753,False,0.3351352958521322,False,,,False,0.5738462277461667,0.12380080743929106,0.24795477832556814,3.830633745470663e-05,0.01135016701924885,0.0,0.076629,1,False
66332,2026-04-25 03:00:00+00:00,519.33,plan_a,estimated_total_footfall,-0.8167406463777092,False,1.213305040808812,False,0.10907599415044589,False,0.38910357040242893,False,,,False,0.8167406463777092,0.17671187675030187,0.07557646175286593,6.322579134189865e-06,0.1302056690804695,0.0,0.0765,0,False
66332,2026-04-21 02:00:00+00:00,516.98,plan_a,estimated_total_footfall,-0.8626760029691426,False,1.2850905055434374,False,0.5592951204798731,False,0.38181633031282997,False,,,False,0.8626760029691426,0.18671823609823834,0.08004796005498419,3.241948593860968e-05,0.11415682211051986,0.0,0.076191,0,False
66333,2026-04-20 22:00:00+00:00,516.98,plan_a,estimated_total_footfall,-0.5738462277461667,False,3.9806677298389808,True,0.1071351294736074,False,0.3317254674917672,False,,,False,0.5738462277461667,0.12380080743929106,0.24795477832556814,6.210077106556363e-06,0.003840628033783086,0.0,0.07512,1,False
66338,2026-04-24 20:00:00+00:00,516.98,plan_a,estimated_total_footfall,-0.5500391851985535,False,1.0606134636852924,False,2301.758263975131,False,0.3558214296499481,False,,,False,0.5500391851985535,0.11861478428806431,0.06606534233085501,0.13342118845770573,0.05690768833584387,0.0,0.075002,0,False
66331,2026-04-21 01:00:00+00:00,516.98,plan_a,estimated_total_footfall,-0.7454531573055616,False,1.03317269352865,False,0.3479362394050805,False,0.39205200998188033,False,7.566904664458249,58.0,False,0.7454531573055616,0.16118291854469532,0.06435606375171865,2.0168089453824692e-05,0.13669908154238308,0.01159205038555309,0.07477,0,False
66338,2026-04-25 19:00:00+00:00,516.98,plan_a,estimated_total_footfall,-0.5500391851985535,False,0.2398072348025992,False,2587.9884930194567,False,0.36983103831854147,False,,,False,0.5500391851985535,0.11861478428806431,0.014937531535381673,0.1500124951684559,0.0877613534911946,0.0,0.074265,0,False
66338,2026-04-22 03:00:00+00:00,516.98,plan_a,estimated_total_footfall,-0.5500391851985535,False,1.217718769656658,False,0.38608473866428294,False,0.41003090422360083,False,,,False,0.5500391851985535,0.11861478428806431,0.07585139179785642,2.237936341282445e-05,0.1762943904421287,0.0,0.074157,0,False
66332,2026-04-25 02:00:00+00:00,521.67,plan_a,estimated_total_footfall,-0.7710007593887945,False,0.9570445399531753,False,0.1842725844831486,False,0.39488038612534354,False,,,False,0.7710007593887945,0.16674809765491025,0.059614060468539516,1.068134200133377e-05,0.14292807569404897,0.0,0.07386,0,False
66332,2026-04-21 05:00:00+00:00,516.98,plan_a,estimated_total_footfall,-0.8626760029691426,False,0.7490145062420374,False,1.4229828596444873,False,0.39081425762726285,False,,,False,0.8626760029691426,0.18671823609823834,0.04665592268998341,8.248305969404069e-05,0.13397315267470336,0.0,0.073486,0,False
66332,2026-04-21 01:00:00+00:00,516.98,plan_a,estimated_total_footfall,-0.8626760029691426,False,1.285090505543421,False,0.5344799314953655,False,0.37468218050501456,False,,,False,0.8626760029691426,0.18671823609823834,0.08004796005498317,3.09810759813461e-05,0.09844512918993902,0.0,0.073048,0,False
66335,2026-04-20 00:00:00+00:00,516.98,plan_a,estimated_total_footfall,-0.7246033845511323,False,0.0,False,0.46321115188982603,False,0.4236996716433721,False,,,False,0.7246033845511323,0.156641094251063,0.0,2.684998827169245e-05,0.20639741351952728,0.0,0.072613,0,False
66333,2026-04-24 03:00:00+00:00,519.33,plan_a,estimated_total_footfall,-0.5077022142478035,False,1.9642695469980491,False,0.36434915306638166,False,0.38909917716049014,False,,,False,0.5077022142478035,0.10939228170025686,0.12235384944255741,2.1119462359058746e-05,0.13019599374842186,0.0,0.072393,0,False
66333,2026-04-22 08:00:00+00:00,516.98,plan_a,estimated_total_footfall,-0.5738462277461667,False,0.0,False,0.49587293787665204,False,0.356945486198203,False,116.03027451351569,1.0,False,0.5738462277461667,0.12380080743929106,0.0,2.8743225442474973e-05,0.05938322246216699,0.1777515177015287,0.072193,0,False
66335,2026-04-20 01:00:00+00:00,516.98,plan_a,estimated_total_footfall,-0.7246033845511323,False,0.0,False,0.5014821969452026,False,0.42186593712354215,False,,,False,0.7246033845511323,0.156641094251063,0.0,2.9068365585558764e-05,0.20235894019760822,0.0,0.071806,0,False
66342,2026-04-20 03:00:00+00:00,519.33,plan_a,estimated_total_footfall,-0.6954872376340298,False,2.2663605206927917,False,0.6199305058834131,False,0.36029363472678005,False,,,False,0.6954872376340298,0.1502985587729739,0.14117101919906577,3.5934210012700696e-05,0.06675692261573947,0.0,0.071652,0,False
66333,2026-04-24 00:00:00+00:00,519.33,plan_a,estimated_total_footfall,-0.5077022142478035,False,1.4757500265349472,False,1.344269515460867,False,0.39893011434430287,False,,,False,0.5077022142478035,0.10939228170025686,0.09192409302351535,7.792044854028639e-05,0.15184688002282767,0.0,0.070648,0,False
66333,2026-04-21 23:00:00+00:00,516.98,plan_a,estimated_total_footfall,-0.5738462277461667,False,0.0,False,0.22909721525971857,False,0.4334973731987753,False,,,False,0.5738462277461667,0.12380080743929106,0.0,1.3279597258625394e-05,0.22797510424833065,0.0,0.070358,0,False
66338,2026-04-20 05:00:00+00:00,516.98,plan_a,estimated_total_footfall,-0.5500391851985535,False,0.8941917782283287,False,0.6161463247652545,False,0.40872677145537,False,,,False,0.5500391851985535,0.11861478428806431,0.055698977960192485,3.5714860331187236e-05,0.17342227054920703,0.0,0.069554,0,False
66331,2026-04-24 02:00:00+00:00,516.98,plan_a,estimated_total_footfall,-0.7454531573055616,False,0.8308392938137299,False,0.11922302750829246,False,0.39115621414671553,False,0.0,18.0,False,0.7454531573055616,0.16118291854469532,0.051752767852866775,6.910750911875074e-06,0.13472625093736465,0.0,0.069534,0,False
66342,2026-04-20 05:00:00+00:00,519.33,plan_a,estimated_total_footfall,-0.6954872376340298,False,0.0734709662586568,False,0.0826703280218999,False,0.37653626874102847,False,57.66600077549006,1.0,False,0.6954872376340298,0.1502985587729739,0.004576487762460758,4.791977327724034e-06,0.10252842794265084,0.08834090241186925,0.06915,0,False
66333,2026-04-24 01:00:00+00:00,516.98,plan_a,estimated_total_footfall,-0.5738462277461667,False,1.1556291432481434,False,0.7586262050894327,False,0.3615124658119025,False,48.79137271918094,1.0,False,0.5738462277461667,0.12380080743929106,0.07198384479386086,4.39736923995616e-05,0.06944118076105113,0.07474549713803476,0.068003,0,False
66333,2026-04-21 08:00:00+00:00,516.98,plan_a,estimated_total_footfall,-0.5738462277461667,False,3.380629781165116,False,0.08258830356562058,False,0.3323829835794052,False,,,False,0.5738462277461667,0.12380080743929106,0.21057856743635256,4.787222788287523e-06,0.005288689980561006,0.0,0.067935,0,False
66333,2026-04-21 09:00:00+00:00,516.98,plan_a,estimated_total_footfall,-0.5738462277461667,False,3.380629781165116,False,1.2307179110344373,False,0.3322903719233441,False,,,False,0.5738462277461667,0.12380080743929106,0.21057856743635256,7.133844110233363e-05,0.005084729320903334,0.0,0.067907,0,False
66338,2026-04-24 01:00:00+00:00,516.98,plan_a,estimated_total_footfall,-0.5500391851985535,False,0.7886915447766354,False,1724.7564253596381,False,0.3623478876228388,False,,,False,0.5500391851985535,0.11861478428806431,0.049127395307683966,0.09997533436640393,0.07128104834249828,0.0,0.0678,0,False
66333,2026-04-21 06:00:00+00:00,516.98,plan_a,estimated_total_footfall,-0.5738462277461667,False,3.3937295949315156,False,0.11352670419920131,False,0.3305520259035937,False,,,False,0.5738462277461667,0.12380080743929106,0.21139455149706823,6.580564098762156e-06,0.0012563321624765084,0.0,0.067292,0,False
66333,2026-04-20 12:00:00+00:00,516.98,plan_a,estimated_total_footfall,-0.5738462277461667,False,0.7186513298719993,False,0.062381121284668016,False,0.3425420052944788,False,91.29439413412268,1.0,False,0.5738462277461667,0.12380080743929106,0.04476460817265809,3.6159154805209445e-06,0.027662123937034915,0.13985761201566038,0.067218,0,False
66342,2026-04-22 02:00:00+00:00,519.33,plan_a,estimated_total_footfall,-0.6954872376340298,False,1.3806277900767334,False,1.2390032322229811,False,0.3749234623745418,False,,,False,0.6954872376340298,0.1502985587729739,0.08599895315865586,7.181869891959906e-05,0.09897650948660212,0.0,0.067069,0,False
66333,2026-04-24 02:00:00+00:00,516.98,plan_a,estimated_total_footfall,-0.5738462277461667,False,1.9324478133103244,False,1.66068490431919,False,0.37035616674242816,False,,,False,0.5738462277461667,0.12380080743929106,0.12037168176166077,9.626143503244597e-05,0.08891785521350744,0.0,0.066637,0,False
66333,2026-04-21 12:00:00+00:00,516.98,plan_a,estimated_total_footfall,-0.5738462277461667,False,0.9701373480287433,False,14.238132700884508,False,0.3433008631625821,False,77.2422477526438,3.0,False,0.5738462277461667,0.12380080743929106,0.06042960814655885,0.0008253119435269505,0.029333373085874546,0.11833055490281211,0.066544,0,False
66338,2026-04-23 01:00:00+00:00,516.98,plan_a,estimated_total_footfall,-0.5500391851985535,False,0.8941917782283401,False,1151.1211366174084,False,0.37069147617615494,False,,,False,0.5500391851985535,0.11861478428806431,0.05569897796019319,0.06672462200311191,0.0896563144550442,0.0,0.066139,0,False
66338,2026-04-24 04:00:00+00:00,516.98,plan_a,estimated_total_footfall,-0.5500391851985535,False,1.217718769656658,False,0.15688614517090438,False,0.39155383753262385,False,,,False,0.5500391851985535,0.11861478428806431,0.07585139179785642,9.093889774984804e-06,0.1356019455478968,0.0,0.066015,0,False
66333,2026-04-20 06:00:00+00:00,516.98,plan_a,estimated_total_footfall,-0.5738462277461667,False,1.8105499580275082,False,0.24664637741228843,False,0.33227796010217675,False,53.228686747335495,1.0,False,0.5738462277461667,0.12380080743929106,0.11277869542460833,1.4296832694456615e-05,0.005057394497831231,0.08154319977495199,0.064639,0,False
66338,2026-04-23 06:00:00+00:00,516.98,plan_a,estimated_total_footfall,-0.5500391851985535,False,0.898130219469244,False,0.6977638536937625,False,0.39717169931793384,False,,,False,0.5500391851985535,0.11861478428806431,0.0559443024612854,4.044581226434834e-05,0.14797428445566152,0.0,0.064515,0,False
66342,2026-04-24 02:00:00+00:00,516.98,plan_a,estimated_total_footfall,-0.7299927301157846,False,1.1974708261389648,False,1.3559391568190422,False,0.3696881727942371,False,0.3372453797382976,2.0,False,0.7299927301157846,0.157815085972729,0.07459015255680042,7.85968781390202e-05,0.08744671764708196,0.0005166399746759887,0.064089,0,False
66333,2026-04-22 16:00:00+00:00,516.98,plan_a,estimated_total_footfall,-0.5738462277461667,False,0.0,False,21.81690893521299,False,0.3438638033340801,False,106.66009265376803,3.0,False,0.5738462277461667,0.12380080743929106,0.0,0.001264614952911105,0.0305731484404019,0.16339695331139215,0.063807,0,False
66333,2026-04-24 06:00:00+00:00,521.67,plan_a,estimated_total_footfall,-0.44183966463667035,False,0.9630833931277518,False,4.175347522658136,False,0.4039693486801008,False,,,False,0.44183966463667035,0.09504506883670853,0.059990219093641176,0.00024202360318016647,0.16294489514330765,0.0,0.063644,0,False
66333,2026-04-21 19:00:00+00:00,516.98,plan_a,estimated_total_footfall,-0.5738462277461667,False,1.8105499580275082,False,0.14760577267007052,False,0.3661771907507172,False,,,False,0.5738462277461667,0.12380080743929106,0.11277869542460833,8.555953907534892e-06,0.07971440571034255,0.0,0.06326,0,False
66338,2026-04-22 06:00:00+00:00,516.98,plan_a,estimated_total_footfall,-0.5500391851985535,False,1.2846498583155057,False,861.117754086761,False,0.36073828086900095,False,,,False,0.5500391851985535,0.11861478428806431,0.08002051225146556,0.049914604826429065,0.06773617646281209,0.0,0.063257,0,False
66331,2026-04-20 05:00:00+00:00,519.33,plan_a,estimated_total_footfall,-0.6335807776892438,False,0.3914841749810262,False,0.16470664957549164,False,0.3997768589654175,False,0.0,60.0,False,0.6335807776892438,0.13681312336695622,0.024385449480686702,9.54720453367574e-06,0.15371168407481609,0.0,0.062984,0,False
66338,2026-04-25 00:00:00+00:00,516.98,plan_a,estimated_total_footfall,-0.5500391851985535,False,1.7656435769984054,False,0.48147432090713854,False,0.36715301506405285,False,,,False,0.5500391851985535,0.11861478428806431,0.10998148839574509,2.7908611044305253e-05,0.08186348476931753,0.0,0.062098,0,False
66338,2026-04-26 00:00:00+00:00,516.98,plan_a,estimated_total_footfall,-0.5500391851985535,False,0.8941917782283401,False,0.014538045531598253,False,0.3912537655539335,False,,,False,0.5500391851985535,0.11861478428806431,0.05569897796019319,8.426963608803338e-07,0.13494109051817915,0.0,0.061851,0,False
66338,2026-04-21 03:00:00+00:00,519.33,plan_a,estimated_total_footfall,0.33743662664759344,False,0.838022431324211,False,0.028360361352720485,False,0.4134105931433528,False,,,False,0.33743662664759344,0.07230236272414091,0.052200203657604353,1.6439055203977914e-06,0.18373755268355815,0.0,0.061648,0,False
66333,2026-04-23 02:00:00+00:00,516.98,plan_a,estimated_total_footfall,-0.5738462277461667,False,0.14766613808457488,False,0.11260322822662516,False,0.37503740919336154,False,48.79137271918094,2.0,False,0.5738462277461667,0.12380080743929106,0.009198086105125526,6.527034906013453e-06,0.09922745703813954,0.07474549713803476,0.061396,0,False
66338,2026-04-21 02:00:00+00:00,516.98,plan_a,estimated_total_footfall,-0.5500391851985535,False,0.8941917782283401,False,0.05486017569873677,False,0.387252952581269,False,,,False,0.5500391851985535,0.11861478428806431,0.05569897796019319,3.1799646189097335e-06,0.12613001329769266,0.0,0.060089,0,False
66338,2026-04-20 01:00:00+00:00,519.33,plan_a,estimated_total_footfall,0.33743662664759344,False,0.0,False,0.9036686450777833,False,0.4331744402865415,False,,,False,0.33743662664759344,0.07230236272414091,0.0,5.238106298357368e-05,0.2272639020886272,0.0,0.059924,0,False
66333,2026-04-21 16:00:00+00:00,516.98,plan_a,estimated_total_footfall,-0.5738462277461667,False,1.4757500265349472,False,0.23104271264353976,False,0.33359832246706106,False,48.79137271918094,1.0,False,0.5738462277461667,0.12380080743929106,0.09192409302351535,1.3392367820657612e-05,0.007965257183617286,0.07474549713803476,0.05969,0,False
66338,2026-04-23 23:00:00+00:00,516.98,plan_a,estimated_total_footfall,-0.5500391851985535,False,0.11807009867725198,False,1151.1803494966257,False,0.37743332832965215,False,,,False,0.5500391851985535,0.11861478428806431,0.007354556353684962,0.06672805427175663,0.10450404173933305,0.0,0.05944,0,False
66333,2026-04-20 14:00:00+00:00,516.98,plan_a,estimated_total_footfall,-0.5738462277461667,False,1.4757500265349472,False,0.030796665252220874,False,0.3316789709101743,False,48.79137271918094,2.0,False,0.5738462277461667,0.12380080743929106,0.09192409302351535,1.7851256332145545e-06,0.0037382276032448952,0.07474549713803476,0.058842,0,False
66333,2026-04-20 13:00:00+00:00,516.98,plan_a,estimated_total_footfall,-0.5738462277461667,False,1.4757500265349472,False,0.040770554298548825,False,0.3310174335310945,False,48.79137271918094,1.0,False,0.5738462277461667,0.12380080743929106,0.09192409302351535,2.36326111813216e-06,0.0022813094790696082,0.07474549713803476,0.058551,0,False
66338,2026-04-21 04:00:00+00:00,516.98,plan_a,estimated_total_footfall,-0.5500391851985535,False,0.8713098261950272,False,0.03125730511192494,False,0.38279649898088425,False,,,False,0.5500391851985535,0.11861478428806431,0.0542736670000378,1.8118265767908656e-06,0.11631546883615673,0.0,0.057841,0,False
66342,2026-04-20 02:00:00+00:00,519.33,plan_a,estimated_total_footfall,-0.6954872376340298,False,0.0,False,0.5988987869592526,False,0.39217189305980293,False,,,False,0.6954872376340298,0.1502985587729739,0.0,3.471510852055537e-05,0.13696310264614944,0.0,0.057459,0,False
66331,2026-04-20 02:00:00+00:00,516.98,plan_a,estimated_total_footfall,-0.7454531573055616,False,0.0,False,0.1033711030490996,False,0.3859999692144746,False,0.0,48.0,False,0.7454531573055616,0.16118291854469532,0.0,5.991895689852448e-06,0.12337054084140882,0.0,0.056912,0,False
66338,2026-04-21 17:00:00+00:00,516.98,plan_a,estimated_total_footfall,-0.5500391851985535,False,1.2720762106276997,False,0.4143471982158442,False,0.36912502106537515,False,,,False,0.5500391851985535,0.11861478428806431,0.07923730294167977,2.4017594065071553e-05,0.08620647637518153,0.0,0.056817,0,False
66338,2026-04-22 02:00:00+00:00,519.33,plan_a,estimated_total_footfall,0.33743662664759344,False,0.4056635535613733,False,0.4074746782709527,False,0.413949846215135,False,,,False,0.33743662664759344,0.07230236272414091,0.025268679358510866,2.361922913114354e-05,0.18492516142441182,0.0,0.056504,0,False
66338,2026-04-25 22:00:00+00:00,516.98,plan_a,estimated_total_footfall,-0.5500391851985535,False,0.7065307663637419,False,0.06420036438510572,False,0.38321333223519083,False,,,False,0.5500391851985535,0.11861478428806431,0.0440096213609373,3.7213677255949748e-06,0.11723346975668363,0.0,0.055972,0,False
66342,2026-04-22 04:00:00+00:00,519.33,plan_a,estimated_total_footfall,-0.6954872376340298,False,0.8220357995405583,False,1.061110503127118,False,0.3653704898971518,False,,,False,0.6954872376340298,0.1502985587729739,0.05120440043836696,6.150716460019356e-05,0.077937790916509,0.0,0.0559,0,False
66333,2026-04-20 15:00:00+00:00,516.98,plan_a,estimated_total_footfall,-0.5738462277461667,False,0.718651329871999,False,0.02084975808993073,False,0.33336254171779733,False,66.50723456576145,3.0,False,0.5738462277461667,0.12380080743929106,0.044764608172658066,1.208554150517119e-06,0.007445992123475452,0.10188514964530761,0.05558,0,False
66338,2026-04-20 18:00:00+00:00,516.98,plan_a,estimated_total_footfall,-0.5500391851985535,False,0.3598109864517675,False,0.7764734176290709,False,0.3913821089779731,False,,,False,0.5500391851985535,0.11861478428806431,0.022412534639850705,4.500820429638585e-05,0.13522374402577403,0.0,0.055259,0,False
66342,2026-04-22 01:00:00+00:00,519.33,plan_a,estimated_total_footfall,-0.6954872376340298,False,0.8773391422245987,False,1.0334965827162075,False,0.3612585591348875,False,,,False,0.6954872376340298,0.1502985587729739,0.05464923155880787,5.99065264546233e-05,0.06888199657692115,0.0,0.054778,0,False
66333,2026-04-20 07:00:00+00:00,516.98,plan_a,estimated_total_footfall,-0.5738462277461667,False,1.8105499580275082,False,0.6881274985519151,False,0.34404150166348224,False,,,False,0.5738462277461667,0.12380080743929106,0.11277869542460833,3.9887241898577e-05,0.030964497326993516,0.0,0.053517,0,False
66338,2026-04-21 16:00:00+00:00,516.98,plan_a,estimated_total_footfall,-0.5500391851985535,False,0.8176245692155164,False,0.37367955223766985,False,0.3732765969823767,False,,,False,0.5500391851985535,0.11861478428806431,0.05092962602572513,2.1660298017477618e-05,0.09534958209927917,0.0,0.052983,0,False
66338,2026-04-20 04:00:00+00:00,516.98,plan_a,estimated_total_footfall,-0.5500391851985535,False,0.8941917782283401,False,0.3751939788733408,False,0.3707686587046757,False,,,False,0.5500391851985535,0.11861478428806431,0.05569897796019319,2.174808160653891e-05,0.08982629521233407,0.0,0.052832,0,False
66338,2026-04-21 18:00:00+00:00,516.98,plan_a,estimated_total_footfall,-0.5500391851985535,False,0.8018153629888762,False,0.4053012309555647,False,0.37181992085228527,False,,,False,0.5500391851985535,0.11861478428806431,0.04994487459921299,2.3493245474037656e-05,0.0921415126506023,0.0,0.052145,0,False
66333,2026-04-21 17:00:00+00:00,516.98,plan_a,estimated_total_footfall,-0.5738462277461667,False,0.4530292114274563,False,8.144169739704576,False,0.33459901929995234,False,61.21767650176819,2.0,False,0.5738462277461667,0.12380080743929106,0.028219074114745488,0.0004720759875957195,0.010169113532100683,0.09378185955324081,0.051289,0,False
66338,2026-04-22 01:00:00+00:00,516.98,plan_a,estimated_total_footfall,-0.5500391851985535,False,0.8941917782283401,False,1.347933869934234,False,0.3662847703848579,False,,,False,0.5500391851985535,0.11861478428806431,0.05569897796019319,7.813285248227229e-05,0.0799513306729044,0.0,0.050869,0,False
66333,2026-04-22 23:00:00+00:00,516.98,plan_a,estimated_total_footfall,-0.5738462277461667,False,1.6129146803310506,False,0.1629083008476334,False,0.3421586299354714,False,,,False,0.5738462277461667,0.12380080743929106,0.10046804434886042,9.442963428826669e-06,0.02681780806530441,0.0,0.050219,0,False
66338,2026-04-26 14:00:00+00:00,516.98,plan_a,estimated_total_footfall,-0.5500391851985535,False,0.8941917782283401,False,0.33735248266197043,False,0.3642767745064517,False,,,False,0.5500391851985535,0.11861478428806431,0.05569897796019319,1.955460304862143e-05,0.0755290777798198,0.0,0.049972,0,False
66338,2026-04-21 00:00:00+00:00,516.98,plan_a,estimated_total_footfall,-0.5500391851985535,False,0.42805202161803557,False,0.2148249804296441,False,0.37625417676427386,False,,,False,0.5500391851985535,0.11861478428806431,0.0266632513275366,1.2452308588577386e-05,0.10190717066133154,0.0,0.04944,0,False
66333,2026-04-22 21:00:00+00:00,516.98,plan_a,estimated_total_footfall,-0.5738462277461667,False,0.24742296439014608,False,0.9552276983197096,False,0.34465692102118645,False,48.79137271918094,1.0,False,0.5738462277461667,0.12380080743929106,0.015411913390343491,5.536967836815007e-05,0.03231984873201124,0.07474549713803476,0.049267,0,False
66338,2026-04-21 14:00:00+00:00,516.98,plan_a,estimated_total_footfall,-0.5500391851985535,False,0.6744907594765961,False,0.27931201550530943,False,0.36749899275907066,False,,,False,0.5500391851985535,0.11861478428806431,0.04201385749808074,1.619029315219096e-05,0.08262543895417854,0.0,0.048654,0,False
66338,2026-04-20 02:00:00+00:00,516.98,plan_a,estimated_total_footfall,-0.5500391851985535,False,0.0,False,0.4776589121931026,False,0.3862249190221628,False,,,False,0.5500391851985535,0.11861478428806431,0.0,2.7687451258307818e-05,0.12386595268390604,0.0,0.048502,0,False
66338,2026-04-26 18:00:00+00:00,516.98,plan_a,estimated_total_footfall,-0.5500391851985535,False,0.9057515771739405,False,0.02174078804114767,False,0.36017122169491433,False,,,False,0.5500391851985535,0.11861478428806431,0.056419034890230015,1.260202612870184e-06,0.06648732973950851,0.0,0.048304,0,False
66338,2026-04-26 01:00:00+00:00,516.98,plan_a,estimated_total_footfall,-0.5500391851985535,False,0.8941917782283069,False,0.014538045531598253,False,0.36022035467719876,False,,,False,0.5500391851985535,0.11861478428806431,0.055698977960191125,8.426963608803338e-07,0.06659553637249505,0.0,0.048182,0,False
66333,2026-04-20 17:00:00+00:00,516.98,plan_a,estimated_total_footfall,-0.5738462277461667,False,1.8105499580275082,False,0.0010178624215491255,False,0.33191817290608433,False,,,False,0.5738462277461667,0.12380080743929106,0.11277869542460833,5.900029386013313e-08,0.004265027349111107,0.0,0.048169,0,False
66333,2026-04-21 18:00:00+00:00,516.98,plan_a,estimated_total_footfall,-0.5738462277461667,False,1.8105499580275082,False,6.164031755433484,False,0.3307793772021079,False,,,False,0.5738462277461667,0.12380080743929106,0.11277869542460833,0.0003572974866095058,0.001757032860328023,0.0,0.047739,0,False
66338,2026-04-21 01:00:00+00:00,516.98,plan_a,estimated_total_footfall,-0.5500391851985535,False,0.6390845588115678,False,0.41294843849128643,False,0.36595482246609157,False,,,False,0.5500391851985535,0.11861478428806431,0.03980841428275294,2.3936515096989573e-05,0.0792246792121007,0.0,0.047534,0,False
66338,2026-04-23 21:00:00+00:00,516.98,plan_a,estimated_total_footfall,-0.5500391851985535,False,0.3896871849627158,False,0.047737729414738445,False,0.3726534058791582,False,,,False,0.5500391851985535,0.11861478428806431,0.024273515430451004,2.7671127296344083e-06,0.09397711481048172,0.0,0.047374,0,False
66338,2026-04-24 03:00:00+00:00,516.98,plan_a,estimated_total_footfall,-0.5500391851985535,False,0.8941917782283401,False,0.15361899837061835,False,0.3577380206534898,False,,,False,0.5500391851985535,0.11861478428806431,0.05569897796019319,8.904509936197065e-06,0.06112863828968511,0.0,0.04709,0,False
66333,2026-04-22 05:00:00+00:00,516.98,plan_a,estimated_total_footfall,-0.5738462277461667,False,0.0,False,0.019766365839660398,False,0.3804004334917151,False,,,False,0.5738462277461667,0.12380080743929106,0.0,1.1457554266635972e-06,0.1110385618188432,0.0,0.046968,0,False
66342,2026-04-20 01:00:00+00:00,516.98,plan_a,estimated_total_footfall,-0.7299927301157846,False,0.0,False,0.808981579761045,False,0.3647063966970462,False,,,False,0.7299927301157846,0.157815085972729,0.0,4.6892536675726724e-05,0.07647524405223162,0.0,0.046867,0,False
66338,2026-04-26 21:00:00+00:00,516.98,plan_a,estimated_total_footfall,-0.5500391851985535,False,0.8941917782283401,False,0.6747764096484966,False,0.3566538164713836,False,,,False,0.5500391851985535,0.11861478428806431,0.05569897796019319,3.9113347360398064e-05,0.058740871894059285,0.0,0.046619,0,False
66342,2026-04-20 00:00:00+00:00,521.67,plan_a,estimated_total_footfall,-0.6611285770351776,False,0.0,False,0.41055419159291306,False,0.36876917278533217,False,,,False,0.6611285770351776,0.14281401679534578,0.0,2.3797732814053193e-05,0.08542278398674481,0.0,0.045652,0,False
66333,2026-04-22 20:00:00+00:00,516.98,plan_a,estimated_total_footfall,-0.5738462277461667,False,1.2210378905545418,False,3.6162686768545016,False,0.3413820615859458,False,,,False,0.5738462277461667,0.12380080743929106,0.07605813899263016,0.00020961665358161852,0.025107554738941353,0.0,0.045035,0,False
66338,2026-04-22 13:00:00+00:00,516.98,plan_a,estimated_total_footfall,-0.5500391851985535,False,0.44821885842800896,False,0.6742051093046939,False,0.36368666478178296,False,,,False,0.5500391851985535,0.11861478428806431,0.027919438452440676,3.9080231992885574e-05,0.0742294663288118,0.0,0.044161,0,False
66333,2026-04-22 17:00:00+00:00,516.98,plan_a,estimated_total_footfall,-0.5738462277461667,False,0.0,False,17.195263641363095,False,0.3391134262000895,False,48.79137271918094,1.0,False,0.5738462277461667,0.12380080743929106,0.0,0.000996721743886407,0.020111289803168637,0.07474549713803476,0.043931,0,False
66333,2026-04-20 09:00:00+00:00,516.98,plan_a,estimated_total_footfall,-0.5738462277461667,False,1.4757500265349472,False,0.6958420953245348,False,0.3306087269030966,False,,,False,0.5738462277461667,0.12380080743929106,0.09192409302351535,4.033441773193203e-05,0.0013812060039962752,0.0,0.043429,0,False
66333,2026-04-22 14:00:00+00:00,516.98,plan_a,estimated_total_footfall,-0.5738462277461667,False,0.0,False,22.52331903345438,False,0.3312414031368444,False,48.79137271918094,1.0,False,0.5738462277461667,0.12380080743929106,0.0,0.001305561943879271,0.0027745626015694544,0.07474549713803476,0.040525,0,False
66338,2026-04-25 23:00:00+00:00,516.98,plan_a,estimated_total_footfall,-0.5500391851985535,False,0.1796518029275372,False,0.04099037894821401,False,0.3599513397212555,False,,,False,0.5500391851985535,0.11861478428806431,0.011190465015900241,2.3760032320498814e-06,0.06600307889785748,0.0,0.039162,0,False
66333,2026-04-20 08:00:00+00:00,516.98,plan_a,estimated_total_footfall,-0.5738462277461667,False,0.7186513298719986,False,0.02732736230852421,False,0.3423132111594919,False,,,False,0.5738462277461667,0.12380080743929106,0.044764608172658045,1.5840278337139084e-06,0.02715824564911252,0.0,0.039145,0,False
66338,2026-04-26 22:00:00+00:00,516.98,plan_a,estimated_total_footfall,-0.5500391851985535,False,0.0,False,0.6918491233352657,False,0.3647053654371124,False,,,False,0.5500391851985535,0.11861478428806431,0.0,4.0102965508375524e-05,0.07647297288610287,0.0,0.039026,0,False
66333,2026-04-22 03:00:00+00:00,516.98,plan_a,estimated_total_footfall,-0.5738462277461667,False,0.0,False,0.40110079265279275,False,0.36227799716437,False,,,False,0.5738462277461667,0.12380080743929106,0.0,2.324976748628787e-05,0.07112712706930915,0.0,0.03899,0,False
66338,2026-04-20 03:00:00+00:00,516.98,plan_a,estimated_total_footfall,-0.5500391851985535,False,0.0,False,0.42663513307919293,False,0.3582745459739486,False,,,False,0.5500391851985535,0.11861478428806431,0.0,2.4729862985235003e-05,0.06231023964461179,0.0,0.03619,0,False
66333,2026-04-20 04:00:00+00:00,516.98,plan_a,estimated_total_footfall,-0.5738462277461667,False,0.0,False,0.4813563235578543,False,0.34809223475533535,False,,,False,0.5738462277461667,0.12380080743929106,0.0,2.7901771339709528e-05,0.03988551470915021,0.0,0.032743,0,False
66333,2026-04-20 19:00:00+00:00,516.98,plan_a,estimated_total_footfall,-0.5738462277461667,False,0.0,False,0.2825180728325768,False,0.3476781101540436,False,,,False,0.5738462277461667,0.12380080743929106,0.0,1.6376131945761236e-05,0.03897347911393099,0.0,0.032558,0,False
66333,2026-04-20 05:00:00+00:00,516.98,plan_a,estimated_total_footfall,-0.5738462277461667,False,0.0,False,0.3137103358430735,False,0.34691027762878796,False,,,False,0.5738462277461667,0.12380080743929106,0.0,1.818418836362266e-05,0.0372824648829101,0.0,0.03222,0,False
66333,2026-04-20 03:00:00+00:00,516.98,plan_a,estimated_total_footfall,-0.5738462277461667,False,0.0,False,0.4195532618652808,False,0.34333075695313753,False,,,False,0.5738462277461667,0.12380080743929106,0.0,2.4319363025854917e-05,0.029399208829458748,0.0,0.030645,0,False
66333,2026-04-22 07:00:00+00:00,516.98,plan_a,estimated_total_footfall,-0.5738462277461667,False,0.0,False,2.5620597575959287,False,0.3406387934797612,False,,,False,0.5738462277461667,0.12380080743929106,0.0,0.00014850953860279204,0.023470639261046478,0.0,0.029484,0,False
66333,2026-04-20 01:00:00+00:00,516.98,plan_a,estimated_total_footfall,-0.5738462277461667,False,0.0,False,0.5684211518041647,False,0.33529002022878973,False,,,False,0.5738462277461667,0.12380080743929106,0.0,3.2948475435137626e-05,0.011690919871215644,0.0,0.027105,0,False
66333,2026-04-22 10:00:00+00:00,516.98,plan_a,estimated_total_footfall,-0.5738462277461667,False,0.0,False,5.0958083078904055,False,0.33491904167893455,False,,,False,0.5738462277461667,0.12380080743929106,0.0,0.00029537802089487107,0.010873905761270583,0.0,0.026994,0,False
66333,2026-04-20 21:00:00+00:00,516.98,plan_a,estimated_total_footfall,-0.5738462277461667,False,0.0,False,0.10379928968795309,False,0.33498208618811903,False,,,False,0.5738462277461667,0.12380080743929106,0.0,6.01671548571532e-06,0.011012750051805418,0.0,0.026964,0,False
66333,2026-04-22 06:00:00+00:00,516.98,plan_a,estimated_total_footfall,-0.5738462277461667,False,0.0,False,0.8960471545441133,False,0.33246513694596125,False,,,False,0.5738462277461667,0.12380080743929106,0.0,5.193928404408362e-05,0.005469618122314679,0.0,0.025864,0,False
66333,2026-04-21 20:00:00+00:00,516.98,plan_a,estimated_total_footfall,-0.5738462277461667,False,0.0,False,1.1042978020496717,False,0.3305571774010966,False,,,False,0.5738462277461667,0.12380080743929106,0.0,6.4010512079687e-05,0.0012676774172057127,0.0,0.025026,0,False
66333,2026-04-20 20:00:00+00:00,516.98,plan_a,estimated_total_footfall,-0.5738462277461667,False,0.0,False,0.46949130890455565,False,0.32998156784405874,False,,,False,0.5738462277461667,0.12380080743929106,0.0,2.721401694738803e-05,0.0,0.0,0.024766,0,False
