facility_num,hour_start,window_size,matrix_profile_distance,matrix_profile_robust_z
66330,2026-04-20 03:00:00+00:00,6,0.2715996124477067,1.0957646183233873
66330,2026-04-20 04:00:00+00:00,6,0.42968017293177496,0.7167820834803974
66330,2026-04-20 05:00:00+00:00,6,0.6070912738573109,0.2914564866318126
66330,2026-04-20 06:00:00+00:00,6,1.0673124835409704,0.8118784212172683
66330,2026-04-20 07:00:00+00:00,6,0.7291450716720954,0.001155442003920263
66330,2026-04-20 08:00:00+00:00,6,0.7710336376879059,0.10157914293841756
66330,2026-04-20 09:00:00+00:00,6,1.0100055720745649,0.6744907594765952
66330,2026-04-20 10:00:00+00:00,6,1.1890787483103848,1.1038010177678175
66330,2026-04-20 11:00:00+00:00,6,1.4246419402799984,1.6685405109412825
66330,2026-04-20 12:00:00+00:00,6,1.3050283904685915,1.3817788359428957
66330,2026-04-20 13:00:00+00:00,6,1.5389241933414624,1.9425209283953733
66330,2026-04-20 14:00:00+00:00,6,1.139461699973746,0.9848490435815817
66330,2026-04-20 15:00:00+00:00,6,1.052581484030125,0.7765623044329173
66330,2026-04-20 16:00:00+00:00,6,1.1070002807350174,0.9070259962061
66330,2026-04-20 17:00:00+00:00,6,0.8976737498046914,0.4051863072592754
66330,2026-04-20 18:00:00+00:00,6,0.7390663407806803,0.024940705062940785
66330,2026-04-20 19:00:00+00:00,6,0.7168779372360125,0.028253801546395927
66330,2026-04-20 20:00:00+00:00,6,0.6046843517288651,0.29722684477461525
66330,2026-04-20 21:00:00+00:00,6,0.8256043476096359,0.23240703164901613
66330,2026-04-20 22:00:00+00:00,6,0.640839755109179,0.2105478351646822
66330,2026-04-20 23:00:00+00:00,6,0.40006692569691854,0.7877769197058745
66330,2026-04-21 00:00:00+00:00,6,0.6630879986522559,0.1572098680677777
66330,2026-04-21 01:00:00+00:00,6,0.44843252877748657,0.6718251619530234
66330,2026-04-21 02:00:00+00:00,6,1.2237676822345613,1.1869643116562543
66330,2026-04-21 03:00:00+00:00,6,0.42444943038833705,0.7293222722433474
66330,2026-04-21 04:00:00+00:00,6,0.2332117585875237,1.1877957075260388
66330,2026-04-21 05:00:00+00:00,6,0.2748606850528293,1.0879465187518025
66330,2026-04-21 06:00:00+00:00,6,0.9320002009939028,0.48748058458227744
66330,2026-04-21 07:00:00+00:00,6,0.9631476616306773,0.5621535459502044
66330,2026-04-21 08:00:00+00:00,6,1.0588796532422586,0.7916615432360654
66330,2026-04-21 09:00:00+00:00,6,0.9301359627773468,0.48301125753347324
66330,2026-04-21 10:00:00+00:00,6,0.7307204059403084,0.004932150363026541
66330,2026-04-21 11:00:00+00:00,6,0.806655670231027,0.18697944863136265
66330,2026-04-21 12:00:00+00:00,6,0.43685739261610934,0.6995754079678306
66330,2026-04-21 13:00:00+00:00,6,0.887651587244248,0.38115916211167106
66330,2026-04-21 14:00:00+00:00,6,0.8648316550849257,0.3264506280060076
66330,2026-04-21 15:00:00+00:00,6,1.5440430647003347,1.9547929170395186
66330,2026-04-21 16:00:00+00:00,6,0.31360213458983277,0.9950677188281074
66330,2026-04-21 17:00:00+00:00,6,1.151552043150478,1.013834447544021
66330,2026-04-21 18:00:00+00:00,6,0.606796130412696,0.2921640638977328
66330,2026-04-21 19:00:00+00:00,6,0.4135747355999416,0.7553932792282025
66330,2026-04-21 20:00:00+00:00,6,0.7204663911046922,0.01965083772114773
66330,2026-04-21 21:00:00+00:00,6,0.43049044706348977,0.7148395312562994
66330,2026-04-21 22:00:00+00:00,6,0.5223813535952642,0.4945401561794892
66330,2026-04-21 23:00:00+00:00,6,0.29955303972329017,1.0287490365591927
66330,2026-04-22 00:00:00+00:00,6,0.6216174311001547,0.25663145895881406
66330,2026-04-22 01:00:00+00:00,6,1.4504692849592868,1.730459019610834
66330,2026-04-22 02:00:00+00:00,6,1.3580507562346087,1.508894722424096
66330,2026-04-22 03:00:00+00:00,6,0.8963267042236537,0.4019568984863848
66330,2026-04-22 04:00:00+00:00,6,0.4225022086572287,0.7339905440744761
66330,2026-04-22 05:00:00+00:00,6,0.2748606850528293,1.0879465187518025
66330,2026-04-22 06:00:00+00:00,6,0.5310428990700471,0.47377495614705456
66330,2026-04-22 07:00:00+00:00,6,0.731787335246728,0.007490008026277467
66330,2026-04-22 08:00:00+00:00,6,1.0095647146789573,0.6734338474010051
66330,2026-04-22 09:00:00+00:00,6,1.044098689022783,0.7562256409963023
66330,2026-04-22 10:00:00+00:00,6,1.2654322822910096,1.2868510763176404
66330,2026-04-22 11:00:00+00:00,6,0.43685739261610934,0.6995754079678306
66330,2026-04-22 12:00:00+00:00,6,1.0588796532422586,0.7916615432360654
66330,2026-04-22 13:00:00+00:00,6,0.9301359627773468,0.48301125753347324
66330,2026-04-22 14:00:00+00:00,6,0.9456665512134,0.5202443098143821
66330,2026-04-22 15:00:00+00:00,6,1.2473049565797558,1.2433926028219837
66330,2026-04-22 16:00:00+00:00,6,0.6103456662790635,0.2836544021402541
66330,2026-04-22 17:00:00+00:00,6,0.8671676543064845,0.33205095548249597
66330,2026-04-22 18:00:00+00:00,6,0.27887435432445823,1.0783241429838684
66330,2026-04-22 19:00:00+00:00,6,0.2644703993684569,1.1128562027404492
66330,2026-04-22 20:00:00+00:00,6,0.5525430403708771,0.42223049030811793
66330,2026-04-22 21:00:00+00:00,6,0.4243995879676524,0.7294417645254847
66330,2026-04-22 22:00:00+00:00,6,0.44843252877748657,0.6718251619530234
66330,2026-04-22 23:00:00+00:00,6,0.6973894094910792,0.0749756225123401
66330,2026-04-23 00:00:00+00:00,6,1.6801817883692165,2.2811720646610376
66330,2026-04-23 01:00:00+00:00,6,1.1497603480489382,1.0095390354505416
66330,2026-04-23 02:00:00+00:00,6,1.1220861591722948,0.9431929001757301
66330,2026-04-23 03:00:00+00:00,6,0.606796130412696,0.2921640638977328
66330,2026-04-23 04:00:00+00:00,6,0.2715996124477067,1.0957646183233873
66330,2026-04-23 05:00:00+00:00,6,0.5873195670085939,0.3388572015378965
66330,2026-04-23 06:00:00+00:00,6,0.39481345224944264,0.8003716035667999
66330,2026-04-23 07:00:00+00:00,6,0.2987447627943816,1.030686800686767
66330,2026-04-23 08:00:00+00:00,6,0.49448870917882953,0.5614100170405906
66330,2026-04-23 09:00:00+00:00,6,0.45098240370219217,0.6657120885963858
66330,2026-04-23 10:00:00+00:00,6,0.6900170988651803,0.09265000929397524
66330,2026-04-23 11:00:00+00:00,6,0.2332117585875237,1.1877957075260388
66330,2026-04-23 12:00:00+00:00,6,0.2930890896673254,1.0442457185661806
66330,2026-04-23 13:00:00+00:00,6,0.5310428990700471,0.47377495614705456
66330,2026-04-23 14:00:00+00:00,6,0.731787335246728,0.007490008026277467
66330,2026-04-23 15:00:00+00:00,6,1.151475276116029,1.0136504061589275
66330,2026-04-23 16:00:00+00:00,6,0.31360213458983277,0.9950677188281074
66330,2026-04-23 17:00:00+00:00,6,1.1083420666532116,0.9102427954566638
66330,2026-04-23 18:00:00+00:00,6,0.6508634121997885,0.18651710702857502
66330,2026-04-23 19:00:00+00:00,6,0.5456573166743204,0.4387383329723809
66330,2026-04-23 20:00:00+00:00,6,0.27887435432445823,1.0783241429838684
66330,2026-04-23 21:00:00+00:00,6,0.2644703993684569,1.1128562027404492
66330,2026-04-23 22:00:00+00:00,6,0.37200093910095805,0.8550623513265351
66330,2026-04-23 23:00:00+00:00,6,0.4247771013085106,0.7285367135665473
66330,2026-04-24 00:00:00+00:00,6,0.29955303972329017,1.0287490365591927
66330,2026-04-24 01:00:00+00:00,6,0.6216174311001547,0.25663145895881406
66330,2026-04-24 02:00:00+00:00,6,1.2912755122203472,1.348807668305671
66330,2026-04-24 03:00:00+00:00,6,1.192459954408709,1.1119071255273396
66330,2026-04-24 04:00:00+00:00,6,0.9234318489278271,0.4669388065452759
66330,2026-04-24 05:00:00+00:00,6,0.532522782909943,0.47022708076503716
66330,2026-04-24 06:00:00+00:00,6,0.3205671512789179,0.9783697790436692
66330,2026-04-24 07:00:00+00:00,6,0.6504462481136887,0.18751721673410393
66330,2026-04-24 08:00:00+00:00,6,0.45098240370219217,0.6657120885963858
66330,2026-04-24 09:00:00+00:00,6,1.151475276116029,1.0136504061589275
66330,2026-04-24 10:00:00+00:00,6,1.1374826397021387,0.9801044419933531
66330,2026-04-24 11:00:00+00:00,6,0.9400195495741133,0.5067061809706708
66330,2026-04-24 12:00:00+00:00,6,1.0301475726643894,0.7227792170640795
66330,2026-04-24 13:00:00+00:00,6,0.8190499131105231,0.21669342212403953
66330,2026-04-24 14:00:00+00:00,6,1.7722492182790432,2.501894637106762
66330,2026-04-24 15:00:00+00:00,6,1.2004801736724033,1.1311348092934137
66330,2026-04-24 16:00:00+00:00,6,1.0754786909764802,0.8314560972103583
66330,2026-04-24 17:00:00+00:00,6,0.6630879986522559,0.1572098680677777
66330,2026-04-24 18:00:00+00:00,6,0.9542031909909375,0.5407100607708933
66330,2026-04-24 19:00:00+00:00,6,1.0718191205052554,0.8226826383525812
66330,2026-04-24 20:00:00+00:00,6,0.8256043476096359,0.23240703164901613
66330,2026-04-24 21:00:00+00:00,6,0.4243995879676524,0.7294417645254847
66330,2026-04-24 22:00:00+00:00,6,0.6255790404174638,0.24713389179094752
66330,2026-04-24 23:00:00+00:00,6,0.6150615585803849,0.27234851599632526
66330,2026-04-25 00:00:00+00:00,6,1.0518840934069331,0.7748903792743544
66330,2026-04-25 01:00:00+00:00,6,0.7286631156377303,0.0
66330,2026-04-25 02:00:00+00:00,6,1.192459954408709,1.1119071255273396
66330,2026-04-25 03:00:00+00:00,6,0.887651587244248,0.38115916211167106
66330,2026-04-25 04:00:00+00:00,6,1.014210005259549,0.6845704728907179
66330,2026-04-25 05:00:00+00:00,6,0.9528500976942723,0.5374661531969389
66330,2026-04-25 06:00:00+00:00,6,0.6738569825958126,0.13139229239550576
66330,2026-04-25 07:00:00+00:00,6,0.7307204059403084,0.004932150363026541
66330,2026-04-25 08:00:00+00:00,6,0.7018954159913828,0.06417291685217028
66330,2026-04-25 09:00:00+00:00,6,0.6892578651100874,0.09447019725486287
66330,2026-04-25 10:00:00+00:00,6,0.550841382597159,0.4263100467984554
66330,2026-04-25 11:00:00+00:00,6,0.7403792261433375,0.028088218085253337
66330,2026-04-25 12:00:00+00:00,6,0.7523771351857893,0.05685202033772744
66330,2026-04-25 13:00:00+00:00,6,0.4196441720026409,0.7408424047505332
66330,2026-04-25 14:00:00+00:00,6,0.49448870917882953,0.5614100170405906
66330,2026-04-25 15:00:00+00:00,6,1.4059569503287157,1.6237450924940753
66330,2026-04-25 16:00:00+00:00,6,0.5518366194203121,0.42392406478490047
66330,2026-04-25 17:00:00+00:00,6,1.1531332383896673,1.0176252070023293
66330,2026-04-25 18:00:00+00:00,6,0.8297266985797614,0.24228996105783554
66330,2026-04-25 19:00:00+00:00,6,0.8596385055878109,0.31400056485966954
66330,2026-04-25 20:00:00+00:00,6,0.958491625650244,0.5509911594253754
66330,2026-04-25 21:00:00+00:00,6,0.9446405625580446,0.5177846033195665
66330,2026-04-25 22:00:00+00:00,6,0.4135747355999416,0.7553932792282025
66330,2026-04-25 23:00:00+00:00,6,0.43049044706348977,0.7148395312562994
66330,2026-04-26 00:00:00+00:00,6,0.3545421419219806,0.8969180936767488
66330,2026-04-26 01:00:00+00:00,6,0.5297259656559639,0.4769321739729554
66330,2026-04-26 02:00:00+00:00,6,1.1676806176205612,1.0525011122962131
66330,2026-04-26 03:00:00+00:00,6,1.382899528199813,1.5684671996361672
66330,2026-04-26 04:00:00+00:00,6,0.7710336376879059,0.10157914293841756
66330,2026-04-26 05:00:00+00:00,6,0.9750679681636064,0.5907313038485906
66330,2026-04-26 06:00:00+00:00,6,0.325652774454185,0.9661774996367827
66330,2026-04-26 07:00:00+00:00,6,0.6585153887647458,0.16817224877233836
66330,2026-04-26 08:00:00+00:00,6,0.39481345224944264,0.8003716035667999
66330,2026-04-26 09:00:00+00:00,6,0.2987447627943816,1.030686800686767
66330,2026-04-26 10:00:00+00:00,6,0.550841382597159,0.4263100467984554
66330,2026-04-26 11:00:00+00:00,6,0.9062042494799187,0.42563733792677344
66330,2026-04-26 12:00:00+00:00,6,0.7523771351857893,0.05685202033772744
66330,2026-04-26 13:00:00+00:00,6,1.3309341995911383,1.4438854553675586
66330,2026-04-26 14:00:00+00:00,6,1.2912755122203472,1.348807668305671
66330,2026-04-26 15:00:00+00:00,6,0.9001061826183575,0.41101782475096194
66330,2026-04-26 16:00:00+00:00,6,0.6508634121997885,0.18651710702857502
66330,2026-04-26 17:00:00+00:00,6,0.37200093910095805,0.8550623513265351
66330,2026-04-26 18:00:00+00:00,6,0.3545421419219806,0.8969180936767488
66330,2026-04-26 19:00:00+00:00,6,0.5297259656559639,0.4769321739729554
66330,2026-04-26 20:00:00+00:00,6,1.0718191205052554,0.8226826383525812
66330,2026-04-26 21:00:00+00:00,6,0.5518366194203121,0.42392406478490047
66330,2026-04-20 06:00:00+00:00,12,0.8642742084459851,0.6796374675876614
66330,2026-04-20 07:00:00+00:00,12,1.2287721901310664,0.02745647661869803
66330,2026-04-20 08:00:00+00:00,12,1.4011830962550378,0.28103114542508345
66330,2026-04-20 09:00:00+00:00,12,1.612539336258259,0.6592020242198745
66330,2026-04-20 10:00:00+00:00,12,1.8972474099901884,1.1686182706554422
66330,2026-04-20 11:00:00+00:00,12,2.169826541974693,1.656332708999588
66330,2026-04-20 12:00:00+00:00,12,2.6135264301937418,2.4502263581598442
66330,2026-04-20 13:00:00+00:00,12,2.6894171378271654,2.58601442667229
66330,2026-04-20 14:00:00+00:00,12,2.6958142118784862,2.5974604436702573
66330,2026-04-20 15:00:00+00:00,12,1.8789830284209112,1.1359385767481716
66330,2026-04-20 16:00:00+00:00,12,1.6383351233817933,0.7053573470320218
66330,2026-04-20 17:00:00+00:00,12,1.6067966071869835,0.6489267993221779
66330,2026-04-20 18:00:00+00:00,12,1.2279668018343934,0.028897524206974674
66330,2026-04-20 19:00:00+00:00,12,1.0043220346714195,0.4290557505956979
66330,2026-04-20 20:00:00+00:00,12,1.004413660508956,0.4288918083174809
66330,2026-04-20 21:00:00+00:00,12,0.968069104001354,0.4939216029129814
66330,2026-04-20 22:00:00+00:00,12,0.9358690653131526,0.5515357851474771
66330,2026-04-20 23:00:00+00:00,12,0.7664481401851214,0.8546735592719487
66330,2026-04-21 00:00:00+00:00,12,1.1278657554789113,0.20800413902920017
66330,2026-04-21 01:00:00+00:00,12,1.0425921721118305,0.3605805945879211
66330,2026-04-21 02:00:00+00:00,12,0.7919417153138257,0.8090589717400347
66330,2026-04-21 03:00:00+00:00,12,1.2650972122078974,0.037538365836987185
66330,2026-04-21 04:00:00+00:00,12,1.1364140179219884,0.19270909063026156
66330,2026-04-21 05:00:00+00:00,12,1.3069586561280333,0.1124392962975943
66330,2026-04-21 06:00:00+00:00,12,1.244117363403949,0.0
66330,2026-04-21 07:00:00+00:00,12,1.3591349639406924,0.20579618123025636
66330,2026-04-21 08:00:00+00:00,12,1.3860958095811082,0.25403609450999376
66330,2026-04-21 09:00:00+00:00,12,1.3776409471278668,0.23890816280576457
66330,2026-04-21 10:00:00+00:00,12,1.5314529199784483,0.5141174915730556
66330,2026-04-21 11:00:00+00:00,12,1.6746705596427627,0.7703708231517402
66330,2026-04-21 12:00:00+00:00,12,1.7597389535674308,0.9225801418246259
66330,2026-04-21 13:00:00+00:00,12,2.0505081292198266,1.4428412643787913
66330,2026-04-21 14:00:00+00:00,12,1.9975833655875619,1.348145198757473
66330,2026-04-21 15:00:00+00:00,12,2.3026161232394657,1.8939275519099559
66330,2026-04-21 16:00:00+00:00,12,2.213927803104165,1.7352412506969457
66330,2026-04-21 17:00:00+00:00,12,1.8492285029144324,1.0827000489491547
66330,2026-04-21 18:00:00+00:00,12,1.6693727203954454,0.7608916210054445
66330,2026-04-21 19:00:00+00:00,12,1.5442995095790193,0.5371033569475054
66330,2026-04-21 20:00:00+00:00,12,1.089205501040624,0.27717731506192334
66330,2026-04-21 21:00:00+00:00,12,1.0920776276492428,0.27203833906776925
66330,2026-04-21 22:00:00+00:00,12,0.7664481401851214,0.8546735592719487
66330,2026-04-21 23:00:00+00:00,12,0.9425198357841787,0.5396358397583461
66330,2026-04-22 00:00:00+00:00,12,0.8154547793305452,0.7669880298921599
66330,2026-04-22 01:00:00+00:00,12,0.8318875174368888,0.7375856190119043
66330,2026-04-22 02:00:00+00:00,12,0.6985842275653231,0.9760996192429762
66330,2026-04-22 03:00:00+00:00,12,1.1319956144992351,0.2006147550441773
66330,2026-04-22 04:00:00+00:00,12,0.8390054358913771,0.724849825277674
66330,2026-04-22 05:00:00+00:00,12,1.2568763339846887,0.022829092327539723
66330,2026-04-22 06:00:00+00:00,12,1.1493577835124917,0.16954935232208654
66330,2026-04-22 07:00:00+00:00,12,1.2287721901310664,0.02745647661869803
66330,2026-04-22 08:00:00+00:00,12,1.1551305229808295,0.15922043107631967
66330,2026-04-22 09:00:00+00:00,12,1.2294890451083356,0.026173837995309573
66330,2026-04-22 10:00:00+00:00,12,1.6544435284984151,0.7341794424612484
66330,2026-04-22 11:00:00+00:00,12,1.5278711871091153,0.5077088467808166
66330,2026-04-22 12:00:00+00:00,12,1.3860958095811082,0.25403609450999376
66330,2026-04-22 13:00:00+00:00,12,2.281983669977905,1.857010766384731
66330,2026-04-22 14:00:00+00:00,12,2.2718166707835534,1.8388193800316466
66330,2026-04-22 15:00:00+00:00,12,2.213927803104165,1.7352412506969457
66330,2026-04-22 16:00:00+00:00,12,1.8492285029144324,1.0827000489491547
66330,2026-04-22 17:00:00+00:00,12,1.6693727203954454,0.7608916210054445
66330,2026-04-22 18:00:00+00:00,12,1.105440319770045,0.24812903304344258
66330,2026-04-22 19:00:00+00:00,12,0.8213902489226566,0.7563679424432429
66330,2026-04-22 20:00:00+00:00,12,0.813650992746131,0.770215469771748
66330,2026-04-22 21:00:00+00:00,12,0.46153330347077653,1.4002449214237198
66330,2026-04-22 22:00:00+00:00,12,0.604593118486815,1.144273978886083
66330,2026-04-22 23:00:00+00:00,12,0.7071178095675326,0.9608308379427706
66330,2026-04-23 00:00:00+00:00,12,0.8461459236233766,0.7120736492793098
66330,2026-04-23 01:00:00+00:00,12,1.3304365104412357,0.15444723889585638
66330,2026-04-23 02:00:00+00:00,12,1.4555630761014349,0.37833096854382176
66330,2026-04-23 03:00:00+00:00,12,1.1461512800700866,0.17528661479730087
66330,2026-04-23 04:00:00+00:00,12,0.8282897139262998,0.7440230183302765
66330,2026-04-23 05:00:00+00:00,12,0.9576937581709848,0.512485775186347
66330,2026-04-23 06:00:00+00:00,12,0.8642742084459851,0.6796374675876614
66330,2026-04-23 07:00:00+00:00,12,1.088287027298585,0.27882070170700934
66330,2026-04-23 08:00:00+00:00,12,1.2166209740025051,0.04919813932850697
66330,2026-04-23 09:00:00+00:00,12,1.2716971974788838,0.04934744339213084
66330,2026-04-23 10:00:00+00:00,12,1.1971960751986668,0.08395429817688296
66330,2026-04-23 11:00:00+00:00,12,0.8390054358913771,0.724849825277674
66330,2026-04-23 12:00:00+00:00,12,1.1218836713083404,0.2187076319933763
66330,2026-04-23 13:00:00+00:00,12,1.306549467655199,0.11170715248030223
66330,2026-04-23 14:00:00+00:00,12,1.5258727559092604,0.5041331374331838
66330,2026-04-23 15:00:00+00:00,12,1.77462108337486,0.9492081141405975
66330,2026-04-23 16:00:00+00:00,12,1.8330453901625505,1.0537442822733232
66330,2026-04-23 17:00:00+00:00,12,1.6532407057472767,0.7320272820290536
66330,2026-04-23 18:00:00+00:00,12,1.789336461662405,0.9755377249375813
66330,2026-04-23 19:00:00+00:00,12,1.105440319770045,0.24812903304344258
66330,2026-04-23 20:00:00+00:00,12,0.8213902489226566,0.7563679424432429
66330,2026-04-23 21:00:00+00:00,12,0.813650992746131,0.770215469771748
66330,2026-04-23 22:00:00+00:00,12,0.8055829353123628,0.7846513074354406
66330,2026-04-23 23:00:00+00:00,12,0.46153330347077653,1.4002449214237198
66330,2026-04-24 00:00:00+00:00,12,0.604593118486815,1.144273978886083
66330,2026-04-24 01:00:00+00:00,12,0.7071178095675326,0.9608308379427706
66330,2026-04-24 02:00:00+00:00,12,0.8318875174368888,0.7375856190119043
66330,2026-04-24 03:00:00+00:00,12,0.6985842275653231,0.9760996192429762
66330,2026-04-24 04:00:00+00:00,12,1.1319956144992351,0.2006147550441773
66330,2026-04-24 05:00:00+00:00,12,1.0530740250971946,0.3418258535175248
66330,2026-04-24 06:00:00+00:00,12,1.2883414053010784,0.07912822818876879
66330,2026-04-24 07:00:00+00:00,12,1.5122899517995627,0.4798299942348396
66330,2026-04-24 08:00:00+00:00,12,1.5852854440177513,0.6104377749173024
66330,2026-04-24 09:00:00+00:00,12,1.9583347997798342,1.27791938180162
66330,2026-04-24 10:00:00+00:00,12,2.169826541974693,1.656332708999588
66330,2026-04-24 11:00:00+00:00,12,2.6135264301937418,2.4502263581598442
66330,2026-04-24 12:00:00+00:00,12,2.6894171378271654,2.58601442667229
66330,2026-04-24 13:00:00+00:00,12,2.3096389343525674,1.9064931740567683
66330,2026-04-24 14:00:00+00:00,12,1.8870419028444747,1.150357983635848
66330,2026-04-24 15:00:00+00:00,12,2.04999806876385,1.4419286345417346
66330,2026-04-24 16:00:00+00:00,12,2.1330608124673494,1.590549327174136
66330,2026-04-24 17:00:00+00:00,12,1.976197930728267,1.3098811347581087
66330,2026-04-24 18:00:00+00:00,12,1.7214395837491643,0.8540526815459996
66330,2026-04-24 19:00:00+00:00,12,1.4488032941993416,0.3662359735612427
66330,2026-04-24 20:00:00+00:00,12,1.4092695052093454,0.2954998186967974
66330,2026-04-24 21:00:00+00:00,12,1.2120058337028914,0.05745581680630268
66330,2026-04-24 22:00:00+00:00,12,1.2294794852505981,0.026190943048851695
66330,2026-04-24 23:00:00+00:00,12,0.9425198357841787,0.5396358397583461
66330,2026-04-25 00:00:00+00:00,12,0.8461459236233766,0.7120736492793098
66330,2026-04-25 01:00:00+00:00,12,1.4828074837914842,0.42707824753701584
66330,2026-04-25 02:00:00+00:00,12,1.813155113442838,1.0181554421877377
66330,2026-04-25 03:00:00+00:00,12,2.3834184613858223,2.0385037954361267
66330,2026-04-25 04:00:00+00:00,12,1.7714693597314781,0.94356886686823
66330,2026-04-25 05:00:00+00:00,12,1.1211175620997775,0.2200783991524183
66330,2026-04-25 06:00:00+00:00,12,0.9108044153008698,0.5963829149113508
66330,2026-04-25 07:00:00+00:00,12,0.7228723121424119,0.9326419655270515
66330,2026-04-25 08:00:00+00:00,12,0.8266568349625233,0.746944660353656
66330,2026-04-25 09:00:00+00:00,12,0.7643990237390029,0.8583399576104584
66330,2026-04-25 10:00:00+00:00,12,1.0757894148475056,0.30118215686626737
66330,2026-04-25 11:00:00+00:00,12,1.0957633813990313,0.26544357406552715
66330,2026-04-25 12:00:00+00:00,12,1.306549467655199,0.11170715248030223
66330,2026-04-25 13:00:00+00:00,12,1.5258727559092604,0.5041331374331838
66330,2026-04-25 14:00:00+00:00,12,1.8937860294744135,1.1624249672948517
66330,2026-04-25 15:00:00+00:00,12,2.0125479062266485,1.3749206253271238
66330,2026-04-25 16:00:00+00:00,12,2.0436036743651957,1.4304874121341882
66330,2026-04-25 17:00:00+00:00,12,1.3234009850001234,0.1418588675337996
66330,2026-04-25 18:00:00+00:00,12,1.0261551766662447,0.38999062294718995
66330,2026-04-25 19:00:00+00:00,12,1.0385700435197402,0.3677772210242792
66330,2026-04-25 20:00:00+00:00,12,1.0768534634564142,0.2992782992015719
66330,2026-04-25 21:00:00+00:00,12,0.9358690653131526,0.5515357851474771
66330,2026-04-25 22:00:00+00:00,12,1.095428722434083,0.266042365352073
66330,2026-04-25 23:00:00+00:00,12,1.0042936661410475,0.4291065092203815
66330,2026-04-26 00:00:00+00:00,12,1.0920776276492428,0.27203833906776925
66330,2026-04-26 01:00:00+00:00,12,0.9767426959077476,0.4784023077481059
66330,2026-04-26 02:00:00+00:00,12,1.0242468031376812,0.39340519587086875
66330,2026-04-26 03:00:00+00:00,12,1.3304365104412357,0.15444723889585638
66330,2026-04-26 04:00:00+00:00,12,1.4555630761014349,0.37833096854382176
66330,2026-04-26 05:00:00+00:00,12,1.1211175620997775,0.2200783991524183
66330,2026-04-26 06:00:00+00:00,12,0.8282897139262998,0.7440230183302765
66330,2026-04-26 07:00:00+00:00,12,0.7228723121424119,0.9326419655270515
66330,2026-04-26 08:00:00+00:00,12,0.8266568349625233,0.746944660353656
66330,2026-04-26 09:00:00+00:00,12,0.7643990237390029,0.8583399576104584
66330,2026-04-26 10:00:00+00:00,12,1.2294890451083356,0.026173837995309573
66330,2026-04-26 11:00:00+00:00,12,1.4744998128688254,0.4122136794811499
66330,2026-04-26 12:00:00+00:00,12,1.6210840703439806,0.6744907594765952
66330,2026-04-26 13:00:00+00:00,12,1.77462108337486,0.9492081141405975
66330,2026-04-26 14:00:00+00:00,12,1.8330453901625505,1.0537442822733232
66330,2026-04-26 15:00:00+00:00,12,1.6532407057472767,0.7320272820290536
66330,2026-04-26 16:00:00+00:00,12,1.8285671945928434,1.0457316342720848
66330,2026-04-26 17:00:00+00:00,12,1.481552946390041,0.42483355624435526
66330,2026-04-26 18:00:00+00:00,12,1.401437584119977,0.2814864899160966
66330,2026-04-20 12:00:00+00:00,24,2.074428812539135,0.5563105505795009
66330,2026-04-20 13:00:00+00:00,24,2.074428812539135,0.5563105505795009
66330,2026-04-20 14:00:00+00:00,24,2.090852696943885,0.4987203749572511
66330,2026-04-20 15:00:00+00:00,24,2.074428812539135,0.5563105505795009
66330,2026-04-20 16:00:00+00:00,24,2.0744288125391352,0.5563105505794993
66330,2026-04-20 17:00:00+00:00,24,2.0655632168386915,0.5873976674150722
66330,2026-04-20 18:00:00+00:00,24,2.0407255277534353,0.6744907594765952
66330,2026-04-20 19:00:00+00:00,24,2.0741114521014095,0.5574233715720104
66330,2026-04-20 20:00:00+00:00,24,2.0541009578309333,0.6275899564629407
66330,2026-04-20 21:00:00+00:00,24,2.419769913714185,0.6546243401032307
66330,2026-04-20 22:00:00+00:00,24,2.4932462136969704,0.9122682028947768
66330,2026-04-20 23:00:00+00:00,24,2.6037975254899957,1.2999151994596658
66330,2026-04-21 00:00:00+00:00,24,2.4174003359093863,0.6463154407852678
66330,2026-04-21 01:00:00+00:00,24,2.320349831055769,0.3060088798640745
66330,2026-04-21 02:00:00+00:00,24,2.26208202650895,0.10169344422915029
66330,2026-04-21 03:00:00+00:00,24,2.4594645872012273,0.7938132896263674
66330,2026-04-21 04:00:00+00:00,24,2.5758536326893298,1.2019302371754572
66330,2026-04-21 05:00:00+00:00,24,2.4334257006169886,0.7025082113368238
66330,2026-04-21 06:00:00+00:00,24,2.5274706655097674,1.0322758784178776
66330,2026-04-21 07:00:00+00:00,24,2.4089695281320664,0.6167529031682321
66330,2026-04-21 08:00:00+00:00,24,2.3549150557267624,0.42721147178254154
66330,2026-04-21 09:00:00+00:00,24,2.3528128434477784,0.4198400868313103
66330,2026-04-21 10:00:00+00:00,24,2.3289104104568192,0.336026460296637
66330,2026-04-21 11:00:00+00:00,24,2.2330805283420436,0.0
66330,2026-04-21 12:00:00+00:00,24,2.233080528342044,1.55719408131087e-15
66330,2026-04-21 13:00:00+00:00,24,2.225731811281242,0.02576819805230648
66330,2026-04-21 14:00:00+00:00,24,2.2257318112812414,0.02576819805230804
66330,2026-04-21 15:00:00+00:00,24,2.2412753148870515,0.028734931681408293
66330,2026-04-21 16:00:00+00:00,24,2.232893926251397,0.0006543182420780389
66330,2026-04-21 17:00:00+00:00,24,2.2328939262513976,0.0006543182420764817
66330,2026-04-21 18:00:00+00:00,24,2.260435893481468,0.09592129631249476
66330,2026-04-21 19:00:00+00:00,24,2.421699666400713,0.6613909973315614
66330,2026-04-21 20:00:00+00:00,24,2.4032496475494916,0.5966962028669619
66330,2026-04-21 21:00:00+00:00,24,2.049803070137037,0.6426604538554216
66330,2026-04-21 22:00:00+00:00,24,2.0781155721855193,0.5433829671723199
66330,2026-04-21 23:00:00+00:00,24,2.0430989967156394,0.6661682158566608
66330,2026-04-22 00:00:00+00:00,24,2.0345707831612647,0.6960723057928049
66330,2026-04-22 01:00:00+00:00,24,2.4177397214869694,0.6475054926959481
66330,2026-04-22 02:00:00+00:00,24,2.3400033930525104,0.37492388554127853
66330,2026-04-22 03:00:00+00:00,24,2.5758536326893298,1.2019302371754572
66330,2026-04-22 04:00:00+00:00,24,2.4334257006169886,0.7025082113368238
66330,2026-04-22 05:00:00+00:00,24,2.229064786721004,0.014081155195074045
66330,2026-04-22 06:00:00+00:00,24,2.2183117507091494,0.05178656136658654
66330,2026-04-22 07:00:00+00:00,24,2.239464311562786,0.022384667826241895
66330,2026-04-22 08:00:00+00:00,24,2.3528128434477784,0.4198400868313103
66330,2026-04-22 09:00:00+00:00,24,2.3289104104568192,0.336026460296637
66330,2026-04-22 10:00:00+00:00,24,2.2330805283420436,0.0
66330,2026-04-22 11:00:00+00:00,24,2.233080528342044,1.55719408131087e-15
66330,2026-04-22 12:00:00+00:00,24,2.074428812539135,0.5563105505795009
66330,2026-04-22 13:00:00+00:00,24,2.074428812539135,0.5563105505795009
66330,2026-04-22 14:00:00+00:00,24,2.090852696943885,0.4987203749572511
66330,2026-04-22 15:00:00+00:00,24,2.074428812539135,0.5563105505795009
66330,2026-04-22 16:00:00+00:00,24,2.0744288125391352,0.5563105505794993
66330,2026-04-22 17:00:00+00:00,24,2.0655632168386915,0.5873976674150722
66330,2026-04-22 18:00:00+00:00,24,2.0407255277534353,0.6744907594765952
66330,2026-04-22 19:00:00+00:00,24,2.0741114521014095,0.5574233715720104
66330,2026-04-22 20:00:00+00:00,24,2.049803070137037,0.6426604538554216
66330,2026-04-22 21:00:00+00:00,24,2.0781155721855193,0.5433829671723199
66330,2026-04-22 22:00:00+00:00,24,2.0430989967156394,0.6661682158566608
66330,2026-04-22 23:00:00+00:00,24,2.0345707831612647,0.6960723057928049
66330,2026-04-23 00:00:00+00:00,24,2.347814475587841,0.4023133632022074
66330,2026-04-23 01:00:00+00:00,24,2.02349280092222,0.7349171324467364
66330,2026-04-23 02:00:00+00:00,24,2.749159588379868,1.809625723738498
66330,2026-04-23 03:00:00+00:00,24,2.854160882223453,2.1778116415148365
66330,2026-04-23 04:00:00+00:00,24,2.758950308388507,1.8439567791009381
66330,2026-04-23 05:00:00+00:00,24,2.9139667516642405,2.3875202853080233
66330,2026-04-23 06:00:00+00:00,24,2.7985083009302936,1.982666458346257
66330,2026-04-23 07:00:00+00:00,24,2.7077923901244927,1.6645720839406906
66330,2026-04-23 08:00:00+00:00,24,2.4703750644759337,0.832070761908087
66330,2026-04-23 09:00:00+00:00,24,2.1381708886277973,0.33279964012697055
66330,2026-04-23 10:00:00+00:00,24,1.763779516058912,1.6455989978392611
66330,2026-04-23 11:00:00+00:00,24,1.784549523945945,1.572769186546643
66330,2026-04-23 12:00:00+00:00,24,1.843027734238668,1.367715965406175
66330,2026-04-23 13:00:00+00:00,24,1.8013901035150754,1.5137178737715622
66330,2026-04-23 14:00:00+00:00,24,1.7952461557221084,1.535261561226435
66330,2026-04-23 15:00:00+00:00,24,1.8317271213117976,1.4073414441942074
66330,2026-04-23 16:00:00+00:00,24,1.8356567130318684,1.3935623727087092
66330,2026-04-23 17:00:00+00:00,24,1.8426176803515593,1.3691538149910363
66330,2026-04-23 18:00:00+00:00,24,1.8519676616747591,1.33636820513177
66330,2026-04-23 19:00:00+00:00,24,1.7978654530717573,1.5260770229859235
66330,2026-04-23 20:00:00+00:00,24,1.8943461587105457,1.1877684569387037
66330,2026-04-23 21:00:00+00:00,24,2.168472956263899,0.2265457629153379
66330,2026-04-23 22:00:00+00:00,24,2.169454700594535,0.2231032868832304
66330,2026-04-23 23:00:00+00:00,24,2.3715438333264984,0.485520103209291
66330,2026-04-24 00:00:00+00:00,24,2.2647823660462953,0.11116215603708525
66330,2026-04-24 01:00:00+00:00,24,2.497831977781743,0.9283481357837262
66330,2026-04-24 02:00:00+00:00,24,2.7662360677801794,1.869504216757434
66330,2026-04-24 03:00:00+00:00,24,3.016495046228425,2.7470346574679554
66330,2026-04-24 04:00:00+00:00,24,3.2519485756534183,3.572649948972437
66330,2026-04-24 05:00:00+00:00,24,3.5537501205471793,4.6309138495921225
66330,2026-04-24 06:00:00+00:00,24,3.49908789658417,4.4392413438466525
66330,2026-04-24 07:00:00+00:00,24,3.8418960570208185,5.641294504825837
66330,2026-04-24 08:00:00+00:00,24,3.671026970587786,5.0421438743424964
66330,2026-04-24 09:00:00+00:00,24,3.568411718787344,4.682324587560403
66330,2026-04-24 10:00:00+00:00,24,3.259806009399326,3.60020195665925
66330,2026-04-24 11:00:00+00:00,24,2.7183728055425513,1.7016721978398188
66330,2026-04-24 12:00:00+00:00,24,2.7611393767638828,1.8516327240284687
66330,2026-04-24 13:00:00+00:00,24,2.681631997115712,1.5728409446684861
66330,2026-04-24 14:00:00+00:00,24,2.681631997115712,1.5728409446684861
66330,2026-04-24 15:00:00+00:00,24,2.653731038040443,1.4750065290348005
66330,2026-04-24 16:00:00+00:00,24,2.6325456253245023,1.4007201051369331
66330,2026-04-24 17:00:00+00:00,24,2.6170929655732813,1.3465355184111347
66330,2026-04-24 18:00:00+00:00,24,2.490893198522368,0.9040173802630753
66330,2026-04-24 19:00:00+00:00,24,2.546201985355051,1.0979570518200963
66330,2026-04-24 20:00:00+00:00,24,2.4308613954133107,0.6935165024700624
66330,2026-04-24 21:00:00+00:00,24,2.497783602614679,0.9281785087759918
66330,2026-04-24 22:00:00+00:00,24,2.6037975254899957,1.2999151994596658
66330,2026-04-24 23:00:00+00:00,24,2.052014947985995,0.6349045277518741
66330,2026-04-25 00:00:00+00:00,24,2.08355024833413,0.5243263331790845
66330,2026-04-25 01:00:00+00:00,24,2.0334568855849064,0.6999781757725715
66330,2026-04-25 02:00:00+00:00,24,2.203853681234091,0.10248362788919754
66330,2026-04-25 03:00:00+00:00,24,2.02349280092222,0.7349171324467364
66330,2026-04-25 04:00:00+00:00,24,2.370164932718017,0.4806850029217424
66330,2026-04-25 05:00:00+00:00,24,2.229064786721004,0.014081155195074045
66330,2026-04-25 06:00:00+00:00,24,2.2183117507091494,0.05178656136658654
66330,2026-04-25 07:00:00+00:00,24,2.239464311562786,0.022384667826241895
66330,2026-04-25 08:00:00+00:00,24,2.1381708886277973,0.33279964012697055
66330,2026-04-25 09:00:00+00:00,24,1.763779516058912,1.6455989978392611
66330,2026-04-25 10:00:00+00:00,24,1.784549523945945,1.572769186546643
66330,2026-04-25 11:00:00+00:00,24,1.843027734238668,1.367715965406175
66330,2026-04-25 12:00:00+00:00,24,1.8013901035150754,1.5137178737715622
66330,2026-04-25 13:00:00+00:00,24,1.7952461557221084,1.535261561226435
66330,2026-04-25 14:00:00+00:00,24,1.8317271213117976,1.4073414441942074
66330,2026-04-25 15:00:00+00:00,24,1.8356567130318684,1.3935623727087092
66330,2026-04-25 16:00:00+00:00,24,1.8426176803515593,1.3691538149910363
66330,2026-04-25 17:00:00+00:00,24,1.8519676616747591,1.33636820513177
66330,2026-04-25 18:00:00+00:00,24,1.7978654530717573,1.5260770229859235
66330,2026-04-25 19:00:00+00:00,24,1.8943461587105457,1.1877684569387037
66330,2026-04-25 20:00:00+00:00,24,2.168472956263899,0.2265457629153379
66330,2026-04-25 21:00:00+00:00,24,2.169454700594535,0.2231032868832304
66330,2026-04-25 22:00:00+00:00,24,2.627639126844592,1.3835155205097662
66330,2026-04-25 23:00:00+00:00,24,2.525416251370287,1.0250720971333918
66330,2026-04-26 00:00:00+00:00,24,2.052014947985995,0.6349045277518741
66330,2026-04-26 01:00:00+00:00,24,2.0334568855849064,0.6999781757725715
66330,2026-04-26 02:00:00+00:00,24,2.203853681234091,0.10248362788919754
66330,2026-04-26 03:00:00+00:00,24,2.3023184873578,0.24278216536218591
66330,2026-04-26 04:00:00+00:00,24,2.5748421878127803,1.1983836164956465
66330,2026-04-26 05:00:00+00:00,24,2.4637183740937725,0.8087291480289293
66330,2026-04-26 06:00:00+00:00,24,2.3941172172529415,0.5646734333640206
66330,2026-04-26 07:00:00+00:00,24,2.4477610394044365,0.7527749240113714
66330,2026-04-26 08:00:00+00:00,24,2.5308937370742774,1.044278842376309
66330,2026-04-26 09:00:00+00:00,24,2.3754174368736574,0.49910285276318633
66330,2026-04-26 10:00:00+00:00,24,2.241336416775603,0.028949184802400305
66330,2026-04-26 11:00:00+00:00,24,2.0740165305413023,0.5577562130108681
66330,2026-04-26 12:00:00+00:00,24,2.018204775257997,0.7534595380794443
66331,2026-04-20 03:00:00+00:00,6,0.0,2.435218495053288
66331,2026-04-20 04:00:00+00:00,6,0.2715996124477067,1.6822719064948175
66331,2026-04-20 05:00:00+00:00,6,0.737206938330658,0.3914841749810262
66331,2026-04-20 06:00:00+00:00,6,0.5160027585408243,1.0047211786961843
66331,2026-04-20 07:00:00+00:00,6,1.0619432226247068,0.5087714448145838
66331,2026-04-20 08:00:00+00:00,6,1.3811313458370154,1.393646081840664
66331,2026-04-20 09:00:00+00:00,6,1.292398271723388,1.1476543263884156
66331,2026-04-20 10:00:00+00:00,6,0.9070129045204939,0.07926326757701083
66331,2026-04-20 11:00:00+00:00,6,1.0267788657371573,0.41128646566193217
66331,2026-04-20 12:00:00+00:00,6,1.1725766287039991,0.8154767634904188
66331,2026-04-20 13:00:00+00:00,6,1.2792407803136219,1.1111782497781142
66331,2026-04-20 14:00:00+00:00,6,1.5835948271153193,1.9549288692581979
66331,2026-04-20 15:00:00+00:00,6,1.7451561285639607,2.402819901474759
66331,2026-04-20 16:00:00+00:00,6,1.4587747873708174,1.6088944170645274
66331,2026-04-20 17:00:00+00:00,6,1.2101017507413436,0.9195064134911118
66331,2026-04-20 18:00:00+00:00,6,0.662019532009214,0.5999237253253434
66331,2026-04-20 19:00:00+00:00,6,0.5267387849789444,0.9749580490348249
66331,2026-04-20 20:00:00+00:00,6,0.9709978039941081,0.25664648010714813
66331,2026-04-20 21:00:00+00:00,6,1.0818712502547496,0.5640172542084713
66331,2026-04-20 22:00:00+00:00,6,0.7743943411480435,0.28839077276164277
66331,2026-04-20 23:00:00+00:00,6,0.6537504993548839,0.6228476900233977
66331,2026-04-21 00:00:00+00:00,6,0.36806902499687894,1.4148329568419562
66331,2026-04-21 01:00:00+00:00,6,0.5057398520883997,1.03317269352865
66331,2026-04-21 02:00:00+00:00,6,0.45845196885280814,1.164267322278333
66331,2026-04-21 03:00:00+00:00,6,1.0589252267940896e-14,2.4352184950532587
66331,2026-04-21 04:00:00+00:00,6,1.3108626620286951e-14,2.4352184950532516
66331,2026-04-21 05:00:00+00:00,6,0.6351220363772484,0.6744907594765952
66331,2026-04-21 06:00:00+00:00,6,0.740636340295192,0.38197695776992374
66331,2026-04-21 07:00:00+00:00,6,0.7513584612518563,0.35225237781314594
66331,2026-04-21 08:00:00+00:00,6,1.2410825686448463,1.0053935064106014
66331,2026-04-21 09:00:00+00:00,6,0.7138486291381937,0.45623964006603707
66331,2026-04-21 10:00:00+00:00,6,1.1622113148899291,0.7867413481291591
66331,2026-04-21 11:00:00+00:00,6,0.5999715336611637,0.7719373311696495
66331,2026-04-21 12:00:00+00:00,6,0.44164712261130673,1.2108548395975058
66331,2026-04-21 13:00:00+00:00,6,1.032088043902165,0.42600492402556955
66331,2026-04-21 14:00:00+00:00,6,1.1052645424294905,0.6288697014538223
66331,2026-04-21 15:00:00+00:00,6,0.9963738132787424,0.3269955481706097
66331,2026-04-21 16:00:00+00:00,6,1.0000367484647026,0.337150181778235
66331,2026-04-21 17:00:00+00:00,6,0.8691887850290989,0.025595283138915518
66331,2026-04-21 18:00:00+00:00,6,1.0110208784754187,0.3676011207369339
66331,2026-04-21 19:00:00+00:00,6,0.6660137693412732,0.5888506337772254
66331,2026-04-21 20:00:00+00:00,6,0.9704334768420323,0.2550820146789503
66331,2026-04-21 21:00:00+00:00,6,0.4419107434410745,1.2101240123232777
66331,2026-04-21 22:00:00+00:00,6,0.5264091823013507,0.9758717955952023
66331,2026-04-21 23:00:00+00:00,6,0.776808203118916,0.2816989033593277
66331,2026-04-22 00:00:00+00:00,6,0.5500048133962436,0.9104584108791085
66331,2026-04-22 01:00:00+00:00,6,0.7258465112949067,0.4229783096892753
66331,2026-04-22 02:00:00+00:00,6,0.0,2.435218495053288
66331,2026-04-22 03:00:00+00:00,6,0.42043956673752014,1.2696478426615483
66331,2026-04-22 04:00:00+00:00,6,0.2577036932213936,1.720795102025338
66331,2026-04-22 05:00:00+00:00,6,0.5435217538539442,0.9284311816124823
66331,2026-04-22 06:00:00+00:00,6,0.9104018874953327,0.08865843256488032
66331,2026-04-22 07:00:00+00:00,6,0.983163629964012,0.2903733955415318
66331,2026-04-22 08:00:00+00:00,6,1.3593333285500613,1.3332161622040493
66331,2026-04-22 09:00:00+00:00,6,0.6172924439661928,0.7239191465803401
66331,2026-04-22 10:00:00+00:00,6,0.7898786071812262,0.2454642561111028
66331,2026-04-22 11:00:00+00:00,6,0.5160027585408243,1.0047211786961843
66331,2026-04-22 12:00:00+00:00,6,1.1725766287039991,0.8154767634904188
66331,2026-04-22 13:00:00+00:00,6,1.2792407803136219,1.1111782497781142
66331,2026-04-22 14:00:00+00:00,6,1.2365287824063174,0.9927691960059426
66331,2026-04-22 15:00:00+00:00,6,1.042903506558166,0.45598827207650056
66331,2026-04-22 16:00:00+00:00,6,1.4587747873708174,1.6088944170645274
66331,2026-04-22 17:00:00+00:00,6,1.0010696925528577,0.34001377838037594
66331,2026-04-22 18:00:00+00:00,6,1.1629105314164208,0.7886797628917609
66331,2026-04-22 19:00:00+00:00,6,1.068167858775785,0.5260277969600585
66331,2026-04-22 20:00:00+00:00,6,0.9497178259520888,0.1976527034705096
66331,2026-04-22 21:00:00+00:00,6,0.9811382646879447,0.2847585426282449
66331,2026-04-22 22:00:00+00:00,6,0.7258465112949067,0.4229783096892753
66331,2026-04-22 23:00:00+00:00,6,1.0589252267940896e-14,2.4352184950532587
66331,2026-04-23 00:00:00+00:00,6,,
66331,2026-04-23 01:00:00+00:00,6,,
66331,2026-04-23 02:00:00+00:00,6,1.3108626620286951e-14,2.4352184950532516
66331,2026-04-23 03:00:00+00:00,6,1.0202393702960872,0.3931572395600526
66331,2026-04-23 04:00:00+00:00,6,0.4928150788278254,1.069003613340124
66331,2026-04-23 05:00:00+00:00,6,0.737206938330658,0.3914841749810262
66331,2026-04-23 06:00:00+00:00,6,0.649499180247178,0.634633480843099
66331,2026-04-23 07:00:00+00:00,6,1.0493704775119506,0.4739164409500711
66331,2026-04-23 08:00:00+00:00,6,1.269080191343414,1.0830103863046865
66331,2026-04-23 09:00:00+00:00,6,0.9292492437305478,0.1409083325288716
66331,2026-04-23 10:00:00+00:00,6,1.0010696925528577,0.34001377838037594
66331,2026-04-23 11:00:00+00:00,6,0.7138486291381937,0.45623964006603707
66331,2026-04-23 12:00:00+00:00,6,1.2644911220823596,1.0702882619480667
66331,2026-04-23 13:00:00+00:00,6,1.2926520109590587,1.1483577592473948
66331,2026-04-23 14:00:00+00:00,6,1.0493704775119506,0.4739164409500711
66331,2026-04-23 15:00:00+00:00,6,0.8784214040311026,0.0
66331,2026-04-23 16:00:00+00:00,6,1.5017617370389633,1.7280657104749588
66331,2026-04-23 17:00:00+00:00,6,0.9009828935729179,0.06254646842170383
66331,2026-04-23 18:00:00+00:00,6,1.4682960351400607,1.6352898561524678
66331,2026-04-23 19:00:00+00:00,6,0.9704334768420323,0.2550820146789503
66331,2026-04-23 20:00:00+00:00,6,0.9163337025496242,0.10510300650531082
66331,2026-04-23 21:00:00+00:00,6,0.9930320332804172,0.31773124242740347
66331,2026-04-23 22:00:00+00:00,6,0.9570408213919924,0.21795400060717735
66331,2026-04-23 23:00:00+00:00,6,1.1272479290566582,0.6898135143581017
66331,2026-04-24 00:00:00+00:00,6,0.9243117726944596,0.127220345498166
66331,2026-04-24 01:00:00+00:00,6,0.982900312731753,0.28964340992059806
66331,2026-04-24 02:00:00+00:00,6,0.8691887850290989,0.025595283138915518
66331,2026-04-24 03:00:00+00:00,6,0.800565170021068,0.21583825274107277
66331,2026-04-24 04:00:00+00:00,6,0.8757094159142361,0.007518354619150537
66331,2026-04-24 05:00:00+00:00,6,0.6174672794321243,0.723434456022626
66331,2026-04-24 06:00:00+00:00,6,0.7513584612518563,0.35225237781314594
66331,2026-04-24 07:00:00+00:00,6,1.6234776068024663,2.0654945752878713
66331,2026-04-24 08:00:00+00:00,6,1.1062902164770045,0.6317131435636574
66331,2026-04-24 09:00:00+00:00,6,0.8061176493789413,0.2004452985579847
66331,2026-04-24 10:00:00+00:00,6,0.5686948661320634,0.8586445981840594
66331,2026-04-24 11:00:00+00:00,6,0.9259123425151993,0.1316575520737372
66331,2026-04-24 12:00:00+00:00,6,1.1052645424294905,0.6288697014538223
66331,2026-04-24 13:00:00+00:00,6,0.9963738132787424,0.3269955481706097
66331,2026-04-24 14:00:00+00:00,6,0.5412445648844154,0.9347441569906773
66331,2026-04-24 15:00:00+00:00,6,1.2848064669944481,1.1266078181841452
66331,2026-04-24 16:00:00+00:00,6,1.7708232383622813,2.4739759778278576
66331,2026-04-24 17:00:00+00:00,6,1.7829171595651732,2.507503554063872
66331,2026-04-24 18:00:00+00:00,6,0.5749672096551198,0.8412559884751208
66331,2026-04-24 19:00:00+00:00,6,0.33390627733489514,1.5095412079917148
66331,2026-04-24 20:00:00+00:00,6,1.3681034466060522,1.357529269325234
66331,2026-04-24 21:00:00+00:00,6,0.36806902499687894,1.4148329568419562
66331,2026-04-24 22:00:00+00:00,6,0.5057398520883997,1.03317269352865
66331,2026-04-24 23:00:00+00:00,6,0.45845196885280814,1.164267322278333
66331,2026-04-25 00:00:00+00:00,6,0.662019532009214,0.5999237253253434
66331,2026-04-25 01:00:00+00:00,6,0.5267387849789444,0.9749580490348249
66331,2026-04-25 02:00:00+00:00,6,1.647715214839456,2.1326876913670874
66331,2026-04-25 03:00:00+00:00,6,0.33390627733489514,1.5095412079917148
66331,2026-04-25 04:00:00+00:00,6,0.982900312731753,0.28964340992059806
66331,2026-04-25 05:00:00+00:00,6,0.9285560924821734,0.13898673233542852
66331,2026-04-25 06:00:00+00:00,6,0.8784214040311026,0.0
66331,2026-04-25 07:00:00+00:00,6,0.9694139696001569,0.2522556685996512
66331,2026-04-25 08:00:00+00:00,6,0.5985127163819696,0.7759815618804384
66331,2026-04-25 09:00:00+00:00,6,0.5999715336611637,0.7719373311696495
66331,2026-04-25 10:00:00+00:00,6,0.44164712261130673,1.2108548395975058
66331,2026-04-25 11:00:00+00:00,6,0.7333910629591114,0.4020627995875819
66331,2026-04-25 12:00:00+00:00,6,0.734384063995516,0.3993099357817108
66331,2026-04-25 13:00:00+00:00,6,0.7502402677325448,0.35535230858302475
66331,2026-04-25 14:00:00+00:00,6,0.42043956673752014,1.2696478426615483
66331,2026-04-25 15:00:00+00:00,6,0.5435217538539442,0.9284311816124823
66331,2026-04-25 16:00:00+00:00,6,0.8242029842562177,0.1503079251057133
66331,2026-04-25 17:00:00+00:00,6,0.9800481548095187,0.28173646720362394
66331,2026-04-25 18:00:00+00:00,6,0.9009828935729179,0.06254646842170383
66331,2026-04-25 19:00:00+00:00,6,1.088358652050881,0.5820020628279817
66331,2026-04-25 20:00:00+00:00,6,0.9320017409621095,0.14853898922180053
66331,2026-04-25 21:00:00+00:00,6,0.5362150144974841,0.9486874125487168
66331,2026-04-25 22:00:00+00:00,6,0.6258396585538313,0.7002239873441364
66331,2026-04-25 23:00:00+00:00,6,0.7383084165578728,0.38843058346048404
66331,2026-04-26 00:00:00+00:00,6,0.6979810382408608,0.5002288355111837
66331,2026-04-26 01:00:00+00:00,6,0.5824359608248378,0.8205506175677377
66331,2026-04-26 02:00:00+00:00,6,1.0110208784754187,0.3676011207369339
66331,2026-04-26 03:00:00+00:00,6,0.9694139696001569,0.2522556685996512
66331,2026-04-26 04:00:00+00:00,6,0.5985127163819696,0.7759815618804384
66331,2026-04-26 05:00:00+00:00,6,0.8709324728514881,0.02076131527884839
66331,2026-04-26 06:00:00+00:00,6,0.62571093548683,0.7005808420292147
66331,2026-04-26 07:00:00+00:00,6,0.7333910629591114,0.4020627995875819
66331,2026-04-26 08:00:00+00:00,6,0.6174672794321243,0.723434456022626
66331,2026-04-26 09:00:00+00:00,6,1.1829912814000905,0.8443489593962692
66331,2026-04-26 10:00:00+00:00,6,1.204570121464675,0.9041712612959304
66331,2026-04-26 11:00:00+00:00,6,0.2577036932213936,1.720795102025338
66331,2026-04-26 12:00:00+00:00,6,1.0011533907037733,0.34024581198540427
66331,2026-04-26 13:00:00+00:00,6,0.5749672096551198,0.8412559884751208
66331,2026-04-26 14:00:00+00:00,6,1.0772603994967982,0.5512347457311434
66331,2026-04-26 15:00:00+00:00,6,1.1344966022769767,0.7099087704728901
66331,2026-04-26 16:00:00+00:00,6,1.059371379330609,0.5016416090348265
66331,2026-04-26 17:00:00+00:00,6,0.5412445648844154,0.9347441569906773
66331,2026-04-26 18:00:00+00:00,6,0.9320017409621095,0.14853898922180053
66331,2026-04-26 19:00:00+00:00,6,0.8906711647392557,0.03395960492262235
66331,2026-04-26 20:00:00+00:00,6,0.5264091823013507,0.9758717955952023
66331,2026-04-26 21:00:00+00:00,6,0.4419107434410745,1.2101240123232777
66331,2026-04-20 06:00:00+00:00,12,1.1043026390448007,1.3563366232543994
66331,2026-04-20 07:00:00+00:00,12,1.2437265079132795,1.0129783850114549
66331,2026-04-20 08:00:00+00:00,12,1.3166270756950231,0.8334466396683236
66331,2026-04-20 09:00:00+00:00,12,1.4536166322893738,0.4960833661366672
66331,2026-04-20 10:00:00+00:00,12,1.5394691220715413,0.28465500828366025
66331,2026-04-20 11:00:00+00:00,12,2.0243189463599705,0.9093814420827935
66331,2026-04-20 12:00:00+00:00,12,2.319453351196589,1.6362069857432862
66331,2026-04-20 13:00:00+00:00,12,1.885650032868716,0.5678824274461046
66331,2026-04-20 14:00:00+00:00,12,1.648525713058789,0.01608206410947596
66331,2026-04-20 15:00:00+00:00,12,1.8538779751533319,0.4896375913858005
66331,2026-04-20 16:00:00+00:00,12,1.6239289643347734,0.07665631424988172
66331,2026-04-20 17:00:00+00:00,12,1.3811726183012971,0.6744907594765952
66331,2026-04-20 18:00:00+00:00,12,1.4852843200371213,0.41809556130425846
66331,2026-04-20 19:00:00+00:00,12,1.4174580669813344,0.5851308253867938
66331,2026-04-20 20:00:00+00:00,12,1.3750198942638034,0.689643032204744
66331,2026-04-20 21:00:00+00:00,12,1.2659403654399144,0.9582724652372725
66331,2026-04-20 22:00:00+00:00,12,1.343676751910949,0.7668315812431148
66331,2026-04-20 23:00:00+00:00,12,1.5366088488991263,0.29169898407736317
66331,2026-04-21 00:00:00+00:00,12,1.6811222986686247,0.06419333133437348
66331,2026-04-21 01:00:00+00:00,12,1.641600694285388,0.03313626196764356
66331,2026-04-21 02:00:00+00:00,12,1.724613557711482,0.17129896686948903
66331,2026-04-21 03:00:00+00:00,12,1.8318836399552307,0.435472287795863
66331,2026-04-21 04:00:00+00:00,12,1.766591553319706,0.27467789856881225
66331,2026-04-21 05:00:00+00:00,12,2.447648500752086,1.9519123313192883
66331,2026-04-21 06:00:00+00:00,12,1.693491114004655,0.0946539309246621
66331,2026-04-21 07:00:00+00:00,12,1.877959118121342,0.5489420626465444
66331,2026-04-21 08:00:00+00:00,12,1.9599643053313893,0.7508956939418135
66331,2026-04-21 09:00:00+00:00,12,1.6488012718915825,0.015403447197406533
66331,2026-04-21 10:00:00+00:00,12,1.7419707758842782,0.21404447307999047
66331,2026-04-21 11:00:00+00:00,12,1.6470163991462363,0.019799041483403865
66331,2026-04-21 12:00:00+00:00,12,1.6398037136263215,0.0375616743325505
66331,2026-04-21 13:00:00+00:00,12,1.753853324262124,0.2433075462536548
66331,2026-04-21 14:00:00+00:00,12,1.7776798917111287,0.30198507607019087
66331,2026-04-21 15:00:00+00:00,12,2.3609471267673237,1.738393431964021
66331,2026-04-21 16:00:00+00:00,12,2.6435715201280927,2.434410653236052
66331,2026-04-21 17:00:00+00:00,12,2.047421578428993,0.9662761410347888
66331,2026-04-21 18:00:00+00:00,12,2.043322751440612,0.9561819869633591
66331,2026-04-21 19:00:00+00:00,12,1.6114037888316592,0.10750198098783335
66331,2026-04-21 20:00:00+00:00,12,1.6115370746702145,0.10717373883618125
66331,2026-04-21 21:00:00+00:00,12,1.393268189127554,0.6447030773304052
66331,2026-04-21 22:00:00+00:00,12,1.2020030261857755,1.1157305270627673
66331,2026-04-21 23:00:00+00:00,12,0.9827640813057326,1.6556488242609628
66331,2026-04-22 00:00:00+00:00,12,0.9137795547109335,1.8255365609149903
66331,2026-04-22 01:00:00+00:00,12,1.724613557711482,0.17129896686948903
66331,2026-04-22 02:00:00+00:00,12,2.137063852024581,1.1870375743795192
66331,2026-04-22 03:00:00+00:00,12,2.049561736186015,0.9715466933654389
66331,2026-04-22 04:00:00+00:00,12,1.176992708814091,1.177323269972084
66331,2026-04-22 05:00:00+00:00,12,1.395042644673865,0.6403331374114626
66331,2026-04-22 06:00:00+00:00,12,1.290677880384994,0.8973515510567639
66331,2026-04-22 07:00:00+00:00,12,1.2437265079132795,1.0129783850114549
66331,2026-04-22 08:00:00+00:00,12,1.3166270756950231,0.8334466396683236
66331,2026-04-22 09:00:00+00:00,12,1.4536166322893738,0.4960833661366672
66331,2026-04-22 10:00:00+00:00,12,1.5394691220715413,0.28465500828366025
66331,2026-04-22 11:00:00+00:00,12,2.0243189463599705,0.9093814420827935
66331,2026-04-22 12:00:00+00:00,12,2.140814445959227,1.1962741372164
66331,2026-04-22 13:00:00+00:00,12,1.885650032868716,0.5678824274461046
66331,2026-04-22 14:00:00+00:00,12,1.648525713058789,0.01608206410947596
66331,2026-04-22 15:00:00+00:00,12,1.8538779751533319,0.4896375913858005
66331,2026-04-22 16:00:00+00:00,12,1.6239289643347734,0.07665631424988172
66331,2026-04-22 17:00:00+00:00,12,1.3811726183012971,0.6744907594765952
66331,2026-04-22 18:00:00+00:00,12,1.4852843200371213,0.41809556130425846
66331,2026-04-22 19:00:00+00:00,12,1.4174580669813344,0.5851308253867938
66331,2026-04-22 20:00:00+00:00,12,1.237047960219825,1.029425600173797
66331,2026-04-22 21:00:00+00:00,12,0.9736722083858484,1.6780393194712555
66331,2026-04-22 22:00:00+00:00,12,1.1113540733064473,1.3389711028107742
66331,2026-04-22 23:00:00+00:00,12,1.385995112321478,0.6626144353999163
66331,2026-04-23 00:00:00+00:00,12,1.6886193884638347,0.08265636470824114
66331,2026-04-23 01:00:00+00:00,12,1.677515227574628,0.05531022124638619
66331,2026-04-23 02:00:00+00:00,12,2.2189938684402994,1.3888060830575666
66331,2026-04-23 03:00:00+00:00,12,1.515671379509073,0.34326155124307445
66331,2026-04-23 04:00:00+00:00,12,1.5248670932047854,0.3206153280420473
66331,2026-04-23 05:00:00+00:00,12,1.8122360827299226,0.3870863787731906
66331,2026-04-23 06:00:00+00:00,12,1.8744375115696266,0.54026942552067
66331,2026-04-23 07:00:00+00:00,12,1.964567260650448,0.7622313615135826
66331,2026-04-23 08:00:00+00:00,12,2.9833775893237755,3.2712488087842373
66331,2026-04-23 09:00:00+00:00,12,3.0499986975703797,3.4353161707287323
66331,2026-04-23 10:00:00+00:00,12,3.3284500549016074,4.12105648381527
66331,2026-04-23 11:00:00+00:00,12,3.428740961683289,4.368042235565061
66331,2026-04-23 12:00:00+00:00,12,2.7340116898438276,2.657137060070171
66331,2026-04-23 13:00:00+00:00,12,2.6641633354276326,2.485121980362857
66331,2026-04-23 14:00:00+00:00,12,2.876433369021887,3.0078779859033955
66331,2026-04-23 15:00:00+00:00,12,2.7974763847393818,2.813431143764832
66331,2026-04-23 16:00:00+00:00,12,2.472796306809855,2.0138436667050255
66331,2026-04-23 17:00:00+00:00,12,2.388647767241247,1.80661161575506
66331,2026-04-23 18:00:00+00:00,12,1.8133598803166193,0.3898539476453027
66331,2026-04-23 19:00:00+00:00,12,1.6115370746702145,0.10717373883618125
66331,2026-04-23 20:00:00+00:00,12,1.6453835223004873,0.02382031647436648
66331,2026-04-23 21:00:00+00:00,12,1.3006714582902537,0.8727404329523708
66331,2026-04-23 22:00:00+00:00,12,1.205002245912707,1.108344368509714
66331,2026-04-23 23:00:00+00:00,12,1.6550559877043256,0.0
66331,2026-04-24 00:00:00+00:00,12,1.90001364041276,0.6032555885924817
66331,2026-04-24 01:00:00+00:00,12,2.137063852024581,1.1870375743795192
66331,2026-04-24 02:00:00+00:00,12,1.8318836399552307,0.435472287795863
66331,2026-04-24 03:00:00+00:00,12,1.766591553319706,0.27467789856881225
66331,2026-04-24 04:00:00+00:00,12,2.261539601205364,1.493583177292042
66331,2026-04-24 05:00:00+00:00,12,1.6416932967557007,0.03290821047745348
66331,2026-04-24 06:00:00+00:00,12,1.5538132565801217,0.24932980325271958
66331,2026-04-24 07:00:00+00:00,12,1.477054752460107,0.4383624628590448
66331,2026-04-24 08:00:00+00:00,12,1.719399359043819,0.15845799435232016
66331,2026-04-24 09:00:00+00:00,12,1.6313946240581965,0.058270683505593945
66331,2026-04-24 10:00:00+00:00,12,1.6398037136263215,0.0375616743325505
66331,2026-04-24 11:00:00+00:00,12,1.5918536186972079,0.15564805546699795
66331,2026-04-24 12:00:00+00:00,12,1.7776798917111287,0.30198507607019087
66331,2026-04-24 13:00:00+00:00,12,2.2475097018040593,1.4590318369781248
66331,2026-04-24 14:00:00+00:00,12,2.553156776544512,2.2117468631691524
66331,2026-04-24 15:00:00+00:00,12,2.6390310109577424,2.42322877138103
66331,2026-04-24 16:00:00+00:00,12,3.2008214161289765,3.8067462805913572
66331,2026-04-24 17:00:00+00:00,12,3.041671115164047,3.4148078887030877
66331,2026-04-24 18:00:00+00:00,12,2.9669562891313688,3.2308081815840115
66331,2026-04-24 19:00:00+00:00,12,2.409839213222425,1.8587996493892547
66331,2026-04-24 20:00:00+00:00,12,2.2788937517459362,1.536321128864987
66331,2026-04-24 21:00:00+00:00,12,2.1494774824494165,1.217608539792129
66331,2026-04-24 22:00:00+00:00,12,1.874146610002051,0.5395530241572916
66331,2026-04-24 23:00:00+00:00,12,1.7108445801471992,0.13739019703511787
66331,2026-04-25 00:00:00+00:00,12,1.6197532479226795,0.08693982339573116
66331,2026-04-25 01:00:00+00:00,12,1.641600694285388,0.03313626196764356
66331,2026-04-25 02:00:00+00:00,12,1.5916800695848394,0.1560754537163441
66331,2026-04-25 03:00:00+00:00,12,2.4007422638801756,1.8363966525072324
66331,2026-04-25 04:00:00+00:00,12,2.7537154140180378,2.7056612910658244
66331,2026-04-25 05:00:00+00:00,12,2.1772339754392562,1.2859642712041175
66331,2026-04-25 06:00:00+00:00,12,2.103393429184893,1.104117647103394
66331,2026-04-25 07:00:00+00:00,12,1.928671706826972,0.6738316189041593
66331,2026-04-25 08:00:00+00:00,12,1.5493181319960068,0.26039991678787194
66331,2026-04-25 09:00:00+00:00,12,1.0335679198113963,1.5305345477252934
66331,2026-04-25 10:00:00+00:00,12,1.477054752460107,0.4383624628590448
66331,2026-04-25 11:00:00+00:00,12,1.7229608623548174,0.16722888496298288
66331,2026-04-25 12:00:00+00:00,12,1.4704382404954737,0.4546569030429771
66331,2026-04-25 13:00:00+00:00,12,1.2464281563764668,1.006325053238351
66331,2026-04-25 14:00:00+00:00,12,1.176992708814091,1.177323269972084
66331,2026-04-25 15:00:00+00:00,12,1.395042644673865,0.6403331374114626
66331,2026-04-25 16:00:00+00:00,12,1.8744375115696266,0.54026942552067
66331,2026-04-25 17:00:00+00:00,12,1.964567260650448,0.7622313615135826
66331,2026-04-25 18:00:00+00:00,12,2.7999975537429087,2.8196400099682246
66331,2026-04-25 19:00:00+00:00,12,2.6654865024311225,2.488380534976974
66331,2026-04-25 20:00:00+00:00,12,2.1494774824494165,1.217608539792129
66331,2026-04-25 21:00:00+00:00,12,1.471756382109159,0.45141072442304037
66331,2026-04-25 22:00:00+00:00,12,1.237047960219825,1.029425600173797
66331,2026-04-25 23:00:00+00:00,12,0.9736722083858484,1.6780393194712555
66331,2026-04-26 00:00:00+00:00,12,1.0894229088055336,1.3929808363432252
66331,2026-04-26 01:00:00+00:00,12,0.9137795547109335,1.8255365609149903
66331,2026-04-26 02:00:00+00:00,12,2.0619784257467093,1.002125192491663
66331,2026-04-26 03:00:00+00:00,12,1.677515227574628,0.05531022124638619
66331,2026-04-26 04:00:00+00:00,12,1.5493181319960068,0.26039991678787194
66331,2026-04-26 05:00:00+00:00,12,1.0335679198113963,1.5305345477252934
66331,2026-04-26 06:00:00+00:00,12,1.1887129559079097,1.148459895095421
66331,2026-04-26 07:00:00+00:00,12,1.393743726616797,0.6435319743058654
66331,2026-04-26 08:00:00+00:00,12,1.1043026390448007,1.3563366232543994
66331,2026-04-26 09:00:00+00:00,12,1.3353683713504398,0.7872925750102536
66331,2026-04-26 10:00:00+00:00,12,1.3686900619672564,0.7052314682692022
66331,2026-04-26 11:00:00+00:00,12,1.719399359043819,0.15845799435232016
66331,2026-04-26 12:00:00+00:00,12,1.6313946240581965,0.058270683505593945
66331,2026-04-26 13:00:00+00:00,12,1.649469838367136,0.013756972967008584
66331,2026-04-26 14:00:00+00:00,12,1.5918536186972079,0.15564805546699795
66331,2026-04-26 15:00:00+00:00,12,2.5783522489937374,2.273795586261362
66331,2026-04-26 16:00:00+00:00,12,2.4574539189116287,1.9760600696643766
66331,2026-04-26 17:00:00+00:00,12,2.043322751440612,0.9561819869633591
66331,2026-04-26 18:00:00+00:00,12,1.6114037888316592,0.10750198098783335
66331,2026-04-20 12:00:00+00:00,24,2.0571463858317798,1.8713377908309252
66331,2026-04-20 13:00:00+00:00,24,2.0571463858317798,1.8713377908309252
66331,2026-04-20 14:00:00+00:00,24,2.0571463858317798,1.8713377908309252
66331,2026-04-20 15:00:00+00:00,24,2.0571463858317798,1.8713377908309252
66331,2026-04-20 16:00:00+00:00,24,2.05714638583178,1.8713377908309243
66331,2026-04-20 17:00:00+00:00,24,2.0571463858317798,1.8713377908309252
66331,2026-04-20 18:00:00+00:00,24,1.8666754566786896,2.269976289903556
66331,2026-04-20 19:00:00+00:00,24,1.9063864364931746,2.186864785904821
66331,2026-04-20 20:00:00+00:00,24,1.8431234045304532,2.3192686137253564
66331,2026-04-20 21:00:00+00:00,24,1.8286001168491768,2.3496645467352213
66331,2026-04-20 22:00:00+00:00,24,1.9770914024730006,2.038885660478677
66331,2026-04-20 23:00:00+00:00,24,1.9939803802127778,2.003538551253182
66331,2026-04-21 00:00:00+00:00,24,2.478665839388629,0.9891355406347204
66331,2026-04-21 01:00:00+00:00,24,2.7920034741337734,0.33334809331577575
66331,2026-04-21 02:00:00+00:00,24,2.824713506306393,0.26488894215875025
66331,2026-04-21 03:00:00+00:00,24,2.9520964303665975,0.0017120445673078017
66331,2026-04-21 04:00:00+00:00,24,3.233955990996626,0.5916187179815845
66331,2026-04-21 05:00:00+00:00,24,2.8718895850709454,0.16615365843617205
66331,2026-04-21 06:00:00+00:00,24,2.648711837810938,0.6332445819158035
66331,2026-04-21 07:00:00+00:00,24,2.729828996110846,0.4634736757859649
66331,2026-04-21 08:00:00+00:00,24,2.7242817275767184,0.47508360918750864
66331,2026-04-21 09:00:00+00:00,24,2.8869019585756464,0.13473411284965525
66331,2026-04-21 10:00:00+00:00,24,3.0074493917976692,0.11756080722217128
66331,2026-04-21 11:00:00+00:00,24,2.951278409226529,0.0
66331,2026-04-21 12:00:00+00:00,24,2.9064976044466784,0.09372219101402184
66331,2026-04-21 13:00:00+00:00,24,2.868589780420572,0.17305985235724214
66331,2026-04-21 14:00:00+00:00,24,3.040644546409702,0.18703527595009323
66331,2026-04-21 15:00:00+00:00,24,3.040644546409702,0.18703527595009323
66331,2026-04-21 16:00:00+00:00,24,3.040644546409702,0.18703527595009323
66331,2026-04-21 17:00:00+00:00,24,3.0905335737001947,0.2914485165832134
66331,2026-04-21 18:00:00+00:00,24,3.2279983922673363,0.5791500004398529
66331,2026-04-21 19:00:00+00:00,24,3.4661047230537285,1.0774851046283171
66331,2026-04-21 20:00:00+00:00,24,3.2967953160942747,0.7231357654966403
66331,2026-04-21 21:00:00+00:00,24,3.326269247010758,0.784822048198993
66331,2026-04-21 22:00:00+00:00,24,3.2735525547532345,0.6744907594765952
66331,2026-04-21 23:00:00+00:00,24,2.9310453589783836,0.042345951786159686
66331,2026-04-22 00:00:00+00:00,24,2.7920034741337734,0.33334809331577575
66331,2026-04-22 01:00:00+00:00,24,2.4089131707557527,1.1351215934867618
66331,2026-04-22 02:00:00+00:00,24,2.851367837759414,0.2091038271731629
66331,2026-04-22 03:00:00+00:00,24,2.9512282483707826,0.00010498215310781376
66331,2026-04-22 04:00:00+00:00,24,2.8380179500788865,0.23704393966915627
66331,2026-04-22 05:00:00+00:00,24,2.8000524983082045,0.3165022106912646
66331,2026-04-22 06:00:00+00:00,24,2.7153078342446717,0.4938651596562928
66331,2026-04-22 07:00:00+00:00,24,2.8876697526548956,0.13312718899670994
66331,2026-04-22 08:00:00+00:00,24,2.7624406044233916,0.3952205169030744
66331,2026-04-22 09:00:00+00:00,24,2.9416510841329417,0.020149124291336085
66331,2026-04-22 10:00:00+00:00,24,2.701869058337215,0.5219913072051199
66331,2026-04-22 11:00:00+00:00,24,2.8315281899307716,0.2506264231289106
66331,2026-04-22 12:00:00+00:00,24,2.0571463858317798,1.8713377908309252
66331,2026-04-22 13:00:00+00:00,24,2.0571463858317798,1.8713377908309252
66331,2026-04-22 14:00:00+00:00,24,2.0571463858317798,1.8713377908309252
66331,2026-04-22 15:00:00+00:00,24,2.0571463858317798,1.8713377908309252
66331,2026-04-22 16:00:00+00:00,24,2.05714638583178,1.8713377908309243
66331,2026-04-22 17:00:00+00:00,24,2.0571463858317798,1.8713377908309252
66331,2026-04-22 18:00:00+00:00,24,1.8666754566786896,2.269976289903556
66331,2026-04-22 19:00:00+00:00,24,1.9063864364931746,2.186864785904821
66331,2026-04-22 20:00:00+00:00,24,1.8431234045304532,2.3192686137253564
66331,2026-04-22 21:00:00+00:00,24,1.8286001168491768,2.3496645467352213
66331,2026-04-22 22:00:00+00:00,24,1.9770914024730006,2.038885660478677
66331,2026-04-22 23:00:00+00:00,24,1.9939803802127778,2.003538551253182
66331,2026-04-23 00:00:00+00:00,24,2.478665839388629,0.9891355406347204
66331,2026-04-23 01:00:00+00:00,24,3.053107552618365,0.2131192254065544
66331,2026-04-23 02:00:00+00:00,24,3.309257986861028,0.7492190129033973
66331,2026-04-23 03:00:00+00:00,24,3.9568221000365114,2.104512375924123
66331,2026-04-23 04:00:00+00:00,24,4.104780026495082,2.4141749894872504
66331,2026-04-23 05:00:00+00:00,24,4.179834412080566,2.5712570583974523
66331,2026-04-23 06:00:00+00:00,24,4.145431693047453,2.4992552661010814
66331,2026-04-23 07:00:00+00:00,24,4.112818592727083,2.4309989845802
66331,2026-04-23 08:00:00+00:00,24,4.15437631677508,2.5179755579241183
66331,2026-04-23 09:00:00+00:00,24,3.9505227360322053,2.0913283744444517
66331,2026-04-23 10:00:00+00:00,24,3.9505227360322053,2.0913283744444517
66331,2026-04-23 11:00:00+00:00,24,3.8892925625838095,1.9631791363956
66331,2026-04-23 12:00:00+00:00,24,3.9356356442971276,2.0601710323176747
66331,2026-04-23 13:00:00+00:00,24,3.9356356442971276,2.0601710323176747
66331,2026-04-23 14:00:00+00:00,24,4.013498691858396,2.223131377768067
66331,2026-04-23 15:00:00+00:00,24,4.013498691858396,2.223131377768067
66331,2026-04-23 16:00:00+00:00,24,4.089545696383894,2.382290908714905
66331,2026-04-23 17:00:00+00:00,24,4.092901419541497,2.389314135035048
66331,2026-04-23 18:00:00+00:00,24,4.039525271178507,2.277602664080871
66331,2026-04-23 19:00:00+00:00,24,3.804669294743231,1.7860702587911026
66331,2026-04-23 20:00:00+00:00,24,3.795045320750493,1.7659281480520115
66331,2026-04-23 21:00:00+00:00,24,3.5580331757861057,1.2698830762360993
66331,2026-04-23 22:00:00+00:00,24,3.171165032553835,0.4602028975187794
66331,2026-04-23 23:00:00+00:00,24,2.8961032457885114,0.1154766474695993
66331,2026-04-24 00:00:00+00:00,24,2.4089131707557527,1.1351215934867618
66331,2026-04-24 01:00:00+00:00,24,3.1805342821741287,0.4798118930892728
66331,2026-04-24 02:00:00+00:00,24,3.348256454843657,0.8308392938137299
66331,2026-04-24 03:00:00+00:00,24,2.5482984687155192,0.8434007192382135
66331,2026-04-24 04:00:00+00:00,24,2.648711837810938,0.6332445819158035
66331,2026-04-24 05:00:00+00:00,24,2.5413353465195914,0.8579739068284992
66331,2026-04-24 06:00:00+00:00,24,2.7242817275767184,0.47508360918750864
66331,2026-04-24 07:00:00+00:00,24,3.1460444260613367,0.4076277307335376
66331,2026-04-24 08:00:00+00:00,24,3.149564875596676,0.4149957145254399
66331,2026-04-24 09:00:00+00:00,24,3.2990192246458725,0.7277902057885296
66331,2026-04-24 10:00:00+00:00,24,3.084893051127971,0.27964341087929073
66331,2026-04-24 11:00:00+00:00,24,2.9991802589871797,0.10025425704749162
66331,2026-04-24 12:00:00+00:00,24,2.973294780397744,0.04607828185510096
66331,2026-04-24 13:00:00+00:00,24,2.9685302317930686,0.03610651076661242
66331,2026-04-24 14:00:00+00:00,24,3.250146367635688,0.6255037180260209
66331,2026-04-24 15:00:00+00:00,24,3.2998771138170127,0.7295856905539717
66331,2026-04-24 16:00:00+00:00,24,3.268397686840786,0.6637020852328498
66331,2026-04-24 17:00:00+00:00,24,3.3469521800887874,0.8281095642273231
66331,2026-04-24 18:00:00+00:00,24,3.2023258355590305,0.5254196515668736
66331,2026-04-24 19:00:00+00:00,24,3.13470817232881,0.3839019727234597
66331,2026-04-24 20:00:00+00:00,24,3.108880299081012,0.3298465603226253
66331,2026-04-24 21:00:00+00:00,24,3.0249534825534026,0.15419529258706532
66331,2026-04-24 22:00:00+00:00,24,3.024953482553403,0.15419529258706627
66331,2026-04-24 23:00:00+00:00,24,3.1071393784124677,0.32620297016743033
66331,2026-04-25 00:00:00+00:00,24,3.0779878445194666,0.26519143539704754
66331,2026-04-25 01:00:00+00:00,24,3.075252475803094,0.25946655504730903
66331,2026-04-25 02:00:00+00:00,24,3.353310934411587,0.8414178642943374
66331,2026-04-25 03:00:00+00:00,24,2.6160807350366504,0.7015385409512616
66331,2026-04-25 04:00:00+00:00,24,3.1805342821741287,0.4798118930892728
66331,2026-04-25 05:00:00+00:00,24,2.9091686498689784,0.08813193352520218
66331,2026-04-25 06:00:00+00:00,24,2.5482984687155192,0.8434007192382135
66331,2026-04-25 07:00:00+00:00,24,2.6470610049705883,0.6366996263607638
66331,2026-04-25 08:00:00+00:00,24,2.9512432540370477,7.35766451696402e-05
66331,2026-04-25 09:00:00+00:00,24,2.921679816478762,0.06194718868698512
66331,2026-04-25 10:00:00+00:00,24,2.900094106771188,0.10712413488820136
66331,2026-04-25 11:00:00+00:00,24,3.025914603296669,0.1562068317349386
66331,2026-04-25 12:00:00+00:00,24,2.993289145996208,0.087924688167714
66331,2026-04-25 13:00:00+00:00,24,2.974109201813701,0.04778279252406974
66331,2026-04-25 14:00:00+00:00,24,2.978587941794849,0.057156391906190075
66331,2026-04-25 15:00:00+00:00,24,3.114500466712876,0.34160906496973653
66331,2026-04-25 16:00:00+00:00,24,3.3241025855468402,0.7802874209053945
66331,2026-04-25 17:00:00+00:00,24,3.311104870933234,0.7530843749183717
66331,2026-04-25 18:00:00+00:00,24,3.4024570654531865,0.9442762899909094
66331,2026-04-25 19:00:00+00:00,24,3.470681322054887,1.0870635141251952
66331,2026-04-25 20:00:00+00:00,24,3.543186023531641,1.2388093238449114
66331,2026-04-25 21:00:00+00:00,24,3.4661047230537285,1.0774851046283171
66331,2026-04-25 22:00:00+00:00,24,3.2967953160942747,0.7231357654966403
66331,2026-04-25 23:00:00+00:00,24,3.326269247010758,0.784822048198993
66331,2026-04-26 00:00:00+00:00,24,3.4132024146797986,0.9667653380926543
66331,2026-04-26 01:00:00+00:00,24,3.428258667110842,0.9982767183198479
66331,2026-04-26 02:00:00+00:00,24,2.6160807350366504,0.7015385409512616
66331,2026-04-26 03:00:00+00:00,24,2.7631341825987135,0.39376892025245047
66331,2026-04-26 04:00:00+00:00,24,2.851367837759414,0.2091038271731629
66331,2026-04-26 05:00:00+00:00,24,2.8380179500788865,0.23704393966915627
66331,2026-04-26 06:00:00+00:00,24,2.8000524983082045,0.3165022106912646
66331,2026-04-26 07:00:00+00:00,24,2.7153078342446717,0.4938651596562928
66331,2026-04-26 08:00:00+00:00,24,2.5413353465195914,0.8579739068284992
66331,2026-04-26 09:00:00+00:00,24,2.8876697526548956,0.13312718899670994
66331,2026-04-26 10:00:00+00:00,24,2.7624406044233916,0.3952205169030744
66331,2026-04-26 11:00:00+00:00,24,2.863800907581374,0.18308253187771276
66331,2026-04-26 12:00:00+00:00,24,2.701869058337215,0.5219913072051199
66332,2026-04-20 03:00:00+00:00,6,0.4455207438510366,0.23063642689250194
66332,2026-04-20 04:00:00+00:00,6,0.32501766545434574,0.5158419179029705
66332,2026-04-20 05:00:00+00:00,6,0.5538227690476821,0.025691732392810123
66332,2026-04-20 06:00:00+00:00,6,0.46077196105338414,0.1945399972528897
66332,2026-04-20 07:00:00+00:00,6,0.4013942917601565,0.33507447613220487
66332,2026-04-20 08:00:00+00:00,6,0.24428010292251365,0.7069307802893435
66332,2026-04-20 09:00:00+00:00,6,0.19675306851373336,0.8194172940380235
66332,2026-04-20 10:00:00+00:00,6,0.32418957189343706,0.5178018415313453
66332,2026-04-20 11:00:00+00:00,6,0.42423598719883615,0.28101297787193213
66332,2026-04-20 12:00:00+00:00,6,1.0215205131097782,1.1326341152305717
66332,2026-04-20 13:00:00+00:00,6,1.4800931029109183,2.2179791734508263
66332,2026-04-20 14:00:00+00:00,6,0.5666835526346022,0.056130507455569446
66332,2026-04-20 15:00:00+00:00,6,0.5618390264879849,0.044664531011294674
66332,2026-04-20 16:00:00+00:00,6,0.5547633958398577,0.027917998557039466
66332,2026-04-20 17:00:00+00:00,6,0.4794478309702903,0.15033813352817732
66332,2026-04-20 18:00:00+00:00,6,0.48279400293232233,0.1424184469099223
66332,2026-04-20 19:00:00+00:00,6,0.5340624225827626,0.02107685967179821
66332,2026-04-20 20:00:00+00:00,6,0.23867768417121368,0.7201905294349276
66332,2026-04-20 21:00:00+00:00,6,0.038184317094796964,1.1947162424887596
66332,2026-04-20 22:00:00+00:00,6,0.12606177428717133,0.9867287482208054
66332,2026-04-20 23:00:00+00:00,6,0.28284090074609347,0.6156654663790602
66332,2026-04-21 00:00:00+00:00,6,0.39975889986583235,0.3389451054507341
66332,2026-04-21 01:00:00+00:00,6,6.868369415647262e-15,1.285090505543421
66332,2026-04-21 02:00:00+00:00,6,0.0,1.2850905055434374
66332,2026-04-21 03:00:00+00:00,6,0.0,1.2850905055434374
66332,2026-04-21 04:00:00+00:00,6,0.2216267627254807,0.7605464812314648
66332,2026-04-21 05:00:00+00:00,6,0.22649917412715545,0.7490145062420374
66332,2026-04-21 06:00:00+00:00,6,0.2081106355276952,0.7925363170538684
66332,2026-04-21 07:00:00+00:00,6,0.3876060258976011,0.36770840704779034
66332,2026-04-21 08:00:00+00:00,6,0.6260901073364684,0.19673335203361533
66332,2026-04-21 09:00:00+00:00,6,0.3073163174279918,0.5577372928807279
66332,2026-04-21 10:00:00+00:00,6,0.30111691263167867,0.5724099826777854
66332,2026-04-21 11:00:00+00:00,6,0.7368042112935346,0.4587703954103116
66332,2026-04-21 12:00:00+00:00,6,1.2097520175672114,1.578138573429506
66332,2026-04-21 13:00:00+00:00,6,1.4522673118761094,2.15212136715718
66332,2026-04-21 14:00:00+00:00,6,1.3236315999126553,1.8476676396661351
66332,2026-04-21 15:00:00+00:00,6,0.99618678046495,1.0726744880224541
66332,2026-04-21 16:00:00+00:00,6,1.155660763207997,1.4501159289945935
66332,2026-04-21 17:00:00+00:00,6,0.7677213632930108,0.5319448041804202
66332,2026-04-21 18:00:00+00:00,6,0.2943816056707677,0.5883510404038724
66332,2026-04-21 19:00:00+00:00,6,0.1788234380170646,0.8618529657028158
66332,2026-04-21 20:00:00+00:00,6,0.15669650556338688,0.9142227700179553
66332,2026-04-21 21:00:00+00:00,6,0.2743314346160693,0.635805586433596
66332,2026-04-21 22:00:00+00:00,6,0.53836720992792,0.010888331670633246
66332,2026-04-21 23:00:00+00:00,6,0.88909066539099,0.8192004648574062
66332,2026-04-22 00:00:00+00:00,6,1.2708615847149431,1.7227720909769269
66332,2026-04-22 01:00:00+00:00,6,0.9410917087838173,0.9422760187041307
66332,2026-04-22 02:00:00+00:00,6,1.0372341623363337,1.1698250243994872
66332,2026-04-22 03:00:00+00:00,6,0.5263322064972554,0.03937265844821053
66332,2026-04-22 04:00:00+00:00,6,0.2534100511085327,0.6853221094575351
66332,2026-04-22 05:00:00+00:00,6,0.2081106355276952,0.7925363170538684
66332,2026-04-22 06:00:00+00:00,6,0.24428010292251365,0.7069307802893435
66332,2026-04-22 07:00:00+00:00,6,0.19675306851373336,0.8194172940380235
66332,2026-04-22 08:00:00+00:00,6,0.5243782979490653,0.04399714982461851
66332,2026-04-22 09:00:00+00:00,6,0.410818033104551,0.3127704585664802
66332,2026-04-22 10:00:00+00:00,6,0.27373541317130956,0.6372162440787548
66332,2026-04-22 11:00:00+00:00,6,0.759529906002594,0.5125573442940115
66332,2026-04-22 12:00:00+00:00,6,1.031348760800987,1.15589551440675
66332,2026-04-22 13:00:00+00:00,6,1.042083325300435,1.181301975217403
66332,2026-04-22 14:00:00+00:00,6,1.1673354697996021,1.4777475087862793
66332,2026-04-22 15:00:00+00:00,6,0.44461363452075425,0.2327833642602901
66332,2026-04-22 16:00:00+00:00,6,0.5618390264879849,0.044664531011294674
66332,2026-04-22 17:00:00+00:00,6,0.23867768417121368,0.7201905294349276
66332,2026-04-22 18:00:00+00:00,6,0.15669650556338688,0.9142227700179553
66332,2026-04-22 19:00:00+00:00,6,0.44461363452075425,0.2327833642602901
66332,2026-04-22 20:00:00+00:00,6,0.2549923095460487,0.6815772358776948
66332,2026-04-22 21:00:00+00:00,6,0.363839508514203,0.42395876471605587
66332,2026-04-22 22:00:00+00:00,6,0.27017820288971495,0.6456354140990416
66332,2026-04-22 23:00:00+00:00,6,0.3778119288612347,0.39088897879273393
66332,2026-04-23 00:00:00+00:00,6,0.2579864392112684,0.6744907594765952
66332,2026-04-23 01:00:00+00:00,6,0.39975889986583235,0.3389451054507341
66332,2026-04-23 02:00:00+00:00,6,6.868369415647262e-15,1.285090505543421
66332,2026-04-23 03:00:00+00:00,6,0.0,1.2850905055434374
66332,2026-04-23 04:00:00+00:00,6,0.0,1.2850905055434374
66332,2026-04-23 05:00:00+00:00,6,1.2591202092044154,1.694982719849041
66332,2026-04-23 06:00:00+00:00,6,0.9410917087838173,0.9422760187041307
66332,2026-04-23 07:00:00+00:00,6,1.3602815313728107,1.934410334016097
66332,2026-04-23 08:00:00+00:00,6,0.6734081365028108,0.3087251942470418
66332,2026-04-23 09:00:00+00:00,6,1.2309643735745015,1.6283437672805052
66332,2026-04-23 10:00:00+00:00,6,1.2591202092044154,1.694982719849041
66332,2026-04-23 11:00:00+00:00,6,1.0556050422499674,1.213305040808812
66332,2026-04-23 12:00:00+00:00,6,1.0372341623363337,1.1698250243994872
66332,2026-04-23 13:00:00+00:00,6,1.6986052599614951,2.7351515799366495
66332,2026-04-23 14:00:00+00:00,6,1.2689461346054767,1.7182386226519264
66332,2026-04-23 15:00:00+00:00,6,1.690051826585788,2.7149073986410213
66332,2026-04-23 16:00:00+00:00,6,1.3012924124020138,1.794795472186948
66332,2026-04-23 17:00:00+00:00,6,0.6649551728148377,0.28871880361206004
66332,2026-04-23 18:00:00+00:00,6,0.7522454827985287,0.49531664368880146
66332,2026-04-23 19:00:00+00:00,6,0.768894299432982,0.5347208978053746
66332,2026-04-23 20:00:00+00:00,6,0.8265994046860585,0.6712967687000255
66332,2026-04-23 21:00:00+00:00,6,0.7946620251853207,0.5957076955967633
66332,2026-04-23 22:00:00+00:00,6,1.3003412092188567,1.7925441739254215
66332,2026-04-23 23:00:00+00:00,6,1.4630576123993282,2.1776597434362017
66332,2026-04-24 00:00:00+00:00,6,1.552164618469953,2.3885573217966827
66332,2026-04-24 01:00:00+00:00,6,1.4735499676347383,2.202492945762538
66332,2026-04-24 02:00:00+00:00,6,1.544403936654593,2.370189417032961
66332,2026-04-24 03:00:00+00:00,6,1.4630576123993282,2.1776597434362017
66332,2026-04-24 04:00:00+00:00,6,0.33063975928626066,0.5025356019716901
66332,2026-04-24 05:00:00+00:00,6,0.11982922101696056,1.0014798934971751
66332,2026-04-24 06:00:00+00:00,6,0.5794219918828069,0.08627971915065415
66332,2026-04-24 07:00:00+00:00,6,0.410818033104551,0.3127704585664802
66332,2026-04-24 08:00:00+00:00,6,0.492188057426375,0.12018469188720443
66332,2026-04-24 09:00:00+00:00,6,0.4584168660266564,0.20011401280843463
66332,2026-04-24 10:00:00+00:00,6,0.7220460074727777,0.42384082495340347
66332,2026-04-24 11:00:00+00:00,6,0.9856178018183427,1.047659934166313
66332,2026-04-24 12:00:00+00:00,6,1.5492141844928893,2.3815742639170137
66332,2026-04-24 13:00:00+00:00,6,1.511608210327177,2.2925688171718996
66332,2026-04-24 14:00:00+00:00,6,1.1068664803039907,1.3346301040737676
66332,2026-04-24 15:00:00+00:00,6,0.7804239079081235,0.5620090608138434
66332,2026-04-24 16:00:00+00:00,6,1.3393179121622278,1.8847938479490076
66332,2026-04-24 17:00:00+00:00,6,0.7278363335195002,0.4375453112224575
66332,2026-04-24 18:00:00+00:00,6,0.7677213632930108,0.5319448041804202
66332,2026-04-24 19:00:00+00:00,6,0.2943816056707677,0.5883510404038724
66332,2026-04-24 20:00:00+00:00,6,0.1788234380170646,0.8618529657028158
66332,2026-04-24 21:00:00+00:00,6,0.038184317094796964,1.1947162424887596
66332,2026-04-24 22:00:00+00:00,6,0.12606177428717133,0.9867287482208054
66332,2026-04-24 23:00:00+00:00,6,0.2579864392112684,0.6744907594765952
66332,2026-04-25 00:00:00+00:00,6,0.5435353238323453,0.0013435090700438042
66332,2026-04-25 01:00:00+00:00,6,0.8523459568136939,0.7322334529664293
66332,2026-04-25 02:00:00+00:00,6,0.9473316036314642,0.9570445399531753
66332,2026-04-25 03:00:00+00:00,6,1.0556050422499674,1.213305040808812
66332,2026-04-25 04:00:00+00:00,6,1.3942344866215834,2.0147698518128525
66332,2026-04-25 05:00:00+00:00,6,0.6422635611935378,0.23501252224249272
66332,2026-04-25 06:00:00+00:00,6,0.11982922101696056,1.0014798934971751
66332,2026-04-25 07:00:00+00:00,6,0.4176168075555514,0.29667918661420906
66332,2026-04-25 08:00:00+00:00,6,0.43493346669251515,0.2556942894851887
66332,2026-04-25 09:00:00+00:00,6,0.27373541317130956,0.6372162440787548
66332,2026-04-25 10:00:00+00:00,6,0.30111691263167867,0.5724099826777854
66332,2026-04-25 11:00:00+00:00,6,0.45447328180765384,0.2094476488323973
66332,2026-04-25 12:00:00+00:00,6,0.796727114723904,0.6005953290387352
66332,2026-04-25 13:00:00+00:00,6,1.0215205131097782,1.1326341152305717
66332,2026-04-25 14:00:00+00:00,6,1.3942344866215834,2.0147698518128525
66332,2026-04-25 15:00:00+00:00,6,0.9473316036314642,0.9570445399531753
66332,2026-04-25 16:00:00+00:00,6,0.7804239079081235,0.5620090608138434
66332,2026-04-25 17:00:00+00:00,6,1.2937851620997363,1.7770273866152988
66332,2026-04-25 18:00:00+00:00,6,1.381772501630269,1.9852749493115855
66332,2026-04-25 19:00:00+00:00,6,0.9813875362943856,1.037647783672588
66332,2026-04-25 20:00:00+00:00,6,0.349056871371262,0.45894616371762237
66332,2026-04-25 21:00:00+00:00,6,0.3177061443785541,0.5331467534822731
66332,2026-04-25 22:00:00+00:00,6,0.3660491701716321,0.4187289594168132
66332,2026-04-25 23:00:00+00:00,6,0.40860305963356974,0.31801283581336487
66332,2026-04-26 00:00:00+00:00,6,0.8556692515586278,0.7400989940141129
66332,2026-04-26 01:00:00+00:00,6,0.9362796971313396,0.9308869972421637
66332,2026-04-26 02:00:00+00:00,6,0.4928150788278253,0.11870066385195366
66332,2026-04-26 03:00:00+00:00,6,0.8217809804696492,0.6598925700453337
66332,2026-04-26 04:00:00+00:00,6,0.6116448908441893,0.16254455688208724
66332,2026-04-26 05:00:00+00:00,6,0.5348667785882136,0.019173117854293063
66332,2026-04-26 06:00:00+00:00,6,0.3876060258976011,0.36770840704779034
66332,2026-04-26 07:00:00+00:00,6,0.4257555470887923,0.27741649859272177
66332,2026-04-26 08:00:00+00:00,6,0.22649917412715545,0.7490145062420374
66332,2026-04-26 09:00:00+00:00,6,0.3778068606994296,0.39090097406783714
66332,2026-04-26 10:00:00+00:00,6,0.6090425227055628,0.15638529777732282
66332,2026-04-26 11:00:00+00:00,6,0.9525166402085146,0.969316433107612
66332,2026-04-26 12:00:00+00:00,6,1.1327469486335027,1.3958837398788262
66332,2026-04-26 13:00:00+00:00,6,1.3389407956985833,1.8839012924424352
66332,2026-04-26 14:00:00+00:00,6,0.8265994046860585,0.6712967687000255
66332,2026-04-26 15:00:00+00:00,6,0.7937429842904968,0.5935325187203346
66332,2026-04-26 16:00:00+00:00,6,0.349056871371262,0.45894616371762237
66332,2026-04-26 17:00:00+00:00,6,0.34856320415328873,0.4601145703937933
66332,2026-04-26 18:00:00+00:00,6,0.6038424349207722,0.14407778157365808
66332,2026-04-26 19:00:00+00:00,6,0.5429676735454572,0.0
66332,2026-04-26 20:00:00+00:00,6,0.3177061443785541,0.5331467534822731
66332,2026-04-26 21:00:00+00:00,6,0.3660491701716321,0.4187289594168132
66332,2026-04-20 06:00:00+00:00,12,0.4768448846292045,0.9643087039104459
66332,2026-04-20 07:00:00+00:00,12,0.559887404350781,0.7994210461596025
66332,2026-04-20 08:00:00+00:00,12,0.5715379560042734,0.7762879309784835
66332,2026-04-20 09:00:00+00:00,12,0.6325336361887313,0.6551760611525776
66332,2026-04-20 10:00:00+00:00,12,0.6866489511347106,0.5477257145131881
66332,2026-04-20 11:00:00+00:00,12,0.7548891874008058,0.4122291910453789
66332,2026-04-20 12:00:00+00:00,12,1.214844348566672,0.501049084340887
66332,2026-04-20 13:00:00+00:00,12,1.2992824181636446,0.668707719550026
66332,2026-04-20 14:00:00+00:00,12,1.4666839557570073,1.0010970488984647
66332,2026-04-20 15:00:00+00:00,12,1.23441940565904,0.5399169477573793
66332,2026-04-20 16:00:00+00:00,12,0.8690321328671331,0.18558911569811246
66332,2026-04-20 17:00:00+00:00,12,0.5980638595175286,0.7236185982716978
66332,2026-04-20 18:00:00+00:00,12,0.508478037599933,0.9014985132020545
66332,2026-04-20 19:00:00+00:00,12,0.5685398903411016,0.782240833499277
66332,2026-04-20 20:00:00+00:00,12,0.6127701583484879,0.6944180492451152
66332,2026-04-20 21:00:00+00:00,12,0.5849872590511567,0.7495832490249845
66332,2026-04-20 22:00:00+00:00,12,0.6228061572593369,0.6744907594765952
66332,2026-04-20 23:00:00+00:00,12,0.6961387643789491,0.5288829206820075
66332,2026-04-21 00:00:00+00:00,12,0.299960132196354,1.3155277254222948
66332,2026-04-21 01:00:00+00:00,12,0.9899462942593422,0.05449575802337492
66332,2026-04-21 02:00:00+00:00,12,1.3626857933826044,0.7946002631337657
66332,2026-04-21 03:00:00+00:00,12,0.8794869235746928,0.16483028085272777
66332,2026-04-21 04:00:00+00:00,12,1.0675625254332564,0.208609079784606
66332,2026-04-21 05:00:00+00:00,12,0.6959534331749194,0.5292509108181817
66332,2026-04-21 06:00:00+00:00,12,0.6157108093043849,0.6885791482820144
66332,2026-04-21 07:00:00+00:00,12,0.7412486370271247,0.4393136100766125
66332,2026-04-21 08:00:00+00:00,12,0.7435143475521864,0.43481485807737885
66332,2026-04-21 09:00:00+00:00,12,0.9650965087848732,0.0051544936176957925
66332,2026-04-21 10:00:00+00:00,12,1.099275919895485,0.2715785964820476
66332,2026-04-21 11:00:00+00:00,12,1.3232794422122578,0.7163557569847379
66332,2026-04-21 12:00:00+00:00,12,1.4088725005607432,0.8863077160309186
66332,2026-04-21 13:00:00+00:00,12,1.6698433379982578,1.4044864787975235
66332,2026-04-21 14:00:00+00:00,12,1.6895808914339907,1.4436769918824066
66332,2026-04-21 15:00:00+00:00,12,1.2883147257851415,0.646930476840069
66332,2026-04-21 16:00:00+00:00,12,1.0920546260857462,0.2572401319675959
66332,2026-04-21 17:00:00+00:00,12,0.9429369098079083,0.038845187319976424
66332,2026-04-21 18:00:00+00:00,12,0.8858413009028248,0.1522131493204279
66332,2026-04-21 19:00:00+00:00,12,0.653763276883619,0.6130228878046534
66332,2026-04-21 20:00:00+00:00,12,0.5710810624944982,0.7771951300967301
66332,2026-04-21 21:00:00+00:00,12,0.47606021727983094,0.9658667245700496
66332,2026-04-21 22:00:00+00:00,12,0.4557583135793716,1.0061778008750013
66332,2026-04-21 23:00:00+00:00,12,0.4769025014598421,0.9641943010204238
66332,2026-04-22 00:00:00+00:00,12,0.9899462942593422,0.05449575802337492
66332,2026-04-22 01:00:00+00:00,12,1.1274540715010737,0.32752860177537796
66332,2026-04-22 02:00:00+00:00,12,0.8794869235746928,0.16483028085272777
66332,2026-04-22 03:00:00+00:00,12,0.5787506807593107,0.7619664810171016
66332,2026-04-22 04:00:00+00:00,12,0.4768448846292045,0.9643087039104459
66332,2026-04-22 05:00:00+00:00,12,0.559887404350781,0.7994210461596025
66332,2026-04-22 06:00:00+00:00,12,0.6959534331749194,0.5292509108181817
66332,2026-04-22 07:00:00+00:00,12,0.6157108093043849,0.6885791482820144
66332,2026-04-22 08:00:00+00:00,12,0.7412486370271247,0.4393136100766125
66332,2026-04-22 09:00:00+00:00,12,0.7435143475521864,0.43481485807737885
66332,2026-04-22 10:00:00+00:00,12,0.8834464620520869,0.1569682960827472
66332,2026-04-22 11:00:00+00:00,12,0.9625005465173453,0.0
66332,2026-04-22 12:00:00+00:00,12,1.2589890154267995,0.5887019005748152
66332,2026-04-22 13:00:00+00:00,12,1.5442980982712458,1.155206223456517
66332,2026-04-22 14:00:00+00:00,12,1.644978071690984,1.3551144759427973
66332,2026-04-22 15:00:00+00:00,12,1.5548766695458032,1.1762108346564217
66332,2026-04-22 16:00:00+00:00,12,1.0373570983562888,0.14863375462848558
66332,2026-04-22 17:00:00+00:00,12,0.814458161939795,0.2939501609860163
66332,2026-04-22 18:00:00+00:00,12,0.5980638595175286,0.7236185982716978
66332,2026-04-22 19:00:00+00:00,12,0.508478037599933,0.9014985132020545
66332,2026-04-22 20:00:00+00:00,12,0.5685398903411016,0.782240833499277
66332,2026-04-22 21:00:00+00:00,12,0.6127701583484879,0.6944180492451152
66332,2026-04-22 22:00:00+00:00,12,0.5170299518502608,0.8845179938879685
66332,2026-04-22 23:00:00+00:00,12,0.33318687879403447,1.2495533253253186
66332,2026-04-23 00:00:00+00:00,12,0.41349760610772285,1.0900898629518363
66332,2026-04-23 01:00:00+00:00,12,0.44407602849503974,1.0293739253566696
66332,2026-04-23 02:00:00+00:00,12,0.9760538462134715,0.026911175734818334
66332,2026-04-23 03:00:00+00:00,12,0.7858145804509358,0.3508243150594779
66332,2026-04-23 04:00:00+00:00,12,1.6061536851048093,1.2780255076736382
66332,2026-04-23 05:00:00+00:00,12,2.1130561284500082,2.2845214193054333
66332,2026-04-23 06:00:00+00:00,12,1.7306540201881748,1.5252310201017187
66332,2026-04-23 07:00:00+00:00,12,2.53586813463965,3.1240489481339093
66332,2026-04-23 08:00:00+00:00,12,2.4733348325380384,2.999884005288593
66332,2026-04-23 09:00:00+00:00,12,2.1912138115059845,2.4397098376908675
66332,2026-04-23 10:00:00+00:00,12,2.317153818013934,2.689773934491465
66332,2026-04-23 11:00:00+00:00,12,2.272549059576987,2.6012075691178063
66332,2026-04-23 12:00:00+00:00,12,2.6272846252115998,3.3055638041468156
66332,2026-04-23 13:00:00+00:00,12,2.841445710824121,3.730798008340302
66332,2026-04-23 14:00:00+00:00,12,3.182787627364256,4.408560066851912
66332,2026-04-23 15:00:00+00:00,12,3.157662025374911,4.358671146386912
66332,2026-04-23 16:00:00+00:00,12,2.836843939358878,3.721660817887114
66332,2026-04-23 17:00:00+00:00,12,2.4064924938784342,2.867163120889572
66332,2026-04-23 18:00:00+00:00,12,2.2094788468850126,2.475976546751259
66332,2026-04-23 19:00:00+00:00,12,2.1171351156074403,2.292620579117054
66332,2026-04-23 20:00:00+00:00,12,1.5967344541899016,1.2593228607816518
66332,2026-04-23 21:00:00+00:00,12,2.057735462247354,2.174677749990545
66332,2026-04-23 22:00:00+00:00,12,2.0783628220818704,2.2156350458445333
66332,2026-04-23 23:00:00+00:00,12,3.4766095230012284,4.991967269932062
66332,2026-04-24 00:00:00+00:00,12,3.1634728197411506,4.370208949863172
66332,2026-04-24 01:00:00+00:00,12,1.2418597420146016,0.554690339011164
66332,2026-04-24 02:00:00+00:00,12,0.9152846378204618,0.09375101598204494
66332,2026-04-24 03:00:00+00:00,12,1.0485098095225416,0.17077836714675557
66332,2026-04-24 04:00:00+00:00,12,0.6375232699685752,0.6452687386176715
66332,2026-04-24 05:00:00+00:00,12,0.7050069414156388,0.5112744359563247
66332,2026-04-24 06:00:00+00:00,12,0.699369556689506,0.5224679205284326
66332,2026-04-24 07:00:00+00:00,12,0.6215045503421394,0.6770752055725056
66332,2026-04-24 08:00:00+00:00,12,0.7778190519893,0.36670008526659004
66332,2026-04-24 09:00:00+00:00,12,0.7524638171559948,0.41704496036676153
66332,2026-04-24 10:00:00+00:00,12,0.9083461432101824,0.10752795975063055
66332,2026-04-24 11:00:00+00:00,12,1.0639976265435265,0.2015306839216561
66332,2026-04-24 12:00:00+00:00,12,1.2588318573799278,0.5883898505270534
66332,2026-04-24 13:00:00+00:00,12,1.5526636714826023,1.1718167475252537
66332,2026-04-24 14:00:00+00:00,12,1.9911992108384777,2.0425646266518718
66332,2026-04-24 15:00:00+00:00,12,2.026042179834214,2.1117481673976797
66332,2026-04-24 16:00:00+00:00,12,1.5760873475637787,1.218326356071442
66332,2026-04-24 17:00:00+00:00,12,1.3636661302309796,0.7965468014526582
66332,2026-04-24 18:00:00+00:00,12,1.2451628612444712,0.5612489501288305
66332,2026-04-24 19:00:00+00:00,12,0.814458161939795,0.2939501609860163
66332,2026-04-24 20:00:00+00:00,12,0.653763276883619,0.6130228878046534
66332,2026-04-24 21:00:00+00:00,12,0.5710810624944982,0.7771951300967301
66332,2026-04-24 22:00:00+00:00,12,0.47606021727983094,0.9658667245700496
66332,2026-04-24 23:00:00+00:00,12,0.33318687879403447,1.2495533253253186
66332,2026-04-25 00:00:00+00:00,12,0.299960132196354,1.3155277254222948
66332,2026-04-25 01:00:00+00:00,12,0.44407602849503974,1.0293739253566696
66332,2026-04-25 02:00:00+00:00,12,0.7858145804509358,0.3508243150594779
66332,2026-04-25 03:00:00+00:00,12,1.1274540715010737,0.32752860177537796
66332,2026-04-25 04:00:00+00:00,12,1.096351867672427,0.2657726536491752
66332,2026-04-25 05:00:00+00:00,12,0.5787506807593107,0.7619664810171016
66332,2026-04-25 06:00:00+00:00,12,0.6413542032032332,0.6376621099871762
66332,2026-04-25 07:00:00+00:00,12,0.5746587600135039,0.7700913215173695
66332,2026-04-25 08:00:00+00:00,12,0.5710540216538227,0.7772488218789345
66332,2026-04-25 09:00:00+00:00,12,0.5715379560042734,0.7762879309784835
66332,2026-04-25 10:00:00+00:00,12,0.6325336361887313,0.6551760611525776
66332,2026-04-25 11:00:00+00:00,12,0.6866489511347106,0.5477257145131881
66332,2026-04-25 12:00:00+00:00,12,0.7548891874008058,0.4122291910453789
66332,2026-04-25 13:00:00+00:00,12,1.2588318573799278,0.5883898505270534
66332,2026-04-25 14:00:00+00:00,12,1.5526636714826023,1.1718167475252537
66332,2026-04-25 15:00:00+00:00,12,2.013047136216338,2.0859454543814353
66332,2026-04-25 16:00:00+00:00,12,2.185504197443495,2.4283729359135413
66332,2026-04-25 17:00:00+00:00,12,1.5760873475637787,1.218326356071442
66332,2026-04-25 18:00:00+00:00,12,1.3636661302309796,0.7965468014526582
66332,2026-04-25 19:00:00+00:00,12,1.2451628612444712,0.5612489501288305
66332,2026-04-25 20:00:00+00:00,12,0.9835644221703672,0.041824033413564464
66332,2026-04-25 21:00:00+00:00,12,1.0090830479063686,0.09249333440222889
66332,2026-04-25 22:00:00+00:00,12,1.0313673912091614,0.13674070531574056
66332,2026-04-25 23:00:00+00:00,12,0.894538079477287,0.1349449901421098
66332,2026-04-26 00:00:00+00:00,12,0.9059111835858706,0.1123627695627215
66332,2026-04-26 01:00:00+00:00,12,1.1858415582216617,0.443461691951287
66332,2026-04-26 02:00:00+00:00,12,0.987849296277522,0.05033199846152802
66332,2026-04-26 03:00:00+00:00,12,2.383930894496824,2.822365235545782
66332,2026-04-26 04:00:00+00:00,12,1.2418597420146016,0.554690339011164
66332,2026-04-26 05:00:00+00:00,12,0.9152846378204618,0.09375101598204494
66332,2026-04-26 06:00:00+00:00,12,0.9809773819309879,0.03668725520634448
66332,2026-04-26 07:00:00+00:00,12,0.8038663695994274,0.31498102368433073
66332,2026-04-26 08:00:00+00:00,12,0.9736318897403144,0.022102184733915543
66332,2026-04-26 09:00:00+00:00,12,0.9515608468676549,0.02172166087665691
66332,2026-04-26 10:00:00+00:00,12,1.0507511270831864,0.1752286849368423
66332,2026-04-26 11:00:00+00:00,12,1.1288917542812575,0.33038323753315646
66332,2026-04-26 12:00:00+00:00,12,1.214844348566672,0.501049084340887
66332,2026-04-26 13:00:00+00:00,12,1.2992824181636446,0.668707719550026
66332,2026-04-26 14:00:00+00:00,12,1.4666839557570073,1.0010970488984647
66332,2026-04-26 15:00:00+00:00,12,1.0373570983562888,0.14863375462848558
66332,2026-04-26 16:00:00+00:00,12,0.8968015508048265,0.13045068425115788
66332,2026-04-26 17:00:00+00:00,12,0.7631379996909431,0.3958505052551678
66332,2026-04-26 18:00:00+00:00,12,0.6600318226903625,0.6005761817191051
66332,2026-04-20 12:00:00+00:00,24,1.1324646352090308,0.9550596247507306
66332,2026-04-20 13:00:00+00:00,24,1.1308543743706403,0.9589335306279968
66332,2026-04-20 14:00:00+00:00,24,1.1308543743706403,0.9589335306279968
66332,2026-04-20 15:00:00+00:00,24,1.1308543743706403,0.9589335306279968
66332,2026-04-20 16:00:00+00:00,24,1.1309466386738227,0.9587115645850807
66332,2026-04-20 17:00:00+00:00,24,1.1272553685719156,0.9675918854631861
66332,2026-04-20 18:00:00+00:00,24,1.1099304328413382,1.0092715740886788
66332,2026-04-20 19:00:00+00:00,24,1.1483307922575139,0.9168894118421311
66332,2026-04-20 20:00:00+00:00,24,1.2490882885801446,0.6744907594765952
66332,2026-04-20 21:00:00+00:00,24,1.2795732312286954,0.6011512136845109
66332,2026-04-20 22:00:00+00:00,24,1.22762272112004,0.7261318265385426
66332,2026-04-20 23:00:00+00:00,24,1.404507400858904,0.3005892162347202
66332,2026-04-21 00:00:00+00:00,24,1.566200165723356,0.08840524800741469
66332,2026-04-21 01:00:00+00:00,24,1.4691825699005945,0.14499609026997937
66332,2026-04-21 02:00:00+00:00,24,1.6832909302247356,0.3700978719358821
66332,2026-04-21 03:00:00+00:00,24,1.9911357753210472,1.1106995969934619
66332,2026-04-21 04:00:00+00:00,24,1.9612250470523884,1.0387414748863113
66332,2026-04-21 05:00:00+00:00,24,1.8260079405237344,0.7134411687496744
66332,2026-04-21 06:00:00+00:00,24,1.9856362385415511,1.0974690151247346
66332,2026-04-21 07:00:00+00:00,24,2.049001230750624,1.2499101661975018
66332,2026-04-21 08:00:00+00:00,24,1.9998057063453547,1.1315573958977232
66332,2026-04-21 09:00:00+00:00,24,1.6186984231503048,0.21470361106998664
66332,2026-04-21 10:00:00+00:00,24,1.4678343020991202,0.1482397030038519
66332,2026-04-21 11:00:00+00:00,24,1.402242106842191,0.30603897666847163
66332,2026-04-21 12:00:00+00:00,24,1.3830732290485568,0.3521547528054474
66332,2026-04-21 13:00:00+00:00,24,1.394685725361478,0.3242178393291683
66332,2026-04-21 14:00:00+00:00,24,1.394685725361478,0.3242178393291683
66332,2026-04-21 15:00:00+00:00,24,1.394685725361478,0.3242178393291683
66332,2026-04-21 16:00:00+00:00,24,1.3988352192377091,0.3142351406684477
66332,2026-04-21 17:00:00+00:00,24,1.3982297338942409,0.3156917948792057
66332,2026-04-21 18:00:00+00:00,24,1.476693013339208,0.1269277436493161
66332,2026-04-21 19:00:00+00:00,24,1.7160542444501687,0.4489186396715509
66332,2026-04-21 20:00:00+00:00,24,1.9735748196780152,1.0684521004053016
66332,2026-04-21 21:00:00+00:00,24,1.9053608900225465,0.9043455552396966
66332,2026-04-21 22:00:00+00:00,24,1.8942530847739179,0.8776228088309844
66332,2026-04-21 23:00:00+00:00,24,1.9022968946594716,0.896974308692587
66332,2026-04-22 00:00:00+00:00,24,2.456150641861096,2.2294151377043514
66332,2026-04-22 01:00:00+00:00,24,2.07992661009671,1.3243092982817368
66332,2026-04-22 02:00:00+00:00,24,1.8146688433517462,0.6861619887993242
66332,2026-04-22 03:00:00+00:00,24,1.7994376486739525,0.649519344841675
66332,2026-04-22 04:00:00+00:00,24,1.6855244459488943,0.37547118133054685
66332,2026-04-22 05:00:00+00:00,24,1.4778064406384783,0.12424910149661797
66332,2026-04-22 06:00:00+00:00,24,1.4466375208140803,0.19923413424228137
66332,2026-04-22 07:00:00+00:00,24,1.5683300283375075,0.09352919258957179
66332,2026-04-22 08:00:00+00:00,24,1.5567825929505787,0.06574880027904027
66332,2026-04-22 09:00:00+00:00,24,1.5962023977586468,0.16058350648682038
66332,2026-04-22 10:00:00+00:00,24,1.5849754851095896,0.133574215906167
66332,2026-04-22 11:00:00+00:00,24,1.4678343020991202,0.1482397030038519
66332,2026-04-22 12:00:00+00:00,24,1.1324646352090308,0.9550596247507306
66332,2026-04-22 13:00:00+00:00,24,1.1308543743706403,0.9589335306279968
66332,2026-04-22 14:00:00+00:00,24,1.1308543743706403,0.9589335306279968
66332,2026-04-22 15:00:00+00:00,24,1.1308543743706403,0.9589335306279968
66332,2026-04-22 16:00:00+00:00,24,1.1309466386738227,0.9587115645850807
66332,2026-04-22 17:00:00+00:00,24,1.1272553685719156,0.9675918854631861
66332,2026-04-22 18:00:00+00:00,24,1.1099304328413382,1.0092715740886788
66332,2026-04-22 19:00:00+00:00,24,1.1483307922575139,0.9168894118421311
66332,2026-04-22 20:00:00+00:00,24,1.2490882885801446,0.6744907594765952
66332,2026-04-22 21:00:00+00:00,24,1.4014345746051493,0.307981707811511
66332,2026-04-22 22:00:00+00:00,24,1.2795732312286954,0.6011512136845109
66332,2026-04-22 23:00:00+00:00,24,1.22762272112004,0.7261318265385426
66332,2026-04-23 00:00:00+00:00,24,1.404507400858904,0.3005892162347202
66332,2026-04-23 01:00:00+00:00,24,1.7647604335080185,0.5660941851186048
66332,2026-04-23 02:00:00+00:00,24,1.8936124095350155,0.8760814960733052
66332,2026-04-23 03:00:00+00:00,24,2.1291741614581254,1.4427872331054148
66332,2026-04-23 04:00:00+00:00,24,2.3403681882350136,1.950869999616856
66332,2026-04-23 05:00:00+00:00,24,2.773080827080499,2.991874037488347
66332,2026-04-23 06:00:00+00:00,24,2.839550178423841,3.151783540773797
66332,2026-04-23 07:00:00+00:00,24,3.22806212451908,4.086451189321207
66332,2026-04-23 08:00:00+00:00,24,3.640964065085849,5.079795383107206
66332,2026-04-23 09:00:00+00:00,24,3.8236964779318487,5.519406253106805
66332,2026-04-23 10:00:00+00:00,24,3.678389672132995,5.169832522211394
66332,2026-04-23 11:00:00+00:00,24,3.7529502259980916,5.349207540807086
66332,2026-04-23 12:00:00+00:00,24,3.28879933088123,4.232570510542629
66332,2026-04-23 13:00:00+00:00,24,3.654546274753099,5.112470960008655
66332,2026-04-23 14:00:00+00:00,24,3.65262239660409,5.107842565222604
66332,2026-04-23 15:00:00+00:00,24,3.791324918462233,5.441527954451192
66332,2026-04-23 16:00:00+00:00,24,3.791324918462233,5.441527954451192
66332,2026-04-23 17:00:00+00:00,24,4.134991984903111,6.2683094526827565
66332,2026-04-23 18:00:00+00:00,24,4.141540621956231,6.284063921128702
66332,2026-04-23 19:00:00+00:00,24,4.871286439401162,8.039659377288395
66332,2026-04-23 20:00:00+00:00,24,3.904053593326358,5.712726424712101
66332,2026-04-23 21:00:00+00:00,24,3.40118736624156,4.502949482903371
66332,2026-04-23 22:00:00+00:00,24,2.827895874660621,3.123746048482232
66332,2026-04-23 23:00:00+00:00,24,2.07992661009671,1.3243092982817368
66332,2026-04-24 00:00:00+00:00,24,1.8146688433517462,0.6861619887993242
66332,2026-04-24 01:00:00+00:00,24,1.9427816792352677,0.9943711037762878
66332,2026-04-24 02:00:00+00:00,24,1.7994376486739525,0.649519344841675
66332,2026-04-24 03:00:00+00:00,24,1.6855244459488943,0.37547118133054685
66332,2026-04-24 04:00:00+00:00,24,1.4778064406384783,0.12424910149661797
66332,2026-04-24 05:00:00+00:00,24,1.4466375208140803,0.19923413424228137
66332,2026-04-24 06:00:00+00:00,24,1.529452884481974,0.0
66332,2026-04-24 07:00:00+00:00,24,1.5683300283375075,0.09352919258957179
66332,2026-04-24 08:00:00+00:00,24,1.4067268439148957,0.2952497623438479
66332,2026-04-24 09:00:00+00:00,24,1.415526930616638,0.2740788397320768
66332,2026-04-24 10:00:00+00:00,24,1.3791930524954374,0.36148953782635335
66332,2026-04-24 11:00:00+00:00,24,1.3872886752442757,0.3420133884975276
66332,2026-04-24 12:00:00+00:00,24,1.380506031397577,0.3583308218193189
66332,2026-04-24 13:00:00+00:00,24,1.3786946067106112,0.36268868023191975
66332,2026-04-24 14:00:00+00:00,24,1.365925707653819,0.393407624593609
66332,2026-04-24 15:00:00+00:00,24,1.360877164322562,0.4055532231303886
66332,2026-04-24 16:00:00+00:00,24,1.35954933047528,0.4087476766141856
66332,2026-04-24 17:00:00+00:00,24,1.3953824119195366,0.3225417766146498
66332,2026-04-24 18:00:00+00:00,24,1.433651750501822,0.2304748194369648
66332,2026-04-24 19:00:00+00:00,24,1.4567533137964406,0.17489793419736085
66332,2026-04-24 20:00:00+00:00,24,1.3500933793998529,0.4314964534414552
66332,2026-04-24 21:00:00+00:00,24,1.4406018893705537,0.21375443279556425
66332,2026-04-24 22:00:00+00:00,24,1.4463728801065725,0.1998707970535082
66332,2026-04-24 23:00:00+00:00,24,1.4722127758653423,0.1377061330057287
66332,2026-04-25 00:00:00+00:00,24,1.5037573999049325,0.06181724497609691
66332,2026-04-25 01:00:00+00:00,24,1.7566029285373612,0.5464691618327855
66332,2026-04-25 02:00:00+00:00,24,1.4691825699005945,0.14499609026997937
66332,2026-04-25 03:00:00+00:00,24,1.6832909302247356,0.3700978719358821
66332,2026-04-25 04:00:00+00:00,24,1.9156626967418575,0.9291292602426001
66332,2026-04-25 05:00:00+00:00,24,1.8260079405237344,0.7134411687496744
66332,2026-04-25 06:00:00+00:00,24,1.820007701603187,0.6990060162171553
66332,2026-04-25 07:00:00+00:00,24,1.870469602172184,0.820405387382169
66332,2026-04-25 08:00:00+00:00,24,1.653969738237614,0.2995580343770852
66332,2026-04-25 09:00:00+00:00,24,1.4067268439148957,0.2952497623438479
66332,2026-04-25 10:00:00+00:00,24,1.415526930616638,0.2740788397320768
66332,2026-04-25 11:00:00+00:00,24,1.3791930524954374,0.36148953782635335
66332,2026-04-25 12:00:00+00:00,24,1.3872886752442757,0.3420133884975276
66332,2026-04-25 13:00:00+00:00,24,1.380506031397577,0.3583308218193189
66332,2026-04-25 14:00:00+00:00,24,1.3786946067106112,0.36268868023191975
66332,2026-04-25 15:00:00+00:00,24,1.365925707653819,0.393407624593609
66332,2026-04-25 16:00:00+00:00,24,1.360877164322562,0.4055532231303886
66332,2026-04-25 17:00:00+00:00,24,1.35954933047528,0.4087476766141856
66332,2026-04-25 18:00:00+00:00,24,1.3953824119195366,0.3225417766146498
66332,2026-04-25 19:00:00+00:00,24,1.433651750501822,0.2304748194369648
66332,2026-04-25 20:00:00+00:00,24,1.4567533137964406,0.17489793419736085
66332,2026-04-25 21:00:00+00:00,24,1.3500933793998529,0.4314964534414552
66332,2026-04-25 22:00:00+00:00,24,1.6322920658607283,0.24740669316319616
66332,2026-04-25 23:00:00+00:00,24,1.9053608900225465,0.9043455552396966
66332,2026-04-26 00:00:00+00:00,24,2.0557815270642217,1.2662219519111166
66332,2026-04-26 01:00:00+00:00,24,1.8942530847739179,0.8776228088309844
66332,2026-04-26 02:00:00+00:00,24,1.9919566859505302,1.1126745133774703
66332,2026-04-26 03:00:00+00:00,24,1.9156626967418575,0.9291292602426001
66332,2026-04-26 04:00:00+00:00,24,2.0013615004503786,1.135300267725428
66332,2026-04-26 05:00:00+00:00,24,1.820007701603187,0.6990060162171553
66332,2026-04-26 06:00:00+00:00,24,2.0057556723743883,1.1458716037700611
66332,2026-04-26 07:00:00+00:00,24,2.049001230750624,1.2499101661975018
66332,2026-04-26 08:00:00+00:00,24,1.9998057063453547,1.1315573958977232
66332,2026-04-26 09:00:00+00:00,24,1.8989580537653963,0.8889418489479017
66332,2026-04-26 10:00:00+00:00,24,1.8161670497495994,0.6897663182542978
66332,2026-04-26 11:00:00+00:00,24,1.7968195280570258,0.6432207672426312
66332,2026-04-26 12:00:00+00:00,24,1.3343237036564723,0.4694345552001265
66333,2026-04-20 03:00:00+00:00,6,,
66333,2026-04-20 04:00:00+00:00,6,,
66333,2026-04-20 05:00:00+00:00,6,,
66333,2026-04-20 06:00:00+00:00,6,,
66333,2026-04-20 07:00:00+00:00,6,,
66333,2026-04-20 08:00:00+00:00,6,,
66333,2026-04-20 09:00:00+00:00,6,0.0,1.4757500265349472
66333,2026-04-20 10:00:00+00:00,6,0.0,1.4757500265349472
66333,2026-04-20 11:00:00+00:00,6,0.9100305624987697,0.5163569704257407
66333,2026-04-20 12:00:00+00:00,6,0.9317738664808841,0.5639542597748793
66333,2026-04-20 13:00:00+00:00,6,0.0,1.4757500265349472
66333,2026-04-20 14:00:00+00:00,6,0.0,1.4757500265349472
66333,2026-04-20 15:00:00+00:00,6,,
66333,2026-04-20 16:00:00+00:00,6,,
66333,2026-04-20 17:00:00+00:00,6,,
66333,2026-04-20 18:00:00+00:00,6,,
66333,2026-04-20 19:00:00+00:00,6,,
66333,2026-04-20 20:00:00+00:00,6,,
66333,2026-04-20 21:00:00+00:00,6,,
66333,2026-04-20 22:00:00+00:00,6,,
66333,2026-04-20 23:00:00+00:00,6,,
66333,2026-04-21 00:00:00+00:00,6,,
66333,2026-04-21 01:00:00+00:00,6,,
66333,2026-04-21 02:00:00+00:00,6,,
66333,2026-04-21 03:00:00+00:00,6,,
66333,2026-04-21 04:00:00+00:00,6,,
66333,2026-04-21 05:00:00+00:00,6,,
66333,2026-04-21 06:00:00+00:00,6,,
66333,2026-04-21 07:00:00+00:00,6,,
66333,2026-04-21 08:00:00+00:00,6,,
66333,2026-04-21 09:00:00+00:00,6,2.6447379065503313e-14,1.4757500265348895
66333,2026-04-21 10:00:00+00:00,6,2.6447379065503313e-14,1.4757500265348895
66333,2026-04-21 11:00:00+00:00,6,1.1504091923404633,1.042559023588223
66333,2026-04-21 12:00:00+00:00,6,1.1173256590528198,0.9701373480287433
66333,2026-04-21 13:00:00+00:00,6,0.0,1.4757500265349472
66333,2026-04-21 14:00:00+00:00,6,0.6026054227032095,0.15661358382328883
66333,2026-04-21 15:00:00+00:00,6,0.0,1.4757500265349472
66333,2026-04-21 16:00:00+00:00,6,0.0,1.4757500265349472
66333,2026-04-21 17:00:00+00:00,6,,
66333,2026-04-21 18:00:00+00:00,6,,
66333,2026-04-21 19:00:00+00:00,6,,
66333,2026-04-21 20:00:00+00:00,6,,
66333,2026-04-21 21:00:00+00:00,6,,
66333,2026-04-21 22:00:00+00:00,6,,
66333,2026-04-21 23:00:00+00:00,6,,
66333,2026-04-22 00:00:00+00:00,6,,
66333,2026-04-22 01:00:00+00:00,6,,
66333,2026-04-22 02:00:00+00:00,6,,
66333,2026-04-22 03:00:00+00:00,6,,
66333,2026-04-22 04:00:00+00:00,6,,
66333,2026-04-22 05:00:00+00:00,6,,
66333,2026-04-22 06:00:00+00:00,6,,
66333,2026-04-22 07:00:00+00:00,6,,
66333,2026-04-22 08:00:00+00:00,6,,
66333,2026-04-22 09:00:00+00:00,6,,
66333,2026-04-22 10:00:00+00:00,6,,
66333,2026-04-22 11:00:00+00:00,6,,
66333,2026-04-22 12:00:00+00:00,6,,
66333,2026-04-22 13:00:00+00:00,6,,
66333,2026-04-22 14:00:00+00:00,6,,
66333,2026-04-22 15:00:00+00:00,6,,
66333,2026-04-22 16:00:00+00:00,6,,
66333,2026-04-22 17:00:00+00:00,6,,
66333,2026-04-22 18:00:00+00:00,6,,
66333,2026-04-22 19:00:00+00:00,6,,
66333,2026-04-22 20:00:00+00:00,6,,
66333,2026-04-22 21:00:00+00:00,6,,
66333,2026-04-22 22:00:00+00:00,6,,
66333,2026-04-22 23:00:00+00:00,6,,
66333,2026-04-23 00:00:00+00:00,6,,
66333,2026-04-23 01:00:00+00:00,6,,
66333,2026-04-23 02:00:00+00:00,6,,
66333,2026-04-23 03:00:00+00:00,6,0.0,1.4757500265349472
66333,2026-04-23 04:00:00+00:00,6,0.0,1.4757500265349472
66333,2026-04-23 05:00:00+00:00,6,0.8121667560415486,0.30212771085304346
66333,2026-04-23 06:00:00+00:00,6,1.0524377672483893,0.8280941808996077
66333,2026-04-23 07:00:00+00:00,6,1.0778692062226027,0.8837650007720752
66333,2026-04-23 08:00:00+00:00,6,0.9071005676304295,0.5099430503676576
66333,2026-04-23 09:00:00+00:00,6,0.955337954078155,0.6155373446886692
66333,2026-04-23 10:00:00+00:00,6,0.717257998618342,0.09436721628627984
66333,2026-04-23 11:00:00+00:00,6,0.20304994767558524,1.0312625135152054
66333,2026-04-23 12:00:00+00:00,6,0.4918633204337567,0.3990341418574716
66333,2026-04-23 13:00:00+00:00,6,0.9875138420934968,0.6859721347827354
66333,2026-04-23 14:00:00+00:00,6,1.0487051218002879,0.8199232145378638
66333,2026-04-23 15:00:00+00:00,6,1.4275867185756417,1.6493158866733568
66333,2026-04-23 16:00:00+00:00,6,1.2945441449276582,1.3580783691881528
66333,2026-04-23 17:00:00+00:00,6,0.8144932693187029,0.30722057648737455
66333,2026-04-23 18:00:00+00:00,6,0.587816975494071,0.1889863088432229
66333,2026-04-23 19:00:00+00:00,6,0.45428527828923443,0.4812945447198069
66333,2026-04-23 20:00:00+00:00,6,0.8143270402491765,0.30685669190355064
66333,2026-04-23 21:00:00+00:00,6,0.6148009841123683,0.12991682855350983
66333,2026-04-23 22:00:00+00:00,6,0.7554917869216975,0.17806308358802342
66333,2026-04-23 23:00:00+00:00,6,0.6026054227032095,0.15661358382328883
66333,2026-04-24 00:00:00+00:00,6,0.0,1.4757500265349472
66333,2026-04-24 01:00:00+00:00,6,1.2020616712248349,1.1556291432481434
66333,2026-04-24 02:00:00+00:00,6,1.4527119333216347,1.7043163648531217
66333,2026-04-24 03:00:00+00:00,6,1.5714632558819268,1.9642695469980491
66333,2026-04-24 04:00:00+00:00,6,0.5302307151884273,0.31504580267898874
66333,2026-04-24 05:00:00+00:00,6,0.4100005478847238,0.5782362573751582
66333,2026-04-24 06:00:00+00:00,6,0.3585415543530939,0.6908828269468842
66333,2026-04-24 07:00:00+00:00,6,0.3372648304386548,0.7374587468434342
66333,2026-04-24 08:00:00+00:00,6,0.34539357375575563,0.7196644802486615
66333,2026-04-24 09:00:00+00:00,6,0.5302307151884273,0.31504580267898874
66333,2026-04-24 10:00:00+00:00,6,0.4100005478847238,0.5782362573751582
66333,2026-04-24 11:00:00+00:00,6,0.562178440668215,0.24511047293521407
66333,2026-04-24 12:00:00+00:00,6,0.6663319739074075,0.017112655197907566
66333,2026-04-24 13:00:00+00:00,6,1.10774954540618,0.9491747081073094
66333,2026-04-24 14:00:00+00:00,6,1.5964879119461024,2.0190498966877293
66333,2026-04-24 15:00:00+00:00,6,2.1179909301249285,3.160648711344639
66333,2026-04-24 16:00:00+00:00,6,1.435605863170024,1.6668702356308733
66333,2026-04-24 17:00:00+00:00,6,0.790490959912548,0.2546781999105647
66333,2026-04-24 18:00:00+00:00,6,0.587816975494071,0.1889863088432229
66333,2026-04-24 19:00:00+00:00,6,0.45428527828923443,0.4812945447198069
66333,2026-04-24 20:00:00+00:00,6,0.7127161045056746,0.08442476005002385
66333,2026-04-24 21:00:00+00:00,6,0.13716249335071348,1.1754937780258214
66333,2026-04-24 22:00:00+00:00,6,0.45840910081099334,0.4722672702101873
66333,2026-04-24 23:00:00+00:00,6,0.3379081237630226,0.7360505423441782
66333,2026-04-25 00:00:00+00:00,6,0.978344738592503,0.665900462475344
66333,2026-04-25 01:00:00+00:00,6,1.435605863170024,1.6668702356308733
66333,2026-04-25 02:00:00+00:00,6,1.399134073450873,1.58703148022501
66333,2026-04-25 03:00:00+00:00,6,0.20304994767558524,1.0312625135152054
66333,2026-04-25 04:00:00+00:00,6,0.34497499742263243,0.7205807668837908
66333,2026-04-25 05:00:00+00:00,6,0.26919339575989415,0.8864708645731558
66333,2026-04-25 06:00:00+00:00,6,0.3585415543530939,0.6908828269468842
66333,2026-04-25 07:00:00+00:00,6,0.3372648304386548,0.7374587468434342
66333,2026-04-25 08:00:00+00:00,6,0.34539357375575563,0.7196644802486615
66333,2026-04-25 09:00:00+00:00,6,0.6712208903995406,0.00641054787000343
66333,2026-04-25 10:00:00+00:00,6,0.8157849929970525,0.3100482307264964
66333,2026-04-25 11:00:00+00:00,6,0.7932929440364782,0.2608118974023581
66333,2026-04-25 12:00:00+00:00,6,1.1850291829790185,1.1183440888682392
66333,2026-04-25 13:00:00+00:00,6,0.9100305624987697,0.5163569704257407
66333,2026-04-25 14:00:00+00:00,6,0.9317738664808841,0.5639542597748793
66333,2026-04-25 15:00:00+00:00,6,0.8657792928388439,0.41948850518224345
66333,2026-04-25 16:00:00+00:00,6,0.6757771615670927,0.0035633805308276363
66333,2026-04-25 17:00:00+00:00,6,0.790490959912548,0.2546781999105647
66333,2026-04-25 18:00:00+00:00,6,0.9847499058003735,0.6799217260870473
66333,2026-04-25 19:00:00+00:00,6,0.8124455633684894,0.3027380354395909
66333,2026-04-25 20:00:00+00:00,6,0.7127161045056746,0.08442476005002385
66333,2026-04-25 21:00:00+00:00,6,0.8028354419167802,0.2817009505607875
66333,2026-04-25 22:00:00+00:00,6,0.7978071892539118,0.270693828684922
66333,2026-04-25 23:00:00+00:00,6,0.3379081237630226,0.7360505423441782
66333,2026-04-26 00:00:00+00:00,6,0.9264858357292409,0.5523784693623393
66333,2026-04-26 01:00:00+00:00,6,1.0559460676047527,0.8357740435057174
66333,2026-04-26 02:00:00+00:00,6,1.055244836113409,0.8342390091695526
66333,2026-04-26 03:00:00+00:00,6,1.4893796257599465,1.784583962095343
66333,2026-04-26 04:00:00+00:00,6,0.4362977421084311,0.5206702516031791
66333,2026-04-26 05:00:00+00:00,6,0.34497499742263243,0.7205807668837908
66333,2026-04-26 06:00:00+00:00,6,0.26919339575989415,0.8864708645731558
66333,2026-04-26 07:00:00+00:00,6,0.5243328199692739,0.3279566199829212
66333,2026-04-26 08:00:00+00:00,6,0.5849924564723724,0.1951693364667395
66333,2026-04-26 09:00:00+00:00,6,0.562178440668215,0.24511047293521407
66333,2026-04-26 10:00:00+00:00,6,0.6573973787838192,0.036670975757866944
66333,2026-04-26 11:00:00+00:00,6,0.7888774765444239,0.25114619599819693
66333,2026-04-26 12:00:00+00:00,6,0.8157849929970525,0.3100482307264964
66333,2026-04-26 13:00:00+00:00,6,0.717257998618342,0.09436721628627984
66333,2026-04-26 14:00:00+00:00,6,1.5328763917612918,1.8798007772960508
66333,2026-04-26 15:00:00+00:00,6,1.060611224135254,0.8459863279600004
66333,2026-04-26 16:00:00+00:00,6,0.6741493447912801,0.0
66333,2026-04-26 17:00:00+00:00,6,0.982268941872752,0.6744907594765952
66333,2026-04-26 18:00:00+00:00,6,0.13716249335071348,1.1754937780258214
66333,2026-04-26 19:00:00+00:00,6,0.45840910081099334,0.4722672702101873
66333,2026-04-26 20:00:00+00:00,6,0.4870365215245624,0.40960027037685437
66333,2026-04-26 21:00:00+00:00,6,0.5408183596091133,0.2918688662101009
66333,2026-04-20 06:00:00+00:00,12,0.0,1.8105499580275082
66333,2026-04-20 07:00:00+00:00,12,0.0,1.8105499580275082
66333,2026-04-20 08:00:00+00:00,12,1.6526571135019694,0.7186513298719986
66333,2026-04-20 09:00:00+00:00,12,1.6526571135019694,0.7186513298719986
66333,2026-04-20 10:00:00+00:00,12,1.6526571135019699,0.7186513298719993
66333,2026-04-20 11:00:00+00:00,12,1.6526571135019699,0.7186513298719993
66333,2026-04-20 12:00:00+00:00,12,1.6526571135019699,0.7186513298719993
66333,2026-04-20 13:00:00+00:00,12,1.6526571135019699,0.7186513298719993
66333,2026-04-20 14:00:00+00:00,12,1.6526571135019696,0.718651329871999
66333,2026-04-20 15:00:00+00:00,12,1.6526571135019696,0.718651329871999
66333,2026-04-20 16:00:00+00:00,12,0.0,1.8105499580275082
66333,2026-04-20 17:00:00+00:00,12,0.0,1.8105499580275082
66333,2026-04-20 18:00:00+00:00,12,,
66333,2026-04-20 19:00:00+00:00,12,,
66333,2026-04-20 20:00:00+00:00,12,,
66333,2026-04-20 21:00:00+00:00,12,,
66333,2026-04-20 22:00:00+00:00,12,,
66333,2026-04-20 23:00:00+00:00,12,,
66333,2026-04-21 00:00:00+00:00,12,,
66333,2026-04-21 01:00:00+00:00,12,,
66333,2026-04-21 02:00:00+00:00,12,,
66333,2026-04-21 03:00:00+00:00,12,,
66333,2026-04-21 04:00:00+00:00,12,,
66333,2026-04-21 05:00:00+00:00,12,,
66333,2026-04-21 06:00:00+00:00,12,4.796189551410899e-13,1.8105499580267743
66333,2026-04-21 07:00:00+00:00,12,4.796189551410899e-13,1.8105499580267743
66333,2026-04-21 08:00:00+00:00,12,1.6526571135019694,0.7186513298719986
66333,2026-04-21 09:00:00+00:00,12,1.6526571135019694,0.7186513298719986
66333,2026-04-21 10:00:00+00:00,12,1.6526571135019699,0.7186513298719993
66333,2026-04-21 11:00:00+00:00,12,1.6526571135019699,0.7186513298719993
66333,2026-04-21 12:00:00+00:00,12,1.6526571135019699,0.7186513298719993
66333,2026-04-21 13:00:00+00:00,12,1.6526571135019699,0.7186513298719993
66333,2026-04-21 14:00:00+00:00,12,1.6526571135019696,0.718651329871999
66333,2026-04-21 15:00:00+00:00,12,1.6526571135019696,0.718651329871999
66333,2026-04-21 16:00:00+00:00,12,1.6526571135019699,0.7186513298719993
66333,2026-04-21 17:00:00+00:00,12,0.8870453804245502,0.4530292114274563
66333,2026-04-21 18:00:00+00:00,12,0.0,1.8105499580275082
66333,2026-04-21 19:00:00+00:00,12,0.0,1.8105499580275082
66333,2026-04-21 20:00:00+00:00,12,,
66333,2026-04-21 21:00:00+00:00,12,,
66333,2026-04-21 22:00:00+00:00,12,,
66333,2026-04-21 23:00:00+00:00,12,,
66333,2026-04-22 00:00:00+00:00,12,,
66333,2026-04-22 01:00:00+00:00,12,,
66333,2026-04-22 02:00:00+00:00,12,,
66333,2026-04-22 03:00:00+00:00,12,,
66333,2026-04-22 04:00:00+00:00,12,,
66333,2026-04-22 05:00:00+00:00,12,,
66333,2026-04-22 06:00:00+00:00,12,,
66333,2026-04-22 07:00:00+00:00,12,,
66333,2026-04-22 08:00:00+00:00,12,,
66333,2026-04-22 09:00:00+00:00,12,,
66333,2026-04-22 10:00:00+00:00,12,,
66333,2026-04-22 11:00:00+00:00,12,,
66333,2026-04-22 12:00:00+00:00,12,,
66333,2026-04-22 13:00:00+00:00,12,,
66333,2026-04-22 14:00:00+00:00,12,,
66333,2026-04-22 15:00:00+00:00,12,,
66333,2026-04-22 16:00:00+00:00,12,,
66333,2026-04-22 17:00:00+00:00,12,,
66333,2026-04-22 18:00:00+00:00,12,,
66333,2026-04-22 19:00:00+00:00,12,,
66333,2026-04-22 20:00:00+00:00,12,,
66333,2026-04-22 21:00:00+00:00,12,,
66333,2026-04-22 22:00:00+00:00,12,,
66333,2026-04-22 23:00:00+00:00,12,,
66333,2026-04-23 00:00:00+00:00,12,0.0,1.8105499580275082
66333,2026-04-23 01:00:00+00:00,12,0.0,1.8105499580275082
66333,2026-04-23 02:00:00+00:00,12,1.1389007196466816,0.06759363430692558
66333,2026-04-23 03:00:00+00:00,12,1.523075263602306,0.5203412394261023
66333,2026-04-23 04:00:00+00:00,12,1.2649308382634668,0.12528094065209888
66333,2026-04-23 05:00:00+00:00,12,0.9514448533663027,0.35447323839855016
66333,2026-04-23 06:00:00+00:00,12,1.772249609769887,0.9016738655890385
66333,2026-04-23 07:00:00+00:00,12,1.9767829337190597,1.214688550924732
66333,2026-04-23 08:00:00+00:00,12,1.5368463931464322,0.5414163664408227
66333,2026-04-23 09:00:00+00:00,12,1.1332638620426845,0.0762201953735014
66333,2026-04-23 10:00:00+00:00,12,1.2277811783160046,0.06842766660237695
66333,2026-04-23 11:00:00+00:00,12,1.226092478628046,0.0658433063072096
66333,2026-04-23 12:00:00+00:00,12,1.2815120684102774,0.150656602850658
66333,2026-04-23 13:00:00+00:00,12,1.3604210915600705,0.2714177706372697
66333,2026-04-23 14:00:00+00:00,12,1.96874793655068,1.2023919135760006
66333,2026-04-23 15:00:00+00:00,12,2.186524338765603,1.5356736042885781
66333,2026-04-23 16:00:00+00:00,12,2.033710088586073,1.3018090021240805
66333,2026-04-23 17:00:00+00:00,12,1.8509682447481948,1.0221436662163117
66333,2026-04-23 18:00:00+00:00,12,1.8412737921332192,1.0073074235142059
66333,2026-04-23 19:00:00+00:00,12,0.9807965330962028,0.3095538745641665
66333,2026-04-23 20:00:00+00:00,12,0.9796319034512877,0.3113362060434433
66333,2026-04-23 21:00:00+00:00,12,0.8973217538144255,0.4373024060300959
66333,2026-04-23 22:00:00+00:00,12,0.9707598133591535,0.32491391765951927
66333,2026-04-23 23:00:00+00:00,12,1.166894127415663,0.02475294920438966
66333,2026-04-24 00:00:00+00:00,12,0.8870453804245502,0.4530292114274563
66333,2026-04-24 01:00:00+00:00,12,1.9122818199085125,1.115977028257514
66333,2026-04-24 02:00:00+00:00,12,2.445788685233847,1.9324478133103244
66333,2026-04-24 03:00:00+00:00,12,0.8584607004858789,0.4967747704574762
66333,2026-04-24 04:00:00+00:00,12,0.6490872680611949,0.8171966841225216
66333,2026-04-24 05:00:00+00:00,12,0.5056585331196707,1.0366978366436357
66333,2026-04-24 06:00:00+00:00,12,0.7308981204577616,0.6919946010315535
66333,2026-04-24 07:00:00+00:00,12,1.1830684579359363,0.0
66333,2026-04-24 08:00:00+00:00,12,0.9544013017045028,0.349948734868148
66333,2026-04-24 09:00:00+00:00,12,0.9733230844937593,0.32099112653611256
66333,2026-04-24 10:00:00+00:00,12,1.1136029978426292,0.10630888264549548
66333,2026-04-24 11:00:00+00:00,12,1.1054927540461652,0.11872067628835824
66333,2026-04-24 12:00:00+00:00,12,1.0742645398041868,0.16651185997330922
66333,2026-04-24 13:00:00+00:00,12,1.2349897105403502,0.07945949458213666
66333,2026-04-24 14:00:00+00:00,12,1.9062011217802441,1.1066712204092328
66333,2026-04-24 15:00:00+00:00,12,1.9190343909902268,1.1263110602457438
66333,2026-04-24 16:00:00+00:00,12,1.8562348306479113,1.0302035691033484
66333,2026-04-24 17:00:00+00:00,12,1.4719859967038669,0.4421550031029682
66333,2026-04-24 18:00:00+00:00,12,1.1726170832814395,0.015994624668671138
66333,2026-04-24 19:00:00+00:00,12,0.9738638935201166,0.32016348063497807
66333,2026-04-24 20:00:00+00:00,12,0.7423356633681709,0.6744907594765952
66333,2026-04-24 21:00:00+00:00,12,0.750001921130034,0.6627584353022312
66333,2026-04-24 22:00:00+00:00,12,0.7351577082809119,0.6854757926712373
66333,2026-04-24 23:00:00+00:00,12,0.7694916999407893,0.6329315745055679
66333,2026-04-25 00:00:00+00:00,12,1.21058066003446,0.04210425526992092
66333,2026-04-25 01:00:00+00:00,12,1.890664560851606,1.0828943040790362
66333,2026-04-25 02:00:00+00:00,12,1.4544682062315784,0.4153460432396716
66333,2026-04-25 03:00:00+00:00,12,0.8149688283577289,0.5633340694802413
66333,2026-04-25 04:00:00+00:00,12,0.6490872680611949,0.8171966841225216
66333,2026-04-25 05:00:00+00:00,12,0.5056585331196707,1.0366978366436357
66333,2026-04-25 06:00:00+00:00,12,0.7308981204577616,0.6919946010315535
66333,2026-04-25 07:00:00+00:00,12,0.9672869591573691,0.3302287208622406
66333,2026-04-25 08:00:00+00:00,12,1.3452791524222896,0.2482447774884244
66333,2026-04-25 09:00:00+00:00,12,1.4239986241589713,0.3687158586779751
66333,2026-04-25 10:00:00+00:00,12,1.5143162962630217,0.5069366491489062
66333,2026-04-25 11:00:00+00:00,12,1.7177829249482002,0.8183188802910173
66333,2026-04-25 12:00:00+00:00,12,1.922342820235139,1.1313742299975293
66333,2026-04-25 13:00:00+00:00,12,2.2742619750167243,1.669945947166392
66333,2026-04-25 14:00:00+00:00,12,2.5313567995045956,2.063399952776278
66333,2026-04-25 15:00:00+00:00,12,2.1408273577531753,1.46573964019796
66333,2026-04-25 16:00:00+00:00,12,1.9391501010250658,1.1570958366591164
66333,2026-04-25 17:00:00+00:00,12,1.4894406950260146,0.4688674077001489
66333,2026-04-25 18:00:00+00:00,12,1.1726170832814395,0.015994624668671138
66333,2026-04-25 19:00:00+00:00,12,0.9738638935201166,0.32016348063497807
66333,2026-04-25 20:00:00+00:00,12,0.7423356633681709,0.6744907594765952
66333,2026-04-25 21:00:00+00:00,12,0.750001921130034,0.6627584353022312
66333,2026-04-25 22:00:00+00:00,12,0.7351577082809119,0.6854757926712373
66333,2026-04-25 23:00:00+00:00,12,0.7694916999407893,0.6329315745055679
66333,2026-04-26 00:00:00+00:00,12,1.076043269615236,0.16378971894830371
66333,2026-04-26 01:00:00+00:00,12,1.166894127415663,0.02475294920438966
66333,2026-04-26 02:00:00+00:00,12,1.4544682062315784,0.4153460432396716
66333,2026-04-26 03:00:00+00:00,12,1.965333006542574,1.1971657566774978
66333,2026-04-26 04:00:00+00:00,12,0.8149688283577289,0.5633340694802413
66333,2026-04-26 05:00:00+00:00,12,1.1332638620426845,0.0762201953735014
66333,2026-04-26 06:00:00+00:00,12,0.9544013017045028,0.349948734868148
66333,2026-04-26 07:00:00+00:00,12,0.8808196185253638,0.46255702266242665
66333,2026-04-26 08:00:00+00:00,12,0.9250418386722827,0.39488001014991586
66333,2026-04-26 09:00:00+00:00,12,0.9672869591573691,0.3302287208622406
66333,2026-04-26 10:00:00+00:00,12,1.0742645398041868,0.16651185997330922
66333,2026-04-26 11:00:00+00:00,12,1.2349897105403502,0.07945949458213666
66333,2026-04-26 12:00:00+00:00,12,1.9062011217802441,1.1066712204092328
66333,2026-04-26 13:00:00+00:00,12,1.9190343909902268,1.1263110602457438
66333,2026-04-26 14:00:00+00:00,12,1.8509682447481948,1.0221436662163117
66333,2026-04-26 15:00:00+00:00,12,1.5470834616200309,0.5570830201926569
66333,2026-04-26 16:00:00+00:00,12,1.1608492935971906,0.03400387085892605
66333,2026-04-26 17:00:00+00:00,12,1.0009773040282146,0.2786695299441908
66333,2026-04-26 18:00:00+00:00,12,0.8680890517236659,0.48203968829675015
66333,2026-04-20 12:00:00+00:00,24,2.295657710648766,0.0
66333,2026-04-20 13:00:00+00:00,24,2.295657710648766,0.0
66333,2026-04-20 14:00:00+00:00,24,2.295657710648766,0.0
66333,2026-04-20 15:00:00+00:00,24,2.295657710648766,0.0
66333,2026-04-20 16:00:00+00:00,24,2.295657710648766,0.0
66333,2026-04-20 17:00:00+00:00,24,2.295657710648766,0.0
66333,2026-04-20 18:00:00+00:00,24,2.295657710648766,0.0
66333,2026-04-20 19:00:00+00:00,24,2.295657710648766,0.0
66333,2026-04-20 20:00:00+00:00,24,2.295657710648766,0.0
66333,2026-04-20 21:00:00+00:00,24,2.295657710648766,0.0
66333,2026-04-20 22:00:00+00:00,24,0.0,3.9806677298389808
66333,2026-04-20 23:00:00+00:00,24,0.0,3.9806677298389808
66333,2026-04-21 00:00:00+00:00,24,4.198482932725871e-13,3.9806677298382533
66333,2026-04-21 01:00:00+00:00,24,4.198482932725871e-13,3.9806677298382533
66333,2026-04-21 02:00:00+00:00,24,2.689807064439525,0.6834545089600313
66333,2026-04-21 03:00:00+00:00,24,4.044197745421974,3.0319663329888167
66333,2026-04-21 04:00:00+00:00,24,4.2520338300587985,3.3923538556461392
66333,2026-04-21 05:00:00+00:00,24,4.247434641455893,3.3843788680989513
66333,2026-04-21 06:00:00+00:00,24,4.252827221196331,3.3937295949315156
66333,2026-04-21 07:00:00+00:00,24,4.252827221196331,3.3937295949315156
66333,2026-04-21 08:00:00+00:00,24,4.245272536776058,3.380629781165116
66333,2026-04-21 09:00:00+00:00,24,4.245272536776058,3.380629781165116
66333,2026-04-21 10:00:00+00:00,24,4.238758309613124,3.369334119040903
66333,2026-04-21 11:00:00+00:00,24,4.238758309613124,3.369334119040903
66333,2026-04-21 12:00:00+00:00,24,2.295657710648766,0.0
66333,2026-04-21 13:00:00+00:00,24,2.295657710648766,0.0
66333,2026-04-21 14:00:00+00:00,24,2.295657710648766,0.0
66333,2026-04-21 15:00:00+00:00,24,2.295657710648766,0.0
66333,2026-04-21 16:00:00+00:00,24,2.295657710648766,0.0
66333,2026-04-21 17:00:00+00:00,24,2.295657710648766,0.0
66333,2026-04-21 18:00:00+00:00,24,2.295657710648766,0.0
66333,2026-04-21 19:00:00+00:00,24,2.295657710648766,0.0
66333,2026-04-21 20:00:00+00:00,24,2.295657710648766,0.0
66333,2026-04-21 21:00:00+00:00,24,2.295657710648766,0.0
66333,2026-04-21 22:00:00+00:00,24,2.295657710648766,0.0
66333,2026-04-21 23:00:00+00:00,24,2.295657710648766,0.0
66333,2026-04-22 00:00:00+00:00,24,0.0,3.9806677298389808
66333,2026-04-22 01:00:00+00:00,24,0.0,3.9806677298389808
66333,2026-04-22 02:00:00+00:00,24,,
66333,2026-04-22 03:00:00+00:00,24,,
66333,2026-04-22 04:00:00+00:00,24,,
66333,2026-04-22 05:00:00+00:00,24,,
66333,2026-04-22 06:00:00+00:00,24,,
66333,2026-04-22 07:00:00+00:00,24,,
66333,2026-04-22 08:00:00+00:00,24,,
66333,2026-04-22 09:00:00+00:00,24,,
66333,2026-04-22 10:00:00+00:00,24,,
66333,2026-04-22 11:00:00+00:00,24,,
66333,2026-04-22 12:00:00+00:00,24,,
66333,2026-04-22 13:00:00+00:00,24,,
66333,2026-04-22 14:00:00+00:00,24,,
66333,2026-04-22 15:00:00+00:00,24,,
66333,2026-04-22 16:00:00+00:00,24,,
66333,2026-04-22 17:00:00+00:00,24,,
66333,2026-04-22 18:00:00+00:00,24,4.198482932725871e-13,3.9806677298382533
66333,2026-04-22 19:00:00+00:00,24,4.198482932725871e-13,3.9806677298382533
66333,2026-04-22 20:00:00+00:00,24,1.5914831252057293,1.2210378905545418
66333,2026-04-22 21:00:00+00:00,24,2.1529684749368494,0.24742296439014608
66333,2026-04-22 22:00:00+00:00,24,2.689807064439525,0.6834545089600313
66333,2026-04-22 23:00:00+00:00,24,3.22582829352993,1.6129146803310506
66333,2026-04-23 00:00:00+00:00,24,3.3955134901002397,1.9071486086234033
66333,2026-04-23 01:00:00+00:00,24,3.1051274029669833,1.4036194801807786
66333,2026-04-23 02:00:00+00:00,24,2.380817018458989,0.14766613808457488
66333,2026-04-23 03:00:00+00:00,24,3.439773259814855,1.9838949964737436
66333,2026-04-23 04:00:00+00:00,24,2.9111648113940767,1.0672885779349
66333,2026-04-23 05:00:00+00:00,24,2.6846376551809414,0.6744907594765952
66333,2026-04-23 06:00:00+00:00,24,2.3091006178570646,0.023309985051809652
66333,2026-04-23 07:00:00+00:00,24,2.0930406557365573,0.3513377313450208
66333,2026-04-23 08:00:00+00:00,24,2.3877503658961285,0.15968855426393794
66333,2026-04-23 09:00:00+00:00,24,2.4196074251824506,0.21492865703726982
66333,2026-04-23 10:00:00+00:00,24,2.6095338462445588,0.5442608444355753
66333,2026-04-23 11:00:00+00:00,24,2.6026533002129675,0.5323299858304017
66333,2026-04-23 12:00:00+00:00,24,2.3900587713791612,0.16369132661587307
66333,2026-04-23 13:00:00+00:00,24,2.3763529006786297,0.13992536318244253
66333,2026-04-23 14:00:00+00:00,24,2.367434019173123,0.12446003329874866
66333,2026-04-23 15:00:00+00:00,24,2.361444994429954,0.11407507154345192
66333,2026-04-23 16:00:00+00:00,24,2.6567853675704365,0.6261949260084609
66333,2026-04-23 17:00:00+00:00,24,2.6843399087085364,0.6739744674488778
66333,2026-04-23 18:00:00+00:00,24,2.6781383186149985,0.6632209176297895
66333,2026-04-23 19:00:00+00:00,24,2.7058891472142683,0.7113408212935581
66333,2026-04-23 20:00:00+00:00,24,2.6467419803710186,0.6087797045938964
66333,2026-04-23 21:00:00+00:00,24,2.637833202004769,0.593331893541614
66333,2026-04-23 22:00:00+00:00,24,2.6182111327043884,0.5593072487984675
66333,2026-04-23 23:00:00+00:00,24,2.530953302348134,0.40800227512417125
66333,2026-04-24 00:00:00+00:00,24,2.00861149356727,0.4977377977598197
66333,2026-04-24 01:00:00+00:00,24,1.9965802406538886,0.5185999759493954
66333,2026-04-24 02:00:00+00:00,24,1.7424218630808155,0.9593102992612474
66333,2026-04-24 03:00:00+00:00,24,1.7998253093548093,0.8597727919471206
66333,2026-04-24 04:00:00+00:00,24,1.7152280960439894,1.006464258840727
66333,2026-04-24 05:00:00+00:00,24,1.7790108746624094,0.8958649968566506
66333,2026-04-24 06:00:00+00:00,24,1.7402459135629207,0.9630833931277518
66333,2026-04-24 07:00:00+00:00,24,1.719115194583956,0.9997240346126227
66333,2026-04-24 08:00:00+00:00,24,1.743561884179427,0.9573335040371477
66333,2026-04-24 09:00:00+00:00,24,1.7888627890847666,0.8787817890089398
66333,2026-04-24 10:00:00+00:00,24,1.8282830367601912,0.8104271265974095
66333,2026-04-24 11:00:00+00:00,24,1.8335309236928081,0.8013272969208816
66333,2026-04-24 12:00:00+00:00,24,1.7869328590371327,0.8821282854076958
66333,2026-04-24 13:00:00+00:00,24,1.7595764646961776,0.9295642405384
66333,2026-04-24 14:00:00+00:00,24,1.7231692606309383,0.9926942889266694
66333,2026-04-24 15:00:00+00:00,24,1.890437261192082,0.7026517756286987
66333,2026-04-24 16:00:00+00:00,24,1.8904855219003762,0.7025680916181277
66333,2026-04-24 17:00:00+00:00,24,1.9023926585831807,0.6819211308242091
66333,2026-04-24 18:00:00+00:00,24,1.967457933899274,0.5690980210973391
66333,2026-04-24 19:00:00+00:00,24,1.9867951461320534,0.5355673181693668
66333,2026-04-24 20:00:00+00:00,24,2.020770633771926,0.4766538631598383
66333,2026-04-24 21:00:00+00:00,24,2.637833202004769,0.593331893541614
66333,2026-04-24 22:00:00+00:00,24,2.5922136329805197,0.5142276153116199
66333,2026-04-24 23:00:00+00:00,24,2.530953302348134,0.40800227512417125
66333,2026-04-25 00:00:00+00:00,24,2.00861149356727,0.4977377977598197
66333,2026-04-25 01:00:00+00:00,24,1.9965802406538886,0.5185999759493954
66333,2026-04-25 02:00:00+00:00,24,1.7424218630808155,0.9593102992612474
66333,2026-04-25 03:00:00+00:00,24,1.7998253093548093,0.8597727919471206
66333,2026-04-25 04:00:00+00:00,24,1.7152280960439894,1.006464258840727
66333,2026-04-25 05:00:00+00:00,24,1.7790108746624094,0.8958649968566506
66333,2026-04-25 06:00:00+00:00,24,1.7402459135629207,0.9630833931277518
66333,2026-04-25 07:00:00+00:00,24,1.719115194583956,0.9997240346126227
66333,2026-04-25 08:00:00+00:00,24,1.743561884179427,0.9573335040371477
66333,2026-04-25 09:00:00+00:00,24,1.7888627890847666,0.8787817890089398
66333,2026-04-25 10:00:00+00:00,24,1.8282830367601912,0.8104271265974095
66333,2026-04-25 11:00:00+00:00,24,1.8335309236928081,0.8013272969208816
66333,2026-04-25 12:00:00+00:00,24,1.8524775240298508,0.7684739145538265
66333,2026-04-25 13:00:00+00:00,24,1.852477524029851,0.7684739145538262
66333,2026-04-25 14:00:00+00:00,24,1.8694325054221583,0.7390739970594604
66333,2026-04-25 15:00:00+00:00,24,1.890437261192082,0.7026517756286987
66333,2026-04-25 16:00:00+00:00,24,1.8904855219003762,0.7025680916181277
66333,2026-04-25 17:00:00+00:00,24,1.9023926585831807,0.6819211308242091
66333,2026-04-25 18:00:00+00:00,24,1.967457933899274,0.5690980210973391
66333,2026-04-25 19:00:00+00:00,24,1.9867951461320534,0.5355673181693668
66333,2026-04-25 20:00:00+00:00,24,2.020770633771926,0.4766538631598383
66333,2026-04-25 21:00:00+00:00,24,2.5341290922066695,0.4135090909477942
66333,2026-04-25 22:00:00+00:00,24,3.05617416819081,1.3187346295164897
66333,2026-04-25 23:00:00+00:00,24,2.5922136329805197,0.5142276153116199
66333,2026-04-26 00:00:00+00:00,24,2.6251632155201317,0.5713621521019641
66333,2026-04-26 01:00:00+00:00,24,2.5962392258988585,0.5212079886264948
66333,2026-04-26 02:00:00+00:00,24,2.0701643969735275,0.39100513673173415
66333,2026-04-26 03:00:00+00:00,24,2.0880430847640143,0.36000351344559345
66333,2026-04-26 04:00:00+00:00,24,2.367222259271238,0.12409284188166754
66333,2026-04-26 05:00:00+00:00,24,2.7154812409768523,0.7279735004273812
66333,2026-04-26 06:00:00+00:00,24,2.543806498759798,0.4302897023585798
66333,2026-04-26 07:00:00+00:00,24,2.5995969595024655,0.5270302946868775
66333,2026-04-26 08:00:00+00:00,24,2.1701402827050593,0.2176470702188003
66333,2026-04-26 09:00:00+00:00,24,1.860264991290292,0.7549704556204583
66333,2026-04-26 10:00:00+00:00,24,1.7869328590371327,0.8821282854076958
66333,2026-04-26 11:00:00+00:00,24,1.7595764646961776,0.9295642405384
66333,2026-04-26 12:00:00+00:00,24,1.7231692606309383,0.9926942889266694
66335,2026-04-20 03:00:00+00:00,6,0.0,1.474825774543753
66335,2026-04-20 04:00:00+00:00,6,0.38852207803560346,0.5549330882806636
66335,2026-04-20 05:00:00+00:00,6,0.3982278092448759,0.5319531042360324
66335,2026-04-20 06:00:00+00:00,6,0.3016214975662958,0.7606851238146847
66335,2026-04-20 07:00:00+00:00,6,0.6147111508460442,0.019391646612870517
66335,2026-04-20 08:00:00+00:00,6,0.5200578212121851,0.24349964608840433
66335,2026-04-20 09:00:00+00:00,6,0.25755889823192785,0.8650108884414033
66335,2026-04-20 10:00:00+00:00,6,0.6983175870411668,0.17856093710971285
66335,2026-04-20 11:00:00+00:00,6,0.5021495688183023,0.28590050650843085
66335,2026-04-20 12:00:00+00:00,6,1.3038442801501025,1.6122492853866413
66335,2026-04-20 13:00:00+00:00,6,1.2467140573899547,1.4769836800255347
66335,2026-04-20 14:00:00+00:00,6,0.7700371578918751,0.3483693274618521
66335,2026-04-20 15:00:00+00:00,6,1.253497347624471,1.4930442836007056
66335,2026-04-20 16:00:00+00:00,6,1.194315430381104,1.3529209395002662
66335,2026-04-20 17:00:00+00:00,6,0.4922269164171404,0.3093940886963735
66335,2026-04-20 18:00:00+00:00,6,0.9055228678441347,0.669154993770434
66335,2026-04-20 19:00:00+00:00,6,0.7947266593694469,0.4068259586822245
66335,2026-04-20 20:00:00+00:00,6,0.3890225038425541,0.5537482443146303
66335,2026-04-20 21:00:00+00:00,6,0.673937279652871,0.12083637595032347
66335,2026-04-20 22:00:00+00:00,6,1.210573388475007,1.3914144449910468
66335,2026-04-20 23:00:00+00:00,6,0.5021495688183023,0.28590050650843085
66335,2026-04-21 00:00:00+00:00,6,1.2165598161713636,1.40558833977346
66335,2026-04-21 01:00:00+00:00,6,0.0,1.474825774543753
66335,2026-04-21 02:00:00+00:00,6,0.0,1.474825774543753
66335,2026-04-21 03:00:00+00:00,6,,
66335,2026-04-21 04:00:00+00:00,6,0.0,1.474825774543753
66335,2026-04-21 05:00:00+00:00,6,0.3380261935136389,0.6744907594765952
66335,2026-04-21 06:00:00+00:00,6,0.7729923285602023,0.355366201096931
66335,2026-04-21 07:00:00+00:00,6,0.46348357825373665,0.3774488738683988
66335,2026-04-21 08:00:00+00:00,6,0.4758616724587996,0.3481416118803954
66335,2026-04-21 09:00:00+00:00,6,0.8960888386642625,0.6468183109017662
66335,2026-04-21 10:00:00+00:00,6,0.6673137111008897,0.10515394086520208
66335,2026-04-21 11:00:00+00:00,6,0.3734975606976207,0.5905062111356711
66335,2026-04-21 12:00:00+00:00,6,0.6983175870411668,0.17856093710971285
66335,2026-04-21 13:00:00+00:00,6,1.0408343962780473,0.9895282554465178
66335,2026-04-21 14:00:00+00:00,6,0.9531389268273618,0.7818941838540631
66335,2026-04-21 15:00:00+00:00,6,0.9737423786246074,0.830676391330889
66335,2026-04-21 16:00:00+00:00,6,1.5700941554254193,2.2426415509241986
66335,2026-04-21 17:00:00+00:00,6,1.2165598161713636,1.40558833977346
66335,2026-04-21 18:00:00+00:00,6,0.9788001225256556,0.8426514678750323
66335,2026-04-21 19:00:00+00:00,6,0.3873572774029728,0.5576909536465885
66335,2026-04-21 20:00:00+00:00,6,0.4783826024173734,0.3421728776370327
66335,2026-04-21 21:00:00+00:00,6,0.6057832213745137,0.040530051580376716
66335,2026-04-21 22:00:00+00:00,6,0.4782514067347396,0.34248350592753896
66335,2026-04-21 23:00:00+00:00,6,0.0,1.474825774543753
66335,2026-04-22 00:00:00+00:00,6,,
66335,2026-04-22 01:00:00+00:00,6,,
66335,2026-04-22 02:00:00+00:00,6,,
66335,2026-04-22 03:00:00+00:00,6,,
66335,2026-04-22 04:00:00+00:00,6,,
66335,2026-04-22 05:00:00+00:00,6,0.0,1.474825774543753
66335,2026-04-22 06:00:00+00:00,6,0.7346589550151109,0.26460536160433173
66335,2026-04-22 07:00:00+00:00,6,0.9804935891668755,0.8466610407301067
66335,2026-04-22 08:00:00+00:00,6,1.3392655468315733,1.696115212191124
66335,2026-04-22 09:00:00+00:00,6,1.2107807601900156,1.3919054331092477
66335,2026-04-22 10:00:00+00:00,6,0.9531389268273618,0.7818941838540631
66335,2026-04-22 11:00:00+00:00,6,0.8960888386642625,0.6468183109017662
66335,2026-04-22 12:00:00+00:00,6,0.6673137111008897,0.10515394086520208
66335,2026-04-22 13:00:00+00:00,6,0.4629102137054378,0.37880641282013466
66335,2026-04-22 14:00:00+00:00,6,0.8383004098844055,0.5099942898474094
66335,2026-04-22 15:00:00+00:00,6,1.1851233732975397,1.3311571670896056
66335,2026-04-22 16:00:00+00:00,6,1.4253641326261008,1.8999683877183156
66335,2026-04-22 17:00:00+00:00,6,1.1812837302939847,1.322066153434243
66335,2026-04-22 18:00:00+00:00,6,0.7947266593694469,0.4068259586822245
66335,2026-04-22 19:00:00+00:00,6,0.3890225038425541,0.5537482443146303
66335,2026-04-22 20:00:00+00:00,6,0.3873572774029728,0.5576909536465885
66335,2026-04-22 21:00:00+00:00,6,0.5034095091626973,0.2829173815498781
66335,2026-04-22 22:00:00+00:00,6,0.0,1.474825774543753
66335,2026-04-22 23:00:00+00:00,6,0.0,1.474825774543753
66335,2026-04-23 00:00:00+00:00,6,,
66335,2026-04-23 01:00:00+00:00,6,,
66335,2026-04-23 02:00:00+00:00,6,,
66335,2026-04-23 03:00:00+00:00,6,2.6447379065503313e-14,1.4748257745436906
66335,2026-04-23 04:00:00+00:00,6,0.0023235549738974863,1.4693243594441905
66335,2026-04-23 05:00:00+00:00,6,0.31006939002904654,0.7406832888350279
66335,2026-04-23 06:00:00+00:00,6,0.267349206332927,0.8418306540930579
66335,2026-04-23 07:00:00+00:00,6,0.3162495025177877,0.7260508120722653
66335,2026-04-23 08:00:00+00:00,6,0.5936373607115629,0.06928746080846979
66335,2026-04-23 09:00:00+00:00,6,0.7694288443917183,0.34692904086970117
66335,2026-04-23 10:00:00+00:00,6,0.7435415415072542,0.2856364092877354
66335,2026-04-23 11:00:00+00:00,6,0.4629102137054378,0.37880641282013466
66335,2026-04-23 12:00:00+00:00,6,0.758611806531313,0.3213178476393747
66335,2026-04-23 13:00:00+00:00,6,1.289575196413058,1.5784647812067272
66335,2026-04-23 14:00:00+00:00,6,1.3074702641909748,1.6208344247861055
66335,2026-04-23 15:00:00+00:00,6,1.5324069323700908,2.153410583589093
66335,2026-04-23 16:00:00+00:00,6,0.7174043397517516,0.22375209924843226
66335,2026-04-23 17:00:00+00:00,6,1.236214259920434,1.4521236078559148
66335,2026-04-23 18:00:00+00:00,6,0.8427574576887303,0.5205471153091009
66335,2026-04-23 19:00:00+00:00,6,0.46906981781567475,0.364222493162514
66335,2026-04-23 20:00:00+00:00,6,0.38049510175299733,0.5739383319788094
66335,2026-04-23 21:00:00+00:00,6,0.20019485307704946,1.0008301084436257
66335,2026-04-23 22:00:00+00:00,6,0.2081074020163512,0.982095791115344
66335,2026-04-23 23:00:00+00:00,6,0.31747651357447204,0.723145652852705
66335,2026-04-24 00:00:00+00:00,6,1.120354365702382,1.1778054278923182
66335,2026-04-24 01:00:00+00:00,6,1.146619716398536,1.239993152537694
66335,2026-04-24 02:00:00+00:00,6,0.9804935891668755,0.8466610407301067
66335,2026-04-24 03:00:00+00:00,6,0.9902329373658036,0.8697206187660881
66335,2026-04-24 04:00:00+00:00,6,0.7741136257386568,0.3580210645703351
66335,2026-04-24 05:00:00+00:00,6,0.5932890105162433,0.07011223966930842
66335,2026-04-24 06:00:00+00:00,6,0.49699350403020504,0.2981083746235465
66335,2026-04-24 07:00:00+00:00,6,0.3380261935136389,0.6744907594765952
66335,2026-04-24 08:00:00+00:00,6,0.20434337350886203,0.9910077744765772
66335,2026-04-24 09:00:00+00:00,6,0.4800022937137359,0.3383379805700215
66335,2026-04-24 10:00:00+00:00,6,0.4950090511204996,0.3028069073996022
66335,2026-04-24 11:00:00+00:00,6,0.7273495862722164,0.24729917689075007
66335,2026-04-24 12:00:00+00:00,6,0.758611806531313,0.3213178476393747
66335,2026-04-24 13:00:00+00:00,6,0.7174043397517516,0.22375209924843226
66335,2026-04-24 14:00:00+00:00,6,1.4427891770675811,1.9412251703973635
66335,2026-04-24 15:00:00+00:00,6,1.3303521469383675,1.6750112084934323
66335,2026-04-24 16:00:00+00:00,6,0.7700371578918751,0.3483693274618521
66335,2026-04-24 17:00:00+00:00,6,1.3054977568300978,1.6161641751466382
66335,2026-04-24 18:00:00+00:00,6,0.8820483624080402,0.6135750741594623
66335,2026-04-24 19:00:00+00:00,6,0.6034415568590743,0.046074344126956504
66335,2026-04-24 20:00:00+00:00,6,0.5263806586251368,0.2285292435773998
66335,2026-04-24 21:00:00+00:00,6,0.20019485307704946,1.0008301084436257
66335,2026-04-24 22:00:00+00:00,6,0.6465663205193487,0.0560309336180971
66335,2026-04-24 23:00:00+00:00,6,0.5244740253566818,0.2330435249997209
66335,2026-04-25 00:00:00+00:00,6,0.513035628405562,0.26012589249633666
66335,2026-04-25 01:00:00+00:00,6,0.23361059375593868,0.9217126085785154
66335,2026-04-25 02:00:00+00:00,6,1.6500042725186885,2.4318424649216506
66335,2026-04-25 03:00:00+00:00,6,0.0023235549738974863,1.4693243594441905
66335,2026-04-25 04:00:00+00:00,6,0.37791914497915186,0.5800373516493805
66335,2026-04-25 05:00:00+00:00,6,0.3982278092448759,0.5319531042360324
66335,2026-04-25 06:00:00+00:00,6,0.3016214975662958,0.7606851238146847
66335,2026-04-25 07:00:00+00:00,6,0.20434337350886203,0.9910077744765772
66335,2026-04-25 08:00:00+00:00,6,0.31006939002904654,0.7406832888350279
66335,2026-04-25 09:00:00+00:00,6,0.267349206332927,0.8418306540930579
66335,2026-04-25 10:00:00+00:00,6,0.3162495025177877,0.7260508120722653
66335,2026-04-25 11:00:00+00:00,6,0.7871624878762664,0.38891648473573026
66335,2026-04-25 12:00:00+00:00,6,1.031839228048486,0.9682306511818736
66335,2026-04-25 13:00:00+00:00,6,1.507407774779815,2.0942207883879926
66335,2026-04-25 14:00:00+00:00,6,1.1874550985517045,1.3366779267296398
66335,2026-04-25 15:00:00+00:00,6,1.0339618083177409,0.9732562241829398
66335,2026-04-25 16:00:00+00:00,6,1.217287477969978,1.4073112039411875
66335,2026-04-25 17:00:00+00:00,6,0.95566761953123,0.78788129772892
66335,2026-04-25 18:00:00+00:00,6,0.6034415568590743,0.046074344126956504
66335,2026-04-25 19:00:00+00:00,6,0.2081074020163512,0.982095791115344
66335,2026-04-25 20:00:00+00:00,6,0.31747651357447204,0.723145652852705
66335,2026-04-25 21:00:00+00:00,6,0.6634365851513989,0.095974179903637
66335,2026-04-25 22:00:00+00:00,6,0.6310915024915617,0.019391646612870517
66335,2026-04-25 23:00:00+00:00,6,0.4922269164171404,0.3093940886963735
66335,2026-04-26 00:00:00+00:00,6,0.6642554986091364,0.09791309803221257
66335,2026-04-26 01:00:00+00:00,6,1.1575244663011162,1.2658120190783806
66335,2026-04-26 02:00:00+00:00,6,0.9243117726944597,0.713640949992266
66335,2026-04-26 03:00:00+00:00,6,1.3175818207408436,1.6447752699601796
66335,2026-04-26 04:00:00+00:00,6,0.5200578212121851,0.24349964608840433
66335,2026-04-26 05:00:00+00:00,6,0.4311525681345972,0.45399808800435565
66335,2026-04-26 06:00:00+00:00,6,0.25755889823192785,0.8650108884414033
66335,2026-04-26 07:00:00+00:00,6,0.38852207803560346,0.5549330882806636
66335,2026-04-26 08:00:00+00:00,6,0.3124324747087206,0.7350882803741359
66335,2026-04-26 09:00:00+00:00,6,0.3047509862706786,0.7532755223180077
66335,2026-04-26 10:00:00+00:00,6,0.7729923285602023,0.355366201096931
66335,2026-04-26 11:00:00+00:00,6,0.46348357825373665,0.3774488738683988
66335,2026-04-26 12:00:00+00:00,6,0.4758616724587996,0.3481416118803954
66335,2026-04-26 13:00:00+00:00,6,0.9737423786246074,0.830676391330889
66335,2026-04-26 14:00:00+00:00,6,1.3951009082945698,1.8283150112459405
66335,2026-04-26 15:00:00+00:00,6,1.265878617223839,1.522359063879592
66335,2026-04-26 16:00:00+00:00,6,0.6736080538984401,0.12005687748485241
66335,2026-04-26 17:00:00+00:00,6,0.38049510175299733,0.5739383319788094
66335,2026-04-26 18:00:00+00:00,6,0.23361059375593868,0.9217126085785154
66335,2026-04-26 19:00:00+00:00,6,0.4783826024173734,0.3421728776370327
66335,2026-04-26 20:00:00+00:00,6,0.8701503744030693,0.5854045459816126
66335,2026-04-26 21:00:00+00:00,6,0.7066416607892564,0.1982696100363529
66335,2026-04-20 06:00:00+00:00,12,0.5879150295762803,1.3067725215779609
66335,2026-04-20 07:00:00+00:00,12,1.2985350484488785,0.0
66335,2026-04-20 08:00:00+00:00,12,1.5065622267509475,0.3825450917887522
66335,2026-04-20 09:00:00+00:00,12,1.601027227156799,0.5562585582022967
66335,2026-04-20 10:00:00+00:00,12,1.850452139579974,1.0149307220806834
66335,2026-04-20 11:00:00+00:00,12,2.101613504988499,1.476796082021668
66335,2026-04-20 12:00:00+00:00,12,2.1663884657515173,1.59591197597818
66335,2026-04-20 13:00:00+00:00,12,2.270041348411898,1.7865212119209322
66335,2026-04-20 14:00:00+00:00,12,2.2169734884944043,1.6889337259545933
66335,2026-04-20 15:00:00+00:00,12,2.0535266873769564,1.3883683284599424
66335,2026-04-20 16:00:00+00:00,12,1.9507138803052702,1.199303923321557
66335,2026-04-20 17:00:00+00:00,12,1.594638401984138,0.5445100273995138
66335,2026-04-20 18:00:00+00:00,12,1.523064188326768,0.4128908593814374
66335,2026-04-20 19:00:00+00:00,12,1.4662730524671315,0.3084565712392132
66335,2026-04-20 20:00:00+00:00,12,1.1090485511547046,0.348450284678057
66335,2026-04-20 21:00:00+00:00,12,1.1483139999618748,0.27624431216683887
66335,2026-04-20 22:00:00+00:00,12,1.1127548501714466,0.34163470168967763
66335,2026-04-20 23:00:00+00:00,12,0.9654092924876568,0.6125912197219641
66335,2026-04-21 00:00:00+00:00,12,0.9372146007805815,0.6644389687279958
66335,2026-04-21 01:00:00+00:00,12,1.81675011483634,0.9529554347444325
66335,2026-04-21 02:00:00+00:00,12,1.7638757948497408,0.8557238529980761
66335,2026-04-21 03:00:00+00:00,12,2.0157500206940413,1.3189001054054303
66335,2026-04-21 04:00:00+00:00,12,2.15365345237783,1.5724933203018812
66335,2026-04-21 05:00:00+00:00,12,1.8790167385194472,1.0674587004554252
66335,2026-04-21 06:00:00+00:00,12,1.2197010474516854,0.1449693275354389
66335,2026-04-21 07:00:00+00:00,12,1.1554124354510509,0.2631908656031386
66335,2026-04-21 08:00:00+00:00,12,1.2744365735135954,0.04431513892237949
66335,2026-04-21 09:00:00+00:00,12,1.2985350484488785,0.0
66335,2026-04-21 10:00:00+00:00,12,1.5065622267509475,0.3825450917887522
66335,2026-04-21 11:00:00+00:00,12,1.4925652714905875,0.35680582743617584
66335,2026-04-21 12:00:00+00:00,12,1.5398668683727181,0.44378962382625187
66335,2026-04-21 13:00:00+00:00,12,2.3647875075892184,1.9607517064887627
66335,2026-04-21 14:00:00+00:00,12,2.193595380219197,1.645943282835664
66335,2026-04-21 15:00:00+00:00,12,2.2531806346857195,1.75551572824976
66335,2026-04-21 16:00:00+00:00,12,2.140201341876003,1.547755981225919
66335,2026-04-21 17:00:00+00:00,12,1.9823604810335724,1.2574994527673842
66335,2026-04-21 18:00:00+00:00,12,1.8713251286477783,1.0533144543603872
66335,2026-04-21 19:00:00+00:00,12,1.8043324124321323,0.9301202881794711
66335,2026-04-21 20:00:00+00:00,12,1.7465218793438169,0.8238114112955397
66335,2026-04-21 21:00:00+00:00,12,1.6731208005262574,0.6888327865656315
66335,2026-04-21 22:00:00+00:00,12,0.6283396702743286,1.2324348892907646
66335,2026-04-21 23:00:00+00:00,12,0.9394700558890606,0.6602913698972042
66335,2026-04-22 00:00:00+00:00,12,0.9562231868798343,0.6294837221421187
66335,2026-04-22 01:00:00+00:00,12,0.9555191247723568,0.6307784351970585
66335,2026-04-22 02:00:00+00:00,12,1.4694521457393086,0.3143026656656063
66335,2026-04-22 03:00:00+00:00,12,1.853949347256177,1.0213618030693163
66335,2026-04-22 04:00:00+00:00,12,1.5093034561346867,0.38758599007317657
66335,2026-04-22 05:00:00+00:00,12,1.9523135281866655,1.2022455459047827
66335,2026-04-22 06:00:00+00:00,12,2.0564675261587975,1.3937762922217818
66335,2026-04-22 07:00:00+00:00,12,1.4925652714905875,0.35680582743617584
66335,2026-04-22 08:00:00+00:00,12,1.5398668683727181,0.44378962382625187
66335,2026-04-22 09:00:00+00:00,12,1.352245532530218,0.0987692196309044
66335,2026-04-22 10:00:00+00:00,12,1.108812986197875,0.3488834695088473
66335,2026-04-22 11:00:00+00:00,12,1.0661253966387516,0.42738248102946375
66335,2026-04-22 12:00:00+00:00,12,1.21825373882012,0.14763081060619845
66335,2026-04-22 13:00:00+00:00,12,1.4857986306657718,0.34436252432281095
66335,2026-04-22 14:00:00+00:00,12,2.0197380772496136,1.326233817632661
66335,2026-04-22 15:00:00+00:00,12,2.094985747081981,1.464608173319561
66335,2026-04-22 16:00:00+00:00,12,1.8465635621893135,1.0077799439613078
66335,2026-04-22 17:00:00+00:00,12,1.8465635621893133,1.0077799439613073
66335,2026-04-22 18:00:00+00:00,12,1.7296251190622138,0.7927396409354546
66335,2026-04-22 19:00:00+00:00,12,1.4940365188500593,0.359511331884041
66335,2026-04-22 20:00:00+00:00,12,1.2483348798963503,0.09231403436551212
66335,2026-04-22 21:00:00+00:00,12,1.1127548501714466,0.34163470168967763
66335,2026-04-22 22:00:00+00:00,12,0.9654092924876568,0.6125912197219641
66335,2026-04-22 23:00:00+00:00,12,0.6283396702743286,1.2324348892907646
66335,2026-04-23 00:00:00+00:00,12,1.4694521457393086,0.3143026656656063
66335,2026-04-23 01:00:00+00:00,12,1.3199621761213485,0.03940274818481651
66335,2026-04-23 02:00:00+00:00,12,0.7379233969009694,1.0309193128016665
66335,2026-04-23 03:00:00+00:00,12,0.5307490901713661,1.411896043010764
66335,2026-04-23 04:00:00+00:00,12,0.49567741944249655,1.4763899981163737
66335,2026-04-23 05:00:00+00:00,12,1.0951919662377636,0.3739314193653369
66335,2026-04-23 06:00:00+00:00,12,1.1568964749970712,0.26046183736277034
66335,2026-04-23 07:00:00+00:00,12,1.1321432547396777,0.30598099977568277
66335,2026-04-23 08:00:00+00:00,12,1.0549213308722356,0.44798584834926386
66335,2026-04-23 09:00:00+00:00,12,1.0653324430532192,0.4288406582957114
66335,2026-04-23 10:00:00+00:00,12,1.4811688621608918,0.3358487559194909
66335,2026-04-23 11:00:00+00:00,12,1.5118790771813264,0.39232234807092387
66335,2026-04-23 12:00:00+00:00,12,1.555282676810702,0.472138043980003
66335,2026-04-23 13:00:00+00:00,12,1.5790318619374502,0.515810867302289
66335,2026-04-23 14:00:00+00:00,12,1.9772975248545863,1.2481890874006036
66335,2026-04-23 15:00:00+00:00,12,1.9131060703759344,1.1301462141278993
66335,2026-04-23 16:00:00+00:00,12,1.6653216377856945,0.6744907594765952
66335,2026-04-23 17:00:00+00:00,12,1.3799521327249231,0.1497194079723875
66335,2026-04-23 18:00:00+00:00,12,1.1206805823426271,0.3270599236935317
66335,2026-04-23 19:00:00+00:00,12,1.082129827016657,0.39795163291666386
66335,2026-04-23 20:00:00+00:00,12,1.0327484088160146,0.48876005185696747
66335,2026-04-23 21:00:00+00:00,12,0.8322757467786255,0.8574130015637114
66335,2026-04-23 22:00:00+00:00,12,0.7018104151951455,1.0973281542529498
66335,2026-04-23 23:00:00+00:00,12,0.6734044315563006,1.1495644519673416
66335,2026-04-24 00:00:00+00:00,12,0.5400701464721794,1.3947553772224452
66335,2026-04-24 01:00:00+00:00,12,1.6206940822121623,0.5924243079555598
66335,2026-04-24 02:00:00+00:00,12,1.7716253238179838,0.8699746076094346
66335,2026-04-24 03:00:00+00:00,12,0.8025187502473445,0.9121337023025687
66335,2026-04-24 04:00:00+00:00,12,0.5281103485809684,1.416748474563913
66335,2026-04-24 05:00:00+00:00,12,0.4559312820324388,1.549479917942622
66335,2026-04-24 06:00:00+00:00,12,0.5337348433759905,1.4064054852718946
66335,2026-04-24 07:00:00+00:00,12,0.48845205099575545,1.4896768640837261
66335,2026-04-24 08:00:00+00:00,12,0.600437616546612,1.283744500811164
66335,2026-04-24 09:00:00+00:00,12,0.8990713519430453,0.7345813066031395
66335,2026-04-24 10:00:00+00:00,12,1.0030615455097418,0.5433517832889431
66335,2026-04-24 11:00:00+00:00,12,1.1192867025871511,0.32962315539889464
66335,2026-04-24 12:00:00+00:00,12,1.3111025615000296,0.02311063618200856
66335,2026-04-24 13:00:00+00:00,12,1.8878844652344497,1.0837657299399208
66335,2026-04-24 14:00:00+00:00,12,2.107988525491778,1.4885192271582173
66335,2026-04-24 15:00:00+00:00,12,1.9131060703759344,1.1301462141278993
66335,2026-04-24 16:00:00+00:00,12,1.4430148446794333,0.26568661538244825
66335,2026-04-24 17:00:00+00:00,12,1.349296917872286,0.09334695666423386
66335,2026-04-24 18:00:00+00:00,12,1.2215658323351428,0.14154013953110686
66335,2026-04-24 19:00:00+00:00,12,1.082129827016657,0.39795163291666386
66335,2026-04-24 20:00:00+00:00,12,1.0327484088160146,0.48876005185696747
66335,2026-04-24 21:00:00+00:00,12,0.8578291486675255,0.8104223700948284
66335,2026-04-24 22:00:00+00:00,12,0.8415865671158584,0.8402911588813894
66335,2026-04-24 23:00:00+00:00,12,0.6734044315563006,1.1495644519673416
66335,2026-04-25 00:00:00+00:00,12,0.5400701464721794,1.3947553772224452
66335,2026-04-25 01:00:00+00:00,12,1.6206940822121623,0.5924243079555598
66335,2026-04-25 02:00:00+00:00,12,1.7589597669154688,0.846683676744657
66335,2026-04-25 03:00:00+00:00,12,1.294462865618204,0.007488413617180931
66335,2026-04-25 04:00:00+00:00,12,0.6921434093149539,1.1151049932311263
66335,2026-04-25 05:00:00+00:00,12,0.4559312820324388,1.549479917942622
66335,2026-04-25 06:00:00+00:00,12,0.5307490901713661,1.411896043010764
66335,2026-04-25 07:00:00+00:00,12,0.48845205099575545,1.4896768640837261
66335,2026-04-25 08:00:00+00:00,12,0.600437616546612,1.283744500811164
66335,2026-04-25 09:00:00+00:00,12,0.7563623986662394,0.9970114855631234
66335,2026-04-25 10:00:00+00:00,12,0.8230770649886759,0.8743286305617747
66335,2026-04-25 11:00:00+00:00,12,1.1192867025871511,0.32962315539889464
66335,2026-04-25 12:00:00+00:00,12,1.3111025615000296,0.02311063618200856
66335,2026-04-25 13:00:00+00:00,12,1.8853630571545885,1.0791290651866892
66335,2026-04-25 14:00:00+00:00,12,2.17075889568093,1.6039488417961445
66335,2026-04-25 15:00:00+00:00,12,1.888560641737616,1.0850091636324815
66335,2026-04-25 16:00:00+00:00,12,1.3956072557319594,0.178507908189387
66335,2026-04-25 17:00:00+00:00,12,1.3150645569567796,0.030396424164328088
66335,2026-04-25 18:00:00+00:00,12,1.3104459604904697,0.02190320023291375
66335,2026-04-25 19:00:00+00:00,12,1.1861895805780396,0.2065941944196092
66335,2026-04-25 20:00:00+00:00,12,1.2207273187032357,0.1430820980237527
66335,2026-04-25 21:00:00+00:00,12,1.1514730390249481,0.2704350958028459
66335,2026-04-25 22:00:00+00:00,12,0.8322757467786255,0.8574130015637114
66335,2026-04-25 23:00:00+00:00,12,0.7018104151951455,1.0973281542529498
66335,2026-04-26 00:00:00+00:00,12,1.00284832186498,0.5437438842606657
66335,2026-04-26 01:00:00+00:00,12,1.0176536168481294,0.516518148784581
66335,2026-04-26 02:00:00+00:00,12,1.6410085963640224,0.6297810502057619
66335,2026-04-26 03:00:00+00:00,12,1.3695528886606114,0.13059604242185746
66335,2026-04-26 04:00:00+00:00,12,0.980506885353764,0.584827972169917
66335,2026-04-26 05:00:00+00:00,12,0.48553429356290884,1.4950423831186712
66335,2026-04-26 06:00:00+00:00,12,0.7335742576952271,1.0389170267073318
66335,2026-04-26 07:00:00+00:00,12,0.7953589282305266,0.9253000337068126
66335,2026-04-26 08:00:00+00:00,12,0.7767539318665528,0.9595131115357635
66335,2026-04-26 09:00:00+00:00,12,0.7563623986662394,0.9970114855631234
66335,2026-04-26 10:00:00+00:00,12,0.8230770649886759,0.8743286305617747
66335,2026-04-26 11:00:00+00:00,12,1.4455264431412256,0.27030524104446474
66335,2026-04-26 12:00:00+00:00,12,1.9772975248545863,1.2481890874006036
66335,2026-04-26 13:00:00+00:00,12,1.8465635621893135,1.0077799439613078
66335,2026-04-26 14:00:00+00:00,12,1.8133437450983654,0.9466913973493389
66335,2026-04-26 15:00:00+00:00,12,1.3799521327249231,0.1497194079723875
66335,2026-04-26 16:00:00+00:00,12,1.1206805823426271,0.3270599236935317
66335,2026-04-26 17:00:00+00:00,12,1.0859286119359968,0.3909659758620631
66335,2026-04-26 18:00:00+00:00,12,1.1014217480843647,0.3624753563269229
66335,2026-04-20 12:00:00+00:00,24,2.4033731537409158,0.4778906847442609
66335,2026-04-20 13:00:00+00:00,24,2.6669078422388006,0.8314586681295176
66335,2026-04-20 14:00:00+00:00,24,2.666907842238801,0.8314586681295182
66335,2026-04-20 15:00:00+00:00,24,2.6669078422388006,0.8314586681295176
66335,2026-04-20 16:00:00+00:00,24,2.666907842238801,0.8314586681295182
66335,2026-04-20 17:00:00+00:00,24,2.5730216874503076,0.7054974954065955
66335,2026-04-20 18:00:00+00:00,24,2.487323531908354,0.5905216483653142
66335,2026-04-20 19:00:00+00:00,24,2.4563086543463415,0.5489109299545973
66335,2026-04-20 20:00:00+00:00,24,2.526190692188012,0.6426672826205954
66335,2026-04-20 21:00:00+00:00,24,2.5011358527955974,0.6090527740771077
66335,2026-04-20 22:00:00+00:00,24,2.500042810045367,0.6075863070888122
66335,2026-04-20 23:00:00+00:00,24,2.9775245725221775,1.2481936776950506
66335,2026-04-21 00:00:00+00:00,24,2.962620110184177,1.2281972942120063
66335,2026-04-21 01:00:00+00:00,24,3.1050895510273233,1.4193396185111493
66335,2026-04-21 02:00:00+00:00,24,3.038802273452064,1.3304061305139088
66335,2026-04-21 03:00:00+00:00,24,2.789073881949269,0.995361190961688
66335,2026-04-21 04:00:00+00:00,24,3.191901048820321,1.5358091671093799
66335,2026-04-21 05:00:00+00:00,24,3.2614744981249686,1.629151505865661
66335,2026-04-21 06:00:00+00:00,24,3.0515667167607687,1.347531384519058
66335,2026-04-21 07:00:00+00:00,24,2.9646198196680245,1.2308801791619546
66335,2026-04-21 08:00:00+00:00,24,2.7012286114895425,0.8775046943334378
66335,2026-04-21 09:00:00+00:00,24,2.7472265076067814,0.9392171901829822
66335,2026-04-21 10:00:00+00:00,24,2.7511516366286384,0.9444832899161718
66335,2026-04-21 11:00:00+00:00,24,2.6767830883617942,0.8447076672538509
66335,2026-04-21 12:00:00+00:00,24,2.6244797508087325,0.7745355556113154
66335,2026-04-21 13:00:00+00:00,24,2.6235838498332735,0.7733335813930012
66335,2026-04-21 14:00:00+00:00,24,2.6235838498332735,0.7733335813930012
66335,2026-04-21 15:00:00+00:00,24,2.6220649370304447,0.7712957512322156
66335,2026-04-21 16:00:00+00:00,24,2.6220649370304447,0.7712957512322156
66335,2026-04-21 17:00:00+00:00,24,2.6228387396424453,0.7723339137246856
66335,2026-04-21 18:00:00+00:00,24,2.6228387396424453,0.7723339137246856
66335,2026-04-21 19:00:00+00:00,24,2.5730216874503076,0.7054974954065955
66335,2026-04-21 20:00:00+00:00,24,2.487323531908354,0.5905216483653142
66335,2026-04-21 21:00:00+00:00,24,2.4563086543463415,0.5489109299545973
66335,2026-04-21 22:00:00+00:00,24,2.526190692188012,0.6426672826205954
66335,2026-04-21 23:00:00+00:00,24,2.5011358527955974,0.6090527740771077
66335,2026-04-22 00:00:00+00:00,24,2.500042810045367,0.6075863070888122
66335,2026-04-22 01:00:00+00:00,24,2.9775245725221775,1.2481936776950506
66335,2026-04-22 02:00:00+00:00,24,3.227411230600015,1.5834509535969716
66335,2026-04-22 03:00:00+00:00,24,3.5504387352823943,2.016836721745809
66335,2026-04-22 04:00:00+00:00,24,3.208624395553483,1.558245833848013
66335,2026-04-22 05:00:00+00:00,24,2.4963321444972264,0.6026079395640235
66335,2026-04-22 06:00:00+00:00,24,2.0471735580244355,0.0
66335,2026-04-22 07:00:00+00:00,24,2.198365197079921,0.2028443512702456
66335,2026-04-22 08:00:00+00:00,24,2.919400623709353,1.1702124165363201
66335,2026-04-22 09:00:00+00:00,24,2.66140444029506,0.8240750984822055
66335,2026-04-22 10:00:00+00:00,24,2.483151663279536,0.5849245135575704
66335,2026-04-22 11:00:00+00:00,24,2.3417940819015617,0.3952739014544549
66335,2026-04-22 12:00:00+00:00,24,2.2739138352348958,0.3042032266130308
66335,2026-04-22 13:00:00+00:00,24,2.2584596142348574,0.2834692663707627
66335,2026-04-22 14:00:00+00:00,24,2.253758192809304,0.27716166374754864
66335,2026-04-22 15:00:00+00:00,24,2.253758192809304,0.27716166374754864
66335,2026-04-22 16:00:00+00:00,24,3.0216358870476836,1.3073750652010112
66335,2026-04-22 17:00:00+00:00,24,3.0216358870476836,1.3073750652010112
66335,2026-04-22 18:00:00+00:00,24,3.1581001773840103,1.4904606552359734
66335,2026-04-22 19:00:00+00:00,24,3.9618948101297806,2.5688615631987823
66335,2026-04-22 20:00:00+00:00,24,4.911262167317775,3.8425682766717
66335,2026-04-22 21:00:00+00:00,24,4.588747553636127,3.4098706222503514
66335,2026-04-22 22:00:00+00:00,24,4.118873865109953,2.7794705278835528
66335,2026-04-22 23:00:00+00:00,24,3.24640210142606,1.6089298153702232
66335,2026-04-23 00:00:00+00:00,24,2.9126747101353323,1.161188679614457
66335,2026-04-23 01:00:00+00:00,24,2.2230366868355422,0.23594454361959158
66335,2026-04-23 02:00:00+00:00,24,2.223956395344448,0.2371784589141951
66335,2026-04-23 03:00:00+00:00,24,2.198365197079921,0.2028443512702456
66335,2026-04-23 04:00:00+00:00,24,2.0471735580244355,0.0
66335,2026-04-23 05:00:00+00:00,24,2.053301118590411,0.008220964172617508
66335,2026-04-23 06:00:00+00:00,24,1.949741418555206,0.13071859824374896
66335,2026-04-23 07:00:00+00:00,24,1.7615404815559885,0.38321600625219465
66335,2026-04-23 08:00:00+00:00,24,1.7438814490034567,0.40690802404204024
66335,2026-04-23 09:00:00+00:00,24,1.7366802130609724,0.4165694712108292
66335,2026-04-23 10:00:00+00:00,24,1.737346658974633,0.41567534247555205
66335,2026-04-23 11:00:00+00:00,24,1.7386126125533699,0.4139768918600196
66335,2026-04-23 12:00:00+00:00,24,1.7389798543621775,0.41348418652967023
66335,2026-04-23 13:00:00+00:00,24,1.7389798543621777,0.41348418652966995
66335,2026-04-23 14:00:00+00:00,24,1.7389798543621775,0.41348418652967023
66335,2026-04-23 15:00:00+00:00,24,1.7368362738773315,0.41636009418938263
66335,2026-04-23 16:00:00+00:00,24,1.7368362738773315,0.41636009418938263
66335,2026-04-23 17:00:00+00:00,24,1.7240112766047668,0.43356658965465994
66335,2026-04-23 18:00:00+00:00,24,1.7294212752797846,0.4263083333220849
66335,2026-04-23 19:00:00+00:00,24,1.711772068553435,0.4499871684164449
66335,2026-04-23 20:00:00+00:00,24,1.5426931571145506,0.6768297525603558
66335,2026-04-23 21:00:00+00:00,24,1.589318707352363,0.6142751724943483
66335,2026-04-23 22:00:00+00:00,24,1.6130245154327816,0.582470574757004
66335,2026-04-23 23:00:00+00:00,24,1.5964877948354073,0.6046568568997664
66335,2026-04-24 00:00:00+00:00,24,1.4599762313335654,0.7878058703796448
66335,2026-04-24 01:00:00+00:00,24,1.338101798849156,0.9513171620632864
66335,2026-04-24 02:00:00+00:00,24,1.3026966992347997,0.9988179663921348
66335,2026-04-24 03:00:00+00:00,24,1.2296470687937595,1.0968240796263862
66335,2026-04-24 04:00:00+00:00,24,1.240973039067756,1.081628734783992
66335,2026-04-24 05:00:00+00:00,24,1.316513593074533,0.9802807054364413
66335,2026-04-24 06:00:00+00:00,24,1.3190337684092244,0.9768995440571066
66335,2026-04-24 07:00:00+00:00,24,1.401613013838798,0.8661081433408213
66335,2026-04-24 08:00:00+00:00,24,1.5103953273791935,0.7201617275361748
66335,2026-04-24 09:00:00+00:00,24,1.5156543041893493,0.7131060877794694
66335,2026-04-24 10:00:00+00:00,24,1.5444365440802643,0.6744907594765952
66335,2026-04-24 11:00:00+00:00,24,1.5464148036120202,0.6718366525837138
66335,2026-04-24 12:00:00+00:00,24,1.5477205164880794,0.6700848594095408
66335,2026-04-24 13:00:00+00:00,24,1.5564576326085164,0.6583628180156218
66335,2026-04-24 14:00:00+00:00,24,1.5564576326085164,0.6583628180156218
66335,2026-04-24 15:00:00+00:00,24,1.5495370868913605,0.6676476806919064
66335,2026-04-24 16:00:00+00:00,24,1.551175146536067,0.6654499986768941
66335,2026-04-24 17:00:00+00:00,24,1.5337966217726884,0.6887656767374234
66335,2026-04-24 18:00:00+00:00,24,1.5401221696203564,0.6802790854311526
66335,2026-04-24 19:00:00+00:00,24,1.533492466093889,0.6891737433589421
66335,2026-04-24 20:00:00+00:00,24,1.5420661687000004,0.6776709436407483
66335,2026-04-24 21:00:00+00:00,24,1.546151839630102,0.672189454885831
66335,2026-04-24 22:00:00+00:00,24,1.5809153446345208,0.625549437854774
66335,2026-04-24 23:00:00+00:00,24,1.5964877948354073,0.6046568568997664
66335,2026-04-25 00:00:00+00:00,24,1.4599762313335654,0.7878058703796448
66335,2026-04-25 01:00:00+00:00,24,1.338101798849156,0.9513171620632864
66335,2026-04-25 02:00:00+00:00,24,1.3026966992347997,0.9988179663921348
66335,2026-04-25 03:00:00+00:00,24,1.2296470687937595,1.0968240796263862
66335,2026-04-25 04:00:00+00:00,24,1.240973039067756,1.081628734783992
66335,2026-04-25 05:00:00+00:00,24,1.316513593074533,0.9802807054364413
66335,2026-04-25 06:00:00+00:00,24,1.3190337684092244,0.9768995440571066
66335,2026-04-25 07:00:00+00:00,24,1.401613013838798,0.8661081433408213
66335,2026-04-25 08:00:00+00:00,24,1.5103953273791935,0.7201617275361748
66335,2026-04-25 09:00:00+00:00,24,1.5156543041893493,0.7131060877794694
66335,2026-04-25 10:00:00+00:00,24,1.5444365440802643,0.6744907594765952
66335,2026-04-25 11:00:00+00:00,24,1.5464148036120202,0.6718366525837138
66335,2026-04-25 12:00:00+00:00,24,1.5477205164880794,0.6700848594095408
66335,2026-04-25 13:00:00+00:00,24,1.5564576326085164,0.6583628180156218
66335,2026-04-25 14:00:00+00:00,24,1.5564576326085164,0.6583628180156218
66335,2026-04-25 15:00:00+00:00,24,1.5495370868913605,0.6676476806919064
66335,2026-04-25 16:00:00+00:00,24,1.551175146536067,0.6654499986768941
66335,2026-04-25 17:00:00+00:00,24,1.5337966217726884,0.6887656767374234
66335,2026-04-25 18:00:00+00:00,24,1.5401221696203564,0.6802790854311526
66335,2026-04-25 19:00:00+00:00,24,1.533492466093889,0.6891737433589421
66335,2026-04-25 20:00:00+00:00,24,1.5420661687000004,0.6776709436407483
66335,2026-04-25 21:00:00+00:00,24,1.546151839630102,0.672189454885831
66335,2026-04-25 22:00:00+00:00,24,1.5809153446345208,0.625549437854774
66335,2026-04-25 23:00:00+00:00,24,1.6050285916840776,0.5931982047750699
66335,2026-04-26 00:00:00+00:00,24,1.6305760634173776,0.5589227622789781
66335,2026-04-26 01:00:00+00:00,24,1.6714816653755833,0.5040422785143563
66335,2026-04-26 02:00:00+00:00,24,1.6286539190359506,0.5615015829897928
66335,2026-04-26 03:00:00+00:00,24,1.467267174548516,0.7780240685827736
66335,2026-04-26 04:00:00+00:00,24,1.4485084585709251,0.803191462738351
66335,2026-04-26 05:00:00+00:00,24,1.8034009070285888,0.32705449558975713
66335,2026-04-26 06:00:00+00:00,24,2.4027781112402447,0.4770923534953843
66335,2026-04-26 07:00:00+00:00,24,2.432277008851857,0.5166691765697011
66335,2026-04-26 08:00:00+00:00,24,2.3417940819015617,0.3952739014544549
66335,2026-04-26 09:00:00+00:00,24,2.2739138352348958,0.3042032266130308
66335,2026-04-26 10:00:00+00:00,24,2.2070149118926774,0.21444913180458633
66335,2026-04-26 11:00:00+00:00,24,2.175203581111367,0.1717698620004535
66335,2026-04-26 12:00:00+00:00,24,2.1752035811113664,0.1717698620004529
66336,2026-04-20 03:00:00+00:00,6,0.453337148333023,0.20549632153991698
66336,2026-04-20 04:00:00+00:00,6,0.22271383869850078,0.843269167362757
66336,2026-04-20 05:00:00+00:00,6,0.09692880929016748,1.1911189848629644
66336,2026-04-20 06:00:00+00:00,6,0.1403132790244939,1.0711422280866219
66336,2026-04-20 07:00:00+00:00,6,0.7257779505326845,0.5479199138462303
66336,2026-04-20 08:00:00+00:00,6,0.4859234533001457,0.11538114416835006
66336,2026-04-20 09:00:00+00:00,6,0.3325186341986811,0.5396115838248003
66336,2026-04-20 10:00:00+00:00,6,0.5264731804238659,0.0032436724356860198
66336,2026-04-20 11:00:00+00:00,6,0.49253791980553485,0.0970892935595492
66336,2026-04-20 12:00:00+00:00,6,0.6770964850742707,0.4132946809786534
66336,2026-04-20 13:00:00+00:00,6,0.6618035458607825,0.3710031130593538
66336,2026-04-20 14:00:00+00:00,6,1.2240216886559463,1.9257785842462836
66336,2026-04-20 15:00:00+00:00,6,1.2684959236748077,2.048769011704476
66336,2026-04-20 16:00:00+00:00,6,0.9398916613516646,1.1400366035907104
66336,2026-04-20 17:00:00+00:00,6,0.41166683179364266,0.32073270596166303
66336,2026-04-20 18:00:00+00:00,6,0.2837453411785614,0.6744907594765952
66336,2026-04-20 19:00:00+00:00,6,0.3637054878493215,0.45336649248277594
66336,2026-04-20 20:00:00+00:00,6,0.3235288982344679,0.5644720781875695
66336,2026-04-20 21:00:00+00:00,6,0.2340270083163786,0.811983377587627
66336,2026-04-20 22:00:00+00:00,6,0.5481787709166612,0.05678164001340318
66336,2026-04-20 23:00:00+00:00,6,0.8377700704311732,0.8576263920447382
66336,2026-04-21 00:00:00+00:00,6,1.0313574533349628,1.3929789386091125
66336,2026-04-21 01:00:00+00:00,6,1.0025571578979362,1.3133337092933093
66336,2026-04-21 02:00:00+00:00,6,1.350543656713124,2.2756663547184393
66336,2026-04-21 03:00:00+00:00,6,0.37907431728220714,0.4108650553994619
66336,2026-04-21 04:00:00+00:00,6,0.5276461160190198,0.0
66336,2026-04-21 05:00:00+00:00,6,0.38999795316812036,0.3806564942755585
66336,2026-04-21 06:00:00+00:00,6,0.37874423941099283,0.41177786297125984
66336,2026-04-21 07:00:00+00:00,6,0.33657311225529213,0.5283992045879012
66336,2026-04-21 08:00:00+00:00,6,0.34869108323276277,0.49488779219794077
66336,2026-04-21 09:00:00+00:00,6,0.22271383869850078,0.843269167362757
66336,2026-04-21 10:00:00+00:00,6,0.19526982572369878,0.9191636911360747
66336,2026-04-21 11:00:00+00:00,6,0.41481344107539053,0.3120309751631016
66336,2026-04-21 12:00:00+00:00,6,0.8260135579189012,0.825114568093439
66336,2026-04-21 13:00:00+00:00,6,0.7298091759105212,0.5590679894048135
66336,2026-04-21 14:00:00+00:00,6,0.5409433871182305,0.03677268548465913
66336,2026-04-21 15:00:00+00:00,6,0.7534302914409127,0.6243905541412307
66336,2026-04-21 16:00:00+00:00,6,0.6403037253570831,0.3115468433134442
66336,2026-04-21 17:00:00+00:00,6,1.6473723225629457,3.0965255438474286
66336,2026-04-21 18:00:00+00:00,6,1.1470382911631065,1.7128863116571567
66336,2026-04-21 19:00:00+00:00,6,0.9319316139628708,1.1180236419170577
66336,2026-04-21 20:00:00+00:00,6,0.49513270377610974,0.08991359757360749
66336,2026-04-21 21:00:00+00:00,6,0.4221915760844125,0.29162725201375395
66336,2026-04-21 22:00:00+00:00,6,0.5041461600691091,0.06498750627869071
66336,2026-04-21 23:00:00+00:00,6,0.2752700599405071,0.6979285648003886
66336,2026-04-22 00:00:00+00:00,6,0.5305144092423631,0.007932066947634476
66336,2026-04-22 01:00:00+00:00,6,0.8220945441620959,0.8142768060282882
66336,2026-04-22 02:00:00+00:00,6,0.7710916620463666,0.6732318556125461
66336,2026-04-22 03:00:00+00:00,6,0.48701364086937166,0.11236630568733187
66336,2026-04-22 04:00:00+00:00,6,0.3267310557893087,0.5556167324735548
66336,2026-04-22 05:00:00+00:00,6,0.21801067313545494,0.8562754471281165
66336,2026-04-22 06:00:00+00:00,6,0.20545035104286244,0.8910101509971182
66336,2026-04-22 07:00:00+00:00,6,0.33657311225529213,0.5283992045879012
66336,2026-04-22 08:00:00+00:00,6,0.34869108323276277,0.49488779219794077
66336,2026-04-22 09:00:00+00:00,6,0.1403132790244939,1.0711422280866219
66336,2026-04-22 10:00:00+00:00,6,0.35340844306622093,0.48184225915740453
66336,2026-04-22 11:00:00+00:00,6,0.5264731804238659,0.0032436724356860198
66336,2026-04-22 12:00:00+00:00,6,0.49253791980553485,0.0970892935595492
66336,2026-04-22 13:00:00+00:00,6,0.6770964850742707,0.4132946809786534
66336,2026-04-22 14:00:00+00:00,6,0.6618035458607825,0.3710031130593538
66336,2026-04-22 15:00:00+00:00,6,0.5142992753141896,0.036909766807845024
66336,2026-04-22 16:00:00+00:00,6,0.29265760237161076,0.6498445162463893
66336,2026-04-22 17:00:00+00:00,6,0.6338178176002693,0.2936105130510657
66336,2026-04-22 18:00:00+00:00,6,0.4941606448364975,0.09260175948233425
66336,2026-04-22 19:00:00+00:00,6,0.3507648976431045,0.4891528015749718
66336,2026-04-22 20:00:00+00:00,6,0.2554851185751658,0.7526424546452981
66336,2026-04-22 21:00:00+00:00,6,0.3685907632049767,0.43985660065466037
66336,2026-04-22 22:00:00+00:00,6,0.4941606448364975,0.09260175948233425
66336,2026-04-22 23:00:00+00:00,6,0.2676291096017683,0.7190590856052941
66336,2026-04-23 00:00:00+00:00,6,0.88789150771588,0.9962337676151276
66336,2026-04-23 01:00:00+00:00,6,1.3708394994386177,2.3317931070138775
66336,2026-04-23 02:00:00+00:00,6,1.3387625125311489,2.2430864135845847
66336,2026-04-23 03:00:00+00:00,6,1.2892362577100722,2.1061249740395467
66336,2026-04-23 04:00:00+00:00,6,0.5932506790454785,0.18142489120746375
66336,2026-04-23 05:00:00+00:00,6,0.453337148333023,0.20549632153991698
66336,2026-04-23 06:00:00+00:00,6,0.3709139013305836,0.4334321225047463
66336,2026-04-23 07:00:00+00:00,6,0.3837260284838524,0.3980010691193206
66336,2026-04-23 08:00:00+00:00,6,0.18955035644408627,0.9349804886871785
66336,2026-04-23 09:00:00+00:00,6,0.09692880929016748,1.1911189848629644
66336,2026-04-23 10:00:00+00:00,6,0.6555686682396233,0.3537609893117351
66336,2026-04-23 11:00:00+00:00,6,0.8550881633660543,0.9055183828101426
66336,2026-04-23 12:00:00+00:00,6,1.121135443444813,1.641253774033827
66336,2026-04-23 13:00:00+00:00,6,1.3529607714902594,2.2823507188121517
66336,2026-04-23 14:00:00+00:00,6,1.1120281047290352,1.616068057378217
66336,2026-04-23 15:00:00+00:00,6,1.2997049215717884,2.1350753414314214
66336,2026-04-23 16:00:00+00:00,6,1.5698504371518087,2.8821441200851705
66336,2026-04-23 17:00:00+00:00,6,0.41166683179364266,0.32073270596166303
66336,2026-04-23 18:00:00+00:00,6,0.2837453411785614,0.6744907594765952
66336,2026-04-23 19:00:00+00:00,6,0.33721932060484283,0.5266121599966995
66336,2026-04-23 20:00:00+00:00,6,0.2676291096017683,0.7190590856052941
66336,2026-04-23 21:00:00+00:00,6,0.2502164698449144,0.7672125390815088
66336,2026-04-23 22:00:00+00:00,6,0.401068824012547,0.35004076503562837
66336,2026-04-23 23:00:00+00:00,6,0.7822194837246607,0.7040050784529502
66336,2026-04-24 00:00:00+00:00,6,0.7743023848348227,0.6821108878889756
66336,2026-04-24 01:00:00+00:00,6,1.0544844023009985,1.4569349198177886
66336,2026-04-24 02:00:00+00:00,6,1.279737839711353,2.079857754618153
66336,2026-04-24 03:00:00+00:00,6,1.3715897431542738,2.333867854229816
66336,2026-04-24 04:00:00+00:00,6,0.5319034594322309,0.011773389379381098
66336,2026-04-24 05:00:00+00:00,6,0.36089759954277734,0.4611315138019795
66336,2026-04-24 06:00:00+00:00,6,0.32545534749139404,0.5591446157256433
66336,2026-04-24 07:00:00+00:00,6,0.3837260284838524,0.3980010691193206
66336,2026-04-24 08:00:00+00:00,6,0.18955035644408627,0.9349804886871785
66336,2026-04-24 09:00:00+00:00,6,0.21801067313545494,0.8562754471281165
66336,2026-04-24 10:00:00+00:00,6,0.41481344107539053,0.3120309751631016
66336,2026-04-24 11:00:00+00:00,6,0.8260135579189012,0.825114568093439
66336,2026-04-24 12:00:00+00:00,6,1.121135443444813,1.641253774033827
66336,2026-04-24 13:00:00+00:00,6,1.2684959236748077,2.048769011704476
66336,2026-04-24 14:00:00+00:00,6,0.9398916613516646,1.1400366035907104
66336,2026-04-24 15:00:00+00:00,6,0.6436279095166143,0.32073964518079734
66336,2026-04-24 16:00:00+00:00,6,0.34324502104062493,0.5099485013184207
66336,2026-04-24 17:00:00+00:00,6,0.22376287794665084,0.8403681217237331
66336,2026-04-24 18:00:00+00:00,6,0.2554851185751658,0.7526424546452981
66336,2026-04-24 19:00:00+00:00,6,0.3685907632049767,0.43985660065466037
66336,2026-04-24 20:00:00+00:00,6,0.34324502104062493,0.5099485013184207
66336,2026-04-24 21:00:00+00:00,6,0.22376287794665084,0.8403681217237331
66336,2026-04-24 22:00:00+00:00,6,0.3982068550221393,0.35795534275356
66336,2026-04-24 23:00:00+00:00,6,0.4915235860679951,0.09989436350425698
66336,2026-04-25 00:00:00+00:00,6,1.2577583367506626,2.019074956143767
66336,2026-04-25 01:00:00+00:00,6,1.5521251545851797,2.833126074496249
66336,2026-04-25 02:00:00+00:00,6,1.2781076175954582,2.075349487869986
66336,2026-04-25 03:00:00+00:00,6,1.2997049215717884,2.1350753414314214
66336,2026-04-25 04:00:00+00:00,6,1.6379332705683873,3.070422497013267
66336,2026-04-25 05:00:00+00:00,6,1.3529607714902594,2.2823507188121517
66336,2026-04-25 06:00:00+00:00,6,0.6403037253570831,0.3115468433134442
66336,2026-04-25 07:00:00+00:00,6,0.6178740219709385,0.24951904663403046
66336,2026-04-25 08:00:00+00:00,6,1.0156435500535255,1.3495232236136543
66336,2026-04-25 09:00:00+00:00,6,0.9595675409670634,1.194448890693289
66336,2026-04-25 10:00:00+00:00,6,0.9212569019776082,1.088503462660377
66336,2026-04-25 11:00:00+00:00,6,1.275030141862032,2.066838941127905
66336,2026-04-25 12:00:00+00:00,6,0.8453227209637472,0.8785127258298988
66336,2026-04-25 13:00:00+00:00,6,0.7621482394687045,0.6484994377238644
66336,2026-04-25 14:00:00+00:00,6,1.4734980837685454,2.615688336771873
66336,2026-04-25 15:00:00+00:00,6,1.2781076175954582,2.075349487869986
66336,2026-04-25 16:00:00+00:00,6,1.2042918286579003,1.871217018121068
66336,2026-04-25 17:00:00+00:00,6,0.9406434583071774,1.1421156461842723
66336,2026-04-25 18:00:00+00:00,6,1.0141032243806702,1.3452635592743136
66336,2026-04-25 19:00:00+00:00,6,0.5805297734600364,0.1462461047720072
66336,2026-04-25 20:00:00+00:00,6,0.43697931184907524,0.25073278936446164
66336,2026-04-25 21:00:00+00:00,6,0.38821656926154097,0.3855827885231026
66336,2026-04-25 22:00:00+00:00,6,0.4753837264949917,0.1445280312257375
66336,2026-04-25 23:00:00+00:00,6,0.8572834765817142,0.9115893699937135
66336,2026-04-26 00:00:00+00:00,6,1.2643685006772962,2.0373549082679716
66336,2026-04-26 01:00:00+00:00,6,2.0102440776536126,4.100022338163923
66336,2026-04-26 02:00:00+00:00,6,1.7648959617481161,3.421529056863369
66336,2026-04-26 03:00:00+00:00,6,0.7710916620463666,0.6732318556125461
66336,2026-04-26 04:00:00+00:00,6,0.7106101265486592,0.5059743434589096
66336,2026-04-26 05:00:00+00:00,6,0.37907431728220714,0.4108650553994619
66336,2026-04-26 06:00:00+00:00,6,0.25457085985788125,0.7551707740283864
66336,2026-04-26 07:00:00+00:00,6,0.36721861585525895,0.4436511794485585
66336,2026-04-26 08:00:00+00:00,6,0.23430104747300232,0.811225541213395
66336,2026-04-26 09:00:00+00:00,6,0.43141183318371606,0.2661292673618121
66336,2026-04-26 10:00:00+00:00,6,0.4841605056782348,0.12025645414306389
66336,2026-04-26 11:00:00+00:00,6,1.3123392192955428,2.1700146198028114
66336,2026-04-26 12:00:00+00:00,6,1.7204074609530713,3.298499178385725
66336,2026-04-26 13:00:00+00:00,6,1.5521251545851797,2.833126074496249
66336,2026-04-26 14:00:00+00:00,6,1.0544844023009985,1.4569349198177886
66336,2026-04-26 15:00:00+00:00,6,0.8453227209637472,0.8785127258298988
66336,2026-04-26 16:00:00+00:00,6,0.7298091759105212,0.5590679894048135
66336,2026-04-26 17:00:00+00:00,6,0.33358934010615104,0.5366506205347991
66336,2026-04-26 18:00:00+00:00,6,0.36822429517036076,0.4408700427117989
66336,2026-04-26 19:00:00+00:00,6,0.2502164698449144,0.7672125390815088
66336,2026-04-26 20:00:00+00:00,6,0.43697931184907524,0.25073278936446164
66336,2026-04-26 21:00:00+00:00,6,0.6755828145182928,0.4091087295253762
66336,2026-04-20 06:00:00+00:00,12,0.5834460433190516,0.6540956094602071
66336,2026-04-20 07:00:00+00:00,12,0.5698029423315997,0.6744907594765952
66336,2026-04-20 08:00:00+00:00,12,0.548198136224179,0.7067879081996816
66336,2026-04-20 09:00:00+00:00,12,0.5712316952238343,0.6723549085728838
66336,2026-04-20 10:00:00+00:00,12,0.6634677060674243,0.5344707662654716
66336,2026-04-20 11:00:00+00:00,12,1.2376177267752293,0.32382939694654495
66336,2026-04-20 12:00:00+00:00,12,1.504443898197404,0.7227093729475226
66336,2026-04-20 13:00:00+00:00,12,1.6399861858574765,0.925332317169231
66336,2026-04-20 14:00:00+00:00,12,1.5493070236485496,0.7897755168265207
66336,2026-04-20 15:00:00+00:00,12,1.395351000345259,0.5596257734444927
66336,2026-04-20 16:00:00+00:00,12,1.2637439577947536,0.3628856497365881
66336,2026-04-20 17:00:00+00:00,12,1.0209957768656994,0.0
66336,2026-04-20 18:00:00+00:00,12,0.791820272651506,0.3425957773697324
66336,2026-04-20 19:00:00+00:00,12,0.7879130658985515,0.3484366831832161
66336,2026-04-20 20:00:00+00:00,12,0.4452695957046351,0.8606563745252429
66336,2026-04-20 21:00:00+00:00,12,0.44923856844095006,0.8547231343885211
66336,2026-04-20 22:00:00+00:00,12,0.4760729816341496,0.8146082160000688
66336,2026-04-20 23:00:00+00:00,12,0.4697872488835979,0.8240047939868721
66336,2026-04-21 00:00:00+00:00,12,0.7359214800419872,0.4261592034599345
66336,2026-04-21 01:00:00+00:00,12,1.684087400439334,0.9912594761141927
66336,2026-04-21 02:00:00+00:00,12,1.0186029904975296,0.003576990083183958
66336,2026-04-21 03:00:00+00:00,12,0.851163445864694,0.25388332693455334
66336,2026-04-21 04:00:00+00:00,12,0.5158552697779041,0.7551374449903625
66336,2026-04-21 05:00:00+00:00,12,0.4312770037558994,0.8815739805867273
66336,2026-04-21 06:00:00+00:00,12,0.4000284864132494,0.9282875686177195
66336,2026-04-21 07:00:00+00:00,12,0.3368541452677222,1.022727253996765
66336,2026-04-21 08:00:00+00:00,12,0.475475330933087,0.815501647465304
66336,2026-04-21 09:00:00+00:00,12,0.6752762807110714,0.5168180602158422
66336,2026-04-21 10:00:00+00:00,12,1.1932618711857539,0.2575215736969309
66336,2026-04-21 11:00:00+00:00,12,1.393783909397069,0.5572831201864795
66336,2026-04-21 12:00:00+00:00,12,1.6229380266181759,0.8998469260174247
66336,2026-04-21 13:00:00+00:00,12,2.011561109721096,1.4808018047510192
66336,2026-04-21 14:00:00+00:00,12,2.0844008305294763,1.5896903216948635
66336,2026-04-21 15:00:00+00:00,12,1.991104870989523,1.450221655994134
66336,2026-04-21 16:00:00+00:00,12,1.7861643632619206,1.1438549140500918
66336,2026-04-21 17:00:00+00:00,12,1.5467916900959493,0.7860153302535621
66336,2026-04-21 18:00:00+00:00,12,1.153471613125228,0.19803888841287318
66336,2026-04-21 19:00:00+00:00,12,1.0849287026963794,0.09557369798131655
66336,2026-04-21 20:00:00+00:00,12,1.0370832231787293,0.024049215881096552
66336,2026-04-21 21:00:00+00:00,12,0.9203389647277666,0.15047244652170166
66336,2026-04-21 22:00:00+00:00,12,0.9269607832523724,0.14057345198117546
66336,2026-04-21 23:00:00+00:00,12,0.6310642664211552,0.5829108542806866
66336,2026-04-22 00:00:00+00:00,12,0.6626614636963213,0.5356760226161604
66336,2026-04-22 01:00:00+00:00,12,1.1576595522635096,0.20429946268138538
66336,2026-04-22 02:00:00+00:00,12,1.0093076695196144,0.017472618794678724
66336,2026-04-22 03:00:00+00:00,12,0.683447854007458,0.5046023283669759
66336,2026-04-22 04:00:00+00:00,12,0.4933769961222524,0.7887403453674903
66336,2026-04-22 05:00:00+00:00,12,0.4312770037558994,0.8815739805867273
66336,2026-04-22 06:00:00+00:00,12,0.761821792752036,0.38744067724814063
66336,2026-04-22 07:00:00+00:00,12,0.6189119448992032,0.6010774295127799
66336,2026-04-22 08:00:00+00:00,12,0.5698029423315997,0.6744907594765952
66336,2026-04-22 09:00:00+00:00,12,0.548198136224179,0.7067879081996816
66336,2026-04-22 10:00:00+00:00,12,0.5712316952238343,0.6723549085728838
66336,2026-04-22 11:00:00+00:00,12,0.6634677060674243,0.5344707662654716
66336,2026-04-22 12:00:00+00:00,12,1.565044615030673,0.8133017325622418
66336,2026-04-22 13:00:00+00:00,12,1.6895926892454887,0.9994893639665465
66336,2026-04-22 14:00:00+00:00,12,1.683739037857976,0.9907387068907274
66336,2026-04-22 15:00:00+00:00,12,1.5953567576516203,0.8586155286443037
66336,2026-04-22 16:00:00+00:00,12,1.4674774909385002,0.6674480784437538
66336,2026-04-22 17:00:00+00:00,12,1.2688007388122102,0.37044506071990546
66336,2026-04-22 18:00:00+00:00,12,0.8990189697185668,0.18234382949843103
66336,2026-04-22 19:00:00+00:00,12,0.9367411747841473,0.12595268851302965
66336,2026-04-22 20:00:00+00:00,12,1.0422508978355771,0.03177440240278508
66336,2026-04-22 21:00:00+00:00,12,0.7305778508377329,0.4341474254450211
66336,2026-04-22 22:00:00+00:00,12,0.5149147693191095,0.7565434045273651
66336,2026-04-22 23:00:00+00:00,12,0.3787689445169761,0.9600685798887619
66336,2026-04-23 00:00:00+00:00,12,0.5610500605287886,0.6875754927500815
66336,2026-04-23 01:00:00+00:00,12,1.1576595522635096,0.20429946268138538
66336,2026-04-23 02:00:00+00:00,12,1.0093076695196144,0.017472618794678724
66336,2026-04-23 03:00:00+00:00,12,0.8793009834121094,0.21182036046533936
66336,2026-04-23 04:00:00+00:00,12,0.6185399656285764,0.6016335034606601
66336,2026-04-23 05:00:00+00:00,12,0.3219000985129801,1.0450821443692369
66336,2026-04-23 06:00:00+00:00,12,0.29028850433571446,1.0923384980453907
66336,2026-04-23 07:00:00+00:00,12,0.6565749947347328,0.5447747200205012
66336,2026-04-23 08:00:00+00:00,12,0.6575758136769156,0.5432785900362817
66336,2026-04-23 09:00:00+00:00,12,0.6467766573751568,0.5594223108096871
66336,2026-04-23 10:00:00+00:00,12,1.1737147040920597,0.2283004013521709
66336,2026-04-23 11:00:00+00:00,12,1.2376177267752293,0.32382939694654495
66336,2026-04-23 12:00:00+00:00,12,1.504443898197404,0.7227093729475226
66336,2026-04-23 13:00:00+00:00,12,1.6399861858574765,0.925332317169231
66336,2026-04-23 14:00:00+00:00,12,1.5493070236485496,0.7897755168265207
66336,2026-04-23 15:00:00+00:00,12,1.395351000345259,0.5596257734444927
66336,2026-04-23 16:00:00+00:00,12,1.2637439577947536,0.3628856497365881
66336,2026-04-23 17:00:00+00:00,12,1.0209957768656994,0.0
66336,2026-04-23 18:00:00+00:00,12,0.8384267577254375,0.2729234751787834
66336,2026-04-23 19:00:00+00:00,12,0.8141133650061975,0.30926970558287803
66336,2026-04-23 20:00:00+00:00,12,0.4452695957046351,0.8606563745252429
66336,2026-04-23 21:00:00+00:00,12,0.44923856844095006,0.8547231343885211
66336,2026-04-23 22:00:00+00:00,12,0.4697872488835979,0.8240047939868721
66336,2026-04-23 23:00:00+00:00,12,0.6753677660699361,0.5166812982274889
66336,2026-04-24 00:00:00+00:00,12,0.9088107784691813,0.16770599836427447
66336,2026-04-24 01:00:00+00:00,12,1.6988890320357766,1.0133865201912253
66336,2026-04-24 02:00:00+00:00,12,1.4194963352862795,0.595720773310797
66336,2026-04-24 03:00:00+00:00,12,0.683447854007458,0.5046023283669759
66336,2026-04-24 04:00:00+00:00,12,0.4933769961222524,0.7887403453674903
66336,2026-04-24 05:00:00+00:00,12,0.3219000985129801,1.0450821443692369
66336,2026-04-24 06:00:00+00:00,12,0.29028850433571446,1.0923384980453907
66336,2026-04-24 07:00:00+00:00,12,0.475475330933087,0.815501647465304
66336,2026-04-24 08:00:00+00:00,12,0.6575758136769156,0.5432785900362817
66336,2026-04-24 09:00:00+00:00,12,0.6467766573751568,0.5594223108096871
66336,2026-04-24 10:00:00+00:00,12,1.2956267803740926,0.4105474643086249
66336,2026-04-24 11:00:00+00:00,12,1.565044615030673,0.8133017325622418
66336,2026-04-24 12:00:00+00:00,12,1.6895926892454887,0.9994893639665465
66336,2026-04-24 13:00:00+00:00,12,1.683739037857976,0.9907387068907274
66336,2026-04-24 14:00:00+00:00,12,1.5953567576516203,0.8586155286443037
66336,2026-04-24 15:00:00+00:00,12,1.4674774909385002,0.6674480784437538
66336,2026-04-24 16:00:00+00:00,12,0.791820272651506,0.3425957773697324
66336,2026-04-24 17:00:00+00:00,12,0.7879130658985515,0.3484366831832161
66336,2026-04-24 18:00:00+00:00,12,0.6298703547524847,0.5846956396906346
66336,2026-04-24 19:00:00+00:00,12,0.6248436983665157,0.59221001718934
66336,2026-04-24 20:00:00+00:00,12,0.5442000524154956,0.7127646666456674
66336,2026-04-24 21:00:00+00:00,12,0.3787689445169761,0.9600685798887619
66336,2026-04-24 22:00:00+00:00,12,0.5610500605287886,0.6875754927500815
66336,2026-04-24 23:00:00+00:00,12,0.6310642664211552,0.5829108542806866
66336,2026-04-25 00:00:00+00:00,12,0.7911497755102299,0.34359810739678875
66336,2026-04-25 01:00:00+00:00,12,1.1680509761296234,0.21983366189519982
66336,2026-04-25 02:00:00+00:00,12,1.7910888243811138,1.1512165192576023
66336,2026-04-25 03:00:00+00:00,12,3.3327342986255255,3.4558311921401836
66336,2026-04-25 04:00:00+00:00,12,1.1622977569044135,0.21123314143557384
66336,2026-04-25 05:00:00+00:00,12,1.8071026517556805,1.175155681764808
66336,2026-04-25 06:00:00+00:00,12,1.4368920749225018,0.6217257643940628
66336,2026-04-25 07:00:00+00:00,12,1.2759905113283851,0.3811930929441013
66336,2026-04-25 08:00:00+00:00,12,1.25379426735723,0.3480118003619808
66336,2026-04-25 09:00:00+00:00,12,1.3259240628293996,0.4558390458437312
66336,2026-04-25 10:00:00+00:00,12,1.9497447117553615,1.3883921164299058
66336,2026-04-25 11:00:00+00:00,12,2.262468574202094,1.8558848143269278
66336,2026-04-25 12:00:00+00:00,12,2.210545354743975,1.7782644953718627
66336,2026-04-25 13:00:00+00:00,12,2.3773846481779204,2.0276735132588604
66336,2026-04-25 14:00:00+00:00,12,2.646840589615942,2.430484747558895
66336,2026-04-25 15:00:00+00:00,12,2.8881790826395792,2.791263046750053
66336,2026-04-25 16:00:00+00:00,12,2.986426503771746,2.9381336808204703
66336,2026-04-25 17:00:00+00:00,12,2.924249331875497,2.8451846694787615
66336,2026-04-25 18:00:00+00:00,12,2.6543994925664123,2.441784594989179
66336,2026-04-25 19:00:00+00:00,12,2.375672968913483,2.02511471409654
66336,2026-04-25 20:00:00+00:00,12,2.143324402294935,1.677775507516125
66336,2026-04-25 21:00:00+00:00,12,2.111612189689708,1.6303687387741754
66336,2026-04-25 22:00:00+00:00,12,0.7370037647751814,0.42454128979688655
66336,2026-04-25 23:00:00+00:00,12,1.0913523048255833,0.10517637769402986
66336,2026-04-26 00:00:00+00:00,12,1.1871836471529333,0.24843520168395475
66336,2026-04-26 01:00:00+00:00,12,0.9796153602469592,0.0618598224447703
66336,2026-04-26 02:00:00+00:00,12,1.6988890320357766,1.0133865201912253
66336,2026-04-26 03:00:00+00:00,12,1.3337905519590183,0.4675987056196444
66336,2026-04-26 04:00:00+00:00,12,0.8264386595160759,0.29084455203777604
66336,2026-04-26 05:00:00+00:00,12,0.5823829943822142,0.655684767420813
66336,2026-04-26 06:00:00+00:00,12,0.5773845652149014,0.6631569478882445
66336,2026-04-26 07:00:00+00:00,12,0.5064411077809549,0.7692107298236971
66336,2026-04-26 08:00:00+00:00,12,1.3259240628293996,0.4558390458437312
66336,2026-04-26 09:00:00+00:00,12,1.83390260152607,1.2152190805845833
66336,2026-04-26 10:00:00+00:00,12,1.79959459498354,1.163931844578511
66336,2026-04-26 11:00:00+00:00,12,2.2081725105926573,1.7747173170231763
66336,2026-04-26 12:00:00+00:00,12,2.299318943550635,1.910972643092107
66336,2026-04-26 13:00:00+00:00,12,2.331701855336809,1.9593820438913778
66336,2026-04-26 14:00:00+00:00,12,2.383568607939159,2.0369179502194728
66336,2026-04-26 15:00:00+00:00,12,2.312429119355069,1.9305711201918936
66336,2026-04-26 16:00:00+00:00,12,1.9350863849526765,1.366479299512039
66336,2026-04-26 17:00:00+00:00,12,1.9193077913103194,1.3428917892620247
66336,2026-04-26 18:00:00+00:00,12,1.976772935381266,1.4287967631472325
66336,2026-04-20 12:00:00+00:00,24,1.279351252817114,1.5505268654224986
66336,2026-04-20 13:00:00+00:00,24,1.2804704804113083,1.5467762935368654
66336,2026-04-20 14:00:00+00:00,24,1.2953139787787111,1.4970351971325155
66336,2026-04-20 15:00:00+00:00,24,1.3004063465725906,1.4799704896698849
66336,2026-04-20 16:00:00+00:00,24,1.3021837719780665,1.4740142732674584
66336,2026-04-20 17:00:00+00:00,24,1.316722030436891,1.4252960467650173
66336,2026-04-20 18:00:00+00:00,24,1.3075845990687107,1.4559159076174228
66336,2026-04-20 19:00:00+00:00,24,1.324389342368785,1.3996026089697806
66336,2026-04-20 20:00:00+00:00,24,1.2905844590289675,1.5128839877609364
66336,2026-04-20 21:00:00+00:00,24,1.3088322547804214,1.451734968495152
66336,2026-04-20 22:00:00+00:00,24,1.3583060180752482,1.2859466099409314
66336,2026-04-20 23:00:00+00:00,24,1.7827684757802864,0.13644233814555537
66336,2026-04-21 00:00:00+00:00,24,1.54077372735784,0.6744907594765952
66336,2026-04-21 01:00:00+00:00,24,1.375597970377487,1.2280006564200314
66336,2026-04-21 02:00:00+00:00,24,1.3820502743407488,1.20637875398687
66336,2026-04-21 03:00:00+00:00,24,1.415414121018654,1.0945753048976645
66336,2026-04-21 04:00:00+00:00,24,1.5465343704046,0.6551866376282579
66336,2026-04-21 05:00:00+00:00,24,1.5672509617028518,0.5857645957732984
66336,2026-04-21 06:00:00+00:00,24,1.791013050733101,0.1640702050668352
66336,2026-04-21 07:00:00+00:00,24,1.752996455856733,0.036675229576202194
66336,2026-04-21 08:00:00+00:00,24,1.8536844932604428,0.37408446096476106
66336,2026-04-21 09:00:00+00:00,24,1.863597166662864,0.4073021857308759
66336,2026-04-21 10:00:00+00:00,24,1.8473516648366393,0.35286292535746905
66336,2026-04-21 11:00:00+00:00,24,1.856098610990344,0.38217425622476286
66336,2026-04-21 12:00:00+00:00,24,1.7515608283491058,0.0318643902113767
66336,2026-04-21 13:00:00+00:00,24,1.7535865005471394,0.038652490535979064
66336,2026-04-21 14:00:00+00:00,24,1.7562792724044656,0.04767606578993169
66336,2026-04-21 15:00:00+00:00,24,1.7612164570457325,0.0642207489319222
66336,2026-04-21 16:00:00+00:00,24,1.7596338921653099,0.05891751715092163
66336,2026-04-21 17:00:00+00:00,24,1.760346281271461,0.06130475864409207
66336,2026-04-21 18:00:00+00:00,24,1.7647187488586211,0.07595705464564999
66336,2026-04-21 19:00:00+00:00,24,1.761344458348999,0.0646496858986715
66336,2026-04-21 20:00:00+00:00,24,1.7552732293890547,0.04430477949489168
66336,2026-04-21 21:00:00+00:00,24,1.7420520105249877,0.0
66336,2026-04-21 22:00:00+00:00,24,1.8014366242207904,0.19899997437698624
66336,2026-04-21 23:00:00+00:00,24,1.7827684757802864,0.13644233814555537
66336,2026-04-22 00:00:00+00:00,24,1.890351348152471,0.4969564092673228
66336,2026-04-22 01:00:00+00:00,24,1.6357166654789153,0.35633356222425067
66336,2026-04-22 02:00:00+00:00,24,1.7615802077397265,0.06543969057824173
66336,2026-04-22 03:00:00+00:00,24,1.7902796291999892,0.16161248315515586
66336,2026-04-22 04:00:00+00:00,24,1.705556500232445,0.12229776639271689
66336,2026-04-22 05:00:00+00:00,24,1.781092827580013,0.13082718081494862
66336,2026-04-22 06:00:00+00:00,24,1.708996189717756,0.11077124332820765
66336,2026-04-22 07:00:00+00:00,24,1.8275688222399364,0.2865699089540288
66336,2026-04-22 08:00:00+00:00,24,1.6678299135349182,0.24872091405511623
66336,2026-04-22 09:00:00+00:00,24,1.6620292667799321,0.26815908976718217
66336,2026-04-22 10:00:00+00:00,24,1.6573189180092975,0.283943637755733
66336,2026-04-22 11:00:00+00:00,24,1.6264716453137869,0.38731395700124505
66336,2026-04-22 12:00:00+00:00,24,1.6227582705286236,0.39975760933996274
66336,2026-04-22 13:00:00+00:00,24,1.615194642936749,0.42510359718607904
66336,2026-04-22 14:00:00+00:00,24,1.6138432501343243,0.42963216302694374
66336,2026-04-22 15:00:00+00:00,24,1.5942977839396755,0.4951297225773947
66336,2026-04-22 16:00:00+00:00,24,1.5829828833812478,0.5330463609298708
66336,2026-04-22 17:00:00+00:00,24,1.5837577357696422,0.5304498027333943
66336,2026-04-22 18:00:00+00:00,24,1.573550128815163,0.5646558604303779
66336,2026-04-22 19:00:00+00:00,24,1.5853264813915946,0.5251928797840983
66336,2026-04-22 20:00:00+00:00,24,1.6044389377439112,0.46114635177475477
66336,2026-04-22 21:00:00+00:00,24,1.7289845824698757,0.04378942096787923
66336,2026-04-22 22:00:00+00:00,24,1.9123055503458355,0.5705257297031903
66336,2026-04-22 23:00:00+00:00,24,1.54077372735784,0.6744907594765952
66336,2026-04-23 00:00:00+00:00,24,1.375597970377487,1.2280006564200314
66336,2026-04-23 01:00:00+00:00,24,1.3820502743407488,1.20637875398687
66336,2026-04-23 02:00:00+00:00,24,1.3327589500187824,1.3715557529874094
66336,2026-04-23 03:00:00+00:00,24,0.9539135697463916,2.6410802354271077
66336,2026-04-23 04:00:00+00:00,24,1.5672509617028518,0.5857645957732984
66336,2026-04-23 05:00:00+00:00,24,1.791013050733101,0.1640702050668352
66336,2026-04-23 06:00:00+00:00,24,1.752996455856733,0.036675229576202194
66336,2026-04-23 07:00:00+00:00,24,1.8536844932604428,0.37408446096476106
66336,2026-04-23 08:00:00+00:00,24,1.863597166662864,0.4073021857308759
66336,2026-04-23 09:00:00+00:00,24,1.8473516648366393,0.35286292535746905
66336,2026-04-23 10:00:00+00:00,24,1.856098610990344,0.38217425622476286
66336,2026-04-23 11:00:00+00:00,24,1.856699947882579,0.3841893577586333
66336,2026-04-23 12:00:00+00:00,24,1.279351252817114,1.5505268654224986
66336,2026-04-23 13:00:00+00:00,24,1.2804704804113083,1.5467762935368654
66336,2026-04-23 14:00:00+00:00,24,1.2953139787787111,1.4970351971325155
66336,2026-04-23 15:00:00+00:00,24,1.3004063465725906,1.4799704896698849
66336,2026-04-23 16:00:00+00:00,24,1.3021837719780665,1.4740142732674584
66336,2026-04-23 17:00:00+00:00,24,1.316722030436891,1.4252960467650173
66336,2026-04-23 18:00:00+00:00,24,1.3075845990687107,1.4559159076174228
66336,2026-04-23 19:00:00+00:00,24,1.324389342368785,1.3996026089697806
66336,2026-04-23 20:00:00+00:00,24,1.2905844590289675,1.5128839877609364
66336,2026-04-23 21:00:00+00:00,24,1.3088322547804214,1.451734968495152
66336,2026-04-23 22:00:00+00:00,24,1.3583060180752482,1.2859466099409314
66336,2026-04-23 23:00:00+00:00,24,1.6483548420052399,0.31398257855374173
66336,2026-04-24 00:00:00+00:00,24,1.5707567633812387,0.5740165283741651
66336,2026-04-24 01:00:00+00:00,24,1.4925541485515974,0.836076300742641
66336,2026-04-24 02:00:00+00:00,24,1.3327589500187824,1.3715557529874094
66336,2026-04-24 03:00:00+00:00,24,0.9539135697463916,2.6410802354271077
66336,2026-04-24 04:00:00+00:00,24,1.6050880768326758,0.4589710633626254
66336,2026-04-24 05:00:00+00:00,24,1.708996189717756,0.11077124332820765
66336,2026-04-24 06:00:00+00:00,24,1.8275688222399364,0.2865699089540288
66336,2026-04-24 07:00:00+00:00,24,1.6678299135349182,0.24872091405511623
66336,2026-04-24 08:00:00+00:00,24,1.6620292667799321,0.26815908976718217
66336,2026-04-24 09:00:00+00:00,24,1.6573189180092975,0.283943637755733
66336,2026-04-24 10:00:00+00:00,24,1.6264716453137869,0.38731395700124505
66336,2026-04-24 11:00:00+00:00,24,1.6227582705286236,0.39975760933996274
66336,2026-04-24 12:00:00+00:00,24,1.615194642936749,0.42510359718607904
66336,2026-04-24 13:00:00+00:00,24,1.6138432501343243,0.42963216302694374
66336,2026-04-24 14:00:00+00:00,24,1.5942977839396755,0.4951297225773947
66336,2026-04-24 15:00:00+00:00,24,1.5829828833812478,0.5330463609298708
66336,2026-04-24 16:00:00+00:00,24,1.5837577357696422,0.5304498027333943
66336,2026-04-24 17:00:00+00:00,24,1.573550128815163,0.5646558604303779
66336,2026-04-24 18:00:00+00:00,24,1.5853264813915946,0.5251928797840983
66336,2026-04-24 19:00:00+00:00,24,1.6044389377439112,0.46114635177475477
66336,2026-04-24 20:00:00+00:00,24,1.7289845824698757,0.04378942096787923
66336,2026-04-24 21:00:00+00:00,24,1.9123055503458355,0.5705257297031903
66336,2026-04-24 22:00:00+00:00,24,2.3201566843720025,1.9372495352428825
66336,2026-04-24 23:00:00+00:00,24,2.3184933324835577,1.9316755832950596
66336,2026-04-25 00:00:00+00:00,24,2.8924599022740094,3.855058183148859
66336,2026-04-25 01:00:00+00:00,24,2.8563019809356414,3.7338916894722503
66336,2026-04-25 02:00:00+00:00,24,3.2834158465279493,5.1651656006626885
66336,2026-04-25 03:00:00+00:00,24,2.903918161421798,3.8934552212856244
66336,2026-04-25 04:00:00+00:00,24,2.728353686878166,3.305132358487223
66336,2026-04-25 05:00:00+00:00,24,3.3781358651972337,5.482575786821861
66336,2026-04-25 06:00:00+00:00,24,2.7639281067735473,3.4243435178612773
66336,2026-04-25 07:00:00+00:00,24,2.7837465362626244,3.4907557872198165
66336,2026-04-25 08:00:00+00:00,24,3.1501872549835794,4.7187118030608115
66336,2026-04-25 09:00:00+00:00,24,3.2637698796278696,5.0993312596370215
66336,2026-04-25 10:00:00+00:00,24,3.219804581388298,4.952001965420029
66336,2026-04-25 11:00:00+00:00,24,3.2128046974374294,4.928545102772068
66336,2026-04-25 12:00:00+00:00,24,3.208348909033096,4.913613595718174
66336,2026-04-25 13:00:00+00:00,24,3.25933995875254,5.084486435602323
66336,2026-04-25 14:00:00+00:00,24,3.268992582913445,5.116832726015703
66336,2026-04-25 15:00:00+00:00,24,3.5009756350300374,5.89421626956412
66336,2026-04-25 16:00:00+00:00,24,3.533726583996165,6.00396587639775
66336,2026-04-25 17:00:00+00:00,24,3.5436164746752143,6.037107255439189
66336,2026-04-25 18:00:00+00:00,24,3.6353676754449546,6.344568826137704
66336,2026-04-25 19:00:00+00:00,24,3.7355505799481707,6.68028533902564
66336,2026-04-25 20:00:00+00:00,24,3.981653169274662,7.504983959125331
66336,2026-04-25 21:00:00+00:00,24,4.1172767765327345,7.959463540444531
66336,2026-04-25 22:00:00+00:00,24,4.333279135320492,8.683295206409724
66336,2026-04-25 23:00:00+00:00,24,3.8843757810198003,7.1790039355902815
66336,2026-04-26 00:00:00+00:00,24,3.5643762532424077,6.10667401938423
66336,2026-04-26 01:00:00+00:00,24,3.2781459661857273,5.147506042271958
66336,2026-04-26 02:00:00+00:00,24,3.5349082241061844,6.007925594866599
66336,2026-04-26 03:00:00+00:00,24,3.0645143535042267,4.431618831697452
66336,2026-04-26 04:00:00+00:00,24,2.22738452172491,1.6263666846068796
66336,2026-04-26 05:00:00+00:00,24,2.662909768868059,3.0858274376224872
66336,2026-04-26 06:00:00+00:00,24,2.71083030377282,3.246410872029048
66336,2026-04-26 07:00:00+00:00,24,2.6998843420780974,3.2097305610660216
66336,2026-04-26 08:00:00+00:00,24,2.654455084076124,3.0574954850803846
66336,2026-04-26 09:00:00+00:00,24,2.6287127892082895,2.971232129973876
66336,2026-04-26 10:00:00+00:00,24,2.6145109252443492,2.9236411735115406
66336,2026-04-26 11:00:00+00:00,24,2.5468744802626477,2.696989015980366
66336,2026-04-26 12:00:00+00:00,24,2.56385680729751,2.7538974041044444
66338,2026-04-20 03:00:00+00:00,6,0.7099089751961796,0.0
66338,2026-04-20 04:00:00+00:00,6,0.0,0.8941917782283401
66338,2026-04-20 05:00:00+00:00,6,9.003936108781208e-15,0.8941917782283287
66338,2026-04-20 18:00:00+00:00,6,0.4242509599073457,0.3598109864517675
66338,2026-04-20 20:00:00+00:00,6,1.4602387364695006,0.9451052556494677
66338,2026-04-20 21:00:00+00:00,6,1.4835370086541488,0.9744514453193212
66338,2026-04-20 22:00:00+00:00,6,1.4835370086541488,0.9744514453193212
66338,2026-04-20 23:00:00+00:00,6,2.1366616120238047,1.7971183940367979
66338,2026-04-21 00:00:00+00:00,6,1.0497443208080406,0.42805202161803557
66338,2026-04-21 01:00:00+00:00,6,0.7855878205146066,0.09532405369413896
66338,2026-04-21 02:00:00+00:00,6,0.0,0.8941917782283401
66338,2026-04-21 03:00:00+00:00,6,0.8217809804696492,0.14091247022452408
66338,2026-04-21 04:00:00+00:00,6,0.9207087796256623,0.26552059286318475
66338,2026-04-21 05:00:00+00:00,6,0.9304321154270138,0.2777679756042172
66338,2026-04-21 06:00:00+00:00,6,1.1847097629858983,0.5980526737538141
66338,2026-04-21 07:00:00+00:00,6,0.936366771000076,0.28524318778699426
66338,2026-04-21 14:00:00+00:00,6,0.9363667710000761,0.2852431877869944
66338,2026-04-21 15:00:00+00:00,6,0.9902329373658036,0.353092285025979
66338,2026-04-21 16:00:00+00:00,6,0.8217809804696493,0.14091247022452422
66338,2026-04-21 17:00:00+00:00,6,1.7457352445311867e-14,0.8941917782283182
66338,2026-04-21 18:00:00+00:00,6,1.1085127485398172,0.502075941209472
66338,2026-04-21 19:00:00+00:00,6,0.9207087796256623,0.26552059286318475
66338,2026-04-21 20:00:00+00:00,6,0.9304321154270138,0.2777679756042172
66338,2026-04-21 21:00:00+00:00,6,0.9516041655341418,0.3044360045987804
66338,2026-04-21 22:00:00+00:00,6,1.0000180494121498,0.3654174802926931
66338,2026-04-21 23:00:00+00:00,6,0.7099089751961796,0.0
66338,2026-04-22 00:00:00+00:00,6,1.3105796137455539,0.756596641513919
66338,2026-04-22 01:00:00+00:00,6,0.0,0.8941917782283401
66338,2026-04-22 02:00:00+00:00,6,0.8371119474475521,0.16022314962555942
66338,2026-04-22 03:00:00+00:00,6,0.5466997697578624,0.20557611571792495
66338,2026-04-22 04:00:00+00:00,6,0.7076419886486558,0.002855465704726195
66338,2026-04-22 05:00:00+00:00,6,0.7076419886486558,0.002855465704726195
66338,2026-04-22 06:00:00+00:00,6,0.6868171441398223,0.029086159206715756
66338,2026-04-22 13:00:00+00:00,6,0.8508876545580404,0.17757484465670934
66338,2026-04-22 15:00:00+00:00,6,0.9594167777245057,0.3142766656288503
66338,2026-04-22 16:00:00+00:00,6,0.9516041655341418,0.3044360045987804
66338,2026-04-22 17:00:00+00:00,6,0.7099089751961796,0.0
66338,2026-04-22 18:00:00+00:00,6,0.7099089751961796,0.0
66338,2026-04-22 19:00:00+00:00,6,1.2708615847149431,0.7065683473980543
66338,2026-04-22 20:00:00+00:00,6,0.9871343512515074,0.3491893477138109
66338,2026-04-22 21:00:00+00:00,6,1.210573388475007,0.6306301478745588
66338,2026-04-22 22:00:00+00:00,6,1.2199280643616095,0.6424131715551361
66338,2026-04-22 23:00:00+00:00,6,0.7099089751961796,0.0
66338,2026-04-23 00:00:00+00:00,6,0.7099089751961796,0.0
66338,2026-04-23 01:00:00+00:00,6,0.0,0.8941917782283401
66338,2026-04-23 02:00:00+00:00,6,0.0,0.8941917782283401
66338,2026-04-23 03:00:00+00:00,6,,
66338,2026-04-23 04:00:00+00:00,6,,
66338,2026-04-23 05:00:00+00:00,6,,
66338,2026-04-23 06:00:00+00:00,6,,
66338,2026-04-23 20:00:00+00:00,6,,
66338,2026-04-23 21:00:00+00:00,6,,
66338,2026-04-23 22:00:00+00:00,6,,
66338,2026-04-23 23:00:00+00:00,6,,
66338,2026-04-24 00:00:00+00:00,6,,
66338,2026-04-24 01:00:00+00:00,6,,
66338,2026-04-24 02:00:00+00:00,6,,
66338,2026-04-24 03:00:00+00:00,6,0.0,0.8941917782283401
66338,2026-04-24 04:00:00+00:00,6,0.4242509599073457,0.3598109864517675
66338,2026-04-24 05:00:00+00:00,6,0.7076419886486558,0.002855465704726195
66338,2026-04-24 06:00:00+00:00,6,0.7076419886486558,0.002855465704726195
66338,2026-04-24 07:00:00+00:00,6,0.0,0.8941917782283401
66338,2026-04-24 09:00:00+00:00,6,0.0,0.8941917782283401
66338,2026-04-24 10:00:00+00:00,6,0.0,0.8941917782283401
66338,2026-04-24 11:00:00+00:00,6,0.0,0.8941917782283401
66338,2026-04-24 14:00:00+00:00,6,1.2708615847149431,0.7065683473980543
66338,2026-04-24 18:00:00+00:00,6,0.0,0.8941917782283401
66338,2026-04-24 19:00:00+00:00,6,0.0,0.8941917782283401
66338,2026-04-24 20:00:00+00:00,6,0.0,0.8941917782283401
66338,2026-04-24 21:00:00+00:00,6,0.0,0.8941917782283401
66338,2026-04-24 22:00:00+00:00,6,0.9410917087838171,0.2911946557448323
66338,2026-04-24 23:00:00+00:00,6,0.0,0.8941917782283401
66338,2026-04-25 00:00:00+00:00,6,0.0,0.8941917782283401
66338,2026-04-25 01:00:00+00:00,6,,
66338,2026-04-25 02:00:00+00:00,6,,
66338,2026-04-25 03:00:00+00:00,6,,
66338,2026-04-25 04:00:00+00:00,6,,
66338,2026-04-25 05:00:00+00:00,6,,
66338,2026-04-25 06:00:00+00:00,6,,
66338,2026-04-25 07:00:00+00:00,6,,
66338,2026-04-25 19:00:00+00:00,6,,
66338,2026-04-25 20:00:00+00:00,6,,
66338,2026-04-25 21:00:00+00:00,6,,
66338,2026-04-25 22:00:00+00:00,6,,
66338,2026-04-25 23:00:00+00:00,6,,
66338,2026-04-26 00:00:00+00:00,6,0.0,0.8941917782283401
66338,2026-04-26 01:00:00+00:00,6,2.6447379065503313e-14,0.8941917782283069
66338,2026-04-26 02:00:00+00:00,6,0.0,0.8941917782283401
66338,2026-04-26 03:00:00+00:00,6,0.0,0.8941917782283401
66338,2026-04-26 04:00:00+00:00,6,0.0,0.8941917782283401
66338,2026-04-26 05:00:00+00:00,6,1.8071547246483137,1.3820759592241476
66338,2026-04-26 06:00:00+00:00,6,1.3599999907149687,0.8188458823419899
66338,2026-04-26 07:00:00+00:00,6,0.0,0.8941917782283401
66338,2026-04-26 08:00:00+00:00,6,0.0,0.8941917782283401
66338,2026-04-26 09:00:00+00:00,6,0.0,0.8941917782283401
66338,2026-04-26 14:00:00+00:00,6,0.0,0.8941917782283401
66338,2026-04-26 15:00:00+00:00,6,9.003936108781208e-15,0.8941917782283287
66338,2026-04-26 16:00:00+00:00,6,2.6447379065503313e-14,0.8941917782283069
66338,2026-04-26 17:00:00+00:00,6,0.9410917087838172,0.29119465574483244
66338,2026-04-26 18:00:00+00:00,6,1.4289954056349072,0.9057515771739405
66338,2026-04-26 19:00:00+00:00,6,1.210573388475007,0.6306301478745588
66338,2026-04-26 20:00:00+00:00,6,1.210573388475007,0.6306301478745588
66338,2026-04-26 21:00:00+00:00,6,0.0,0.8941917782283401
66338,2026-04-20 18:00:00+00:00,12,2.1816345864338618,0.1970129572464398
66338,2026-04-20 20:00:00+00:00,12,3.141105210993889,1.3416768113769557
66338,2026-04-20 21:00:00+00:00,12,3.0648048208587784,1.219314931150863
66338,2026-04-20 22:00:00+00:00,12,2.8737137752797133,0.9128648646437368
66338,2026-04-20 23:00:00+00:00,12,2.5336794403202973,0.36755650523186356
66338,2026-04-21 00:00:00+00:00,12,2.4299692707027507,0.2012379407985944
66338,2026-04-21 01:00:00+00:00,12,2.70299439676325,0.6390845588115678
66338,2026-04-21 02:00:00+00:00,12,2.7956103003624784,0.7876114022939213
66338,2026-04-21 03:00:00+00:00,12,2.073228985850919,0.37086151936884676
66338,2026-04-21 04:00:00+00:00,12,2.36892213514737,0.10333749394968425
66338,2026-04-21 05:00:00+00:00,12,1.5026315005195963,1.2859208137418718
66338,2026-04-21 06:00:00+00:00,12,1.331424582141348,1.5604829805064366
66338,2026-04-21 07:00:00+00:00,12,1.331424582141348,1.5604829805064366
66338,2026-04-21 14:00:00+00:00,12,2.0249917804473894,0.44821885842800896
66338,2026-04-21 15:00:00+00:00,12,2.6272476968602447,0.5176106239517211
66338,2026-04-21 16:00:00+00:00,12,2.7192830121898264,0.6652063860570938
66338,2026-04-21 17:00:00+00:00,12,3.0977048237082916,1.2720762106276997
66338,2026-04-21 18:00:00+00:00,12,2.7701986065821473,0.7468590204884689
66338,2026-04-21 19:00:00+00:00,12,3.0580949989944184,1.2085544826413421
66338,2026-04-21 20:00:00+00:00,12,2.98017172813155,1.0835900110408216
66338,2026-04-21 21:00:00+00:00,12,2.860453627174558,0.8915997485499647
66338,2026-04-21 22:00:00+00:00,12,2.5336794403202973,0.36755650523186356
66338,2026-04-21 23:00:00+00:00,12,2.4299692707027507,0.2012379407985944
66338,2026-04-22 00:00:00+00:00,12,2.70299439676325,0.6390845588115678
66338,2026-04-22 01:00:00+00:00,12,2.7956103003624784,0.7876114022939213
66338,2026-04-22 02:00:00+00:00,12,2.073228985850919,0.37086151936884676
66338,2026-04-22 03:00:00+00:00,12,1.54515979905586,1.217718769656658
66338,2026-04-22 04:00:00+00:00,12,1.2681226105483299,1.6619994767186372
66338,2026-04-22 05:00:00+00:00,12,1.54515979905586,1.217718769656658
66338,2026-04-22 06:00:00+00:00,12,1.5034240218072463,1.2846498583155057
66338,2026-04-22 13:00:00+00:00,12,2.0249917804473894,0.44821885842800896
66338,2026-04-22 15:00:00+00:00,12,2.283097445777342,0.034298373213523234
66338,2026-04-22 16:00:00+00:00,12,2.377508544610284,0.11710740003290099
66338,2026-04-22 17:00:00+00:00,12,2.377508544610284,0.11710740003290099
66338,2026-04-22 18:00:00+00:00,12,2.5113679912472033,0.3317759429789294
66338,2026-04-22 19:00:00+00:00,12,2.2428510131019816,0.09884102058176765
66338,2026-04-22 20:00:00+00:00,12,1.8781075089121788,0.6837751328960965
66338,2026-04-22 21:00:00+00:00,12,1.8781075089121788,0.6837751328960965
66338,2026-04-22 22:00:00+00:00,12,2.0572289253221703,0.39652059511619436
66338,2026-04-22 23:00:00+00:00,12,1.6834488345944996,0.9959465562617192
66338,2026-04-23 00:00:00+00:00,12,1.9799424040299471,0.5204639202381798
66338,2026-04-23 01:00:00+00:00,12,1.9799424040299471,0.5204639202381798
66338,2026-04-23 02:00:00+00:00,12,1.2034939429278522,1.7656435769984054
66338,2026-04-23 03:00:00+00:00,12,1.2034939429278522,1.7656435769984054
66338,2026-04-23 04:00:00+00:00,12,0.0,3.6956701658087443
66338,2026-04-23 05:00:00+00:00,12,0.0,3.6956701658087443
66338,2026-04-23 06:00:00+00:00,12,,
66338,2026-04-23 20:00:00+00:00,12,,
66338,2026-04-23 21:00:00+00:00,12,,
66338,2026-04-23 22:00:00+00:00,12,,
66338,2026-04-23 23:00:00+00:00,12,,
66338,2026-04-24 00:00:00+00:00,12,0.0,3.6956701658087443
66338,2026-04-24 01:00:00+00:00,12,2.79628383768211,0.7886915447766354
66338,2026-04-24 02:00:00+00:00,12,2.7962838376821106,0.7886915447766362
66338,2026-04-24 03:00:00+00:00,12,2.1816345864338618,0.1970129572464398
66338,2026-04-24 04:00:00+00:00,12,1.54515979905586,1.217718769656658
66338,2026-04-24 05:00:00+00:00,12,1.2681226105483299,1.6619994767186372
66338,2026-04-24 06:00:00+00:00,12,1.331424582141348,1.5604829805064366
66338,2026-04-24 07:00:00+00:00,12,1.331424582141348,1.5604829805064366
66338,2026-04-24 09:00:00+00:00,12,2.283097445777342,0.034298373213523234
66338,2026-04-24 10:00:00+00:00,12,2.283097445777342,0.034298373213523234
66338,2026-04-24 11:00:00+00:00,12,2.377508544610284,0.11710740003290099
66338,2026-04-24 14:00:00+00:00,12,2.377508544610284,0.11710740003290099
66338,2026-04-24 18:00:00+00:00,12,2.5113679912472033,0.3317759429789294
66338,2026-04-24 19:00:00+00:00,12,2.769489666269503,0.7457221027155768
66338,2026-04-24 20:00:00+00:00,12,2.0572289253221703,0.39652059511619436
66338,2026-04-24 21:00:00+00:00,12,1.6834488345944996,0.9959465562617192
66338,2026-04-24 22:00:00+00:00,12,1.9799424040299471,0.5204639202381798
66338,2026-04-24 23:00:00+00:00,12,1.9799424040299471,0.5204639202381798
66338,2026-04-25 00:00:00+00:00,12,1.2034939429278522,1.7656435769984054
66338,2026-04-25 01:00:00+00:00,12,1.2034939429278522,1.7656435769984054
66338,2026-04-25 02:00:00+00:00,12,0.0,3.6956701658087443
66338,2026-04-25 03:00:00+00:00,12,0.0,3.6956701658087443
66338,2026-04-25 04:00:00+00:00,12,,
66338,2026-04-25 05:00:00+00:00,12,,
66338,2026-04-25 06:00:00+00:00,12,,
66338,2026-04-25 07:00:00+00:00,12,,
66338,2026-04-25 19:00:00+00:00,12,,
66338,2026-04-25 20:00:00+00:00,12,,
66338,2026-04-25 21:00:00+00:00,12,0.0,3.6956701658087443
66338,2026-04-25 22:00:00+00:00,12,2.1624422851202145,0.22779138538350552
66338,2026-04-25 23:00:00+00:00,12,2.4165089451664916,0.1796518029275372
66338,2026-04-26 00:00:00+00:00,12,2.4165089451664916,0.1796518029275372
66338,2026-04-26 01:00:00+00:00,12,2.4165089451664916,0.1796518029275372
66338,2026-04-26 02:00:00+00:00,12,3.265986323710904,1.5419469244094308
66338,2026-04-26 03:00:00+00:00,12,3.162786918389641,1.3764474656129075
66338,2026-04-26 04:00:00+00:00,12,3.265986323710904,1.5419469244094308
66338,2026-04-26 05:00:00+00:00,12,2.3258718662480957,0.034298373213523234
66338,2026-04-26 06:00:00+00:00,12,2.325871866248096,0.03429837321352394
66338,2026-04-26 07:00:00+00:00,12,2.325871866248096,0.03429837321352394
66338,2026-04-26 08:00:00+00:00,12,2.4738721148819556,0.271644324717838
66338,2026-04-26 09:00:00+00:00,12,2.1624422851202145,0.22779138538350552
66338,2026-04-26 14:00:00+00:00,12,2.4165089451664916,0.1796518029275372
66338,2026-04-26 15:00:00+00:00,12,2.4165089451664916,0.1796518029275372
66338,2026-04-26 16:00:00+00:00,12,2.4165089451664916,0.1796518029275372
66338,2026-04-26 17:00:00+00:00,12,3.1125713333049334,1.2959174264251963
66338,2026-04-26 18:00:00+00:00,12,2.860453627174558,0.8915997485499647
66338,2026-04-21 01:00:00+00:00,24,4.022983617571793,0.10407676181989857
66338,2026-04-21 02:00:00+00:00,24,4.060260973098383,0.0681519144784782
66338,2026-04-21 03:00:00+00:00,24,5.000551211120208,0.838022431324211
66338,2026-04-21 04:00:00+00:00,24,5.035091818665747,0.8713098261950272
66338,2026-04-21 05:00:00+00:00,24,4.770705624936492,0.6165161715827057
66338,2026-04-21 06:00:00+00:00,24,4.830862855498648,0.6744907594765952
66338,2026-04-21 07:00:00+00:00,24,4.830862855498649,0.6744907594765961
66338,2026-04-21 14:00:00+00:00,24,4.830862855498649,0.6744907594765961
66338,2026-04-21 15:00:00+00:00,24,4.537528106530923,0.39179886978279377
66338,2026-04-21 16:00:00+00:00,24,4.9793854048863855,0.8176245692155164
66338,2026-04-21 17:00:00+00:00,24,4.864617282920638,0.707020498646722
66338,2026-04-21 18:00:00+00:00,24,4.962981009468839,0.8018153629888762
66338,2026-04-21 19:00:00+00:00,24,4.96298100946884,0.801815362988877
66338,2026-04-21 20:00:00+00:00,24,4.96298100946884,0.801815362988877
66338,2026-04-21 21:00:00+00:00,24,4.767007000526654,0.6129517417721757
66338,2026-04-21 22:00:00+00:00,24,4.008463455855379,0.11807009867725198
66338,2026-04-21 23:00:00+00:00,24,4.098225655920774,0.03156467765619355
66338,2026-04-22 00:00:00+00:00,24,4.022983617571793,0.10407676181989857
66338,2026-04-22 01:00:00+00:00,24,4.060260973098383,0.0681519144784782
66338,2026-04-22 02:00:00+00:00,24,4.5519147716033155,0.4056635535613733
66338,2026-04-22 03:00:00+00:00,24,4.64838282208071,0.4986315213200524
66338,2026-04-22 04:00:00+00:00,24,4.392313772337575,0.2518532455831138
66338,2026-04-22 05:00:00+00:00,24,4.428848422035612,0.2870623341714405
66338,2026-04-22 06:00:00+00:00,24,4.428848422035612,0.2870623341714405
66338,2026-04-22 13:00:00+00:00,24,4.428848422035612,0.2870623341714405
66338,2026-04-22 15:00:00+00:00,24,4.428848422035612,0.2870623341714405
66338,2026-04-22 16:00:00+00:00,24,3.4101422709254203,0.6946828150598402
66338,2026-04-22 17:00:00+00:00,24,3.1693995717103864,0.9266908155118169
66338,2026-04-22 18:00:00+00:00,24,3.103226551585101,0.9904629262889861
66338,2026-04-22 19:00:00+00:00,24,3.030434968142841,1.0606134636852924
66338,2026-04-22 20:00:00+00:00,24,3.030434968142841,1.0606134636852924
66338,2026-04-22 21:00:00+00:00,24,3.030434968142841,1.0606134636852924
66338,2026-04-22 22:00:00+00:00,24,2.95058848458178,1.1375629331999493
66338,2026-04-22 23:00:00+00:00,24,2.95058848458178,1.1375629331999493
66338,2026-04-23 00:00:00+00:00,24,3.1357568499787893,0.9591129019308873
66338,2026-04-23 01:00:00+00:00,24,3.5835165659228987,0.5275989381934127
66338,2026-04-23 02:00:00+00:00,24,3.5835165659228987,0.5275989381934127
66338,2026-04-23 03:00:00+00:00,24,3.5835165659228987,0.5275989381934127
66338,2026-04-23 04:00:00+00:00,24,2.6789492459165944,1.3993464755981118
66338,2026-04-23 05:00:00+00:00,24,2.6789492459165944,1.3993464755981118
66338,2026-04-23 06:00:00+00:00,24,3.1990354246511665,0.898130219469244
66338,2026-04-23 20:00:00+00:00,24,3.1990354246511665,0.898130219469244
66338,2026-04-23 21:00:00+00:00,24,3.726620457433347,0.3896871849627158
66338,2026-04-23 22:00:00+00:00,24,4.130978688936881,0.0
66338,2026-04-23 23:00:00+00:00,24,4.008463455855379,0.11807009867725198
66338,2026-04-24 00:00:00+00:00,24,4.098225655920774,0.03156467765619355
66338,2026-04-24 01:00:00+00:00,24,4.143413913492588,0.011984046011563585
66338,2026-04-24 02:00:00+00:00,24,4.5778708153411225,0.4306778523413074
66338,2026-04-24 03:00:00+00:00,24,4.5519147716033155,0.4056635535613733
66338,2026-04-24 04:00:00+00:00,24,4.3308668551873835,0.19263576389649187
66338,2026-04-24 05:00:00+00:00,24,4.330866855187383,0.19263576389649104
66338,2026-04-24 06:00:00+00:00,24,4.428848422035612,0.2870623341714405
66338,2026-04-24 07:00:00+00:00,24,4.428848422035612,0.2870623341714405
66338,2026-04-24 09:00:00+00:00,24,4.428848422035612,0.2870623341714405
66338,2026-04-24 10:00:00+00:00,24,4.428848422035612,0.2870623341714405
66338,2026-04-24 11:00:00+00:00,24,3.4101422709254203,0.6946828150598402
66338,2026-04-24 14:00:00+00:00,24,3.1693995717103864,0.9266908155118169
66338,2026-04-24 18:00:00+00:00,24,3.103226551585101,0.9904629262889861
66338,2026-04-24 19:00:00+00:00,24,3.030434968142841,1.0606134636852924
66338,2026-04-24 20:00:00+00:00,24,3.030434968142841,1.0606134636852924
66338,2026-04-24 21:00:00+00:00,24,3.030434968142841,1.0606134636852924
66338,2026-04-24 22:00:00+00:00,24,2.95058848458178,1.1375629331999493
66338,2026-04-24 23:00:00+00:00,24,2.95058848458178,1.1375629331999493
66338,2026-04-25 00:00:00+00:00,24,3.1357568499787893,0.9591129019308873
66338,2026-04-25 01:00:00+00:00,24,3.5835165659228987,0.5275989381934127
66338,2026-04-25 02:00:00+00:00,24,2.6789492459165944,1.3993464755981118
66338,2026-04-25 03:00:00+00:00,24,2.6789492459165944,1.3993464755981118
66338,2026-04-25 04:00:00+00:00,24,3.1990354246511665,0.898130219469244
66338,2026-04-25 05:00:00+00:00,24,3.1990354246511665,0.898130219469244
66338,2026-04-25 06:00:00+00:00,24,3.726620457433347,0.3896871849627158
66338,2026-04-25 07:00:00+00:00,24,4.130978688936881,0.0
66338,2026-04-25 19:00:00+00:00,24,4.379814250146853,0.2398072348025992
66338,2026-04-25 20:00:00+00:00,24,4.130978688936881,0.0
66338,2026-04-25 21:00:00+00:00,24,4.8641091130667204,0.7065307663637419
66338,2026-04-25 22:00:00+00:00,24,4.8641091130667204,0.7065307663637419
66338,2026-04-25 23:00:00+00:00,24,4.27617987059879,0.13993294887232927
66338,2026-04-26 00:00:00+00:00,24,4.8641091130667204,0.7065307663637419
66338,2026-04-26 01:00:00+00:00,24,4.8641091130667204,0.7065307663637419
66338,2026-04-26 02:00:00+00:00,24,4.3308668551873835,0.19263576389649187
66338,2026-04-26 03:00:00+00:00,24,4.330866855187383,0.19263576389649104
66338,2026-04-26 04:00:00+00:00,24,4.688161988188043,0.5369674078009378
66338,2026-04-26 05:00:00+00:00,24,4.962981009468839,0.8018153629888762
66338,2026-04-26 06:00:00+00:00,24,4.96298100946884,0.801815362988877
66338,2026-04-26 07:00:00+00:00,24,4.96298100946884,0.801815362988877
66338,2026-04-26 08:00:00+00:00,24,4.767007000526654,0.6129517417721757
66340,2026-04-20 03:00:00+00:00,6,0.0,1.506014290617181
66340,2026-04-20 04:00:00+00:00,6,0.21774580816989694,0.8968199353688431
66340,2026-04-20 05:00:00+00:00,6,0.4028506047638408,0.37894637370451373
66340,2026-04-20 06:00:00+00:00,6,0.2416584652172454,0.8299187361463637
66340,2026-04-20 07:00:00+00:00,6,0.0856043975945677,1.266516151767339
66340,2026-04-20 08:00:00+00:00,6,0.3250473652673813,0.5966189650606503
66340,2026-04-20 09:00:00+00:00,6,0.47387448182306635,0.18024061970638117
66340,2026-04-20 10:00:00+00:00,6,0.4617704110855099,0.21410456239634829
66340,2026-04-20 11:00:00+00:00,6,0.5717350867574743,0.09354709923199338
66340,2026-04-20 12:00:00+00:00,6,0.7691126850332253,0.645756667501812
66340,2026-04-20 13:00:00+00:00,6,0.7540011556412908,0.6034786623263786
66340,2026-04-20 14:00:00+00:00,6,0.7979763691993084,0.7265095123599274
66340,2026-04-20 15:00:00+00:00,6,1.2598478733854774,2.018702071955535
66340,2026-04-20 16:00:00+00:00,6,0.8240820167804012,0.7995461107687265
66340,2026-04-20 17:00:00+00:00,6,0.7360498208765808,0.5532556435700229
66340,2026-04-20 18:00:00+00:00,6,0.46096143978046433,0.21636784708014403
66340,2026-04-20 19:00:00+00:00,6,0.2439396610231623,0.8235365622718777
66340,2026-04-20 20:00:00+00:00,6,0.32510092722735756,0.5964691130660341
66340,2026-04-20 21:00:00+00:00,6,0.3815494922061974,0.4385411720599471
66340,2026-04-20 22:00:00+00:00,6,0.21389545004864563,0.9075922044327818
66340,2026-04-20 23:00:00+00:00,6,0.37293785347697056,0.46263422692688444
66340,2026-04-21 00:00:00+00:00,6,0.7684272588537925,0.643839028935268
66340,2026-04-21 01:00:00+00:00,6,1.8071547246483142,3.549919812404125
66340,2026-04-21 02:00:00+00:00,6,0.0,1.506014290617181
66340,2026-04-21 03:00:00+00:00,6,0.304543484188866,0.6539833236156893
66340,2026-04-21 04:00:00+00:00,6,0.9446140699218875,1.1367624595812562
66340,2026-04-21 05:00:00+00:00,6,0.7489377509973649,0.5893126145234695
66340,2026-04-21 06:00:00+00:00,6,0.49158699362740876,0.13068576352262526
66340,2026-04-21 07:00:00+00:00,6,0.5717350867574743,0.09354709923199338
66340,2026-04-21 08:00:00+00:00,6,0.7691126850332253,0.645756667501812
66340,2026-04-21 09:00:00+00:00,6,0.8879188015010088,0.9781443085289985
66340,2026-04-21 10:00:00+00:00,6,0.5686559625129944,0.08493253565159209
66340,2026-04-21 11:00:00+00:00,6,0.448218437841293,0.2520193478622152
66340,2026-04-21 12:00:00+00:00,6,0.33058173864734414,0.5811352730839975
66340,2026-04-21 13:00:00+00:00,6,0.9589967603119749,1.177001368759656
66340,2026-04-21 14:00:00+00:00,6,1.1678679599734991,1.761366950247531
66340,2026-04-21 15:00:00+00:00,6,1.0168613271428433,1.3388909030681682
66340,2026-04-21 16:00:00+00:00,6,0.6004278562020247,0.17382177055160675
66340,2026-04-21 17:00:00+00:00,6,0.46181723307982053,0.2139735670174924
66340,2026-04-21 18:00:00+00:00,6,0.434090070644618,0.2915467289742989
66340,2026-04-21 19:00:00+00:00,6,0.4657128304748408,0.20307473060216727
66340,2026-04-21 20:00:00+00:00,6,0.7065003151024878,0.47058405384228874
66340,2026-04-21 21:00:00+00:00,6,0.32510092722735756,0.5964691130660341
66340,2026-04-21 22:00:00+00:00,6,0.48960899814748765,0.13621966422639667
66340,2026-04-21 23:00:00+00:00,6,0.4615835419539301,0.21462737209397412
66340,2026-04-22 00:00:00+00:00,6,0.3837874952045367,0.4322798400734622
66340,2026-04-22 01:00:00+00:00,6,1.1376142066320327,1.676725064759125
66340,2026-04-22 02:00:00+00:00,6,1.3328054875633568,2.2228179036360767
66340,2026-04-22 03:00:00+00:00,6,0.21774580816989694,0.8968199353688431
66340,2026-04-22 04:00:00+00:00,6,0.4837516498461644,0.1526069533865416
66340,2026-04-22 05:00:00+00:00,6,0.7797073819925905,0.6753977872894136
66340,2026-04-22 06:00:00+00:00,6,0.4617704110855099,0.21410456239634829
66340,2026-04-22 07:00:00+00:00,6,0.6339535633875317,0.2676177051083992
66340,2026-04-22 08:00:00+00:00,6,0.7946943510019405,0.7173273059309578
66340,2026-04-22 09:00:00+00:00,6,0.43142749831781796,0.29899589203998433
66340,2026-04-22 10:00:00+00:00,6,0.3786846599198689,0.4465562042308662
66340,2026-04-22 11:00:00+00:00,6,0.14071625852057762,1.112327950095229
66340,2026-04-22 12:00:00+00:00,6,0.4254486344693341,0.31572314910135935
66340,2026-04-22 13:00:00+00:00,6,1.4342721748637417,2.5066944736084955
66340,2026-04-22 14:00:00+00:00,6,0.993776176759488,1.274304845491225
66340,2026-04-22 15:00:00+00:00,6,1.2598478733854774,2.018702071955535
66340,2026-04-22 16:00:00+00:00,6,0.8240820167804012,0.7995461107687265
66340,2026-04-22 17:00:00+00:00,6,0.7360498208765808,0.5532556435700229
66340,2026-04-22 18:00:00+00:00,6,0.434090070644618,0.2915467289742989
66340,2026-04-22 19:00:00+00:00,6,0.3352046278230376,0.5682016693814007
66340,2026-04-22 20:00:00+00:00,6,0.36297481572799434,0.49050813370293006
66340,2026-04-22 21:00:00+00:00,6,0.2448517145941898,0.8209848810623799
66340,2026-04-22 22:00:00+00:00,6,0.35343589288609256,0.5171954807489035
66340,2026-04-22 23:00:00+00:00,6,0.21389545004864563,0.9075922044327818
66340,2026-04-23 00:00:00+00:00,6,0.37293785347697056,0.46263422692688444
66340,2026-04-23 01:00:00+00:00,6,0.3837874952045367,0.4322798400734622
66340,2026-04-23 02:00:00+00:00,6,,
66340,2026-04-23 03:00:00+00:00,6,0.0,1.506014290617181
66340,2026-04-23 04:00:00+00:00,6,0.0,1.506014290617181
66340,2026-04-23 05:00:00+00:00,6,1.552164618469953,2.836525903085657
66340,2026-04-23 06:00:00+00:00,6,1.699833172955648,3.2496629025826866
66340,2026-04-23 07:00:00+00:00,6,1.552164618469953,2.836525903085657
66340,2026-04-23 08:00:00+00:00,6,1.874758284622695,3.739056436788423
66340,2026-04-23 09:00:00+00:00,6,0.0,1.506014290617181
66340,2026-04-23 10:00:00+00:00,6,0.0,1.506014290617181
66340,2026-04-23 11:00:00+00:00,6,0.0,1.506014290617181
66340,2026-04-23 12:00:00+00:00,6,1.0602685518876647,1.4603326727802564
66340,2026-04-23 13:00:00+00:00,6,1.552164618469953,2.836525903085657
66340,2026-04-23 14:00:00+00:00,6,1.4630576123993282,2.587228405386188
66340,2026-04-23 15:00:00+00:00,6,1.1403082140610972,1.6842621748076574
66340,2026-04-23 16:00:00+00:00,6,1.552164618469953,2.836525903085657
66340,2026-04-23 17:00:00+00:00,6,1.5046810337173149,2.7036795716619406
66340,2026-04-23 18:00:00+00:00,6,1.548300360082893,2.825714744807096
66340,2026-04-23 19:00:00+00:00,6,1.9947400808312479,4.074733314323427
66340,2026-04-23 20:00:00+00:00,6,1.3556359105262408,2.2866913022278377
66340,2026-04-23 21:00:00+00:00,6,1.304800224229387,2.144466689972363
66340,2026-04-23 22:00:00+00:00,6,1.7584965545894358,3.413787306406793
66340,2026-04-23 23:00:00+00:00,6,1.5293873653092365,2.77280125933617
66340,2026-04-24 00:00:00+00:00,6,0.0,1.506014290617181
66340,2026-04-24 01:00:00+00:00,6,1.0493053768746985,1.4296606502525597
66340,2026-04-24 02:00:00+00:00,6,1.1860407228572931,1.8122094654771965
66340,2026-04-24 03:00:00+00:00,6,0.07418598820513243,1.2984617979518622
66340,2026-04-24 04:00:00+00:00,6,0.4837516498461644,0.1526069533865416
66340,2026-04-24 05:00:00+00:00,6,0.38550411718791905,0.4274771922927262
66340,2026-04-24 06:00:00+00:00,6,0.5930610095769919,0.15321131004414865
66340,2026-04-24 07:00:00+00:00,6,0.7979763691993084,0.7265095123599274
66340,2026-04-24 08:00:00+00:00,6,0.45760845259362815,0.22574860570235755
66340,2026-04-24 09:00:00+00:00,6,0.3499653475828029,0.5269051354429128
66340,2026-04-24 10:00:00+00:00,6,0.14071625852057762,1.112327950095229
66340,2026-04-24 11:00:00+00:00,6,0.4254486344693341,0.31572314910135935
66340,2026-04-24 12:00:00+00:00,6,0.8947677934787021,0.9973059506612613
66340,2026-04-24 13:00:00+00:00,6,1.580778371949276,2.916579508932665
66340,2026-04-24 14:00:00+00:00,6,1.1743222526429238,1.7794243296036762
66340,2026-04-24 15:00:00+00:00,6,1.3328054875633568,2.2228179036360767
66340,2026-04-24 16:00:00+00:00,6,1.6463321032297245,3.0999812625515277
66340,2026-04-24 17:00:00+00:00,6,1.6548110115134997,3.123702973240507
66340,2026-04-24 18:00:00+00:00,6,1.699833172955648,3.2496629025826866
66340,2026-04-24 19:00:00+00:00,6,1.373207023577704,2.3358505626349535
66340,2026-04-24 20:00:00+00:00,6,0.41177233224207854,0.35398577370726525
66340,2026-04-24 21:00:00+00:00,6,0.3913795783570156,0.41103922818780225
66340,2026-04-24 22:00:00+00:00,6,0.5512770541976718,0.036311012532247826
66340,2026-04-24 23:00:00+00:00,6,0.7790589797136357,0.6735837316637768
66340,2026-04-25 00:00:00+00:00,6,0.6892643216554796,0.42236236818383494
66340,2026-04-25 01:00:00+00:00,6,0.7224171811065893,0.515115174805945
66340,2026-04-25 02:00:00+00:00,6,2.100127047489244,4.369577774220919
66340,2026-04-25 03:00:00+00:00,6,0.07418598820513243,1.2984617979518622
66340,2026-04-25 04:00:00+00:00,6,0.4028506047638408,0.37894637370451373
66340,2026-04-25 05:00:00+00:00,6,0.34219904706534776,0.5486331607774092
66340,2026-04-25 06:00:00+00:00,6,0.2710408899154498,0.7477145944450951
66340,2026-04-25 07:00:00+00:00,6,0.538298321382463,0.0
66340,2026-04-25 08:00:00+00:00,6,0.33338379752599634,0.5732958640671473
66340,2026-04-25 09:00:00+00:00,6,0.43142749831781796,0.29899589203998433
66340,2026-04-25 10:00:00+00:00,6,0.3786846599198689,0.4465562042308662
66340,2026-04-25 11:00:00+00:00,6,0.0856043975945677,1.266516151767339
66340,2026-04-25 12:00:00+00:00,6,0.3250473652673813,0.5966189650606503
66340,2026-04-25 13:00:00+00:00,6,0.47387448182306635,0.18024061970638117
66340,2026-04-25 14:00:00+00:00,6,0.5930610095769919,0.15321131004414865
66340,2026-04-25 15:00:00+00:00,6,1.1376142066320327,1.676725064759125
66340,2026-04-25 16:00:00+00:00,6,0.8598100892376773,0.8995036725138131
66340,2026-04-25 17:00:00+00:00,6,0.550492261325044,0.03411537261585991
66340,2026-04-25 18:00:00+00:00,6,0.15832717656445053,1.063057325998082
66340,2026-04-25 19:00:00+00:00,6,0.2439396610231623,0.8235365622718777
66340,2026-04-25 20:00:00+00:00,6,0.3352046278230376,0.5682016693814007
66340,2026-04-25 21:00:00+00:00,6,0.36297481572799434,0.49050813370293006
66340,2026-04-25 22:00:00+00:00,6,0.2448517145941898,0.8209848810623799
66340,2026-04-25 23:00:00+00:00,6,0.3528660827633099,0.5187896566059731
66340,2026-04-26 00:00:00+00:00,6,0.15832717656445053,1.063057325998082
66340,2026-04-26 01:00:00+00:00,6,0.57484689220991,0.10225309606466591
66340,2026-04-26 02:00:00+00:00,6,1.2541478648820543,2.0027549773393964
66340,2026-04-26 03:00:00+00:00,6,1.4630576123993282,2.587228405386188
66340,2026-04-26 04:00:00+00:00,6,1.1403082140610972,1.6842621748076574
66340,2026-04-26 05:00:00+00:00,6,0.6252088496995982,0.24315234220784054
66340,2026-04-26 06:00:00+00:00,6,0.7699909058411112,0.6482136937165638
66340,2026-04-26 07:00:00+00:00,6,0.38550411718791905,0.4274771922927262
66340,2026-04-26 08:00:00+00:00,6,0.37713733471373473,0.45088520504715246
66340,2026-04-26 09:00:00+00:00,6,0.538298321382463,0.0
66340,2026-04-26 10:00:00+00:00,6,0.2416584652172454,0.8299187361463637
66340,2026-04-26 11:00:00+00:00,6,0.40660279625893914,0.36844874852478493
66340,2026-04-26 12:00:00+00:00,6,0.406915157281577,0.3675748461824624
66340,2026-04-26 13:00:00+00:00,6,0.38613509534815277,0.4257118846767952
66340,2026-04-26 14:00:00+00:00,6,1.6013731636224053,2.974198210942288
66340,2026-04-26 15:00:00+00:00,6,1.2647582488658702,2.032439985212956
66340,2026-04-26 16:00:00+00:00,6,0.8448736266170846,0.8577154571983515
66340,2026-04-26 17:00:00+00:00,6,0.5032295308719398,0.0981130677277063
66340,2026-04-26 18:00:00+00:00,6,0.6802506069299784,0.3971444125467295
66340,2026-04-26 19:00:00+00:00,6,0.6892643216554796,0.42236236818383494
66340,2026-04-26 20:00:00+00:00,6,0.7684272588537925,0.643839028935268
66340,2026-04-26 21:00:00+00:00,6,1.3556359105262408,2.2866913022278377
66340,2026-04-20 06:00:00+00:00,12,0.7438826812808147,0.5770781973642086
66340,2026-04-20 07:00:00+00:00,12,1.0103168932385704,0.15655286955203906
66340,2026-04-20 08:00:00+00:00,12,1.0431623958413978,0.10471130743538619
66340,2026-04-20 09:00:00+00:00,12,1.094776366232545,0.023246612421420895
66340,2026-04-20 10:00:00+00:00,12,1.1578504295926877,0.07630607255874644
66340,2026-04-20 11:00:00+00:00,12,1.270323183421656,0.2538269747218799
66340,2026-04-20 12:00:00+00:00,12,1.6349011335240513,0.8292570625223431
66340,2026-04-20 13:00:00+00:00,12,1.914251368977501,1.2701683421784806
66340,2026-04-20 14:00:00+00:00,12,2.0589671640340974,1.4985799140580824
66340,2026-04-20 15:00:00+00:00,12,1.9503729299981036,1.3271806574425755
66340,2026-04-20 16:00:00+00:00,12,1.006876058721828,0.16198369636841647
66340,2026-04-20 17:00:00+00:00,12,0.864190459938133,0.38719091642355985
66340,2026-04-20 18:00:00+00:00,12,0.6856165788493875,0.669042257254529
66340,2026-04-20 19:00:00+00:00,12,0.6551956631605902,0.7170569827223162
66340,2026-04-20 20:00:00+00:00,12,0.5708244788125896,0.8502238898365928
66340,2026-04-20 21:00:00+00:00,12,0.5729178690274632,0.8469197961172468
66340,2026-04-20 22:00:00+00:00,12,0.408239687902616,1.1068389168344404
66340,2026-04-20 23:00:00+00:00,12,0.6134946925448341,0.7828755358631453
66340,2026-04-21 00:00:00+00:00,12,0.8609708967042945,0.3922725006329354
66340,2026-04-21 01:00:00+00:00,12,1.0670703844865845,0.06697623321773705
66340,2026-04-21 02:00:00+00:00,12,1.3394806694296617,0.3629814044795467
66340,2026-04-21 03:00:00+00:00,12,1.0075971137270658,0.16084562220661794
66340,2026-04-21 04:00:00+00:00,12,1.008575992935879,0.1593006122878468
66340,2026-04-21 05:00:00+00:00,12,1.061686367530168,0.07547407393761552
66340,2026-04-21 06:00:00+00:00,12,1.0103168932385704,0.15655286955203906
66340,2026-04-21 07:00:00+00:00,12,0.8581432916010435,0.3967354393607761
66340,2026-04-21 08:00:00+00:00,12,0.8943577637869999,0.33957647814614556
66340,2026-04-21 09:00:00+00:00,12,0.7662041080691296,0.5418472664397679
66340,2026-04-21 10:00:00+00:00,12,1.002807113495954,0.16840589910427126
66340,2026-04-21 11:00:00+00:00,12,0.9626024192122564,0.2318628107336256
66340,2026-04-21 12:00:00+00:00,12,1.4256151556170626,0.49893141170171484
66340,2026-04-21 13:00:00+00:00,12,1.5754138671704323,0.7353655836458547
66340,2026-04-21 14:00:00+00:00,12,1.6716563557172668,0.887269514256814
66340,2026-04-21 15:00:00+00:00,12,1.637785469199227,0.8338095417118998
66340,2026-04-21 16:00:00+00:00,12,1.5053001129720622,0.6247018319761315
66340,2026-04-21 17:00:00+00:00,12,1.299042239896989,0.2991555777942981
66340,2026-04-21 18:00:00+00:00,12,1.0399886625167332,0.1097205561986592
66340,2026-04-21 19:00:00+00:00,12,0.9952279243135561,0.1803684807564491
66340,2026-04-21 20:00:00+00:00,12,0.9233778648097809,0.29377272266716753
66340,2026-04-21 21:00:00+00:00,12,0.49915674799646503,0.9633403540231952
66340,2026-04-21 22:00:00+00:00,12,0.5451492028729763,0.8907483545884608
66340,2026-04-21 23:00:00+00:00,12,0.7034233265846755,0.6409370511939879
66340,2026-04-22 00:00:00+00:00,12,0.8609708967042945,0.3922725006329354
66340,2026-04-22 01:00:00+00:00,12,0.9634580622401586,0.23051231012728524
66340,2026-04-22 02:00:00+00:00,12,1.1340558542006427,0.03875000367643026
66340,2026-04-22 03:00:00+00:00,12,0.9765731289125692,0.20981219931505823
66340,2026-04-22 04:00:00+00:00,12,1.0086328680712813,0.15921084365496882
66340,2026-04-22 05:00:00+00:00,12,0.8914815940180748,0.34411606871161116
66340,2026-04-22 06:00:00+00:00,12,0.7642846092310781,0.5448768994293732
66340,2026-04-22 07:00:00+00:00,12,0.6427892044122577,0.7366386651714075
66340,2026-04-22 08:00:00+00:00,12,0.8927123227040789,0.34217355322035076
66340,2026-04-22 09:00:00+00:00,12,1.0219314819085041,0.13822103194027696
66340,2026-04-22 10:00:00+00:00,12,1.1095048319195275,0.0
66340,2026-04-22 11:00:00+00:00,12,1.130574201803461,0.03325475212861104
66340,2026-04-22 12:00:00+00:00,12,1.5389467793425082,0.677807907585753
66340,2026-04-22 13:00:00+00:00,12,1.9048924057183827,1.2553966615313017
66340,2026-04-22 14:00:00+00:00,12,2.063493411543325,1.5057238979466032
66340,2026-04-22 15:00:00+00:00,12,1.9503729299981036,1.3271806574425755
66340,2026-04-22 16:00:00+00:00,12,1.006876058721828,0.16198369636841647
66340,2026-04-22 17:00:00+00:00,12,0.864190459938133,0.38719091642355985
66340,2026-04-22 18:00:00+00:00,12,0.6856165788493875,0.669042257254529
66340,2026-04-22 19:00:00+00:00,12,0.6551956631605902,0.7170569827223162
66340,2026-04-22 20:00:00+00:00,12,0.5708244788125896,0.8502238898365928
66340,2026-04-22 21:00:00+00:00,12,0.49915674799646503,0.9633403540231952
66340,2026-04-22 22:00:00+00:00,12,0.39227373582077874,1.1320387107487164
66340,2026-04-22 23:00:00+00:00,12,0.4396628875263669,1.057242240695941
66340,2026-04-23 00:00:00+00:00,12,0.3900655673780523,1.1355239642055406
66340,2026-04-23 01:00:00+00:00,12,0.7512897744279965,0.5653872427718315
66340,2026-04-23 02:00:00+00:00,12,1.3081875612070613,0.31359005756176705
66340,2026-04-23 03:00:00+00:00,12,2.05471161074897,1.4918631792697805
66340,2026-04-23 04:00:00+00:00,12,3.509592168089576,3.788167842276857
66340,2026-04-23 05:00:00+00:00,12,2.6513086728882462,2.433499665381689
66340,2026-04-23 06:00:00+00:00,12,3.109721213762667,3.157033188377566
66340,2026-04-23 07:00:00+00:00,12,2.8851107913712206,2.802520264484861
66340,2026-04-23 08:00:00+00:00,12,3.2991356863281744,3.455994731576864
66340,2026-04-23 09:00:00+00:00,12,2.2126417417078863,1.741131543136833
66340,2026-04-23 10:00:00+00:00,12,3.4751003431957783,3.733727814234948
66340,2026-04-23 11:00:00+00:00,12,2.745761638766171,2.582579110347802
66340,2026-04-23 12:00:00+00:00,12,2.9815692063706445,2.954765001712175
66340,2026-04-23 13:00:00+00:00,12,3.236573441341844,3.357249872993487
66340,2026-04-23 14:00:00+00:00,12,2.9394281607962736,2.8882518580948693
66340,2026-04-23 15:00:00+00:00,12,3.109721213762667,3.157033188377566
66340,2026-04-23 16:00:00+00:00,12,4.075303392227994,4.681055794727767
66340,2026-04-23 17:00:00+00:00,12,3.6488006806189985,4.007887017736809
66340,2026-04-23 18:00:00+00:00,12,3.36699815216967,3.5631051716530115
66340,2026-04-23 19:00:00+00:00,12,3.6680735019930912,4.038306195013828
66340,2026-04-23 20:00:00+00:00,12,3.085143497361,3.1182410521472375
66340,2026-04-23 21:00:00+00:00,12,3.184900868072502,3.2756926823710093
66340,2026-04-23 22:00:00+00:00,12,3.3088727628524697,3.4713632057199684
66340,2026-04-23 23:00:00+00:00,12,3.2168849578684107,3.3261746371746628
66340,2026-04-24 00:00:00+00:00,12,1.7533305784858824,1.016179683304556
66340,2026-04-24 01:00:00+00:00,12,1.4268429291591633,0.5008692629539139
66340,2026-04-24 02:00:00+00:00,12,1.1278335819957672,0.028929106279414713
66340,2026-04-24 03:00:00+00:00,12,1.2800844711261516,0.26923366248033037
66340,2026-04-24 04:00:00+00:00,12,1.1150220382723768,0.00870805964853785
66340,2026-04-24 05:00:00+00:00,12,0.8765431570328994,0.367694088456269
66340,2026-04-24 06:00:00+00:00,12,0.7147573118394303,0.6230481028128779
66340,2026-04-24 07:00:00+00:00,12,0.9865586393851046,0.19405161048534525
66340,2026-04-24 08:00:00+00:00,12,0.9626024192122564,0.2318628107336256
66340,2026-04-24 09:00:00+00:00,12,1.1095048319195275,0.0
66340,2026-04-24 10:00:00+00:00,12,1.4718963191640135,0.5719790932629552
66340,2026-04-24 11:00:00+00:00,12,1.5389467793425082,0.677807907585753
66340,2026-04-24 12:00:00+00:00,12,2.0965600471872565,1.5579144844768895
66340,2026-04-24 13:00:00+00:00,12,2.549552459440085,2.27289317005669
66340,2026-04-24 14:00:00+00:00,12,3.016538984126476,3.009959404661528
66340,2026-04-24 15:00:00+00:00,12,3.1642331540381585,3.243071882078296
66340,2026-04-24 16:00:00+00:00,12,2.675536377494859,2.471739361954319
66340,2026-04-24 17:00:00+00:00,12,2.280445225821403,1.8481488896484919
66340,2026-04-24 18:00:00+00:00,12,1.9099032647202463,1.263305529949121
66340,2026-04-24 19:00:00+00:00,12,1.7623363396256302,1.0303938888589501
66340,2026-04-24 20:00:00+00:00,12,1.5073514048821508,0.6279394800116069
66340,2026-04-24 21:00:00+00:00,12,1.4687048886567096,0.5669419122252342
66340,2026-04-24 22:00:00+00:00,12,1.4128671800425128,0.4788106975935766
66340,2026-04-24 23:00:00+00:00,12,0.6796616387178572,0.6784412121879543
66340,2026-04-25 00:00:00+00:00,12,1.1751949637109016,0.10368174568351664
66340,2026-04-25 01:00:00+00:00,12,1.9018864367248491,1.2506522029007436
66340,2026-04-25 02:00:00+00:00,12,1.6722440988866711,0.8881971762382351
66340,2026-04-25 03:00:00+00:00,12,0.9388179907805109,0.2694028642034508
66340,2026-04-25 04:00:00+00:00,12,0.7606833265179792,0.5505609689876413
66340,2026-04-25 05:00:00+00:00,12,0.6096215124389102,0.7889887535379742
66340,2026-04-25 06:00:00+00:00,12,0.538802638758006,0.9007654276036634
66340,2026-04-25 07:00:00+00:00,12,0.541215593103036,0.8969569511715887
66340,2026-04-25 08:00:00+00:00,12,0.4310817727683064,1.0707862074039378
66340,2026-04-25 09:00:00+00:00,12,0.4000099108865321,1.1198283510819402
66340,2026-04-25 10:00:00+00:00,12,0.7438826812808147,0.5770781973642086
66340,2026-04-25 11:00:00+00:00,12,1.0060261362715561,0.16332516792490018
66340,2026-04-25 12:00:00+00:00,12,1.3316329276601584,0.3505949539709728
66340,2026-04-25 13:00:00+00:00,12,1.5368451181964158,0.6744907594765952
66340,2026-04-25 14:00:00+00:00,12,1.6027805277382938,0.7785596382751793
66340,2026-04-25 15:00:00+00:00,12,1.5772661087898392,0.7382890614847739
66340,2026-04-25 16:00:00+00:00,12,1.3700402710864898,0.4112150243668627
66340,2026-04-25 17:00:00+00:00,12,1.2280586324455531,0.187118896868583
66340,2026-04-25 18:00:00+00:00,12,0.8865880626134093,0.35183975360547304
66340,2026-04-25 19:00:00+00:00,12,0.7832547973142754,0.5149353821455122
66340,2026-04-25 20:00:00+00:00,12,0.7556527474998599,0.5585009624109147
66340,2026-04-25 21:00:00+00:00,12,0.7936961900591838,0.498455253431545
66340,2026-04-25 22:00:00+00:00,12,0.408239687902616,1.1068389168344404
66340,2026-04-25 23:00:00+00:00,12,0.39227373582077874,1.1320387107487164
66340,2026-04-26 00:00:00+00:00,12,0.4396628875263669,1.057242240695941
66340,2026-04-26 01:00:00+00:00,12,0.3900655673780523,1.1355239642055406
66340,2026-04-26 02:00:00+00:00,12,0.8701529886186044,0.37777998413554637
66340,2026-04-26 03:00:00+00:00,12,0.9634580622401586,0.23051231012728524
66340,2026-04-26 04:00:00+00:00,12,1.1340558542006427,0.03875000367643026
66340,2026-04-26 05:00:00+00:00,12,0.9388179907805109,0.2694028642034508
66340,2026-04-26 06:00:00+00:00,12,0.7606833265179792,0.5505609689876413
66340,2026-04-26 07:00:00+00:00,12,0.6096215124389102,0.7889887535379742
66340,2026-04-26 08:00:00+00:00,12,0.541215593103036,0.8969569511715887
66340,2026-04-26 09:00:00+00:00,12,0.4310817727683064,1.0707862074039378
66340,2026-04-26 10:00:00+00:00,12,0.4000099108865321,1.1198283510819402
66340,2026-04-26 11:00:00+00:00,12,1.3316329276601584,0.3505949539709728
66340,2026-04-26 12:00:00+00:00,12,1.5368451181964158,0.6744907594765952
66340,2026-04-26 13:00:00+00:00,12,1.6027805277382938,0.7785596382751793
66340,2026-04-26 14:00:00+00:00,12,1.5772661087898392,0.7382890614847739
66340,2026-04-26 15:00:00+00:00,12,1.6185876218458417,0.8035086993679353
66340,2026-04-26 16:00:00+00:00,12,1.5796408172847087,0.7420371727386759
66340,2026-04-26 17:00:00+00:00,12,1.4041608765713882,0.46506913980216436
66340,2026-04-26 18:00:00+00:00,12,1.3496547054337067,0.379039551796049
66340,2026-04-20 12:00:00+00:00,24,1.5623239833027422,0.564151752715035
66340,2026-04-20 13:00:00+00:00,24,1.5630165921686385,0.5615850569502912
66340,2026-04-20 14:00:00+00:00,24,1.5713303787199455,0.5307755167018994
66340,2026-04-20 15:00:00+00:00,24,1.5711957321829577,0.5312744948600504
66340,2026-04-20 16:00:00+00:00,24,1.5785729443725731,0.5039357468089412
66340,2026-04-20 17:00:00+00:00,24,1.574314808366877,0.5197157060177805
66340,2026-04-20 18:00:00+00:00,24,1.506831668579581,0.7697972420944662
66340,2026-04-20 19:00:00+00:00,24,1.4867636874808818,0.8441659148464916
66340,2026-04-20 20:00:00+00:00,24,1.6136746910798776,0.3738543848093916
66340,2026-04-20 21:00:00+00:00,24,1.7145572596452332,0.0
66340,2026-04-20 22:00:00+00:00,24,1.4463840590777595,0.9938062476627731
66340,2026-04-20 23:00:00+00:00,24,1.4987210849805797,0.7998537452641437
66340,2026-04-21 00:00:00+00:00,24,1.5555547211676937,0.5892375367816114
66340,2026-04-21 01:00:00+00:00,24,1.5079941059782853,0.7654894382314978
66340,2026-04-21 02:00:00+00:00,24,1.7849623462511934,0.2609097955656361
66340,2026-04-21 03:00:00+00:00,24,1.7835480869577518,0.25566878073394045
66340,2026-04-21 04:00:00+00:00,24,1.8235289830040102,0.40383147631220495
66340,2026-04-21 05:00:00+00:00,24,1.7148932085270352,0.0012449718947443534
66340,2026-04-21 06:00:00+00:00,24,1.6063141049411236,0.40113151942118236
66340,2026-04-21 07:00:00+00:00,24,1.5898529448085383,0.46213390052758424
66340,2026-04-21 08:00:00+00:00,24,1.5094150914205633,0.7602234973866058
66340,2026-04-21 09:00:00+00:00,24,1.4919334812697107,0.8250075002264087
66340,2026-04-21 10:00:00+00:00,24,1.504696004794419,0.7777116645949623
66340,2026-04-21 11:00:00+00:00,24,1.5432265474410534,0.6349237427331438
66340,2026-04-21 12:00:00+00:00,24,1.5475924821033742,0.6187442992424427
66340,2026-04-21 13:00:00+00:00,24,1.5427719042208978,0.636608576533434
66340,2026-04-21 14:00:00+00:00,24,1.5451931107881296,0.6276359789423795
66340,2026-04-21 15:00:00+00:00,24,1.5380339180237037,0.6541667824770095
66340,2026-04-21 16:00:00+00:00,24,1.5409874970636885,0.6432212991226272
66340,2026-04-21 17:00:00+00:00,24,1.5357833813140835,0.6625069053449253
66340,2026-04-21 18:00:00+00:00,24,1.6762877212062917,0.14182068273530404
66340,2026-04-21 19:00:00+00:00,24,1.7178835375661987,0.012326644766603155
66340,2026-04-21 20:00:00+00:00,24,1.7065798320237284,0.029563048782476273
66340,2026-04-21 21:00:00+00:00,24,1.7145572596452332,0.0
66340,2026-04-21 22:00:00+00:00,24,1.4463840590777595,0.9938062476627731
66340,2026-04-21 23:00:00+00:00,24,1.4987210849805797,0.7998537452641437
66340,2026-04-22 00:00:00+00:00,24,1.5555547211676937,0.5892375367816114
66340,2026-04-22 01:00:00+00:00,24,1.5079941059782853,0.7654894382314978
66340,2026-04-22 02:00:00+00:00,24,1.7801510568443997,0.24307993985422505
66340,2026-04-22 03:00:00+00:00,24,1.7835480869577518,0.25566878073394045
66340,2026-04-22 04:00:00+00:00,24,1.8235289830040102,0.40383147631220495
66340,2026-04-22 05:00:00+00:00,24,1.7935605973014068,0.2927735149626275
66340,2026-04-22 06:00:00+00:00,24,1.7905569554428213,0.28164250694807896
66340,2026-04-22 07:00:00+00:00,24,1.7836350833565469,0.2559911752329573
66340,2026-04-22 08:00:00+00:00,24,1.7836350833565469,0.2559911752329573
66340,2026-04-22 09:00:00+00:00,24,1.8204154884429797,0.3922933720561921
66340,2026-04-22 10:00:00+00:00,24,1.8255152563033143,0.4111922819789797
66340,2026-04-22 11:00:00+00:00,24,1.819061396634161,0.38727532813284204
66340,2026-04-22 12:00:00+00:00,24,1.5623239833027422,0.564151752715035
66340,2026-04-22 13:00:00+00:00,24,1.5630165921686385,0.5615850569502912
66340,2026-04-22 14:00:00+00:00,24,1.5713303787199455,0.5307755167018994
66340,2026-04-22 15:00:00+00:00,24,1.5711957321829577,0.5312744948600504
66340,2026-04-22 16:00:00+00:00,24,1.5785729443725731,0.5039357468089412
66340,2026-04-22 17:00:00+00:00,24,1.574314808366877,0.5197157060177805
66340,2026-04-22 18:00:00+00:00,24,1.506831668579581,0.7697972420944662
66340,2026-04-22 19:00:00+00:00,24,1.4867636874808818,0.8441659148464916
66340,2026-04-22 20:00:00+00:00,24,1.6136746910798776,0.3738543848093916
66340,2026-04-22 21:00:00+00:00,24,1.6530893979808383,0.2277898940806983
66340,2026-04-22 22:00:00+00:00,24,1.633740126125464,0.2994951473159416
66340,2026-04-22 23:00:00+00:00,24,1.6112064085293425,0.38300143833497907
66340,2026-04-23 00:00:00+00:00,24,1.384615114282907,1.2227119068366328
66340,2026-04-23 01:00:00+00:00,24,1.1510603310056082,2.0882279326786892
66340,2026-04-23 02:00:00+00:00,24,1.3101115934637748,1.4988098327526034
66340,2026-04-23 03:00:00+00:00,24,1.5307746099265842,0.6810685971451429
66340,2026-04-23 04:00:00+00:00,24,1.9352834511363315,0.8179753519832839
66340,2026-04-23 05:00:00+00:00,24,1.819527159879066,0.3890013709355486
66340,2026-04-23 06:00:00+00:00,24,2.369839876116888,2.4283707576159843
66340,2026-04-23 07:00:00+00:00,24,2.6158853353089846,3.3401751960786505
66340,2026-04-23 08:00:00+00:00,24,3.033087803517666,4.886259661523947
66340,2026-04-23 09:00:00+00:00,24,4.0606894899522015,8.69438431352658
66340,2026-04-23 10:00:00+00:00,24,4.975026487502095,12.08276845747343
66340,2026-04-23 11:00:00+00:00,24,4.667499592793408,10.943123822442388
66340,2026-04-23 12:00:00+00:00,24,4.668610712932356,10.947241452890372
66340,2026-04-23 13:00:00+00:00,24,5.08467842288676,12.489120688878357
66340,2026-04-23 14:00:00+00:00,24,5.084678422886759,12.489120688878353
66340,2026-04-23 15:00:00+00:00,24,5.44270553126171,13.815910899021443
66340,2026-04-23 16:00:00+00:00,24,5.763745094596558,15.005631285376102
66340,2026-04-23 17:00:00+00:00,24,6.046643549876941,16.054006931103814
66340,2026-04-23 18:00:00+00:00,24,4.223304915750166,9.297010622875854
66340,2026-04-23 19:00:00+00:00,24,3.523201306501681,6.702540558715426
66340,2026-04-23 20:00:00+00:00,24,2.7307525822152847,3.7658545234153924
66340,2026-04-23 21:00:00+00:00,24,2.4713353120146397,2.8044963290414686
66340,2026-04-23 22:00:00+00:00,24,2.256484602744449,2.008294558187147
66340,2026-04-23 23:00:00+00:00,24,1.9603866087668538,0.9110035697040904
66340,2026-04-24 00:00:00+00:00,24,1.6769441991109213,0.13938788243425626
66340,2026-04-24 01:00:00+00:00,24,1.5369372192369537,0.6582309697402037
66340,2026-04-24 02:00:00+00:00,24,1.4426811990205306,1.007528444553842
66340,2026-04-24 03:00:00+00:00,24,1.7349094596194785,0.07542194166041628
66340,2026-04-24 04:00:00+00:00,24,1.7167408562634052,0.008092053780626222
66340,2026-04-24 05:00:00+00:00,24,1.7336738376074416,0.07084292752808162
66340,2026-04-24 06:00:00+00:00,24,2.601241069855541,3.285905931031777
66340,2026-04-24 07:00:00+00:00,24,2.7755468847927482,3.9318549204236657
66340,2026-04-24 08:00:00+00:00,24,2.603579882739399,3.294573191038274
66340,2026-04-24 09:00:00+00:00,24,2.491610942604507,2.8796345170217497
66340,2026-04-24 10:00:00+00:00,24,2.2941934734291194,2.1480374974496557
66340,2026-04-24 11:00:00+00:00,24,2.2782451672331008,2.0889356695872765
66340,2026-04-24 12:00:00+00:00,24,2.2996687707267265,2.1683280583657303
66340,2026-04-24 13:00:00+00:00,24,2.283405989759465,2.1080608381683525
66340,2026-04-24 14:00:00+00:00,24,2.283609358666188,2.1088144902471355
66340,2026-04-24 15:00:00+00:00,24,2.2926779728616893,2.1424212989292166
66340,2026-04-24 16:00:00+00:00,24,2.2986640176727677,2.164604607028052
66340,2026-04-24 17:00:00+00:00,24,2.3075349290763274,2.1974787613308138
66340,2026-04-24 18:00:00+00:00,24,2.391526454854363,2.5087376898602463
66340,2026-04-24 19:00:00+00:00,24,2.4942749840174754,2.8895070210401896
66340,2026-04-24 20:00:00+00:00,24,2.7567035274006897,3.862024503873677
66340,2026-04-24 21:00:00+00:00,24,3.273617784066464,5.7776246335411905
66340,2026-04-24 22:00:00+00:00,24,3.4741443258980387,6.520743370509422
66340,2026-04-24 23:00:00+00:00,24,3.3881153745861394,6.20193407445476
66340,2026-04-25 00:00:00+00:00,24,2.947924556244547,4.570658523780951
66340,2026-04-25 01:00:00+00:00,24,2.2776646887476995,2.086784510768256
66340,2026-04-25 02:00:00+00:00,24,1.9171363960538326,0.7507253184993068
66340,2026-04-25 03:00:00+00:00,24,1.6769441991109213,0.13938788243425626
66340,2026-04-25 04:00:00+00:00,24,1.5369372192369537,0.6582309697402037
66340,2026-04-25 05:00:00+00:00,24,1.4426811990205306,1.007528444553842
66340,2026-04-25 06:00:00+00:00,24,1.6063141049411236,0.40113151942118236
66340,2026-04-25 07:00:00+00:00,24,1.5898529448085383,0.46213390052758424
66340,2026-04-25 08:00:00+00:00,24,1.5094150914205633,0.7602234973866058
66340,2026-04-25 09:00:00+00:00,24,1.4919334812697107,0.8250075002264087
66340,2026-04-25 10:00:00+00:00,24,1.504696004794419,0.7777116645949623
66340,2026-04-25 11:00:00+00:00,24,1.5432265474410534,0.6349237427331438
66340,2026-04-25 12:00:00+00:00,24,1.5475924821033742,0.6187442992424427
66340,2026-04-25 13:00:00+00:00,24,1.5427719042208978,0.636608576533434
66340,2026-04-25 14:00:00+00:00,24,1.5451931107881296,0.6276359789423795
66340,2026-04-25 15:00:00+00:00,24,1.5380339180237037,0.6541667824770095
66340,2026-04-25 16:00:00+00:00,24,1.5409874970636885,0.6432212991226272
66340,2026-04-25 17:00:00+00:00,24,1.5357833813140835,0.6625069053449253
66340,2026-04-25 18:00:00+00:00,24,1.6762877212062917,0.14182068273530404
66340,2026-04-25 19:00:00+00:00,24,1.7266529596225177,0.044824696061511765
66340,2026-04-25 20:00:00+00:00,24,1.7327666900329906,0.0674811862163699
66340,2026-04-25 21:00:00+00:00,24,1.6530893979808383,0.2277898940806983
66340,2026-04-25 22:00:00+00:00,24,1.633740126125464,0.2994951473159416
66340,2026-04-25 23:00:00+00:00,24,1.384615114282907,1.2227119068366328
66340,2026-04-26 00:00:00+00:00,24,1.1510603310056082,2.0882279326786892
66340,2026-04-26 01:00:00+00:00,24,1.3101115934637748,1.4988098327526034
66340,2026-04-26 02:00:00+00:00,24,1.612480626696252,0.3782793931325489
66340,2026-04-26 03:00:00+00:00,24,2.169046340421865,1.684262584831567
66340,2026-04-26 04:00:00+00:00,24,1.7801510568443997,0.24307993985422505
66340,2026-04-26 05:00:00+00:00,24,2.089909476255161,1.3909942423466035
66340,2026-04-26 06:00:00+00:00,24,2.5589871287814745,3.1293197004206528
66340,2026-04-26 07:00:00+00:00,24,2.8606576336985015,4.2472615077590525
66340,2026-04-26 08:00:00+00:00,24,2.7697594656264704,3.9104076866466904
66340,2026-04-26 09:00:00+00:00,24,2.2520582753753913,1.9918913091515915
66340,2026-04-26 10:00:00+00:00,24,2.0743676367209405,1.3333987137979015
66340,2026-04-26 11:00:00+00:00,24,1.8965649157124171,0.6744907594765951
66340,2026-04-26 12:00:00+00:00,24,1.8832255495598857,0.6250572389227337
66342,2026-04-20 03:00:00+00:00,6,1.648656050085258,2.2663605206927917
66342,2026-04-20 04:00:00+00:00,6,0.9949762777077285,0.7455432354354199
66342,2026-04-20 05:00:00+00:00,6,0.7061052527690758,0.0734709662586568
66342,2026-04-20 06:00:00+00:00,6,0.8280624344568024,0.3572101881369322
66342,2026-04-20 07:00:00+00:00,6,0.6470042423486831,0.0640303639363952
66342,2026-04-20 08:00:00+00:00,6,0.4005970488062508,0.6373084964202932
66342,2026-04-20 09:00:00+00:00,6,0.837391039106205,0.3789136334593158
66342,2026-04-20 10:00:00+00:00,6,1.2827111843239731,1.4149722709436063
66342,2026-04-20 11:00:00+00:00,6,1.5106689124624255,1.9453268388997564
66342,2026-04-20 12:00:00+00:00,6,1.18922441486789,1.1974708261389648
66342,2026-04-20 13:00:00+00:00,6,0.9126681433786924,0.5540494204293329
66342,2026-04-20 14:00:00+00:00,6,1.1308025819391703,1.06154963489381
66342,2026-04-20 15:00:00+00:00,6,1.2464851926001301,1.3306907668841659
66342,2026-04-20 16:00:00+00:00,6,0.9396088378888489,0.6167282359889205
66342,2026-04-20 17:00:00+00:00,6,1.3607739347411152,1.596588997031554
66342,2026-04-20 18:00:00+00:00,6,1.3754558230735567,1.630747113130181
66342,2026-04-20 19:00:00+00:00,6,0.8504256775418975,0.40923934381131405
66342,2026-04-20 20:00:00+00:00,6,0.5827753388800989,0.21346198280517548
66342,2026-04-20 21:00:00+00:00,6,0.7233722513261747,0.11364346505671323
66342,2026-04-20 22:00:00+00:00,6,1.001859379175402,0.7615571005274128
66342,2026-04-20 23:00:00+00:00,6,1.0524377672483893,0.8792301418119598
66342,2026-04-21 00:00:00+00:00,6,0.0,1.5693167089916569
66342,2026-04-21 02:00:00+00:00,6,,
66342,2026-04-21 03:00:00+00:00,6,,
66342,2026-04-21 04:00:00+00:00,6,,
66342,2026-04-21 05:00:00+00:00,6,,
66342,2026-04-21 06:00:00+00:00,6,,
66342,2026-04-21 07:00:00+00:00,6,,
66342,2026-04-21 08:00:00+00:00,6,2.6447379065503313e-14,1.5693167089915954
66342,2026-04-21 09:00:00+00:00,6,0.958342079458638,0.6603120193521651
66342,2026-04-21 10:00:00+00:00,6,0.5755929366656273,0.2301721854135724
66342,2026-04-21 11:00:00+00:00,6,1.0000180494121498,0.7572731586798201
66342,2026-04-21 12:00:00+00:00,6,0.8989327793924764,0.5220934385369109
66342,2026-04-21 13:00:00+00:00,6,1.167536285353644,1.1470123545081239
66342,2026-04-21 14:00:00+00:00,6,1.2072404219800525,1.2393859291990488
66342,2026-04-21 15:00:00+00:00,6,1.0234060823617297,0.811686537035587
66342,2026-04-21 16:00:00+00:00,6,1.3754558230735567,1.630747113130181
66342,2026-04-21 17:00:00+00:00,6,1.0524377672483893,0.8792301418119598
66342,2026-04-21 18:00:00+00:00,6,0.49044194213142184,0.4282800507884918
66342,2026-04-21 19:00:00+00:00,6,0.0,1.5693167089916569
66342,2026-04-21 20:00:00+00:00,6,2.6447379065503313e-14,1.5693167089915954
66342,2026-04-21 21:00:00+00:00,6,1.0000180494121498,0.7572731586798201
66342,2026-04-21 22:00:00+00:00,6,0.8989327793924764,0.5220934385369109
66342,2026-04-21 23:00:00+00:00,6,1.167536285353644,1.1470123545081239
66342,2026-04-22 00:00:00+00:00,6,1.665079984016935,2.3045715892782113
66342,2026-04-22 01:00:00+00:00,6,0.9396088378888489,0.6167282359889205
66342,2026-04-22 02:00:00+00:00,6,1.2679491924311188,1.3806277900767334
66342,2026-04-22 03:00:00+00:00,6,1.219443842585876,1.2677777714754281
66342,2026-04-22 04:00:00+00:00,6,0.6938177173240944,0.04488342678199131
66342,2026-04-22 05:00:00+00:00,6,0.6084946661697658,0.1536247365568295
66342,2026-04-22 06:00:00+00:00,6,0.4255909828347469,0.5791589123221547
66342,2026-04-22 07:00:00+00:00,6,0.31401147565991067,0.8387539776165799
66342,2026-04-22 08:00:00+00:00,6,0.8640096589270624,0.44084312683497145
66342,2026-04-22 09:00:00+00:00,6,0.9781565292822764,0.7064112854806728
66342,2026-04-22 10:00:00+00:00,6,1.0312162812187888,0.8298573385886339
66342,2026-04-22 11:00:00+00:00,6,1.336405137373443,1.5398938233031458
66342,2026-04-22 12:00:00+00:00,6,1.7540747716964744,2.5116222234267704
66342,2026-04-22 13:00:00+00:00,6,1.6281497522146986,2.2186516369610003
66342,2026-04-22 14:00:00+00:00,6,0.891606596003391,0.5050487221422728
66342,2026-04-22 15:00:00+00:00,6,1.1014588509113237,0.9932800398308036
66342,2026-04-22 16:00:00+00:00,6,1.2023148408592192,1.2279263289099729
66342,2026-04-22 17:00:00+00:00,6,1.2433866492248584,1.323481857379297
66342,2026-04-22 18:00:00+00:00,6,0.7466538208746455,0.16780915121288045
66342,2026-04-22 19:00:00+00:00,6,0.5656413052017193,0.2533251324472179
66342,2026-04-22 20:00:00+00:00,6,1.0040032198265214,0.7665448484382915
66342,2026-04-22 21:00:00+00:00,6,0.6928912868638605,0.042728041963537855
66342,2026-04-22 22:00:00+00:00,6,0.8989327793924763,0.5220934385369106
66342,2026-04-22 23:00:00+00:00,6,1.5724575142256603,2.089080979021963
66342,2026-04-23 00:00:00+00:00,6,1.5521646184699531,2.04186858552697
66342,2026-04-23 01:00:00+00:00,6,0.11967899779143196,1.2908777910158231
66342,2026-04-23 02:00:00+00:00,6,1.2464851926001301,1.3306907668841659
66342,2026-04-23 03:00:00+00:00,6,0.304543484188866,0.8607817130526367
66342,2026-04-23 04:00:00+00:00,6,0.4959080900192731,0.4155627960363956
66342,2026-04-23 05:00:00+00:00,6,0.40834130469406715,0.6192911143421995
66342,2026-04-23 06:00:00+00:00,6,0.30620143357457796,0.8569244144326997
66342,2026-04-23 07:00:00+00:00,6,0.4618199023028335,0.49487059672556605
66342,2026-04-23 08:00:00+00:00,6,0.2977972296133329,0.8764771972985405
66342,2026-04-23 09:00:00+00:00,6,0.3051299048416826,0.8594173773290581
66342,2026-04-23 10:00:00+00:00,6,0.7175706081863048,0.10014566453901093
66342,2026-04-23 11:00:00+00:00,6,0.9546814013728264,0.6517952765311101
66342,2026-04-23 12:00:00+00:00,6,1.1673858338933671,1.1466623219829488
66342,2026-04-23 13:00:00+00:00,6,1.2698005377772108,1.3849350336572972
66342,2026-04-23 14:00:00+00:00,6,1.7152897487405208,2.4213870106925883
66342,2026-04-23 15:00:00+00:00,6,1.437647444629454,1.775438898094529
66342,2026-04-23 16:00:00+00:00,6,0.8912623866657899,0.5042479026393736
66342,2026-04-23 17:00:00+00:00,6,0.7582945879712113,0.1948919531630194
66342,2026-04-23 18:00:00+00:00,6,0.14697917702770608,1.2273626170306458
66342,2026-04-23 19:00:00+00:00,6,0.32123350933811895,0.8219515705104493
66342,2026-04-23 20:00:00+00:00,6,0.2883535126896152,0.8984484568381008
66342,2026-04-23 21:00:00+00:00,6,0.5827753388800989,0.21346198280517548
66342,2026-04-23 22:00:00+00:00,6,0.7440660372309987,0.1617885486761825
66342,2026-04-23 23:00:00+00:00,6,0.11967899779143196,1.2908777910158231
66342,2026-04-24 00:00:00+00:00,6,0.6475451668691299,0.06277187714289559
66342,2026-04-24 01:00:00+00:00,6,0.2898263241878743,0.8950218903767714
66342,2026-04-24 02:00:00+00:00,6,1.18922441486789,1.1974708261389648
66342,2026-04-24 03:00:00+00:00,6,0.698979581789546,0.05689275158435153
66342,2026-04-24 04:00:00+00:00,6,0.6470042423486831,0.0640303639363952
66342,2026-04-24 05:00:00+00:00,6,0.4005970488062508,0.6373084964202932
66342,2026-04-24 06:00:00+00:00,6,0.591029565866252,0.19425812855201155
66342,2026-04-24 07:00:00+00:00,6,0.4255909828347469,0.5791589123221547
66342,2026-04-24 08:00:00+00:00,6,0.3051299048416826,0.8594173773290581
66342,2026-04-24 09:00:00+00:00,6,0.4618199023028335,0.49487059672556605
66342,2026-04-24 10:00:00+00:00,6,0.29365377805295145,0.8861171357208897
66342,2026-04-24 11:00:00+00:00,6,0.3656957705341249,0.7185079912138562
66342,2026-04-24 12:00:00+00:00,6,0.5111655488393043,0.38006558764304066
66342,2026-04-24 13:00:00+00:00,6,0.8608827041384327,0.4335681168167331
66342,2026-04-24 14:00:00+00:00,6,1.3548653269869837,1.5828423382178571
66342,2026-04-24 15:00:00+00:00,6,1.351291240893831,1.5745270558133018
66342,2026-04-24 16:00:00+00:00,6,0.891606596003391,0.5050487221422728
66342,2026-04-24 17:00:00+00:00,6,0.6543697941529634,0.04689405503904948
66342,2026-04-24 18:00:00+00:00,6,0.43620583621532316,0.5544629477477305
66342,2026-04-24 19:00:00+00:00,6,0.3381145534923016,0.7826770131082867
66342,2026-04-24 20:00:00+00:00,6,0.40762619188951715,0.6209548585179033
66342,2026-04-24 21:00:00+00:00,6,0.2603023000437267,0.9637109460063581
66342,2026-04-24 22:00:00+00:00,6,0.21735432020160475,1.0636314772371473
66342,2026-04-24 23:00:00+00:00,6,0.47327761238153604,0.4682136856913132
66342,2026-04-25 00:00:00+00:00,6,0.3287467526338275,0.8044716502875875
66342,2026-04-25 01:00:00+00:00,6,0.3954714047660802,0.6492335526691896
66342,2026-04-25 02:00:00+00:00,6,1.2288215643770155,1.2895954901795381
66342,2026-04-25 03:00:00+00:00,6,0.7269314609125702,0.12192413655608754
66342,2026-04-25 04:00:00+00:00,6,0.6729007292549669,0.0037809473584999188
66342,2026-04-25 05:00:00+00:00,6,0.2977972296133329,0.8764771972985405
66342,2026-04-25 06:00:00+00:00,6,0.37852099194279876,0.6886694996010253
66342,2026-04-25 07:00:00+00:00,6,0.42567087414211,0.57897304137079
66342,2026-04-25 08:00:00+00:00,6,0.3955129249929068,0.649136953873703
66342,2026-04-25 09:00:00+00:00,6,0.4136621622782446,0.606911884437352
66342,2026-04-25 10:00:00+00:00,6,0.46118568547100636,0.49634613254784754
66342,2026-04-25 11:00:00+00:00,6,0.42838248186751454,0.5726643561798233
66342,2026-04-25 12:00:00+00:00,6,0.3656957705341249,0.7185079912138562
66342,2026-04-25 13:00:00+00:00,6,0.5701603158476232,0.2428114378325657
66342,2026-04-25 14:00:00+00:00,6,0.46816584213824153,0.4801064638875715
66342,2026-04-25 15:00:00+00:00,6,1.2698005377772108,1.3849350336572972
66342,2026-04-25 16:00:00+00:00,6,0.7466538208746455,0.16780915121288045
66342,2026-04-25 17:00:00+00:00,6,0.5656413052017193,0.2533251324472179
66342,2026-04-25 18:00:00+00:00,6,0.43620583621532316,0.5544629477477305
66342,2026-04-25 19:00:00+00:00,6,0.39220956785484457,0.6568223724031322
66342,2026-04-25 20:00:00+00:00,6,0.2603023000437267,0.9637109460063581
66342,2026-04-25 21:00:00+00:00,6,0.377920320178546,0.6900669912176299
66342,2026-04-25 22:00:00+00:00,6,0.47327761238153604,0.4682136856913132
66342,2026-04-25 23:00:00+00:00,6,0.42748370963386095,0.5747553928100041
66342,2026-04-26 00:00:00+00:00,6,0.5904597659862795,0.1955837952518514
66342,2026-04-26 01:00:00+00:00,6,0.6928912868638605,0.042728041963537855
66342,2026-04-26 02:00:00+00:00,6,1.1092190593463254,1.0113345362736499
66342,2026-04-26 03:00:00+00:00,6,1.6034109429356858,2.1610956128065935
66342,2026-04-26 04:00:00+00:00,6,0.6271113701523501,0.11031208346943651
66342,2026-04-26 05:00:00+00:00,6,0.42567087414211,0.57897304137079
66342,2026-04-26 06:00:00+00:00,6,0.5414138105572518,0.30969155862524345
66342,2026-04-26 07:00:00+00:00,6,0.4331578009093816,0.5615543478112367
66342,2026-04-26 08:00:00+00:00,6,0.37852099194279876,0.6886694996010253
66342,2026-04-26 09:00:00+00:00,6,0.4683297334283938,0.47972516295476136
66342,2026-04-26 10:00:00+00:00,6,0.29365377805295145,0.8861171357208897
66342,2026-04-26 11:00:00+00:00,6,0.4136621622782446,0.606911884437352
66342,2026-04-26 12:00:00+00:00,6,0.46118568547100636,0.49634613254784754
66342,2026-04-26 13:00:00+00:00,6,0.8608827041384327,0.4335681168167331
66342,2026-04-26 14:00:00+00:00,6,0.9949762777077285,0.7455432354354199
66342,2026-04-26 15:00:00+00:00,6,0.7633782097564259,0.20671924262395158
66342,2026-04-26 16:00:00+00:00,6,0.6646692466676404,0.022931885678909223
66342,2026-04-26 17:00:00+00:00,6,0.6761509932184743,0.0037809473584996607
66342,2026-04-26 18:00:00+00:00,6,0.757008178943914,0.1918990609743731
66342,2026-04-26 19:00:00+00:00,6,0.14697917702770608,1.2273626170306458
66342,2026-04-26 20:00:00+00:00,6,0.262849594779026,0.9577845428533309
66342,2026-04-26 21:00:00+00:00,6,0.21735432020160475,1.0636314772371473
66342,2026-04-20 06:00:00+00:00,12,1.3885621139898072,0.3031024560402844
66342,2026-04-20 07:00:00+00:00,12,1.5466113068343779,0.5273299082351858
66342,2026-04-20 08:00:00+00:00,12,1.6138030850316771,0.6226561858482694
66342,2026-04-20 09:00:00+00:00,12,1.6249007848133867,0.6384007075537603
66342,2026-04-20 10:00:00+00:00,12,1.7784152030925355,0.8561945872084796
66342,2026-04-20 11:00:00+00:00,12,1.951705654828195,1.1020451087015115
66342,2026-04-20 12:00:00+00:00,12,2.6340617515761293,2.0701169242527224
66342,2026-04-20 13:00:00+00:00,12,2.614266739555468,2.0420333571577274
66342,2026-04-20 14:00:00+00:00,12,2.3365211101943024,1.6479902512801197
66342,2026-04-20 15:00:00+00:00,12,2.3160405452783377,1.6189340770095226
66342,2026-04-20 16:00:00+00:00,12,2.088336969907214,1.2958866027250584
66342,2026-04-20 17:00:00+00:00,12,1.872842681711114,0.9901606807187111
66342,2026-04-20 18:00:00+00:00,12,1.9559184531725127,1.1080218873383136
66342,2026-04-20 19:00:00+00:00,12,1.954491112684441,1.1059968917322325
66342,2026-04-20 20:00:00+00:00,12,2.237078719123653,1.5069094043069318
66342,2026-04-20 21:00:00+00:00,12,1.8732784407967422,0.9907789005766088
66342,2026-04-20 22:00:00+00:00,12,1.326282740410379,0.21474550203962137
66342,2026-04-20 23:00:00+00:00,12,0.9282042686629052,0.35001613885883376
66342,2026-04-21 00:00:00+00:00,12,1.323886713721355,0.21134621255132152
66342,2026-04-21 02:00:00+00:00,12,1.710646320062354,0.760049559787203
66342,2026-04-21 03:00:00+00:00,12,1.929304413870577,1.0702640341162686
66342,2026-04-21 04:00:00+00:00,12,1.8956549471587503,1.022524883711811
66342,2026-04-21 05:00:00+00:00,12,1.3248360145683515,0.21269300405627922
66342,2026-04-21 06:00:00+00:00,12,1.7448268040106047,0.8085420746337808
66342,2026-04-21 07:00:00+00:00,12,1.0258852318834015,0.21143426370547272
66342,2026-04-21 08:00:00+00:00,12,1.6711277012583343,0.7039837295908973
66342,2026-04-21 09:00:00+00:00,12,1.7680459852278312,0.8414835769134569
66342,2026-04-21 10:00:00+00:00,12,1.7012048500678305,0.7466547633713265
66342,2026-04-21 11:00:00+00:00,12,1.7784152030925353,0.8561945872084793
66342,2026-04-21 12:00:00+00:00,12,1.7784152030925355,0.8561945872084796
66342,2026-04-21 13:00:00+00:00,12,2.064549025430445,1.2621381849889093
66342,2026-04-21 14:00:00+00:00,12,2.6340617515761293,2.0701169242527224
66342,2026-04-21 15:00:00+00:00,12,2.614266739555468,2.0420333571577274
66342,2026-04-21 16:00:00+00:00,12,2.543999760797369,1.942344232925018
66342,2026-04-21 17:00:00+00:00,12,2.080731937997874,1.2850971966028188
66342,2026-04-21 18:00:00+00:00,12,1.9972510310536964,1.1666612164240333
66342,2026-04-21 19:00:00+00:00,12,2.062328951753018,1.258988523447367
66342,2026-04-21 20:00:00+00:00,12,1.929304413870577,1.0702640341162686
66342,2026-04-21 21:00:00+00:00,12,1.6875236995506002,0.7272450500513076
66342,2026-04-21 22:00:00+00:00,12,3.3805266985291937,3.129141207740784
66342,2026-04-21 23:00:00+00:00,12,2.663078811431397,2.1112839892938715
66342,2026-04-22 00:00:00+00:00,12,2.09955518637644,1.3118021037902183
66342,2026-04-22 01:00:00+00:00,12,1.6593120287303447,0.6872206060390682
66342,2026-04-22 02:00:00+00:00,12,1.136707767171382,0.054208185633432285
66342,2026-04-22 03:00:00+00:00,12,0.853685061471495,0.4557379819595837
66342,2026-04-22 04:00:00+00:00,12,0.5954960045888462,0.8220357995405583
66342,2026-04-22 05:00:00+00:00,12,1.0951795293894722,0.11312510121135066
66342,2026-04-22 06:00:00+00:00,12,1.0511864444857015,0.1755389431590752
66342,2026-04-22 07:00:00+00:00,12,1.1346548702095383,0.057120670329419226
66342,2026-04-22 08:00:00+00:00,12,1.1526865647601905,0.03153875589455326
66342,2026-04-22 09:00:00+00:00,12,1.0989235984031174,0.1078133179579104
66342,2026-04-22 10:00:00+00:00,12,1.2553982604044593,0.1141803168221393
66342,2026-04-22 11:00:00+00:00,12,1.5259880762888314,0.4980713314716613
66342,2026-04-22 12:00:00+00:00,12,2.2609842607099457,1.5408246593408825
66342,2026-04-22 13:00:00+00:00,12,2.72759438838689,2.2028134883520587
66342,2026-04-22 14:00:00+00:00,12,2.8464308267058236,2.371409045928716
66342,2026-04-22 15:00:00+00:00,12,2.487806441860006,1.8626216825663353
66342,2026-04-22 16:00:00+00:00,12,1.6209425883707445,0.6327851375679432
66342,2026-04-22 17:00:00+00:00,12,1.4355174847628667,0.3697189503469919
66342,2026-04-22 18:00:00+00:00,12,1.1942526431782787,0.027431844927098298
66342,2026-04-22 19:00:00+00:00,12,1.5116375536064754,0.4777119668914559
66342,2026-04-22 20:00:00+00:00,12,1.4330018006670777,0.3661499005772742
66342,2026-04-22 21:00:00+00:00,12,1.2724760787048173,0.13840894853873756
66342,2026-04-22 22:00:00+00:00,12,1.2938447387065706,0.1687250805149651
66342,2026-04-22 23:00:00+00:00,12,1.3906219636956305,0.30602480472886895
66342,2026-04-23 00:00:00+00:00,12,2.1016870587235434,1.3148266323954725
66342,2026-04-23 01:00:00+00:00,12,1.4352739780524264,0.36937348265878883
66342,2026-04-23 02:00:00+00:00,12,0.9003560394228988,0.38952496125925573
66342,2026-04-23 03:00:00+00:00,12,0.6258598788363436,0.7789579828257441
66342,2026-04-23 04:00:00+00:00,12,0.5842645408106188,0.8379700948196737
66342,2026-04-23 05:00:00+00:00,12,0.8528382470710585,0.45693937395706496
66342,2026-04-23 06:00:00+00:00,12,0.5377105485426155,0.9040171456642876
66342,2026-04-23 07:00:00+00:00,12,0.7648845978796976,0.5817209202242307
66342,2026-04-23 08:00:00+00:00,12,0.8153603769717537,0.510109954425153
66342,2026-04-23 09:00:00+00:00,12,0.8275393153155463,0.4928314586219318
66342,2026-04-23 10:00:00+00:00,12,0.8666435298928508,0.4373535517314195
66342,2026-04-23 11:00:00+00:00,12,0.9551591850491423,0.311774676712574
66342,2026-04-23 12:00:00+00:00,12,1.0963399855454334,0.11147873957829267
66342,2026-04-23 13:00:00+00:00,12,1.3280994763349625,0.2173229404962728
66342,2026-04-23 14:00:00+00:00,12,1.432921667921668,0.36603621469873726
66342,2026-04-23 15:00:00+00:00,12,1.4878073295338243,0.44390356627343447
66342,2026-04-23 16:00:00+00:00,12,1.1181847252156156,0.08048718415211065
66342,2026-04-23 17:00:00+00:00,12,0.9563684436674174,0.31005907808065186
66342,2026-04-23 18:00:00+00:00,12,0.6859264364749896,0.6937403936750226
66342,2026-04-23 19:00:00+00:00,12,0.6446161648964753,0.752348076376946
66342,2026-04-23 20:00:00+00:00,12,0.6548733658064261,0.7377959867060339
66342,2026-04-23 21:00:00+00:00,12,0.5764480731533124,0.849059468934259
66342,2026-04-23 22:00:00+00:00,12,0.5329040875178107,0.9108361650484987
66342,2026-04-23 23:00:00+00:00,12,0.6325556101060082,0.7694586191393057
66342,2026-04-24 00:00:00+00:00,12,0.850761388428526,0.4598858535537181
66342,2026-04-24 01:00:00+00:00,12,1.2885512801763304,0.16121514833389794
66342,2026-04-24 02:00:00+00:00,12,1.1749170047159696,0.0
66342,2026-04-24 03:00:00+00:00,12,1.5855293913085418,0.5825437487419802
66342,2026-04-24 04:00:00+00:00,12,1.0003778026625125,0.2476221477642441
66342,2026-04-24 05:00:00+00:00,12,0.5377105485426155,0.9040171456642876
66342,2026-04-24 06:00:00+00:00,12,0.4944068078270832,0.9654530016556646
66342,2026-04-24 07:00:00+00:00,12,0.424172563799486,1.065095684491954
66342,2026-04-24 08:00:00+00:00,12,0.4748471148204894,0.9932027171059427
66342,2026-04-24 09:00:00+00:00,12,0.4285062315039412,1.058947426152002
66342,2026-04-24 10:00:00+00:00,12,0.4189221501526786,1.0725445480628724
66342,2026-04-24 11:00:00+00:00,12,0.8383656100897124,0.47747198445929195
66342,2026-04-24 12:00:00+00:00,12,1.1086717746910828,0.09398339138089322
66342,2026-04-24 13:00:00+00:00,12,1.4414714556306405,0.37816596417917586
66342,2026-04-24 14:00:00+00:00,12,1.5178898629122402,0.4865822392461195
66342,2026-04-24 15:00:00+00:00,12,1.1376829853239172,0.052824624744942275
66342,2026-04-24 16:00:00+00:00,12,0.7084675262138834,0.6617609129141222
66342,2026-04-24 17:00:00+00:00,12,0.6479412167857318,0.7476307608366065
66342,2026-04-24 18:00:00+00:00,12,0.6249437316874354,0.7802577385368494
66342,2026-04-24 19:00:00+00:00,12,0.6649849658547832,0.7234504637985765
66342,2026-04-24 20:00:00+00:00,12,0.6706526651789478,0.7154095889520089
66342,2026-04-24 21:00:00+00:00,12,0.37254853786511916,1.1383356903342503
66342,2026-04-24 22:00:00+00:00,12,0.432051360525685,1.0539178829196643
66342,2026-04-24 23:00:00+00:00,12,0.5382177282259502,0.9032976000206031
66342,2026-04-25 00:00:00+00:00,12,0.5444963131653914,0.8943900499153351
66342,2026-04-25 01:00:00+00:00,12,0.8238581766292699,0.4980539614006177
66342,2026-04-25 02:00:00+00:00,12,1.1749170047159696,0.0
66342,2026-04-25 03:00:00+00:00,12,1.3248360145683515,0.21269300405627922
66342,2026-04-25 04:00:00+00:00,12,1.072193848070847,0.14573533266066807
66342,2026-04-25 05:00:00+00:00,12,0.8063528089911812,0.5228891656467021
66342,2026-04-25 06:00:00+00:00,12,0.6345846662313513,0.7665799578999941
66342,2026-04-25 07:00:00+00:00,12,0.6205399300804509,0.78650549720321
66342,2026-04-25 08:00:00+00:00,12,0.6354298502178649,0.7653808790023358
66342,2026-04-25 09:00:00+00:00,12,0.7226305383268207,0.6416675732118907
66342,2026-04-25 10:00:00+00:00,12,0.7733656701557451,0.5696886586598892
66342,2026-04-25 11:00:00+00:00,12,0.8397581247865095,0.4754963968780645
66342,2026-04-25 12:00:00+00:00,12,0.9705998353638663,0.28986872693839333
66342,2026-04-25 13:00:00+00:00,12,1.1914792706886914,0.02349720764021793
66342,2026-04-25 14:00:00+00:00,12,1.432921667921668,0.36603621469873726
66342,2026-04-25 15:00:00+00:00,12,1.4545277102024359,0.39668912551363933
66342,2026-04-25 16:00:00+00:00,12,1.1181847252156156,0.08048718415211065
66342,2026-04-25 17:00:00+00:00,12,0.7084675262138834,0.6617609129141222
66342,2026-04-25 18:00:00+00:00,12,0.6479412167857318,0.7476307608366065
66342,2026-04-25 19:00:00+00:00,12,0.6249437316874354,0.7802577385368494
66342,2026-04-25 20:00:00+00:00,12,0.6548733658064261,0.7377959867060339
66342,2026-04-25 21:00:00+00:00,12,0.37254853786511916,1.1383356903342503
66342,2026-04-25 22:00:00+00:00,12,0.432051360525685,1.0539178829196643
66342,2026-04-25 23:00:00+00:00,12,0.5382177282259502,0.9032976000206031
66342,2026-04-26 00:00:00+00:00,12,0.7691126885673196,0.5757224460436836
66342,2026-04-26 01:00:00+00:00,12,1.2888011157756305,0.1615695949393529
66342,2026-04-26 02:00:00+00:00,12,1.605291980907044,0.6105813175184528
66342,2026-04-26 03:00:00+00:00,12,1.240742846925911,0.09338839776191737
66342,2026-04-26 04:00:00+00:00,12,0.7912004378602776,0.5443861281571994
66342,2026-04-26 05:00:00+00:00,12,0.6320225982929206,0.770214813325985
66342,2026-04-26 06:00:00+00:00,12,0.4944068078270832,0.9654530016556646
66342,2026-04-26 07:00:00+00:00,12,0.424172563799486,1.065095684491954
66342,2026-04-26 08:00:00+00:00,12,0.4748471148204894,0.9932027171059427
66342,2026-04-26 09:00:00+00:00,12,0.4285062315039412,1.058947426152002
66342,2026-04-26 10:00:00+00:00,12,0.4189221501526786,1.0725445480628724
66342,2026-04-26 11:00:00+00:00,12,1.1198229544916387,0.0781629965364548
66342,2026-04-26 12:00:00+00:00,12,1.264557110599607,0.127174155052698
66342,2026-04-26 13:00:00+00:00,12,1.4414714556306405,0.37816596417917586
66342,2026-04-26 14:00:00+00:00,12,1.6244677666765077,0.637786376332961
66342,2026-04-26 15:00:00+00:00,12,1.6115371759209098,0.6194414966893553
66342,2026-04-26 16:00:00+00:00,12,1.320276748368165,0.206224684759315
66342,2026-04-26 17:00:00+00:00,12,1.1887757877388516,0.019661723997532826
66342,2026-04-26 18:00:00+00:00,12,1.0455601909640586,0.18352101804256563
66342,2026-04-20 12:00:00+00:00,24,3.2686732218822163,6.229433021550885
66342,2026-04-20 13:00:00+00:00,24,3.123751016812312,5.791113524665146
66342,2026-04-20 14:00:00+00:00,24,3.120312940452861,5.780715008444652
66342,2026-04-20 15:00:00+00:00,24,3.032436277625465,5.514930654556837
66342,2026-04-20 16:00:00+00:00,24,2.9813061811806025,5.360286870751443
66342,2026-04-20 17:00:00+00:00,24,3.2231563710642757,6.09176658775132
66342,2026-04-20 18:00:00+00:00,24,3.193561894289697,6.002257625586599
66342,2026-04-20 19:00:00+00:00,24,3.2045657791767965,6.035539049128116
66342,2026-04-20 20:00:00+00:00,24,3.155765834336842,5.88794284563409
66342,2026-04-20 21:00:00+00:00,24,3.207895178705389,6.0456088705581745
66342,2026-04-20 22:00:00+00:00,24,3.217675695597488,6.075190198287485
66342,2026-04-20 23:00:00+00:00,24,2.9921484273640444,5.393079415482219
66342,2026-04-21 00:00:00+00:00,24,2.986108247977737,5.374810797581817
66342,2026-04-21 02:00:00+00:00,24,3.296808663575069,6.314529109079505
66342,2026-04-21 03:00:00+00:00,24,3.6330225915247882,7.33141344142743
66342,2026-04-21 04:00:00+00:00,24,3.502195700436766,6.935725444179756
66342,2026-04-21 05:00:00+00:00,24,3.6174067651996022,7.284183128205181
66342,2026-04-21 06:00:00+00:00,24,4.2524362739902015,9.204839901723295
66342,2026-04-21 07:00:00+00:00,24,4.310969761724491,9.381875359348891
66342,2026-04-21 08:00:00+00:00,24,4.288894117807547,9.315107225849708
66342,2026-04-21 09:00:00+00:00,24,4.009324144527473,8.46954342854637
66342,2026-04-21 10:00:00+00:00,24,4.010259648820731,8.472372876048619
66342,2026-04-21 11:00:00+00:00,24,3.990523254085512,8.412679838625493
66342,2026-04-21 12:00:00+00:00,24,3.990523254085512,8.412679838625493
66342,2026-04-21 13:00:00+00:00,24,4.1227385264770255,8.812567017041701
66342,2026-04-21 14:00:00+00:00,24,3.7479308871267527,7.678955395346472
66342,2026-04-21 15:00:00+00:00,24,3.8980698859704774,8.133053167350193
66342,2026-04-21 16:00:00+00:00,24,3.898069885970477,8.133053167350191
66342,2026-04-21 17:00:00+00:00,24,4.055610100065187,8.6095360317115
66342,2026-04-21 18:00:00+00:00,24,4.43879207792446,9.7684759724193
66342,2026-04-21 19:00:00+00:00,24,4.8586127222055,11.038230138074939
66342,2026-04-21 20:00:00+00:00,24,4.160350167984592,8.92632402049532
66342,2026-04-21 21:00:00+00:00,24,3.2477281789915766,6.166084408702722
66342,2026-04-21 22:00:00+00:00,24,2.298520926165334,3.295192088934303
66342,2026-04-21 23:00:00+00:00,24,2.3811190570985845,3.545011439784652
66342,2026-04-22 00:00:00+00:00,24,2.075051147121755,2.619304214662026
66342,2026-04-22 01:00:00+00:00,24,1.499102732218832,0.8773391422245987
66342,2026-04-22 02:00:00+00:00,24,1.4618971143271706,0.7648101636065205
66342,2026-04-22 03:00:00+00:00,24,1.3648262878060826,0.4712179164937838
66342,2026-04-22 04:00:00+00:00,24,1.1861629163117728,0.06915227085964051
66342,2026-04-22 05:00:00+00:00,24,1.2286830345488855,0.059450497944652986
66342,2026-04-22 06:00:00+00:00,24,1.5202320288291444,0.9412450333564263
66342,2026-04-22 07:00:00+00:00,24,1.8977204157108682,2.082964618277142
66342,2026-04-22 08:00:00+00:00,24,2.1573505403035687,2.8682200284674657
66342,2026-04-22 09:00:00+00:00,24,2.1397205383926976,2.814897809391789
66342,2026-04-22 10:00:00+00:00,24,2.1580387561089425,2.8703015480345657
66342,2026-04-22 11:00:00+00:00,24,2.1902988931315086,2.9678728416977798
66342,2026-04-22 12:00:00+00:00,24,2.224624219526644,3.0716903332181245
66342,2026-04-22 13:00:00+00:00,24,2.230901731664359,3.0906767677715474
66342,2026-04-22 14:00:00+00:00,24,2.225285052049543,3.0736890316151237
66342,2026-04-22 15:00:00+00:00,24,2.2112064478512172,3.0311080709811966
66342,2026-04-22 16:00:00+00:00,24,2.2257326064277874,3.0750426668969393
66342,2026-04-22 17:00:00+00:00,24,2.223264384258044,3.06757748998273
66342,2026-04-22 18:00:00+00:00,24,2.993319513769857,5.39662138480264
66342,2026-04-22 19:00:00+00:00,24,3.3546005889429416,6.489321699622033
66342,2026-04-22 20:00:00+00:00,24,3.5937635339679925,7.212673802127831
66342,2026-04-22 21:00:00+00:00,24,2.6646902691696788,4.402677046972498
66342,2026-04-22 22:00:00+00:00,24,2.511598061909626,3.9396472494960815
66342,2026-04-22 23:00:00+00:00,24,2.4301808688313895,3.6933996638297724
66342,2026-04-23 00:00:00+00:00,24,2.281470196312746,3.243621887342932
66342,2026-04-23 01:00:00+00:00,24,2.3539932191087116,3.4629689145926705
66342,2026-04-23 02:00:00+00:00,24,2.012706293493213,2.430741220725409
66342,2026-04-23 03:00:00+00:00,24,1.499102732218832,0.8773391422245987
66342,2026-04-23 04:00:00+00:00,24,1.4618971143271706,0.7648101636065205
66342,2026-04-23 05:00:00+00:00,24,1.3648262878060826,0.4712179164937838
66342,2026-04-23 06:00:00+00:00,24,1.1861629163117728,0.06915227085964051
66342,2026-04-23 07:00:00+00:00,24,1.2286830345488855,0.059450497944652986
66342,2026-04-23 08:00:00+00:00,24,1.1474075828876347,0.18636838856854065
66342,2026-04-23 09:00:00+00:00,24,1.077452087918959,0.3979498873752432
66342,2026-04-23 10:00:00+00:00,24,1.0646778817699176,0.43658567551869404
66342,2026-04-23 11:00:00+00:00,24,1.067492544340623,0.4280726841430828
66342,2026-04-23 12:00:00+00:00,24,1.0838165724779711,0.37870040336071564
66342,2026-04-23 13:00:00+00:00,24,1.083154002336769,0.38070435721170187
66342,2026-04-23 14:00:00+00:00,24,1.084811433408748,0.37569143077132505
66342,2026-04-23 15:00:00+00:00,24,1.0872412933825777,0.3683422809242185
66342,2026-04-23 16:00:00+00:00,24,1.0851595358148514,0.37463858954913726
66342,2026-04-23 17:00:00+00:00,24,1.0950150948495005,0.3448302956751143
66342,2026-04-23 18:00:00+00:00,24,1.0884636736494853,0.36464517251122175
66342,2026-04-23 19:00:00+00:00,24,1.096190923605086,0.34127398304294465
66342,2026-04-23 20:00:00+00:00,24,1.076893513070222,0.39963930582256385
66342,2026-04-23 21:00:00+00:00,24,1.0719212035275363,0.4146781345242032
66342,2026-04-23 22:00:00+00:00,24,1.002927622902495,0.623350308214402
66342,2026-04-23 23:00:00+00:00,24,0.9860189820187448,0.6744907594765952
66342,2026-04-24 00:00:00+00:00,24,0.8217556702806759,1.1713077387868802
66342,2026-04-24 01:00:00+00:00,24,0.790817774507329,1.2648798929197524
66342,2026-04-24 02:00:00+00:00,24,0.8155481412049809,1.1900825084645137
66342,2026-04-24 03:00:00+00:00,24,0.7899717300509699,1.2674387677331422
66342,2026-04-24 04:00:00+00:00,24,0.7130862898632627,1.499979995246612
66342,2026-04-24 05:00:00+00:00,24,1.2090268309899348,0.0
66342,2026-04-24 06:00:00+00:00,24,1.1983862083799417,0.03218273105017601
66342,2026-04-24 07:00:00+00:00,24,1.1311140741890635,0.23564836282656568
66342,2026-04-24 08:00:00+00:00,24,1.1496958218275735,0.17944757377397877
66342,2026-04-24 09:00:00+00:00,24,1.1350322489787408,0.223797781325316
66342,2026-04-24 10:00:00+00:00,24,1.1231217197201173,0.25982136508023124
66342,2026-04-24 11:00:00+00:00,24,1.067492544340623,0.4280726841430828
66342,2026-04-24 12:00:00+00:00,24,1.0838165724779711,0.37870040336071564
66342,2026-04-24 13:00:00+00:00,24,1.083154002336769,0.38070435721170187
66342,2026-04-24 14:00:00+00:00,24,1.084811433408748,0.37569143077132505
66342,2026-04-24 15:00:00+00:00,24,1.0872412933825777,0.3683422809242185
66342,2026-04-24 16:00:00+00:00,24,1.0851595358148514,0.37463858954913726
66342,2026-04-24 17:00:00+00:00,24,1.0950150948495005,0.3448302956751143
66342,2026-04-24 18:00:00+00:00,24,1.0884636736494853,0.36464517251122175
66342,2026-04-24 19:00:00+00:00,24,1.096190923605086,0.34127398304294465
66342,2026-04-24 20:00:00+00:00,24,1.071477099879915,0.41602133301677774
66342,2026-04-24 21:00:00+00:00,24,1.1407959163391945,0.20636547841195468
66342,2026-04-24 22:00:00+00:00,24,1.1559561190539285,0.16051320599170885
66342,2026-04-24 23:00:00+00:00,24,1.148160051410285,0.18409253564378458
66342,2026-04-25 00:00:00+00:00,24,1.0932506336961823,0.3501669362860121
66342,2026-04-25 01:00:00+00:00,24,1.025904433253934,0.5538565826088343
66342,2026-04-25 02:00:00+00:00,24,1.0968824202127192,0.3391825406376225
66342,2026-04-25 03:00:00+00:00,24,1.0434359638878423,0.5008321914647376
66342,2026-04-25 04:00:00+00:00,24,1.1855899980693176,0.07088507112767738
66342,2026-04-25 05:00:00+00:00,24,1.2218332179979188,0.038733119659309465
66342,2026-04-25 06:00:00+00:00,24,1.1983862083799417,0.03218273105017601
66342,2026-04-25 07:00:00+00:00,24,1.1311140741890635,0.23564836282656568
66342,2026-04-25 08:00:00+00:00,24,1.1474075828876347,0.18636838856854065
66342,2026-04-25 09:00:00+00:00,24,1.077452087918959,0.3979498873752432
66342,2026-04-25 10:00:00+00:00,24,1.0646778817699176,0.43658567551869404
66342,2026-04-25 11:00:00+00:00,24,1.0925084350796854,0.3524117277174926
66342,2026-04-25 12:00:00+00:00,24,1.0925084350796854,0.3524117277174926
66342,2026-04-25 13:00:00+00:00,24,1.093638243774355,0.34899460348600686
66342,2026-04-25 14:00:00+00:00,24,1.09457483061771,0.34616188179390195
66342,2026-04-25 15:00:00+00:00,24,1.1020988347449863,0.3234054125417047
66342,2026-04-25 16:00:00+00:00,24,1.1110141188327507,0.2964409950871303
66342,2026-04-25 17:00:00+00:00,24,1.1097065687359056,0.3003957009952112
66342,2026-04-25 18:00:00+00:00,24,1.1014279406068985,0.32543454245266873
66342,2026-04-25 19:00:00+00:00,24,1.104077460536453,0.3174210276020573
66342,2026-04-25 20:00:00+00:00,24,1.071477099879915,0.41602133301677774
66342,2026-04-25 21:00:00+00:00,24,1.0719212035275363,0.4146781345242032
66342,2026-04-25 22:00:00+00:00,24,1.002927622902495,0.623350308214402
66342,2026-04-25 23:00:00+00:00,24,0.9860189820187448,0.6744907594765952
66342,2026-04-26 00:00:00+00:00,24,0.8217556702806759,1.1713077387868802
66342,2026-04-26 01:00:00+00:00,24,0.790817774507329,1.2648798929197524
66342,2026-04-26 02:00:00+00:00,24,0.8155481412049809,1.1900825084645137
66342,2026-04-26 03:00:00+00:00,24,0.7899717300509699,1.2674387677331422
66342,2026-04-26 04:00:00+00:00,24,0.7130862898632627,1.499979995246612
66342,2026-04-26 05:00:00+00:00,24,1.2090268309899348,0.0
66342,2026-04-26 06:00:00+00:00,24,1.2224000426550907,0.0404474897824676
66342,2026-04-26 07:00:00+00:00,24,1.2485633499059159,0.11957882556028747
66342,2026-04-26 08:00:00+00:00,24,1.2303300714657106,0.06443198709869112
66342,2026-04-26 09:00:00+00:00,24,1.2425334130115535,0.10134118623845424
66342,2026-04-26 10:00:00+00:00,24,1.2441483325992022,0.10622553602341414
66342,2026-04-26 11:00:00+00:00,24,1.2068118952033913,0.00669910824999991
66342,2026-04-26 12:00:00+00:00,24,1.2046200521606099,0.013328372131963626
