facility_num,hour_start,raw_sessions,raw_unique_devices,clean_sessions,clean_unique_devices,mean_signal_level,median_session_duration,trusted_unique_devices,local_unique_devices,footfall_plan_a,estimated_total_footfall
66330,2026-04-20 00:00:00+00:00,157,156,143.0,142.0,83.2867132867133,0.0,0.0,142.0,516.98,516.98
66330,2026-04-20 01:00:00+00:00,78,74,75.0,72.0,82.72,0.0,0.0,71.0,516.98,516.98
66330,2026-04-20 02:00:00+00:00,118,115,111.0,111.0,78.8108108108108,0.0,0.0,110.0,516.98,516.98
66330,2026-04-20 03:00:00+00:00,121,118,115.0,114.0,78.65217391304348,0.0,0.0,112.0,516.98,516.98
66330,2026-04-20 04:00:00+00:00,143,137,139.0,135.0,81.0431654676259,0.0,0.0,135.0,516.98,516.98
66330,2026-04-20 05:00:00+00:00,238,236,233.0,233.0,80.78969957081546,0.0,3.0,230.0,524.02,524.02
66330,2026-04-20 06:00:00+00:00,656,655,647.0,646.0,81.05718701700154,0.0,11.0,638.0,542.82,542.82
66330,2026-04-20 07:00:00+00:00,860,851,847.0,842.0,81.60448642266824,0.0,8.0,837.0,535.77,535.77
66330,2026-04-20 08:00:00+00:00,1288,1282,1283.0,1277.0,81.22992985190959,0.0,6.0,1260.0,531.07,531.07
66330,2026-04-20 09:00:00+00:00,2184,2173,2173.0,2164.0,81.2586286240221,0.0,15.0,2147.0,552.22,552.22
66330,2026-04-20 10:00:00+00:00,3355,3341,3346.0,3333.0,81.21966527196653,0.0,16.0,3313.0,554.57,554.57
66330,2026-04-20 11:00:00+00:00,4305,4292,4297.0,4284.0,81.3846869909239,0.0,22.0,4261.0,568.67,568.67
66330,2026-04-20 12:00:00+00:00,3587,3569,3573.0,3561.0,81.46403582423734,0.0,11.0,3540.0,542.82,542.82
66330,2026-04-20 13:00:00+00:00,4360,4346,4349.0,4338.0,81.43090365601287,0.0,16.0,4323.0,554.57,554.57
66330,2026-04-20 14:00:00+00:00,4133,4117,4124.0,4110.0,82.35184287099904,0.0,13.0,4098.0,547.52,547.52
66330,2026-04-20 15:00:00+00:00,4638,4622,4626.0,4611.0,81.78620838737571,0.0,17.0,4584.0,556.92,556.92
66330,2026-04-20 16:00:00+00:00,4793,4781,4781.0,4771.0,81.51976573938506,0.0,16.0,4750.0,554.57,554.57
66330,2026-04-20 17:00:00+00:00,4238,4224,4225.0,4215.0,81.61041420118343,0.0,17.0,4197.0,556.92,556.92
66330,2026-04-20 18:00:00+00:00,2983,2974,2968.0,2960.0,82.16745283018868,0.0,6.0,2944.0,531.07,531.07
66330,2026-04-20 19:00:00+00:00,1960,1952,1958.0,1950.0,81.83401430030644,0.0,7.0,1942.0,533.42,533.42
66330,2026-04-20 20:00:00+00:00,2103,2093,2090.0,2084.0,81.95885167464115,0.0,10.0,2067.0,540.47,540.47
66330,2026-04-20 21:00:00+00:00,1397,1384,1387.0,1378.0,81.43907714491709,0.0,5.0,1367.0,528.72,528.72
66330,2026-04-20 22:00:00+00:00,601,598,597.0,594.0,81.9179229480737,0.0,1.0,589.0,519.33,519.33
66330,2026-04-20 23:00:00+00:00,273,269,268.0,265.0,82.08582089552239,0.0,1.0,260.0,519.33,519.33
66330,2026-04-21 00:00:00+00:00,149,141,135.0,131.0,81.62222222222222,0.0,0.0,127.0,516.98,516.98
66330,2026-04-21 01:00:00+00:00,151,149,145.0,144.0,80.38620689655173,0.0,0.0,143.0,516.98,516.98
66330,2026-04-21 02:00:00+00:00,119,116,111.0,110.0,80.009009009009,0.0,0.0,107.0,516.98,516.98
66330,2026-04-21 03:00:00+00:00,126,125,124.0,123.0,75.9758064516129,0.0,0.0,123.0,516.98,516.98
66330,2026-04-21 04:00:00+00:00,120,117,116.0,114.0,82.66379310344827,0.0,1.0,111.0,519.33,519.33
66330,2026-04-21 05:00:00+00:00,382,375,372.0,369.0,80.4274193548387,0.0,1.0,366.0,519.33,519.33
66330,2026-04-21 06:00:00+00:00,542,542,536.0,536.0,80.84701492537313,0.0,6.0,533.0,531.07,531.07
66330,2026-04-21 07:00:00+00:00,837,835,832.0,830.0,80.86658653846153,0.0,9.0,817.0,538.12,538.12
66330,2026-04-21 08:00:00+00:00,1263,1252,1256.0,1246.0,81.65843949044586,0.0,2.0,1239.0,521.67,521.67
66330,2026-04-21 09:00:00+00:00,1840,1829,1834.0,1824.0,81.32606324972737,0.0,7.0,1808.0,533.42,533.42
66330,2026-04-21 10:00:00+00:00,2496,2485,2490.0,2479.0,81.80522088353413,0.0,7.0,2464.0,533.42,533.42
66330,2026-04-21 11:00:00+00:00,3491,3482,3486.0,3478.0,81.44865174985657,0.0,14.0,3459.0,549.87,549.87
66330,2026-04-21 12:00:00+00:00,4236,4217,4229.0,4213.0,81.77394183021991,0.0,15.0,4185.0,552.22,552.22
66330,2026-04-21 13:00:00+00:00,3555,3545,3547.0,3537.0,82.2565548350719,0.0,10.0,3509.0,540.47,540.47
66330,2026-04-21 14:00:00+00:00,3825,3805,3810.0,3796.0,82.61233595800525,0.0,18.0,3762.0,559.27,559.27
66330,2026-04-21 15:00:00+00:00,3536,3527,3530.0,3522.0,82.10736543909348,0.0,11.0,3497.0,542.82,542.82
66330,2026-04-21 16:00:00+00:00,4021,4011,4013.0,4005.0,82.28955893346624,0.0,25.0,3987.0,575.71,575.71
66330,2026-04-21 17:00:00+00:00,3687,3680,3683.0,3676.0,81.532717893022,0.0,11.0,3660.0,542.82,542.82
66330,2026-04-21 18:00:00+00:00,3095,3082,3083.0,3072.0,82.18520921180668,0.0,12.0,3056.0,545.17,545.17
66330,2026-04-21 19:00:00+00:00,2388,2382,2377.0,2373.0,81.59234328986118,0.0,12.0,2357.0,545.17,545.17
66330,2026-04-21 20:00:00+00:00,1542,1532,1535.0,1527.0,81.73029315960912,0.0,8.0,1518.0,535.77,535.77
66330,2026-04-21 21:00:00+00:00,1143,1136,1135.0,1130.0,81.99030837004405,0.0,5.0,1128.0,528.72,528.72
66330,2026-04-21 22:00:00+00:00,601,599,596.0,594.0,81.52348993288591,0.0,0.0,589.0,516.98,516.98
66330,2026-04-21 23:00:00+00:00,205,204,202.0,201.0,81.76237623762377,0.0,1.0,198.0,519.33,519.33
66330,2026-04-22 00:00:00+00:00,197,194,184.0,182.0,79.40760869565217,0.0,0.0,180.0,516.98,516.98
66330,2026-04-22 01:00:00+00:00,65,62,62.0,60.0,81.01612903225806,0.0,0.0,58.0,516.98,516.98
66330,2026-04-22 02:00:00+00:00,75,70,69.0,66.0,79.79710144927536,0.0,1.0,64.0,519.33,519.33
66330,2026-04-22 03:00:00+00:00,163,160,158.0,156.0,80.72784810126582,0.0,0.0,154.0,516.98,516.98
66330,2026-04-22 04:00:00+00:00,201,195,194.0,191.0,79.97938144329896,0.0,1.0,189.0,519.33,519.33
66330,2026-04-22 05:00:00+00:00,368,363,362.0,358.0,81.11049723756906,0.0,2.0,357.0,521.67,521.67
66330,2026-04-22 06:00:00+00:00,609,605,600.0,598.0,81.17833333333333,0.0,7.0,591.0,533.42,533.42
66330,2026-04-22 07:00:00+00:00,920,915,913.0,909.0,81.41401971522454,0.0,10.0,905.0,540.47,540.47
66330,2026-04-22 08:00:00+00:00,1195,1189,1185.0,1182.0,81.61097046413502,0.0,6.0,1167.0,531.07,531.07
66330,2026-04-22 09:00:00+00:00,1981,1971,1974.0,1964.0,81.71884498480243,0.0,8.0,1952.0,535.77,535.77
66330,2026-04-22 10:00:00+00:00,2720,2703,2714.0,2698.0,81.4473102431835,0.0,13.0,2670.0,547.52,547.52
66330,2026-04-22 11:00:00+00:00,3835,3814,3823.0,3807.0,81.73031650536228,0.0,14.0,3779.0,549.87,549.87
66330,2026-04-22 12:00:00+00:00,4130,4113,4120.0,4106.0,81.4871359223301,0.0,10.0,4083.0,540.47,540.47
66330,2026-04-22 13:00:00+00:00,3708,3692,3699.0,3684.0,81.90808326574749,0.0,16.0,3651.0,554.57,554.57
66330,2026-04-22 14:00:00+00:00,4296,4277,4288.0,4272.0,81.71921641791045,0.0,14.0,4254.0,549.87,549.87
66330,2026-04-22 15:00:00+00:00,4719,4708,4713.0,4703.0,81.1427965202631,0.0,19.0,4681.0,561.62,561.62
66330,2026-04-22 16:00:00+00:00,4730,4710,4720.0,4703.0,81.21440677966102,0.0,18.0,4681.0,559.27,559.27
66330,2026-04-22 17:00:00+00:00,5009,4994,5003.0,4990.0,81.56206276234259,0.0,13.0,4977.0,547.52,547.52
66330,2026-04-22 18:00:00+00:00,3849,3843,3844.0,3838.0,81.60770031217481,0.0,9.0,3826.0,538.12,538.12
66330,2026-04-22 19:00:00+00:00,2428,2421,2418.0,2412.0,81.31141439205955,0.0,9.0,2405.0,538.12,538.12
66330,2026-04-22 20:00:00+00:00,1881,1872,1874.0,1867.0,81.73052294557097,0.0,7.0,1852.0,533.42,533.42
66330,2026-04-22 21:00:00+00:00,1138,1131,1132.0,1127.0,81.31978798586573,0.0,1.0,1122.0,519.33,519.33
66330,2026-04-22 22:00:00+00:00,573,571,566.0,566.0,81.6713780918728,0.0,0.0,563.0,516.98,516.98
66330,2026-04-22 23:00:00+00:00,304,302,302.0,300.0,83.80794701986756,0.0,0.0,297.0,516.98,516.98
66330,2026-04-23 00:00:00+00:00,158,154,148.0,145.0,83.45270270270271,0.0,0.0,144.0,516.98,516.98
66330,2026-04-23 01:00:00+00:00,68,65,64.0,63.0,83.71875,0.0,1.0,63.0,519.33,519.33
66330,2026-04-23 02:00:00+00:00,71,68,67.0,65.0,83.7910447761194,0.0,0.0,62.0,516.98,516.98
66330,2026-04-23 03:00:00+00:00,139,139,136.0,136.0,83.75,0.0,0.0,135.0,516.98,516.98
66330,2026-04-23 04:00:00+00:00,139,137,137.0,135.0,82.81021897810218,0.0,0.0,133.0,516.98,516.98
66330,2026-04-23 05:00:00+00:00,345,339,340.0,336.0,81.38823529411765,0.0,0.0,331.0,516.98,516.98
66330,2026-04-23 06:00:00+00:00,585,584,584.0,583.0,81.07534246575342,0.0,9.0,578.0,538.12,538.12
66330,2026-04-23 07:00:00+00:00,927,924,919.0,917.0,80.29923830250272,0.0,6.0,905.0,531.07,531.07
66330,2026-04-23 08:00:00+00:00,1280,1276,1273.0,1270.0,81.29772191673213,0.0,10.0,1257.0,540.47,540.47
66330,2026-04-23 09:00:00+00:00,2090,2079,2087.0,2076.0,81.40584571154767,0.0,14.0,2067.0,549.87,549.87
66330,2026-04-23 10:00:00+00:00,3626,3612,3618.0,3605.0,81.50773908236594,0.0,14.0,3579.0,549.87,549.87
66330,2026-04-23 11:00:00+00:00,3640,3622,3629.0,3612.0,81.02948470653072,0.0,19.0,3587.0,561.62,561.62
66330,2026-04-23 12:00:00+00:00,3749,3731,3747.0,3729.0,80.28956498532159,0.0,19.0,3711.0,561.62,561.62
66330,2026-04-23 13:00:00+00:00,5820,5805,5817.0,5802.0,81.33986591026303,0.0,52.0,5784.0,639.15,639.15
66330,2026-04-23 14:00:00+00:00,6574,6559,6568.0,6556.0,81.79537149817295,0.0,61.0,6538.0,660.3,660.3
66330,2026-04-23 15:00:00+00:00,6347,6328,6337.0,6321.0,81.4836673504813,0.0,52.0,6297.0,639.15,639.15
66330,2026-04-23 16:00:00+00:00,7237,7223,7233.0,7219.0,81.10548873219965,0.0,66.0,7194.0,672.04,672.04
66330,2026-04-23 17:00:00+00:00,6664,6651,6658.0,6646.0,81.30249324121358,0.0,53.0,6621.0,641.5,641.5
66330,2026-04-23 18:00:00+00:00,5534,5515,5529.0,5511.0,81.41761620546211,0.0,54.0,5495.0,643.85,643.85
66330,2026-04-23 19:00:00+00:00,4824,4816,4816.0,4810.0,81.48795681063123,0.0,36.0,4798.0,601.56,601.56
66330,2026-04-23 20:00:00+00:00,2395,2393,2390.0,2388.0,81.42217573221757,0.0,26.0,2380.0,578.06,578.06
66330,2026-04-23 21:00:00+00:00,1926,1921,1920.0,1917.0,80.92239583333334,0.0,23.0,1911.0,571.01,571.01
66330,2026-04-23 22:00:00+00:00,2037,2031,2032.0,2026.0,81.70324803149606,0.0,16.0,2024.0,554.57,554.57
66330,2026-04-23 23:00:00+00:00,792,788,790.0,786.0,81.23924050632911,0.0,2.0,785.0,521.67,521.67
66330,2026-04-24 00:00:00+00:00,668,667,659.0,659.0,81.103186646434,0.0,6.0,657.0,531.07,531.07
66330,2026-04-24 01:00:00+00:00,380,379,378.0,377.0,82.06349206349206,0.0,1.0,373.0,519.33,519.33
66330,2026-04-24 02:00:00+00:00,292,292,290.0,290.0,81.81724137931035,0.0,4.0,286.0,526.37,526.37
66330,2026-04-24 03:00:00+00:00,327,325,326.0,324.0,82.15337423312883,0.0,3.0,320.0,524.02,524.02
66330,2026-04-24 04:00:00+00:00,353,349,347.0,345.0,81.54755043227665,0.0,2.0,344.0,521.67,521.67
66330,2026-04-24 05:00:00+00:00,743,740,741.0,738.0,80.89473684210526,0.0,6.0,736.0,531.07,531.07
66330,2026-04-24 06:00:00+00:00,1056,1051,1053.0,1049.0,80.8641975308642,0.0,3.0,1046.0,524.02,524.02
66330,2026-04-24 07:00:00+00:00,2004,1997,1998.0,1993.0,81.63213213213213,0.0,17.0,1979.0,556.92,556.92
66330,2026-04-24 08:00:00+00:00,2394,2386,2389.0,2382.0,81.64462118041021,0.0,28.0,2372.0,582.76,582.76
66330,2026-04-24 09:00:00+00:00,3933,3918,3925.0,3913.0,82.03796178343948,0.0,26.0,3899.0,578.06,578.06
66330,2026-04-24 10:00:00+00:00,5377,5367,5365.0,5357.0,81.26113699906803,0.0,47.0,5329.0,627.4,627.4
66330,2026-04-24 11:00:00+00:00,5451,5429,5443.0,5423.0,81.02406760977402,0.0,25.0,5399.0,575.71,575.71
66330,2026-04-24 12:00:00+00:00,4179,4169,4173.0,4163.0,80.57057272945123,0.0,15.0,4148.0,552.22,552.22
66330,2026-04-24 13:00:00+00:00,3912,3893,3905.0,3886.0,80.72906530089628,0.0,18.0,3872.0,559.27,559.27
66330,2026-04-24 14:00:00+00:00,4220,4210,4215.0,4206.0,80.70201660735468,0.0,26.0,4177.0,578.06,578.06
66330,2026-04-24 15:00:00+00:00,4615,4609,4612.0,4606.0,80.54726799653079,0.0,20.0,4579.0,563.97,563.97
66330,2026-04-24 16:00:00+00:00,4092,4081,4090.0,4079.0,80.43863080684596,0.0,18.0,4062.0,559.27,559.27
66330,2026-04-24 17:00:00+00:00,3922,3918,3920.0,3916.0,80.2438775510204,0.0,15.0,3898.0,552.22,552.22
66330,2026-04-24 18:00:00+00:00,3436,3424,3431.0,3419.0,80.70241911979015,0.0,17.0,3404.0,556.92,556.92
66330,2026-04-24 19:00:00+00:00,2829,2823,2822.0,2818.0,80.87668320340184,0.0,17.0,2803.0,556.92,556.92
66330,2026-04-24 20:00:00+00:00,2074,2064,2065.0,2057.0,81.01937046004842,0.0,13.0,2049.0,547.52,547.52
66330,2026-04-24 21:00:00+00:00,1399,1399,1396.0,1396.0,80.75143266475645,0.0,3.0,1393.0,524.02,524.02
66330,2026-04-24 22:00:00+00:00,768,766,761.0,761.0,80.7161629434954,0.0,3.0,760.0,524.02,524.02
66330,2026-04-24 23:00:00+00:00,381,379,379.0,378.0,80.28496042216359,0.0,5.0,376.0,528.72,528.72
66330,2026-04-25 00:00:00+00:00,300,298,292.0,290.0,80.01712328767124,0.0,0.0,290.0,516.98,516.98
66330,2026-04-25 01:00:00+00:00,175,173,169.0,169.0,80.24852071005917,0.0,1.0,168.0,519.33,519.33
66330,2026-04-25 02:00:00+00:00,64,62,64.0,62.0,79.921875,0.0,2.0,62.0,521.67,521.67
66330,2026-04-25 03:00:00+00:00,112,111,109.0,108.0,75.76146788990826,0.0,0.0,107.0,516.98,516.98
66330,2026-04-25 04:00:00+00:00,193,191,184.0,183.0,82.39673913043478,0.0,3.0,181.0,524.02,524.02
66330,2026-04-25 05:00:00+00:00,449,445,443.0,441.0,83.34537246049662,0.0,1.0,440.0,519.33,519.33
66330,2026-04-25 06:00:00+00:00,453,452,449.0,448.0,83.4120267260579,0.0,3.0,441.0,524.02,524.02
66330,2026-04-25 07:00:00+00:00,997,995,994.0,992.0,81.5784708249497,0.0,3.0,985.0,524.02,524.02
66330,2026-04-25 08:00:00+00:00,2436,2429,2429.0,2422.0,81.22190201729107,0.0,8.0,2404.0,535.77,535.77
66330,2026-04-25 09:00:00+00:00,5739,5719,5732.0,5713.0,81.29413817166783,0.0,7.0,5696.0,533.42,533.42
66330,2026-04-25 10:00:00+00:00,7600,7585,7595.0,7582.0,81.44384463462805,0.0,13.0,7557.0,547.52,547.52
66330,2026-04-25 11:00:00+00:00,6648,6629,6639.0,6620.0,81.28829643018527,0.0,13.0,6597.0,547.52,547.52
66330,2026-04-25 12:00:00+00:00,7705,7684,7698.0,7678.0,81.03689269940244,0.0,22.0,7651.0,568.67,568.67
66330,2026-04-25 13:00:00+00:00,7800,7772,7789.0,7764.0,81.17267941969445,0.0,20.0,7738.0,563.97,563.97
66330,2026-04-25 14:00:00+00:00,8317,8291,8310.0,8285.0,81.5187725631769,0.0,21.0,8260.0,566.32,566.32
66330,2026-04-25 15:00:00+00:00,7685,7661,7678.0,7654.0,81.28353737952592,0.0,26.0,7625.0,578.06,578.06
66330,2026-04-25 16:00:00+00:00,7872,7848,7859.0,7837.0,81.33732026975443,0.0,25.0,7817.0,575.71,575.71
66330,2026-04-25 17:00:00+00:00,7450,7434,7443.0,7428.0,81.34246943436786,0.0,16.0,7406.0,554.57,554.57
66330,2026-04-25 18:00:00+00:00,6573,6562,6567.0,6556.0,81.54377950357849,0.0,11.0,6536.0,542.82,542.82
66330,2026-04-25 19:00:00+00:00,5888,5875,5881.0,5869.0,81.6966502295528,0.0,18.0,5857.0,559.27,559.27
66330,2026-04-25 20:00:00+00:00,4192,4181,4185.0,4177.0,82.12903225806451,0.0,8.0,4168.0,535.77,535.77
66330,2026-04-25 21:00:00+00:00,2931,2926,2925.0,2922.0,81.8540170940171,0.0,8.0,2915.0,535.77,535.77
66330,2026-04-25 22:00:00+00:00,2101,2097,2100.0,2096.0,81.81952380952382,0.0,6.0,2090.0,531.07,531.07
66330,2026-04-25 23:00:00+00:00,991,989,990.0,988.0,82.33939393939394,0.0,4.0,986.0,526.37,526.37
66330,2026-04-26 00:00:00+00:00,624,623,612.0,612.0,82.37908496732027,0.0,1.0,612.0,519.33,519.33
66330,2026-04-26 01:00:00+00:00,537,536,534.0,533.0,82.30711610486891,0.0,0.0,532.0,516.98,516.98
66330,2026-04-26 02:00:00+00:00,240,237,236.0,235.0,82.23728813559322,0.0,2.0,234.0,521.67,521.67
66330,2026-04-26 03:00:00+00:00,220,218,217.0,215.0,82.53917050691244,0.0,1.0,212.0,519.33,519.33
66330,2026-04-26 04:00:00+00:00,169,166,164.0,163.0,81.8780487804878,0.0,1.0,163.0,519.33,519.33
66330,2026-04-26 05:00:00+00:00,329,329,325.0,325.0,81.82461538461538,0.0,2.0,319.0,521.67,521.67
66330,2026-04-26 06:00:00+00:00,341,340,337.0,336.0,81.9020771513353,0.0,3.0,333.0,524.02,524.02
66330,2026-04-26 07:00:00+00:00,646,641,639.0,637.0,82.2018779342723,0.0,3.0,637.0,524.02,524.02
66330,2026-04-26 08:00:00+00:00,1484,1478,1475.0,1471.0,82.32813559322034,0.0,9.0,1461.0,538.12,538.12
66330,2026-04-26 09:00:00+00:00,2619,2607,2605.0,2596.0,81.09251439539348,0.0,6.0,2575.0,531.07,531.07
66330,2026-04-26 10:00:00+00:00,4562,4543,4553.0,4537.0,81.6736217878322,0.0,10.0,4518.0,540.47,540.47
66330,2026-04-26 11:00:00+00:00,6156,6131,6146.0,6124.0,81.48080052066385,0.0,12.0,6106.0,545.17,545.17
66330,2026-04-26 12:00:00+00:00,6536,6517,6524.0,6509.0,81.48344573881054,0.0,17.0,6486.0,556.92,556.92
66330,2026-04-26 13:00:00+00:00,5919,5906,5909.0,5898.0,81.61076324251142,0.0,13.0,5883.0,547.52,547.52
66330,2026-04-26 14:00:00+00:00,6549,6535,6536.0,6525.0,81.72093023255815,0.0,16.0,6508.0,554.57,554.57
66330,2026-04-26 15:00:00+00:00,6126,6107,6120.0,6102.0,81.63366013071895,0.0,13.0,6076.0,547.52,547.52
66330,2026-04-26 16:00:00+00:00,4680,4666,4670.0,4659.0,81.62441113490364,0.0,11.0,4643.0,542.82,542.82
66330,2026-04-26 17:00:00+00:00,4600,4581,4589.0,4571.0,82.27565918500763,0.0,9.0,4558.0,538.12,538.12
66330,2026-04-26 18:00:00+00:00,3059,3049,3055.0,3045.0,82.63273322422259,0.0,6.0,3037.0,531.07,531.07
66330,2026-04-26 19:00:00+00:00,2822,2811,2808.0,2802.0,81.87962962962963,0.0,6.0,2793.0,531.07,531.07
66330,2026-04-26 20:00:00+00:00,2398,2393,2390.0,2386.0,81.10460251046025,0.0,8.0,2377.0,535.77,535.77
66330,2026-04-26 21:00:00+00:00,1016,1013,1008.0,1006.0,81.47619047619048,0.0,7.0,1004.0,533.42,533.42
66330,2026-04-26 22:00:00+00:00,808,804,803.0,801.0,81.62889165628891,0.0,2.0,800.0,521.67,521.67
66330,2026-04-26 23:00:00+00:00,437,435,434.0,432.0,81.72119815668202,0.0,0.0,431.0,516.98,516.98
66331,2026-04-20 00:00:00+00:00,154,151,140.0,139.0,82.43571428571428,0.0,1.0,139.0,519.33,519.33
66331,2026-04-20 01:00:00+00:00,63,61,57.0,56.0,81.84210526315789,0.0,0.0,55.0,516.98,516.98
66331,2026-04-20 02:00:00+00:00,112,107,103.0,102.0,82.79611650485437,0.0,0.0,100.0,516.98,516.98
66331,2026-04-20 03:00:00+00:00,82,80,76.0,75.0,82.97368421052632,0.0,0.0,73.0,516.98,516.98
66331,2026-04-20 04:00:00+00:00,117,113,108.0,107.0,82.51851851851852,0.0,0.0,107.0,516.98,516.98
66331,2026-04-20 05:00:00+00:00,181,178,174.0,174.0,82.95402298850574,0.0,1.0,169.0,519.33,519.33
66331,2026-04-20 06:00:00+00:00,445,443,436.0,436.0,83.08715596330275,0.0,9.0,431.0,538.12,538.12
66331,2026-04-20 07:00:00+00:00,573,565,558.0,554.0,83.43010752688173,0.0,5.0,550.0,528.72,528.72
66331,2026-04-20 08:00:00+00:00,930,925,925.0,920.0,83.75135135135135,0.0,4.0,912.0,526.37,526.37
66331,2026-04-20 09:00:00+00:00,1740,1733,1733.0,1727.0,83.42354298903635,0.0,7.0,1715.0,533.42,533.42
66331,2026-04-20 10:00:00+00:00,2180,2162,2172.0,2156.0,83.37753222836096,0.0,8.0,2142.0,535.77,535.77
66331,2026-04-20 11:00:00+00:00,2680,2668,2674.0,2662.0,83.0721765145849,0.0,13.0,2644.0,547.52,547.52
66331,2026-04-20 12:00:00+00:00,2443,2429,2432.0,2422.0,83.69161184210526,0.0,10.0,2408.0,540.47,540.47
66331,2026-04-20 13:00:00+00:00,2440,2432,2430.0,2425.0,83.48436213991769,0.0,11.0,2417.0,542.82,542.82
66331,2026-04-20 14:00:00+00:00,2255,2248,2250.0,2244.0,83.89911111111111,0.0,5.0,2232.0,528.72,528.72
66331,2026-04-20 15:00:00+00:00,2515,2500,2505.0,2493.0,83.68303393213573,0.0,12.0,2474.0,545.17,545.17
66331,2026-04-20 16:00:00+00:00,2385,2377,2378.0,2372.0,83.0605550883095,0.0,9.0,2357.0,538.12,538.12
66331,2026-04-20 17:00:00+00:00,1979,1970,1969.0,1963.0,83.74149314372778,0.0,9.0,1948.0,538.12,538.12
66331,2026-04-20 18:00:00+00:00,1462,1453,1449.0,1442.0,83.93098688750862,0.0,4.0,1436.0,526.37,526.37
66331,2026-04-20 19:00:00+00:00,1019,1012,1018.0,1011.0,83.4499017681729,0.0,5.0,1005.0,528.72,528.72
66331,2026-04-20 20:00:00+00:00,1478,1468,1460.0,1456.0,82.67328767123287,0.0,9.0,1442.0,538.12,538.12
66331,2026-04-20 21:00:00+00:00,902,891,890.0,883.0,82.39213483146068,0.0,3.0,872.0,524.02,524.02
66331,2026-04-20 22:00:00+00:00,418,416,413.0,412.0,82.79661016949153,0.0,1.0,410.0,519.33,519.33
66331,2026-04-20 23:00:00+00:00,207,206,202.0,201.0,82.1930693069307,0.0,3.0,199.0,524.02,524.02
66331,2026-04-21 00:00:00+00:00,112,107,96.0,94.0,81.9375,0.0,1.0,90.0,519.33,519.33
66331,2026-04-21 01:00:00+00:00,116,115,109.0,109.0,82.03669724770643,0.0,0.0,108.0,516.98,516.98
66331,2026-04-21 02:00:00+00:00,70,64,60.0,57.0,83.5,0.0,0.0,54.0,516.98,516.98
66331,2026-04-21 03:00:00+00:00,107,105,103.0,102.0,82.9126213592233,0.0,0.0,102.0,516.98,516.98
66331,2026-04-21 04:00:00+00:00,98,92,93.0,89.0,83.6989247311828,0.0,0.0,87.0,516.98,516.98
66331,2026-04-21 05:00:00+00:00,255,249,245.0,244.0,83.9265306122449,0.0,0.0,242.0,516.98,516.98
66331,2026-04-21 06:00:00+00:00,365,363,360.0,358.0,83.16944444444445,0.0,4.0,356.0,526.37,526.37
66331,2026-04-21 07:00:00+00:00,581,580,575.0,575.0,83.43478260869566,0.0,5.0,563.0,528.72,528.72
66331,2026-04-21 08:00:00+00:00,866,854,858.0,848.0,83.93706293706293,0.0,3.0,836.0,524.02,524.02
66331,2026-04-21 09:00:00+00:00,1335,1327,1330.0,1323.0,83.29849624060151,0.0,1.0,1312.0,519.33,519.33
66331,2026-04-21 10:00:00+00:00,1804,1800,1797.0,1794.0,83.86867000556484,0.0,1.0,1783.0,519.33,519.33
66331,2026-04-21 11:00:00+00:00,2431,2419,2425.0,2414.0,83.91752577319588,0.0,6.0,2401.0,531.07,531.07
66331,2026-04-21 12:00:00+00:00,2534,2524,2525.0,2518.0,83.83128712871287,0.0,8.0,2504.0,535.77,535.77
66331,2026-04-21 13:00:00+00:00,2225,2218,2217.0,2212.0,83.8615245827695,0.0,4.0,2189.0,526.37,526.37
66331,2026-04-21 14:00:00+00:00,2201,2193,2191.0,2185.0,83.44180739388408,0.0,11.0,2165.0,542.82,542.82
66331,2026-04-21 15:00:00+00:00,2022,2017,2017.0,2013.0,83.32176499752107,0.0,6.0,1997.0,531.07,531.07
66331,2026-04-21 16:00:00+00:00,2161,2158,2155.0,2153.0,83.30487238979119,0.0,11.0,2141.0,542.82,542.82
66331,2026-04-21 17:00:00+00:00,2035,2027,2028.0,2021.0,83.49802761341223,0.0,6.0,2008.0,531.07,531.07
66331,2026-04-21 18:00:00+00:00,1683,1675,1673.0,1667.0,83.74118350268978,0.0,9.0,1653.0,538.12,538.12
66331,2026-04-21 19:00:00+00:00,1131,1124,1120.0,1115.0,84.00267857142858,0.0,7.0,1106.0,533.42,533.42
66331,2026-04-21 20:00:00+00:00,1077,1067,1068.0,1062.0,83.50468164794007,0.0,4.0,1052.0,526.37,526.37
66331,2026-04-21 21:00:00+00:00,840,833,830.0,826.0,83.80240963855422,0.0,4.0,823.0,526.37,526.37
66331,2026-04-21 22:00:00+00:00,454,452,449.0,447.0,82.99777282850779,0.0,1.0,443.0,519.33,519.33
66331,2026-04-21 23:00:00+00:00,134,134,133.0,133.0,83.0,0.0,1.0,130.0,519.33,519.33
66331,2026-04-22 00:00:00+00:00,145,143,131.0,131.0,83.41221374045801,0.0,0.0,130.0,516.98,516.98
66331,2026-04-22 01:00:00+00:00,49,47,42.0,41.0,83.64285714285714,0.0,0.0,40.0,516.98,516.98
66331,2026-04-22 02:00:00+00:00,41,36,34.0,31.0,83.0,43.0,0.0,29.0,516.98,516.98
66331,2026-04-22 03:00:00+00:00,73,68,66.0,63.0,84.10606060606061,0.0,0.0,62.0,516.98,516.98
66331,2026-04-22 04:00:00+00:00,108,102,97.0,93.0,83.03092783505154,0.0,1.0,93.0,519.33,519.33
66331,2026-04-22 05:00:00+00:00,185,182,180.0,178.0,83.31666666666666,0.0,3.0,178.0,524.02,524.02
66331,2026-04-22 06:00:00+00:00,354,352,348.0,347.0,83.28735632183908,0.0,5.0,342.0,528.72,528.72
66331,2026-04-22 07:00:00+00:00,514,511,511.0,509.0,82.77495107632095,0.0,6.0,506.0,531.07,531.07
66331,2026-04-22 08:00:00+00:00,714,710,706.0,704.0,83.45325779036827,0.0,4.0,696.0,526.37,526.37
66331,2026-04-22 09:00:00+00:00,1232,1225,1227.0,1221.0,83.15810920945395,0.0,5.0,1212.0,528.72,528.72
66331,2026-04-22 10:00:00+00:00,1647,1641,1645.0,1639.0,83.11914893617022,0.0,5.0,1619.0,528.72,528.72
66331,2026-04-22 11:00:00+00:00,2321,2315,2315.0,2310.0,83.19827213822894,0.0,11.0,2294.0,542.82,542.82
66331,2026-04-22 12:00:00+00:00,2528,2515,2517.0,2508.0,83.0305919745729,0.0,7.0,2489.0,533.42,533.42
66331,2026-04-22 13:00:00+00:00,1803,1793,1799.0,1790.0,83.18510283490828,0.0,7.0,1772.0,533.42,533.42
66331,2026-04-22 14:00:00+00:00,1956,1949,1951.0,1945.0,82.99179907739621,0.0,5.0,1931.0,528.72,528.72
66331,2026-04-22 15:00:00+00:00,2234,2225,2232.0,2223.0,83.19802867383513,0.0,8.0,2205.0,535.77,535.77
66331,2026-04-22 16:00:00+00:00,2097,2089,2092.0,2086.0,83.36520076481835,0.0,9.0,2072.0,538.12,538.12
66331,2026-04-22 17:00:00+00:00,2271,2261,2265.0,2257.0,83.20529801324503,0.0,8.0,2245.0,535.77,535.77
66331,2026-04-22 18:00:00+00:00,1735,1731,1730.0,1727.0,83.30404624277456,0.0,3.0,1717.0,524.02,524.02
66331,2026-04-22 19:00:00+00:00,981,977,973.0,969.0,83.21993833504625,0.0,3.0,962.0,524.02,524.02
66331,2026-04-22 20:00:00+00:00,1241,1236,1235.0,1231.0,83.76437246963563,0.0,5.0,1213.0,528.72,528.72
66331,2026-04-22 21:00:00+00:00,711,704,701.0,697.0,82.93152639087019,0.0,0.0,693.0,516.98,516.98
66331,2026-04-22 22:00:00+00:00,316,316,313.0,313.0,84.22364217252397,0.0,0.0,311.0,516.98,516.98
66331,2026-04-22 23:00:00+00:00,178,176,175.0,174.0,84.72,0.0,0.0,171.0,516.98,516.98
66331,2026-04-23 00:00:00+00:00,55,54,47.0,47.0,81.31914893617021,0.0,0.0,47.0,516.98,516.98
66331,2026-04-23 01:00:00+00:00,17,17,16.0,16.0,82.0,0.0,0.0,15.0,516.98,516.98
66331,2026-04-23 02:00:00+00:00,13,11,8.0,8.0,82.25,145.5,0.0,8.0,516.98,516.98
66331,2026-04-23 03:00:00+00:00,13,13,11.0,11.0,83.0909090909091,0.0,0.0,9.0,516.98,516.98
66331,2026-04-23 04:00:00+00:00,50,50,48.0,48.0,80.14583333333333,0.0,1.0,46.0,519.33,519.33
66331,2026-04-23 05:00:00+00:00,89,87,85.0,85.0,79.4235294117647,0.0,0.0,81.0,516.98,516.98
66331,2026-04-23 06:00:00+00:00,209,209,208.0,208.0,78.84134615384616,0.0,5.0,203.0,528.72,528.72
66331,2026-04-23 07:00:00+00:00,361,361,356.0,356.0,78.90168539325843,0.0,2.0,348.0,521.67,521.67
66331,2026-04-23 08:00:00+00:00,273,271,266.0,266.0,79.21428571428571,0.0,3.0,257.0,524.02,524.02
66331,2026-04-23 09:00:00+00:00,727,725,723.0,722.0,78.93084370677731,0.0,3.0,716.0,524.02,524.02
66331,2026-04-23 10:00:00+00:00,912,909,905.0,904.0,79.12375690607735,0.0,2.0,885.0,521.67,521.67
66331,2026-04-23 11:00:00+00:00,840,831,834.0,827.0,78.99400479616307,0.0,1.0,810.0,519.33,519.33
66331,2026-04-23 12:00:00+00:00,1035,1027,1028.0,1021.0,79.2976653696498,0.0,1.0,1008.0,519.33,519.33
66331,2026-04-23 13:00:00+00:00,683,683,678.0,678.0,79.36725663716814,0.0,5.0,669.0,528.72,528.72
66331,2026-04-23 14:00:00+00:00,517,514,508.0,507.0,79.20472440944881,0.0,1.0,498.0,519.33,519.33
66331,2026-04-23 15:00:00+00:00,817,814,810.0,809.0,79.11975308641975,0.0,4.0,792.0,526.37,526.37
66331,2026-04-23 16:00:00+00:00,968,961,960.0,956.0,79.23125,0.0,3.0,945.0,524.02,524.02
66331,2026-04-23 17:00:00+00:00,968,962,960.0,956.0,78.91041666666666,0.0,4.0,941.0,526.37,526.37
66331,2026-04-23 18:00:00+00:00,714,707,708.0,703.0,79.63276836158192,0.0,4.0,692.0,526.37,526.37
66331,2026-04-23 19:00:00+00:00,561,555,548.0,547.0,79.0912408759124,0.0,2.0,542.0,521.67,521.67
66331,2026-04-23 20:00:00+00:00,579,578,571.0,571.0,79.15236427320491,0.0,3.0,561.0,524.02,524.02
66331,2026-04-23 21:00:00+00:00,393,391,387.0,387.0,78.82945736434108,0.0,0.0,380.0,516.98,516.98
66331,2026-04-23 22:00:00+00:00,412,412,411.0,411.0,78.64476885644768,0.0,1.0,409.0,519.33,519.33
66331,2026-04-23 23:00:00+00:00,110,110,109.0,109.0,78.35779816513761,0.0,1.0,108.0,519.33,519.33
66331,2026-04-24 00:00:00+00:00,150,142,133.0,133.0,83.49624060150376,0.0,0.0,132.0,516.98,516.98
66331,2026-04-24 01:00:00+00:00,113,112,111.0,110.0,83.26126126126127,0.0,1.0,110.0,519.33,519.33
66331,2026-04-24 02:00:00+00:00,87,86,85.0,84.0,83.14117647058823,0.0,0.0,84.0,516.98,516.98
66331,2026-04-24 03:00:00+00:00,82,81,80.0,79.0,85.125,0.0,1.0,78.0,519.33,519.33
66331,2026-04-24 04:00:00+00:00,189,189,187.0,187.0,83.79144385026738,0.0,0.0,186.0,516.98,516.98
66331,2026-04-24 05:00:00+00:00,255,253,253.0,251.0,83.89723320158103,0.0,3.0,250.0,524.02,524.02
66331,2026-04-24 06:00:00+00:00,428,427,424.0,424.0,83.34433962264151,0.0,3.0,421.0,524.02,524.02
66331,2026-04-24 07:00:00+00:00,588,584,580.0,578.0,82.46034482758621,0.0,2.0,568.0,521.67,521.67
66331,2026-04-24 08:00:00+00:00,931,921,920.0,914.0,82.80434782608695,0.0,1.0,903.0,519.33,519.33
66331,2026-04-24 09:00:00+00:00,1641,1635,1635.0,1631.0,82.78776758409786,0.0,3.0,1623.0,524.02,524.02
66331,2026-04-24 10:00:00+00:00,1821,1812,1816.0,1809.0,82.82984581497797,0.0,6.0,1794.0,531.07,531.07
66331,2026-04-24 11:00:00+00:00,2705,2689,2693.0,2680.0,82.58150761232825,0.0,3.0,2665.0,524.02,524.02
66331,2026-04-24 12:00:00+00:00,2786,2778,2779.0,2772.0,82.69197553076646,0.0,10.0,2755.0,540.47,540.47
66331,2026-04-24 13:00:00+00:00,2266,2257,2263.0,2254.0,83.02960671674768,0.0,7.0,2243.0,533.42,533.42
66331,2026-04-24 14:00:00+00:00,2446,2436,2441.0,2432.0,82.79803359278984,0.0,13.0,2414.0,547.52,547.52
66331,2026-04-24 15:00:00+00:00,2486,2484,2484.0,2482.0,82.62640901771337,0.0,5.0,2461.0,528.72,528.72
66331,2026-04-24 16:00:00+00:00,2445,2442,2442.0,2439.0,82.9058149058149,0.0,5.0,2428.0,528.72,528.72
66331,2026-04-24 17:00:00+00:00,2216,2211,2215.0,2210.0,82.8392776523702,0.0,8.0,2199.0,535.77,535.77
66331,2026-04-24 18:00:00+00:00,2137,2124,2128.0,2115.0,82.9812030075188,0.0,11.0,2108.0,542.82,542.82
66331,2026-04-24 19:00:00+00:00,1793,1789,1786.0,1784.0,82.69596864501679,0.0,4.0,1775.0,526.37,526.37
66331,2026-04-24 20:00:00+00:00,2318,2311,2304.0,2301.0,83.79253472222223,0.0,12.0,2293.0,545.17,545.17
66331,2026-04-24 21:00:00+00:00,1599,1596,1593.0,1591.0,84.03829252981795,0.0,4.0,1585.0,526.37,526.37
66331,2026-04-24 22:00:00+00:00,981,978,974.0,973.0,83.9034907597536,0.0,2.0,968.0,521.67,521.67
66331,2026-04-24 23:00:00+00:00,495,492,493.0,491.0,84.1866125760649,0.0,2.0,489.0,521.67,521.67
66331,2026-04-25 00:00:00+00:00,290,289,281.0,281.0,81.41637010676156,0.0,0.0,279.0,516.98,516.98
66331,2026-04-25 01:00:00+00:00,151,147,143.0,143.0,82.37062937062937,0.0,1.0,140.0,519.33,519.33
66331,2026-04-25 02:00:00+00:00,92,90,92.0,90.0,83.1413043478261,0.0,2.0,88.0,521.67,521.67
66331,2026-04-25 03:00:00+00:00,133,131,129.0,127.0,82.23255813953489,0.0,0.0,125.0,516.98,516.98
66331,2026-04-25 04:00:00+00:00,140,139,137.0,136.0,81.99270072992701,0.0,2.0,131.0,521.67,521.67
66331,2026-04-25 05:00:00+00:00,230,227,227.0,225.0,81.9251101321586,0.0,0.0,222.0,516.98,516.98
66331,2026-04-25 06:00:00+00:00,247,246,243.0,242.0,81.68312757201646,0.0,2.0,239.0,521.67,521.67
66331,2026-04-25 07:00:00+00:00,359,359,355.0,355.0,81.10140845070423,0.0,1.0,349.0,519.33,519.33
66331,2026-04-25 08:00:00+00:00,1122,1119,1116.0,1115.0,81.20698924731182,0.0,1.0,1103.0,519.33,519.33
66331,2026-04-25 09:00:00+00:00,1697,1691,1693.0,1687.0,81.23803898405198,0.0,3.0,1679.0,524.02,524.02
66331,2026-04-25 10:00:00+00:00,2235,2229,2230.0,2226.0,81.0390134529148,0.0,5.0,2212.0,528.72,528.72
66331,2026-04-25 11:00:00+00:00,2319,2314,2315.0,2310.0,81.04578833693304,0.0,3.0,2295.0,524.02,524.02
66331,2026-04-25 12:00:00+00:00,2810,2800,2800.0,2794.0,81.20714285714286,0.0,7.0,2777.0,533.42,533.42
66331,2026-04-25 13:00:00+00:00,2869,2856,2861.0,2850.0,81.25620412443202,0.0,8.0,2834.0,535.77,535.77
66331,2026-04-25 14:00:00+00:00,2579,2575,2574.0,2570.0,81.0963480963481,0.0,8.0,2550.0,535.77,535.77
66331,2026-04-25 15:00:00+00:00,1557,1555,1553.0,1551.0,81.60012878300064,0.0,16.0,1538.0,554.57,554.57
66331,2026-04-25 16:00:00+00:00,2680,2676,2675.0,2671.0,81.73345794392523,0.0,33.0,2660.0,594.51,594.51
66331,2026-04-25 17:00:00+00:00,2329,2321,2325.0,2318.0,81.53118279569892,0.0,35.0,2302.0,599.21,599.21
66331,2026-04-25 18:00:00+00:00,2712,2705,2707.0,2700.0,82.06538603620244,0.0,35.0,2677.0,599.21,599.21
66331,2026-04-25 19:00:00+00:00,2441,2432,2438.0,2429.0,82.34331419196063,0.0,35.0,2416.0,599.21,599.21
66331,2026-04-25 20:00:00+00:00,2287,2282,2279.0,2277.0,82.11189118034225,0.0,20.0,2268.0,563.97,563.97
66331,2026-04-25 21:00:00+00:00,1713,1708,1706.0,1703.0,82.47010550996482,0.0,17.0,1694.0,556.92,556.92
66331,2026-04-25 22:00:00+00:00,963,962,962.0,961.0,81.6881496881497,0.0,11.0,955.0,542.82,542.82
66331,2026-04-25 23:00:00+00:00,317,317,314.0,314.0,81.49044585987261,0.0,1.0,311.0,519.33,519.33
66331,2026-04-26 00:00:00+00:00,760,760,756.0,756.0,85.1521164021164,0.0,3.0,756.0,524.02,524.02
66331,2026-04-26 01:00:00+00:00,537,537,534.0,534.0,85.46067415730337,0.0,1.0,532.0,519.33,519.33
66331,2026-04-26 02:00:00+00:00,304,302,300.0,299.0,85.72333333333333,0.0,3.0,297.0,524.02,524.02
66331,2026-04-26 03:00:00+00:00,185,184,182.0,181.0,85.10989010989012,0.0,2.0,178.0,521.67,521.67
66331,2026-04-26 04:00:00+00:00,124,121,119.0,118.0,83.8655462184874,0.0,1.0,118.0,519.33,519.33
66331,2026-04-26 05:00:00+00:00,295,294,288.0,288.0,84.71875,0.0,6.0,279.0,531.07,531.07
66331,2026-04-26 06:00:00+00:00,354,353,348.0,347.0,84.33620689655173,0.0,8.0,344.0,535.77,535.77
66331,2026-04-26 07:00:00+00:00,784,777,774.0,771.0,84.51550387596899,0.0,2.0,770.0,521.67,521.67
66331,2026-04-26 08:00:00+00:00,1996,1989,1985.0,1981.0,84.84534005037783,0.0,20.0,1974.0,563.97,563.97
66331,2026-04-26 09:00:00+00:00,3000,2989,2992.0,2983.0,83.94986631016043,0.0,20.0,2964.0,563.97,563.97
66331,2026-04-26 10:00:00+00:00,4377,4362,4364.0,4353.0,83.98808432630614,0.0,18.0,4335.0,559.27,559.27
66331,2026-04-26 11:00:00+00:00,5059,5047,5050.0,5041.0,83.67207920792079,0.0,23.0,5021.0,571.01,571.01
66331,2026-04-26 12:00:00+00:00,5661,5644,5656.0,5639.0,84.12270155586987,0.0,30.0,5615.0,587.46,587.46
66331,2026-04-26 13:00:00+00:00,5106,5097,5092.0,5086.0,84.41339355852317,0.0,39.0,5071.0,608.61,608.61
66331,2026-04-26 14:00:00+00:00,5034,5022,5023.0,5013.0,84.5417081425443,0.0,21.0,4998.0,566.32,566.32
66331,2026-04-26 15:00:00+00:00,4733,4720,4724.0,4712.0,84.63018628281118,0.0,39.0,4689.0,608.61,608.61
66331,2026-04-26 16:00:00+00:00,3269,3261,3260.0,3253.0,84.23711656441718,0.0,35.0,3239.0,599.21,599.21
66331,2026-04-26 17:00:00+00:00,4309,4292,4298.0,4282.0,86.35504885993485,0.0,47.0,4262.0,627.4,627.4
66331,2026-04-26 18:00:00+00:00,3590,3582,3582.0,3575.0,86.09603573422669,0.0,29.0,3563.0,585.11,585.11
66331,2026-04-26 19:00:00+00:00,3434,3425,3418.0,3414.0,86.05763604447046,0.0,24.0,3405.0,573.36,573.36
66331,2026-04-26 20:00:00+00:00,2751,2745,2738.0,2734.0,85.99379108838568,0.0,16.0,2726.0,554.57,554.57
66331,2026-04-26 21:00:00+00:00,1252,1248,1242.0,1238.0,85.69806763285024,0.0,14.0,1236.0,549.87,549.87
66331,2026-04-26 22:00:00+00:00,1004,1002,997.0,997.0,85.38114343029088,0.0,4.0,993.0,526.37,526.37
66331,2026-04-26 23:00:00+00:00,535,533,532.0,530.0,85.73308270676692,0.0,0.0,529.0,516.98,516.98
66332,2026-04-20 00:00:00+00:00,62,62,59.0,59.0,81.05084745762711,0.0,1.0,59.0,519.33,519.33
66332,2026-04-20 01:00:00+00:00,41,39,39.0,38.0,81.94871794871794,0.0,0.0,37.0,516.98,516.98
66332,2026-04-20 02:00:00+00:00,26,26,23.0,23.0,81.91304347826087,0.0,0.0,23.0,516.98,516.98
66332,2026-04-20 03:00:00+00:00,20,20,19.0,19.0,83.21052631578948,0.0,0.0,18.0,516.98,516.98
66332,2026-04-20 04:00:00+00:00,60,60,56.0,56.0,81.05357142857143,0.0,3.0,56.0,524.02,524.02
66332,2026-04-20 05:00:00+00:00,248,247,243.0,243.0,81.05761316872427,0.0,6.0,239.0,531.07,531.07
66332,2026-04-20 06:00:00+00:00,490,489,486.0,485.0,81.17695473251028,0.0,9.0,477.0,538.12,538.12
66332,2026-04-20 07:00:00+00:00,1375,1369,1366.0,1363.0,80.23352855051245,0.0,24.0,1356.0,573.36,573.36
66332,2026-04-20 08:00:00+00:00,2062,2057,2058.0,2053.0,80.00388726919338,0.0,30.0,2044.0,587.46,587.46
66332,2026-04-20 09:00:00+00:00,3470,3462,3461.0,3454.0,80.26726379659058,0.0,35.0,3441.0,599.21,599.21
66332,2026-04-20 10:00:00+00:00,4359,4348,4355.0,4345.0,80.17956371986223,0.0,57.0,4326.0,650.9,650.9
66332,2026-04-20 11:00:00+00:00,6394,6381,6384.0,6372.0,80.17888471177945,0.0,78.0,6355.0,700.24,700.24
66332,2026-04-20 12:00:00+00:00,6465,6450,6453.0,6440.0,80.1213389121339,0.0,85.0,6420.0,716.68,716.68
66332,2026-04-20 13:00:00+00:00,5426,5417,5418.0,5411.0,80.38575119970469,0.0,71.0,5383.0,683.79,683.79
66332,2026-04-20 14:00:00+00:00,5322,5314,5312.0,5305.0,80.66472138554217,0.0,70.0,5285.0,681.44,681.44
66332,2026-04-20 15:00:00+00:00,5533,5520,5525.0,5513.0,80.80796380090497,0.0,64.0,5498.0,667.34,667.34
66332,2026-04-20 16:00:00+00:00,3698,3687,3693.0,3682.0,80.52613051719469,0.0,64.0,3659.0,667.34,667.34
66332,2026-04-20 17:00:00+00:00,3080,3072,3066.0,3062.0,80.70711024135682,0.0,37.0,3053.0,603.91,603.91
66332,2026-04-20 18:00:00+00:00,1779,1774,1774.0,1769.0,80.56200676437429,0.0,37.0,1765.0,603.91,603.91
66332,2026-04-20 19:00:00+00:00,1426,1423,1419.0,1417.0,80.66596194503171,0.0,30.0,1412.0,587.46,587.46
66332,2026-04-20 20:00:00+00:00,1043,1040,1037.0,1036.0,80.82738669238186,0.0,23.0,1030.0,571.01,571.01
66332,2026-04-20 21:00:00+00:00,455,452,450.0,448.0,80.39111111111112,0.0,9.0,441.0,538.12,538.12
66332,2026-04-20 22:00:00+00:00,181,181,180.0,180.0,81.03333333333333,0.0,5.0,177.0,528.72,528.72
66332,2026-04-20 23:00:00+00:00,82,82,80.0,80.0,81.65,0.0,0.0,79.0,516.98,516.98
66332,2026-04-21 00:00:00+00:00,8,8,5.0,5.0,78.0,0.0,0.0,4.0,516.98,516.98
66332,2026-04-21 01:00:00+00:00,6,5,2.0,2.0,77.5,0.0,0.0,2.0,516.98,516.98
66332,2026-04-21 02:00:00+00:00,8,8,5.0,5.0,73.6,0.0,0.0,5.0,516.98,516.98
66332,2026-04-21 03:00:00+00:00,2,2,1.0,1.0,74.0,0.0,0.0,1.0,516.98,516.98
66332,2026-04-21 04:00:00+00:00,14,12,11.0,10.0,75.18181818181819,0.0,1.0,9.0,519.33,519.33
66332,2026-04-21 05:00:00+00:00,52,52,47.0,47.0,76.34042553191489,0.0,0.0,43.0,516.98,516.98
66332,2026-04-21 06:00:00+00:00,159,157,154.0,153.0,75.1948051948052,0.0,11.0,150.0,542.82,542.82
66332,2026-04-21 07:00:00+00:00,343,343,340.0,340.0,74.98529411764706,0.0,16.0,333.0,554.57,554.57
66332,2026-04-21 08:00:00+00:00,506,503,501.0,498.0,75.1497005988024,0.0,23.0,487.0,571.01,571.01
66332,2026-04-21 09:00:00+00:00,644,641,639.0,637.0,75.22535211267606,0.0,19.0,620.0,561.62,561.62
66332,2026-04-21 10:00:00+00:00,837,834,829.0,826.0,75.38118214716526,0.0,32.0,762.0,592.16,592.16
66332,2026-04-21 11:00:00+00:00,783,782,781.0,780.0,74.44174135723432,0.0,35.0,755.0,599.21,599.21
66332,2026-04-21 12:00:00+00:00,1003,997,993.0,990.0,74.44813695871098,0.0,44.0,962.0,620.35,620.35
66332,2026-04-21 13:00:00+00:00,805,801,794.0,791.0,74.22670025188917,0.0,33.0,775.0,594.51,594.51
66332,2026-04-21 14:00:00+00:00,745,742,736.0,735.0,74.4524456521739,0.0,24.0,711.0,573.36,573.36
66332,2026-04-21 15:00:00+00:00,594,591,586.0,584.0,74.53242320819113,0.0,31.0,558.0,589.81,589.81
66332,2026-04-21 16:00:00+00:00,678,677,670.0,670.0,74.60597014925374,0.0,33.0,651.0,594.51,594.51
66332,2026-04-21 17:00:00+00:00,563,561,557.0,556.0,74.50269299820467,0.0,22.0,540.0,568.67,568.67
66332,2026-04-21 18:00:00+00:00,413,409,406.0,403.0,74.46551724137932,0.0,16.0,386.0,554.57,554.57
66332,2026-04-21 19:00:00+00:00,316,313,310.0,308.0,74.68064516129033,0.0,14.0,299.0,549.87,549.87
66332,2026-04-21 20:00:00+00:00,159,156,153.0,152.0,75.13071895424837,0.0,4.0,145.0,526.37,526.37
66332,2026-04-21 21:00:00+00:00,83,82,83.0,82.0,74.75903614457832,0.0,2.0,78.0,521.67,521.67
66332,2026-04-21 22:00:00+00:00,38,38,36.0,36.0,72.61111111111111,0.0,0.0,33.0,516.98,516.98
66332,2026-04-21 23:00:00+00:00,12,12,12.0,12.0,74.08333333333333,0.0,0.0,11.0,516.98,516.98
66332,2026-04-22 00:00:00+00:00,159,159,154.0,154.0,83.96753246753246,0.0,2.0,154.0,521.67,521.67
66332,2026-04-22 01:00:00+00:00,146,146,143.0,143.0,84.54545454545455,0.0,0.0,143.0,516.98,516.98
66332,2026-04-22 02:00:00+00:00,133,133,131.0,131.0,84.34351145038168,0.0,0.0,129.0,516.98,516.98
66332,2026-04-22 03:00:00+00:00,145,143,140.0,139.0,83.92857142857143,0.0,1.0,137.0,519.33,519.33
66332,2026-04-22 04:00:00+00:00,196,196,196.0,196.0,83.68367346938776,0.0,2.0,196.0,521.67,521.67
66332,2026-04-22 05:00:00+00:00,271,268,263.0,262.0,81.5893536121673,0.0,11.0,260.0,542.82,542.82
66332,2026-04-22 06:00:00+00:00,701,700,697.0,697.0,81.33285509325681,0.0,17.0,694.0,556.92,556.92
66332,2026-04-22 07:00:00+00:00,1509,1507,1504.0,1502.0,78.99335106382979,0.0,23.0,1501.0,571.01,571.01
66332,2026-04-22 08:00:00+00:00,2050,2047,2042.0,2041.0,78.92360430950049,0.0,37.0,2036.0,603.91,603.91
66332,2026-04-22 09:00:00+00:00,3037,3026,3024.0,3017.0,80.05621693121694,0.0,57.0,3001.0,650.9,650.9
66332,2026-04-22 10:00:00+00:00,4581,4576,4575.0,4571.0,81.31234972677596,0.0,49.0,4552.0,632.1,632.1
66332,2026-04-22 11:00:00+00:00,5877,5859,5870.0,5853.0,81.43321976149915,0.0,74.0,5823.0,690.84,690.84
66332,2026-04-22 12:00:00+00:00,6052,6039,6038.0,6027.0,80.89367340178867,0.0,90.0,6015.0,728.43,728.43
66332,2026-04-22 13:00:00+00:00,5561,5549,5553.0,5542.0,81.53214478660183,0.0,85.0,5526.0,716.68,716.68
66332,2026-04-22 14:00:00+00:00,5180,5160,5173.0,5155.0,81.62284941040015,0.0,70.0,5139.0,681.44,681.44
66332,2026-04-22 15:00:00+00:00,6371,6361,6363.0,6353.0,81.97312588401698,0.0,74.0,6337.0,690.84,690.84
66332,2026-04-22 16:00:00+00:00,5880,5873,5869.0,5864.0,81.77968989606407,0.0,62.0,5844.0,662.65,662.65
66332,2026-04-22 17:00:00+00:00,4847,4839,4838.0,4831.0,81.80797850351385,0.0,55.0,4823.0,646.2,646.2
66332,2026-04-22 18:00:00+00:00,3344,3334,3338.0,3329.0,82.43978430197723,0.0,34.0,3321.0,596.86,596.86
66332,2026-04-22 19:00:00+00:00,2388,2386,2383.0,2382.0,82.4867813680235,0.0,32.0,2375.0,592.16,592.16
66332,2026-04-22 20:00:00+00:00,2280,2280,2275.0,2275.0,83.43384615384615,0.0,25.0,2273.0,575.71,575.71
66332,2026-04-22 21:00:00+00:00,739,738,735.0,734.0,83.0312925170068,0.0,9.0,729.0,538.12,538.12
66332,2026-04-22 22:00:00+00:00,419,418,416.0,416.0,83.43028846153847,0.0,4.0,415.0,526.37,526.37
66332,2026-04-22 23:00:00+00:00,245,245,244.0,244.0,83.64344262295081,0.0,3.0,243.0,524.02,524.02
66332,2026-04-23 00:00:00+00:00,6,5,0.0,0.0,0.0,0.0,0.0,0.0,516.98,516.98
66332,2026-04-23 01:00:00+00:00,6,5,0.0,0.0,0.0,0.0,0.0,0.0,516.98,516.98
66332,2026-04-23 02:00:00+00:00,3,3,0.0,0.0,0.0,0.0,0.0,0.0,516.98,516.98
66332,2026-04-23 03:00:00+00:00,2,2,0.0,0.0,0.0,0.0,0.0,0.0,516.98,516.98
66332,2026-04-23 04:00:00+00:00,2,2,0.0,0.0,0.0,0.0,0.0,0.0,516.98,516.98
66332,2026-04-23 05:00:00+00:00,8,8,6.0,6.0,81.16666666666667,0.0,1.0,0.0,519.33,519.33
66332,2026-04-23 06:00:00+00:00,10,9,4.0,4.0,79.5,29.5,0.0,0.0,516.98,516.98
66332,2026-04-23 07:00:00+00:00,18,18,11.0,11.0,79.18181818181819,0.0,0.0,0.0,516.98,516.98
66332,2026-04-23 08:00:00+00:00,17,15,9.0,9.0,81.0,1.0,1.0,0.0,519.33,519.33
66332,2026-04-23 09:00:00+00:00,21,18,11.0,10.0,79.0,39.0,0.0,0.0,516.98,516.98
66332,2026-04-23 10:00:00+00:00,30,28,21.0,21.0,77.76190476190476,0.0,4.0,0.0,526.37,526.37
66332,2026-04-23 11:00:00+00:00,17,15,13.0,12.0,81.38461538461539,1.0,2.0,0.0,521.67,521.67
66332,2026-04-23 12:00:00+00:00,25,23,21.0,20.0,79.04761904761905,0.0,1.0,0.0,519.33,519.33
66332,2026-04-23 13:00:00+00:00,21,21,13.0,13.0,78.07692307692308,25.0,2.0,0.0,521.67,521.67
66332,2026-04-23 14:00:00+00:00,33,32,27.0,26.0,79.11111111111111,8.0,5.0,0.0,528.72,528.72
66332,2026-04-23 15:00:00+00:00,28,26,19.0,19.0,82.52631578947368,0.0,3.0,0.0,524.02,524.02
66332,2026-04-23 16:00:00+00:00,37,32,29.0,25.0,78.13793103448276,0.0,4.0,0.0,526.37,526.37
66332,2026-04-23 17:00:00+00:00,26,24,17.0,17.0,79.0,0.0,1.0,0.0,519.33,519.33
66332,2026-04-23 18:00:00+00:00,26,22,17.0,15.0,79.70588235294117,1.0,2.0,0.0,521.67,521.67
66332,2026-04-23 19:00:00+00:00,17,14,8.0,8.0,82.125,0.0,1.0,0.0,519.33,519.33
66332,2026-04-23 20:00:00+00:00,12,11,8.0,8.0,80.625,4.0,1.0,0.0,519.33,519.33
66332,2026-04-23 21:00:00+00:00,9,5,2.0,2.0,82.0,0.0,0.0,0.0,516.98,516.98
66332,2026-04-23 22:00:00+00:00,4,4,4.0,4.0,82.5,0.5,1.0,0.0,519.33,519.33
66332,2026-04-23 23:00:00+00:00,1,1,0.0,0.0,0.0,0.0,0.0,0.0,516.98,516.98
66332,2026-04-24 00:00:00+00:00,22,21,20.0,20.0,76.05,0.0,2.0,19.0,521.67,521.67
66332,2026-04-24 01:00:00+00:00,6,6,5.0,5.0,77.8,0.0,0.0,5.0,516.98,516.98
66332,2026-04-24 02:00:00+00:00,4,4,2.0,2.0,79.5,0.0,1.0,1.0,519.33,519.33
66332,2026-04-24 03:00:00+00:00,5,5,5.0,5.0,76.4,0.0,0.0,5.0,516.98,516.98
66332,2026-04-24 04:00:00+00:00,21,21,18.0,18.0,76.0,0.0,2.0,18.0,521.67,521.67
66332,2026-04-24 05:00:00+00:00,73,73,69.0,69.0,76.56521739130434,0.0,1.0,67.0,519.33,519.33
66332,2026-04-24 06:00:00+00:00,159,156,151.0,150.0,74.74172185430463,0.0,10.0,148.0,540.47,540.47
66332,2026-04-24 07:00:00+00:00,446,446,444.0,444.0,75.54504504504504,0.0,25.0,435.0,575.71,575.71
66332,2026-04-24 08:00:00+00:00,800,793,796.0,790.0,76.18718592964824,0.0,16.0,782.0,554.57,554.57
66332,2026-04-24 09:00:00+00:00,1029,1026,1016.0,1016.0,76.02854330708661,0.0,36.0,997.0,601.56,601.56
66332,2026-04-24 10:00:00+00:00,1536,1531,1527.0,1523.0,76.13228552717747,0.0,35.0,1495.0,599.21,599.21
66332,2026-04-24 11:00:00+00:00,1957,1952,1950.0,1945.0,76.11692307692307,0.0,47.0,1917.0,627.4,627.4
66332,2026-04-24 12:00:00+00:00,1654,1648,1651.0,1645.0,75.54088431253786,0.0,52.0,1630.0,639.15,639.15
66332,2026-04-24 13:00:00+00:00,1298,1296,1291.0,1291.0,75.1146398140976,0.0,34.0,1272.0,596.86,596.86
66332,2026-04-24 14:00:00+00:00,1176,1170,1166.0,1162.0,75.26672384219555,0.0,50.0,1142.0,634.45,634.45
66332,2026-04-24 15:00:00+00:00,1177,1173,1166.0,1164.0,75.24957118353345,0.0,36.0,1136.0,601.56,601.56
66332,2026-04-24 16:00:00+00:00,1025,1019,1013.0,1008.0,75.26357354392893,0.0,36.0,994.0,601.56,601.56
66332,2026-04-24 17:00:00+00:00,1083,1080,1077.0,1074.0,74.97678737233055,0.0,41.0,1055.0,613.31,613.31
66332,2026-04-24 18:00:00+00:00,1008,1004,999.0,997.0,75.2062062062062,0.0,29.0,980.0,585.11,585.11
66332,2026-04-24 19:00:00+00:00,1049,1042,1036.0,1034.0,75.3108108108108,0.0,24.0,1022.0,573.36,573.36
66332,2026-04-24 20:00:00+00:00,476,474,469.0,467.0,75.34541577825159,0.0,19.0,464.0,561.62,561.62
66332,2026-04-24 21:00:00+00:00,225,225,222.0,222.0,74.76576576576576,0.0,9.0,217.0,538.12,538.12
66332,2026-04-24 22:00:00+00:00,127,124,121.0,121.0,75.57851239669421,0.0,6.0,108.0,531.07,531.07
66332,2026-04-24 23:00:00+00:00,56,56,54.0,54.0,75.70370370370371,0.0,2.0,53.0,521.67,521.67
66332,2026-04-25 00:00:00+00:00,233,232,231.0,230.0,86.06926406926407,0.0,1.0,229.0,519.33,519.33
66332,2026-04-25 01:00:00+00:00,142,142,139.0,139.0,85.71942446043165,0.0,0.0,139.0,516.98,516.98
66332,2026-04-25 02:00:00+00:00,95,94,92.0,92.0,86.34782608695652,0.0,2.0,90.0,521.67,521.67
66332,2026-04-25 03:00:00+00:00,77,77,76.0,76.0,86.11842105263158,0.0,1.0,76.0,519.33,519.33
66332,2026-04-25 04:00:00+00:00,148,148,140.0,140.0,85.60714285714286,0.0,0.0,139.0,516.98,516.98
66332,2026-04-25 05:00:00+00:00,158,158,156.0,156.0,84.66666666666667,0.0,1.0,155.0,519.33,519.33
66332,2026-04-25 06:00:00+00:00,316,315,314.0,314.0,85.22292993630573,0.0,1.0,312.0,519.33,519.33
66332,2026-04-25 07:00:00+00:00,800,798,791.0,791.0,84.23767383059419,0.0,5.0,787.0,528.72,528.72
66332,2026-04-25 08:00:00+00:00,2086,2081,2077.0,2073.0,84.41887337506019,0.0,12.0,2053.0,545.17,545.17
66332,2026-04-25 09:00:00+00:00,2608,2607,2601.0,2600.0,84.29988465974625,0.0,11.0,2594.0,542.82,542.82
66332,2026-04-25 10:00:00+00:00,3978,3968,3966.0,3961.0,84.32955118507311,0.0,21.0,3935.0,566.32,566.32
66332,2026-04-25 11:00:00+00:00,4114,4112,4105.0,4104.0,84.31717417783192,0.0,25.0,4084.0,575.71,575.71
66332,2026-04-25 12:00:00+00:00,4544,4536,4535.0,4529.0,84.38302094818081,0.0,36.0,4508.0,601.56,601.56
66332,2026-04-25 13:00:00+00:00,5171,5163,5160.0,5154.0,84.33972868217054,0.0,34.0,5138.0,596.86,596.86
66332,2026-04-25 14:00:00+00:00,5331,5319,5317.0,5307.0,84.44874929471507,0.0,30.0,5281.0,587.46,587.46
66332,2026-04-25 15:00:00+00:00,5097,5093,5091.0,5088.0,84.44175996857199,0.0,35.0,5069.0,599.21,599.21
66332,2026-04-25 16:00:00+00:00,5046,5040,5035.0,5032.0,84.55054617676267,0.0,31.0,5014.0,589.81,589.81
66332,2026-04-25 17:00:00+00:00,4490,4482,4476.0,4473.0,84.39566577301161,0.0,30.0,4463.0,587.46,587.46
66332,2026-04-25 18:00:00+00:00,3112,3109,3108.0,3105.0,84.39092664092664,0.0,31.0,3094.0,589.81,589.81
66332,2026-04-25 19:00:00+00:00,5561,5553,5555.0,5549.0,85.43600360036004,0.0,21.0,5542.0,566.32,566.32
66332,2026-04-25 20:00:00+00:00,4107,4103,4103.0,4100.0,85.1364854984158,0.0,28.0,4095.0,582.76,582.76
66332,2026-04-25 21:00:00+00:00,1874,1871,1868.0,1867.0,85.04068522483941,0.0,7.0,1862.0,533.42,533.42
66332,2026-04-25 22:00:00+00:00,855,855,854.0,854.0,84.87587822014052,0.0,2.0,848.0,521.67,521.67
66332,2026-04-25 23:00:00+00:00,452,451,450.0,450.0,85.16888888888889,0.0,5.0,450.0,528.72,528.72
66332,2026-04-26 00:00:00+00:00,63,62,61.0,61.0,84.75409836065573,0.0,0.0,61.0,516.98,516.98
66332,2026-04-26 01:00:00+00:00,42,42,42.0,42.0,84.11904761904762,0.0,0.0,42.0,516.98,516.98
66332,2026-04-26 02:00:00+00:00,46,46,45.0,45.0,84.6,0.0,1.0,44.0,519.33,519.33
66332,2026-04-26 03:00:00+00:00,21,21,21.0,21.0,83.71428571428571,0.0,0.0,21.0,516.98,516.98
66332,2026-04-26 04:00:00+00:00,49,48,46.0,46.0,83.41304347826087,0.0,0.0,46.0,516.98,516.98
66332,2026-04-26 05:00:00+00:00,64,64,61.0,61.0,83.9672131147541,0.0,3.0,60.0,524.02,524.02
66332,2026-04-26 06:00:00+00:00,71,71,66.0,66.0,81.84848484848484,0.0,4.0,66.0,526.37,526.37
66332,2026-04-26 07:00:00+00:00,210,209,206.0,206.0,81.07766990291262,0.0,5.0,204.0,528.72,528.72
66332,2026-04-26 08:00:00+00:00,391,389,384.0,384.0,81.03125,0.0,4.0,382.0,526.37,526.37
66332,2026-04-26 09:00:00+00:00,560,558,551.0,549.0,77.09255898366607,0.0,22.0,542.0,568.67,568.67
66332,2026-04-26 10:00:00+00:00,794,792,784.0,783.0,76.31122448979592,0.0,35.0,771.0,599.21,599.21
66332,2026-04-26 11:00:00+00:00,1011,1003,995.0,991.0,76.14472361809045,0.0,36.0,975.0,601.56,601.56
66332,2026-04-26 12:00:00+00:00,1328,1322,1319.0,1315.0,76.35253980288097,0.0,45.0,1291.0,622.7,622.7
66332,2026-04-26 13:00:00+00:00,1288,1286,1276.0,1274.0,77.4576802507837,0.0,32.0,1261.0,592.16,592.16
66332,2026-04-26 14:00:00+00:00,1180,1176,1164.0,1162.0,78.0979381443299,0.0,35.0,1148.0,599.21,599.21
66332,2026-04-26 15:00:00+00:00,1054,1048,1044.0,1041.0,77.99712643678161,0.0,26.0,1017.0,578.06,578.06
66332,2026-04-26 16:00:00+00:00,666,663,653.0,651.0,78.5084226646248,0.0,31.0,638.0,589.81,589.81
66332,2026-04-26 17:00:00+00:00,1556,1552,1551.0,1548.0,86.02643455834945,0.0,18.0,1537.0,559.27,559.27
66332,2026-04-26 18:00:00+00:00,1133,1130,1131.0,1128.0,86.28205128205128,0.0,11.0,1119.0,542.82,542.82
66332,2026-04-26 19:00:00+00:00,1057,1054,1049.0,1049.0,86.48617731172546,0.0,16.0,1045.0,554.57,554.57
66332,2026-04-26 20:00:00+00:00,652,651,647.0,647.0,86.112828438949,0.0,3.0,645.0,524.02,524.02
66332,2026-04-26 21:00:00+00:00,211,211,210.0,210.0,86.82857142857142,0.0,2.0,206.0,521.67,521.67
66332,2026-04-26 22:00:00+00:00,93,92,90.0,90.0,87.0,0.0,1.0,89.0,519.33,519.33
66332,2026-04-26 23:00:00+00:00,57,57,56.0,56.0,86.73214285714286,0.0,0.0,56.0,516.98,516.98
66333,2026-04-20 00:00:00+00:00,5,3,0.0,0.0,0.0,0.0,0.0,0.0,516.98,516.98
66333,2026-04-20 01:00:00+00:00,5,5,2.0,2.0,78.0,0.0,0.0,0.0,516.98,516.98
66333,2026-04-20 02:00:00+00:00,6,6,0.0,0.0,0.0,0.0,0.0,0.0,516.98,516.98
66333,2026-04-20 03:00:00+00:00,5,3,1.0,1.0,83.0,0.0,0.0,0.0,516.98,516.98
66333,2026-04-20 04:00:00+00:00,6,5,1.0,1.0,84.0,5.0,0.0,0.0,516.98,516.98
66333,2026-04-20 05:00:00+00:00,9,8,3.0,3.0,77.66666666666667,41.0,0.0,0.0,516.98,516.98
66333,2026-04-20 06:00:00+00:00,12,10,7.0,7.0,81.42857142857143,0.0,0.0,0.0,516.98,516.98
66333,2026-04-20 07:00:00+00:00,11,10,4.0,4.0,78.0,18.5,0.0,0.0,516.98,516.98
66333,2026-04-20 08:00:00+00:00,5,5,3.0,3.0,75.33333333333333,1.0,0.0,0.0,516.98,516.98
66333,2026-04-20 09:00:00+00:00,17,15,11.0,9.0,79.27272727272727,0.0,0.0,0.0,516.98,516.98
66333,2026-04-20 10:00:00+00:00,24,23,20.0,20.0,80.65,0.0,0.0,0.0,516.98,516.98
66333,2026-04-20 11:00:00+00:00,20,17,14.0,12.0,80.0,0.0,1.0,0.0,519.33,519.33
66333,2026-04-20 12:00:00+00:00,27,25,18.0,18.0,79.61111111111111,0.0,0.0,0.0,516.98,516.98
66333,2026-04-20 13:00:00+00:00,16,15,11.0,11.0,80.9090909090909,0.0,0.0,0.0,516.98,516.98
66333,2026-04-20 14:00:00+00:00,16,14,10.0,9.0,81.2,0.0,0.0,0.0,516.98,516.98
66333,2026-04-20 15:00:00+00:00,20,18,12.0,12.0,80.16666666666667,0.5,0.0,0.0,516.98,516.98
66333,2026-04-20 16:00:00+00:00,18,18,14.0,14.0,81.5,0.0,0.0,0.0,516.98,516.98
66333,2026-04-20 17:00:00+00:00,15,13,3.0,3.0,80.0,0.0,0.0,0.0,516.98,516.98
66333,2026-04-20 18:00:00+00:00,12,12,7.0,7.0,77.85714285714286,0.0,0.0,0.0,516.98,516.98
66333,2026-04-20 19:00:00+00:00,6,5,2.0,2.0,79.5,44.5,0.0,0.0,516.98,516.98
66333,2026-04-20 20:00:00+00:00,17,13,10.0,9.0,79.8,0.0,0.0,0.0,516.98,516.98
66333,2026-04-20 21:00:00+00:00,10,9,3.0,3.0,82.66666666666667,0.0,0.0,0.0,516.98,516.98
66333,2026-04-20 22:00:00+00:00,6,5,3.0,3.0,79.66666666666667,0.0,0.0,0.0,516.98,516.98
66333,2026-04-20 23:00:00+00:00,6,5,1.0,1.0,83.0,0.0,0.0,0.0,516.98,516.98
66333,2026-04-21 00:00:00+00:00,6,5,1.0,1.0,81.0,38.0,0.0,0.0,516.98,516.98
66333,2026-04-21 01:00:00+00:00,3,2,0.0,0.0,0.0,0.0,0.0,0.0,516.98,516.98
66333,2026-04-21 02:00:00+00:00,6,5,0.0,0.0,0.0,0.0,0.0,0.0,516.98,516.98
66333,2026-04-21 03:00:00+00:00,5,3,0.0,0.0,0.0,0.0,0.0,0.0,516.98,516.98
66333,2026-04-21 04:00:00+00:00,6,6,3.0,3.0,79.33333333333333,0.0,0.0,0.0,516.98,516.98
66333,2026-04-21 05:00:00+00:00,7,5,0.0,0.0,0.0,0.0,0.0,0.0,516.98,516.98
66333,2026-04-21 06:00:00+00:00,8,7,3.0,3.0,79.0,0.0,0.0,0.0,516.98,516.98
66333,2026-04-21 07:00:00+00:00,2,2,1.0,1.0,79.0,895.0,0.0,0.0,516.98,516.98
66333,2026-04-21 08:00:00+00:00,12,12,11.0,11.0,79.0,0.0,0.0,0.0,516.98,516.98
66333,2026-04-21 09:00:00+00:00,14,13,12.0,12.0,79.33333333333333,0.0,0.0,0.0,516.98,516.98
66333,2026-04-21 10:00:00+00:00,19,19,14.0,14.0,76.71428571428571,0.0,0.0,0.0,516.98,516.98
66333,2026-04-21 11:00:00+00:00,22,20,16.0,15.0,78.6875,0.0,2.0,0.0,521.67,521.67
66333,2026-04-21 12:00:00+00:00,22,21,21.0,20.0,77.85714285714286,0.0,0.0,0.0,516.98,516.98
66333,2026-04-21 13:00:00+00:00,28,25,22.0,20.0,79.22727272727273,0.0,1.0,0.0,519.33,519.33
66333,2026-04-21 14:00:00+00:00,28,26,23.0,23.0,81.0,0.0,0.0,0.0,516.98,516.98
66333,2026-04-21 15:00:00+00:00,25,22,23.0,20.0,80.95652173913044,0.0,0.0,0.0,516.98,516.98
66333,2026-04-21 16:00:00+00:00,15,15,13.0,13.0,81.0,0.0,0.0,0.0,516.98,516.98
66333,2026-04-21 17:00:00+00:00,17,16,9.0,9.0,78.33333333333333,0.0,0.0,0.0,516.98,516.98
66333,2026-04-21 18:00:00+00:00,8,8,6.0,6.0,79.66666666666667,0.0,0.0,0.0,516.98,516.98
66333,2026-04-21 19:00:00+00:00,7,7,2.0,2.0,73.0,22.5,0.0,0.0,516.98,516.98
66333,2026-04-21 20:00:00+00:00,13,12,7.0,7.0,79.57142857142857,0.0,0.0,0.0,516.98,516.98
66333,2026-04-21 21:00:00+00:00,7,5,0.0,0.0,0.0,0.0,0.0,0.0,516.98,516.98
66333,2026-04-21 22:00:00+00:00,6,4,0.0,0.0,0.0,0.0,0.0,0.0,516.98,516.98
66333,2026-04-21 23:00:00+00:00,6,5,0.0,0.0,0.0,0.0,0.0,0.0,516.98,516.98
66333,2026-04-22 00:00:00+00:00,5,4,2.0,2.0,81.0,224.5,0.0,0.0,516.98,516.98
66333,2026-04-22 01:00:00+00:00,9,7,2.0,2.0,83.0,0.0,0.0,0.0,516.98,516.98
66333,2026-04-22 02:00:00+00:00,8,8,1.0,1.0,80.0,598.0,0.0,0.0,516.98,516.98
66333,2026-04-22 03:00:00+00:00,7,5,1.0,1.0,79.0,76.0,0.0,0.0,516.98,516.98
66333,2026-04-22 04:00:00+00:00,5,5,0.0,0.0,0.0,0.0,0.0,0.0,516.98,516.98
66333,2026-04-22 05:00:00+00:00,9,8,2.0,2.0,71.0,36.5,0.0,0.0,516.98,516.98
66333,2026-04-22 06:00:00+00:00,13,12,7.0,7.0,78.57142857142857,0.0,0.0,0.0,516.98,516.98
66333,2026-04-22 07:00:00+00:00,4,4,2.0,2.0,77.0,0.0,0.0,0.0,516.98,516.98
66333,2026-04-22 08:00:00+00:00,8,7,6.0,6.0,78.33333333333333,51.0,0.0,0.0,516.98,516.98
66333,2026-04-22 09:00:00+00:00,17,14,12.0,10.0,80.08333333333333,3.0,0.0,0.0,516.98,516.98
66333,2026-04-22 10:00:00+00:00,19,17,15.0,14.0,78.86666666666666,0.0,0.0,0.0,516.98,516.98
66333,2026-04-22 11:00:00+00:00,25,22,20.0,19.0,80.2,0.0,0.0,0.0,516.98,516.98
66333,2026-04-22 12:00:00+00:00,19,17,16.0,14.0,80.375,0.0,0.0,0.0,516.98,516.98
66333,2026-04-22 13:00:00+00:00,20,19,16.0,15.0,81.125,0.0,0.0,0.0,516.98,516.98
66333,2026-04-22 14:00:00+00:00,18,15,12.0,11.0,80.91666666666667,0.0,0.0,0.0,516.98,516.98
66333,2026-04-22 15:00:00+00:00,21,20,16.0,15.0,80.0625,0.0,0.0,0.0,516.98,516.98
66333,2026-04-22 16:00:00+00:00,25,22,18.0,16.0,80.38888888888889,1.5,0.0,0.0,516.98,516.98
66333,2026-04-22 17:00:00+00:00,9,9,6.0,6.0,77.0,4.5,0.0,0.0,516.98,516.98
66333,2026-04-22 18:00:00+00:00,15,13,11.0,9.0,77.27272727272727,0.0,0.0,0.0,516.98,516.98
66333,2026-04-22 19:00:00+00:00,8,7,5.0,5.0,77.2,9.0,0.0,0.0,516.98,516.98
66333,2026-04-22 20:00:00+00:00,7,6,3.0,2.0,82.66666666666667,6.0,0.0,0.0,516.98,516.98
66333,2026-04-22 21:00:00+00:00,9,5,4.0,3.0,75.75,10.0,0.0,0.0,516.98,516.98
66333,2026-04-22 22:00:00+00:00,9,9,4.0,4.0,82.75,47.5,0.0,0.0,516.98,516.98
66333,2026-04-22 23:00:00+00:00,6,5,1.0,1.0,84.0,0.0,0.0,0.0,516.98,516.98
66333,2026-04-23 00:00:00+00:00,46,41,40.0,39.0,83.675,0.0,0.0,39.0,516.98,516.98
66333,2026-04-23 01:00:00+00:00,52,51,47.0,47.0,83.53191489361703,0.0,0.0,45.0,516.98,516.98
66333,2026-04-23 02:00:00+00:00,40,38,37.0,36.0,83.97297297297297,0.0,0.0,35.0,516.98,516.98
66333,2026-04-23 03:00:00+00:00,45,41,41.0,38.0,83.85365853658537,0.0,0.0,36.0,516.98,516.98
66333,2026-04-23 04:00:00+00:00,74,73,71.0,71.0,83.4225352112676,0.0,0.0,70.0,516.98,516.98
66333,2026-04-23 05:00:00+00:00,178,174,176.0,172.0,83.3125,0.0,1.0,166.0,519.33,519.33
66333,2026-04-23 06:00:00+00:00,195,195,192.0,192.0,83.4375,0.0,0.0,189.0,516.98,516.98
66333,2026-04-23 07:00:00+00:00,163,162,161.0,160.0,83.32919254658385,0.0,3.0,154.0,524.02,524.02
66333,2026-04-23 08:00:00+00:00,395,391,392.0,388.0,83.59693877551021,0.0,1.0,379.0,519.33,519.33
66333,2026-04-23 09:00:00+00:00,532,528,527.0,523.0,83.58823529411765,0.0,4.0,518.0,526.37,526.37
66333,2026-04-23 10:00:00+00:00,833,827,827.0,824.0,83.53325272067714,0.0,5.0,802.0,528.72,528.72
66333,2026-04-23 11:00:00+00:00,1196,1194,1192.0,1191.0,83.89345637583892,0.0,1.0,1179.0,519.33,519.33
66333,2026-04-23 12:00:00+00:00,1217,1212,1213.0,1209.0,83.68590272052762,0.0,3.0,1187.0,524.02,524.02
66333,2026-04-23 13:00:00+00:00,1546,1543,1538.0,1537.0,84.22756827048114,0.0,14.0,1526.0,549.87,549.87
66333,2026-04-23 14:00:00+00:00,1768,1767,1767.0,1766.0,84.20713073005093,0.0,18.0,1753.0,559.27,559.27
66333,2026-04-23 15:00:00+00:00,745,744,739.0,739.0,84.06495263870094,0.0,11.0,731.0,542.82,542.82
66333,2026-04-23 16:00:00+00:00,1483,1477,1475.0,1471.0,83.85966101694915,0.0,15.0,1458.0,552.22,552.22
66333,2026-04-23 17:00:00+00:00,1300,1299,1296.0,1295.0,83.92515432098766,0.0,14.0,1287.0,549.87,549.87
66333,2026-04-23 18:00:00+00:00,981,979,972.0,971.0,83.88991769547324,0.0,11.0,967.0,542.82,542.82
66333,2026-04-23 19:00:00+00:00,396,396,391.0,391.0,83.73401534526855,0.0,1.0,389.0,519.33,519.33
66333,2026-04-23 20:00:00+00:00,653,649,649.0,646.0,84.11864406779661,0.0,4.0,643.0,526.37,526.37
66333,2026-04-23 21:00:00+00:00,556,554,553.0,551.0,83.70886075949367,0.0,0.0,549.0,516.98,516.98
66333,2026-04-23 22:00:00+00:00,576,575,573.0,572.0,83.1413612565445,0.0,2.0,569.0,521.67,521.67
66333,2026-04-23 23:00:00+00:00,140,138,134.0,134.0,83.02985074626865,0.0,0.0,133.0,516.98,516.98
66333,2026-04-24 00:00:00+00:00,54,51,48.0,46.0,83.10416666666667,0.0,1.0,45.0,519.33,519.33
66333,2026-04-24 01:00:00+00:00,26,24,26.0,24.0,82.6923076923077,0.0,0.0,24.0,516.98,516.98
66333,2026-04-24 02:00:00+00:00,36,36,33.0,33.0,82.75757575757575,0.0,0.0,33.0,516.98,516.98
66333,2026-04-24 03:00:00+00:00,18,17,17.0,16.0,82.11764705882354,0.0,1.0,16.0,519.33,519.33
66333,2026-04-24 04:00:00+00:00,62,60,61.0,59.0,82.11475409836065,0.0,1.0,59.0,519.33,519.33
66333,2026-04-24 05:00:00+00:00,245,245,243.0,243.0,82.42798353909465,0.0,1.0,240.0,519.33,519.33
66333,2026-04-24 06:00:00+00:00,212,210,209.0,208.0,82.04784688995215,0.0,2.0,204.0,521.67,521.67
66333,2026-04-24 07:00:00+00:00,204,203,202.0,201.0,81.6930693069307,0.0,3.0,197.0,524.02,524.02
66333,2026-04-24 08:00:00+00:00,550,549,547.0,546.0,81.81535648994516,0.0,14.0,545.0,549.87,549.87
66333,2026-04-24 09:00:00+00:00,930,921,925.0,918.0,81.64864864864865,0.0,10.0,910.0,540.47,540.47
66333,2026-04-24 10:00:00+00:00,1631,1624,1630.0,1623.0,81.7398773006135,0.0,15.0,1615.0,552.22,552.22
66333,2026-04-24 11:00:00+00:00,2065,2064,2061.0,2060.0,81.73556525958273,0.0,23.0,2044.0,571.01,571.01
66333,2026-04-24 12:00:00+00:00,2382,2378,2379.0,2375.0,81.82513661202186,0.0,32.0,2366.0,592.16,592.16
66333,2026-04-24 13:00:00+00:00,2313,2309,2309.0,2307.0,82.11996535296666,0.0,32.0,2297.0,592.16,592.16
66333,2026-04-24 14:00:00+00:00,2194,2190,2186.0,2184.0,82.24062214089662,0.0,32.0,2174.0,592.16,592.16
66333,2026-04-24 15:00:00+00:00,2050,2046,2045.0,2042.0,82.02982885085575,0.0,28.0,2021.0,582.76,582.76
66333,2026-04-24 16:00:00+00:00,2083,2083,2080.0,2080.0,82.03173076923076,0.0,32.0,2068.0,592.16,592.16
66333,2026-04-24 17:00:00+00:00,1791,1789,1787.0,1786.0,82.0464465584779,0.0,33.0,1778.0,594.51,594.51
66333,2026-04-24 18:00:00+00:00,1625,1621,1620.0,1616.0,81.96296296296296,0.0,22.0,1604.0,568.67,568.67
66333,2026-04-24 19:00:00+00:00,1013,1013,1010.0,1010.0,81.97623762376237,0.0,10.0,1007.0,540.47,540.47
66333,2026-04-24 20:00:00+00:00,1756,1752,1749.0,1746.0,83.43281875357347,0.0,15.0,1739.0,552.22,552.22
66333,2026-04-24 21:00:00+00:00,765,762,761.0,758.0,83.3915900131406,0.0,7.0,757.0,533.42,533.42
66333,2026-04-24 22:00:00+00:00,509,504,501.0,499.0,83.41117764471058,0.0,3.0,499.0,524.02,524.02
66333,2026-04-24 23:00:00+00:00,207,205,206.0,204.0,83.15533980582525,0.0,3.0,203.0,524.02,524.02
66333,2026-04-25 00:00:00+00:00,300,297,294.0,293.0,80.30952380952381,0.0,1.0,292.0,519.33,519.33
66333,2026-04-25 01:00:00+00:00,177,174,173.0,170.0,80.76300578034682,0.0,2.0,168.0,521.67,521.67
66333,2026-04-25 02:00:00+00:00,63,63,60.0,60.0,82.01666666666667,0.0,3.0,59.0,524.02,524.02
66333,2026-04-25 03:00:00+00:00,85,82,83.0,80.0,80.36144578313252,0.0,1.0,79.0,519.33,519.33
66333,2026-04-25 04:00:00+00:00,102,99,98.0,96.0,82.15306122448979,0.0,2.0,96.0,521.67,521.67
66333,2026-04-25 05:00:00+00:00,206,205,204.0,203.0,81.72549019607843,0.0,7.0,201.0,533.42,533.42
66333,2026-04-25 06:00:00+00:00,305,302,302.0,299.0,81.37748344370861,0.0,7.0,295.0,533.42,533.42
66333,2026-04-25 07:00:00+00:00,383,381,380.0,379.0,79.5078947368421,0.0,9.0,376.0,538.12,538.12
66333,2026-04-25 08:00:00+00:00,1453,1445,1445.0,1439.0,79.75017301038062,0.0,39.0,1432.0,608.61,608.61
66333,2026-04-25 09:00:00+00:00,2568,2565,2564.0,2561.0,79.67940717628706,0.0,32.0,2551.0,592.16,592.16
66333,2026-04-25 10:00:00+00:00,3638,3624,3637.0,3623.0,79.76986527357712,0.0,49.0,3607.0,632.1,632.1
66333,2026-04-25 11:00:00+00:00,4494,4479,4490.0,4476.0,79.75278396436525,0.0,53.0,4463.0,641.5,641.5
66333,2026-04-25 12:00:00+00:00,4947,4936,4943.0,4932.0,79.8219704632814,0.0,44.0,4913.0,620.35,620.35
66333,2026-04-25 13:00:00+00:00,5386,5375,5381.0,5370.0,79.89518676825868,0.0,69.0,5360.0,679.09,679.09
66333,2026-04-25 14:00:00+00:00,4907,4893,4902.0,4888.0,80.0297837617299,0.0,49.0,4875.0,632.1,632.1
66333,2026-04-25 15:00:00+00:00,4425,4417,4422.0,4415.0,79.80913613749435,0.0,52.0,4406.0,639.15,639.15
66333,2026-04-25 16:00:00+00:00,4020,4009,4014.0,4003.0,79.951918285999,0.0,47.0,3990.0,627.4,627.4
66333,2026-04-25 17:00:00+00:00,3397,3390,3388.0,3382.0,79.81286894923258,0.0,52.0,3368.0,639.15,639.15
66333,2026-04-25 18:00:00+00:00,2187,2185,2181.0,2180.0,80.07060981201283,0.0,41.0,2173.0,613.31,613.31
66333,2026-04-25 19:00:00+00:00,2703,2700,2701.0,2698.0,81.70899666790078,0.0,26.0,2695.0,578.06,578.06
66333,2026-04-25 20:00:00+00:00,2036,2029,2032.0,2026.0,81.53149606299213,0.0,21.0,2020.0,566.32,566.32
66333,2026-04-25 21:00:00+00:00,1361,1359,1356.0,1354.0,81.9358407079646,0.0,8.0,1351.0,535.77,535.77
66333,2026-04-25 22:00:00+00:00,697,697,695.0,695.0,81.75395683453237,0.0,5.0,693.0,528.72,528.72
66333,2026-04-25 23:00:00+00:00,279,276,277.0,274.0,81.88808664259928,0.0,4.0,273.0,526.37,526.37
66333,2026-04-26 00:00:00+00:00,219,218,214.0,213.0,82.04672897196262,0.0,1.0,211.0,519.33,519.33
66333,2026-04-26 01:00:00+00:00,155,153,153.0,152.0,82.20915032679738,0.0,1.0,152.0,519.33,519.33
66333,2026-04-26 02:00:00+00:00,147,145,145.0,143.0,82.61379310344827,0.0,2.0,142.0,521.67,521.67
66333,2026-04-26 03:00:00+00:00,179,179,179.0,179.0,81.78212290502793,0.0,2.0,179.0,521.67,521.67
66333,2026-04-26 04:00:00+00:00,179,178,176.0,175.0,82.0965909090909,0.0,0.0,175.0,516.98,516.98
66333,2026-04-26 05:00:00+00:00,285,284,283.0,282.0,80.6678445229682,0.0,2.0,281.0,521.67,521.67
66333,2026-04-26 06:00:00+00:00,280,276,275.0,271.0,81.27636363636364,0.0,8.0,271.0,535.77,535.77
66333,2026-04-26 07:00:00+00:00,516,512,510.0,508.0,80.7078431372549,0.0,8.0,507.0,535.77,535.77
66333,2026-04-26 08:00:00+00:00,862,858,860.0,857.0,80.76162790697674,0.0,10.0,854.0,540.47,540.47
66333,2026-04-26 09:00:00+00:00,1609,1605,1603.0,1600.0,78.82969432314411,0.0,26.0,1591.0,578.06,578.06
66333,2026-04-26 10:00:00+00:00,2732,2719,2726.0,2715.0,79.3070432868672,0.0,46.0,2706.0,625.05,625.05
66333,2026-04-26 11:00:00+00:00,3740,3735,3734.0,3729.0,79.41081949651849,0.0,37.0,3707.0,603.91,603.91
66333,2026-04-26 12:00:00+00:00,4176,4166,4167.0,4160.0,79.73794096472282,0.0,50.0,4152.0,634.45,634.45
66333,2026-04-26 13:00:00+00:00,4152,4142,4141.0,4134.0,79.79521854624487,0.0,50.0,4123.0,634.45,634.45
66333,2026-04-26 14:00:00+00:00,4401,4390,4390.0,4382.0,80.06036446469248,0.0,40.0,4374.0,610.96,610.96
66333,2026-04-26 15:00:00+00:00,3055,3044,3048.0,3038.0,79.94488188976378,0.0,44.0,3028.0,620.35,620.35
66333,2026-04-26 16:00:00+00:00,1484,1480,1481.0,1477.0,80.14449696151249,0.0,19.0,1472.0,561.62,561.62
66333,2026-04-26 17:00:00+00:00,1901,1894,1898.0,1892.0,81.90832455216017,0.0,28.0,1887.0,582.76,582.76
66333,2026-04-26 18:00:00+00:00,1232,1227,1230.0,1225.0,82.0130081300813,0.0,13.0,1219.0,547.52,547.52
66333,2026-04-26 19:00:00+00:00,967,962,961.0,959.0,81.71696149843912,0.0,5.0,956.0,528.72,528.72
66333,2026-04-26 20:00:00+00:00,684,682,679.0,678.0,81.60088365243004,0.0,3.0,675.0,524.02,524.02
66333,2026-04-26 21:00:00+00:00,423,420,418.0,416.0,81.67703349282297,0.0,5.0,415.0,528.72,528.72
66333,2026-04-26 22:00:00+00:00,151,151,150.0,150.0,81.71333333333334,0.0,2.0,150.0,521.67,521.67
66333,2026-04-26 23:00:00+00:00,108,105,105.0,103.0,81.67619047619047,0.0,1.0,102.0,519.33,519.33
66335,2026-04-20 00:00:00+00:00,840,833,824.0,821.0,83.2002427184466,0.0,0.0,817.0,516.98,516.98
66335,2026-04-20 01:00:00+00:00,801,798,800.0,797.0,83.14,0.0,0.0,791.0,516.98,516.98
66335,2026-04-20 02:00:00+00:00,780,774,773.0,770.0,83.10219922380337,0.0,0.0,765.0,516.98,516.98
66335,2026-04-20 03:00:00+00:00,824,819,821.0,816.0,83.11814859926919,0.0,0.0,811.0,516.98,516.98
66335,2026-04-20 04:00:00+00:00,785,781,781.0,778.0,83.11779769526248,0.0,0.0,775.0,516.98,516.98
66335,2026-04-20 05:00:00+00:00,908,900,902.0,896.0,83.21286031042129,0.0,1.0,889.0,519.33,519.33
66335,2026-04-20 06:00:00+00:00,832,827,824.0,820.0,83.34101941747574,0.0,1.0,814.0,519.33,519.33
66335,2026-04-20 07:00:00+00:00,460,457,451.0,450.0,83.36807095343681,0.0,2.0,445.0,521.67,521.67
66335,2026-04-20 08:00:00+00:00,748,744,741.0,737.0,83.57354925775978,0.0,3.0,724.0,524.02,524.02
66335,2026-04-20 09:00:00+00:00,1196,1191,1185.0,1182.0,83.63628691983122,0.0,4.0,1167.0,526.37,526.37
66335,2026-04-20 10:00:00+00:00,1595,1586,1589.0,1581.0,83.81308999370674,0.0,5.0,1563.0,528.72,528.72
66335,2026-04-20 11:00:00+00:00,2002,1990,1990.0,1982.0,83.85376884422111,0.0,13.0,1969.0,547.52,547.52
66335,2026-04-20 12:00:00+00:00,1800,1793,1788.0,1784.0,83.9065995525727,0.0,5.0,1769.0,528.72,528.72
66335,2026-04-20 13:00:00+00:00,1995,1990,1985.0,1983.0,84.0191435768262,0.0,4.0,1961.0,526.37,526.37
66335,2026-04-20 14:00:00+00:00,2141,2130,2127.0,2119.0,84.06393982134462,0.0,9.0,2108.0,538.12,538.12
66335,2026-04-20 15:00:00+00:00,1948,1943,1943.0,1939.0,84.17704580545548,0.0,5.0,1911.0,528.72,528.72
66335,2026-04-20 16:00:00+00:00,1558,1553,1552.0,1548.0,83.98969072164948,0.0,5.0,1533.0,528.72,528.72
66335,2026-04-20 17:00:00+00:00,1395,1386,1388.0,1382.0,83.85014409221903,0.0,2.0,1371.0,521.67,521.67
66335,2026-04-20 18:00:00+00:00,1043,1039,1036.0,1032.0,83.69208494208495,0.0,4.0,1024.0,526.37,526.37
66335,2026-04-20 19:00:00+00:00,644,637,634.0,631.0,83.63880126182966,0.0,2.0,628.0,521.67,521.67
66335,2026-04-20 20:00:00+00:00,679,675,672.0,670.0,83.51636904761905,0.0,0.0,660.0,516.98,516.98
66335,2026-04-20 21:00:00+00:00,687,687,682.0,682.0,83.20381231671554,0.0,0.0,678.0,516.98,516.98
66335,2026-04-20 22:00:00+00:00,894,890,888.0,886.0,82.9481981981982,0.0,0.0,881.0,516.98,516.98
66335,2026-04-20 23:00:00+00:00,1146,1141,1141.0,1137.0,82.35758106923751,0.0,1.0,1135.0,519.33,519.33
66335,2026-04-21 00:00:00+00:00,164,164,155.0,155.0,84.71612903225807,0.0,0.0,151.0,516.98,516.98
66335,2026-04-21 01:00:00+00:00,185,183,181.0,180.0,84.50828729281768,0.0,0.0,175.0,516.98,516.98
66335,2026-04-21 02:00:00+00:00,182,182,180.0,180.0,84.57222222222222,0.0,0.0,176.0,516.98,516.98
66335,2026-04-21 03:00:00+00:00,191,190,189.0,188.0,84.84126984126983,0.0,0.0,186.0,516.98,516.98
66335,2026-04-21 04:00:00+00:00,193,191,189.0,189.0,84.72486772486772,0.0,0.0,184.0,516.98,516.98
66335,2026-04-21 05:00:00+00:00,230,229,227.0,226.0,84.73568281938326,0.0,0.0,221.0,516.98,516.98
66335,2026-04-21 06:00:00+00:00,284,284,281.0,281.0,84.90035587188612,0.0,1.0,277.0,519.33,519.33
66335,2026-04-21 07:00:00+00:00,220,219,217.0,216.0,85.23041474654377,0.0,2.0,212.0,521.67,521.67
66335,2026-04-21 08:00:00+00:00,372,369,361.0,360.0,84.86149584487535,0.0,1.0,345.0,519.33,519.33
66335,2026-04-21 09:00:00+00:00,418,416,413.0,412.0,84.98547215496367,0.0,1.0,392.0,519.33,519.33
66335,2026-04-21 10:00:00+00:00,621,615,610.0,608.0,85.05245901639344,0.0,2.0,595.0,521.67,521.67
66335,2026-04-21 11:00:00+00:00,937,935,926.0,925.0,85.25269978401728,0.0,2.0,910.0,521.67,521.67
66335,2026-04-21 12:00:00+00:00,987,980,975.0,970.0,85.17128205128205,0.0,3.0,950.0,524.02,524.02
66335,2026-04-21 13:00:00+00:00,1030,1026,1020.0,1018.0,85.25588235294117,0.0,5.0,1001.0,528.72,528.72
66335,2026-04-21 14:00:00+00:00,1047,1040,1034.0,1030.0,85.18278529980658,0.0,2.0,1010.0,521.67,521.67
66335,2026-04-21 15:00:00+00:00,955,951,949.0,946.0,85.41306638566913,0.0,1.0,934.0,519.33,519.33
66335,2026-04-21 16:00:00+00:00,1290,1284,1280.0,1275.0,84.5734375,0.0,7.0,1255.0,533.42,533.42
66335,2026-04-21 17:00:00+00:00,1044,1041,1036.0,1033.0,84.54343629343629,0.0,4.0,1024.0,526.37,526.37
66335,2026-04-21 18:00:00+00:00,769,763,757.0,754.0,84.56010568031704,0.0,1.0,746.0,519.33,519.33
66335,2026-04-21 19:00:00+00:00,419,415,412.0,411.0,84.55825242718447,0.0,1.0,405.0,519.33,519.33
66335,2026-04-21 20:00:00+00:00,450,446,442.0,440.0,84.08597285067873,0.0,1.0,425.0,519.33,519.33
66335,2026-04-21 21:00:00+00:00,446,443,442.0,439.0,84.10859728506787,0.0,0.0,437.0,516.98,516.98
66335,2026-04-21 22:00:00+00:00,492,487,487.0,483.0,83.86036960985626,0.0,0.0,478.0,516.98,516.98
66335,2026-04-21 23:00:00+00:00,424,422,422.0,420.0,83.9004739336493,0.0,0.0,418.0,516.98,516.98
66335,2026-04-22 00:00:00+00:00,238,237,231.0,231.0,84.6969696969697,0.0,0.0,227.0,516.98,516.98
66335,2026-04-22 01:00:00+00:00,205,205,203.0,203.0,84.79310344827586,0.0,0.0,201.0,516.98,516.98
66335,2026-04-22 02:00:00+00:00,192,191,189.0,188.0,84.57142857142857,0.0,0.0,184.0,516.98,516.98
66335,2026-04-22 03:00:00+00:00,236,236,232.0,232.0,84.61206896551724,0.0,0.0,227.0,516.98,516.98
66335,2026-04-22 04:00:00+00:00,194,191,188.0,188.0,84.52127659574468,0.0,0.0,182.0,516.98,516.98
66335,2026-04-22 05:00:00+00:00,263,261,257.0,257.0,84.60700389105058,0.0,0.0,249.0,516.98,516.98
66335,2026-04-22 06:00:00+00:00,220,220,217.0,217.0,84.7926267281106,0.0,0.0,212.0,516.98,516.98
66335,2026-04-22 07:00:00+00:00,221,221,215.0,215.0,85.10697674418604,0.0,1.0,210.0,519.33,519.33
66335,2026-04-22 08:00:00+00:00,328,325,317.0,316.0,84.95268138801262,0.0,0.0,306.0,516.98,516.98
66335,2026-04-22 09:00:00+00:00,479,477,467.0,467.0,85.06209850107066,0.0,2.0,452.0,521.67,521.67
66335,2026-04-22 10:00:00+00:00,678,676,673.0,671.0,85.1441307578009,0.0,0.0,654.0,516.98,516.98
66335,2026-04-22 11:00:00+00:00,948,944,940.0,937.0,85.20106382978723,0.0,0.0,919.0,516.98,516.98
66335,2026-04-22 12:00:00+00:00,1262,1256,1250.0,1246.0,84.9744,0.0,4.0,1228.0,526.37,526.37
66335,2026-04-22 13:00:00+00:00,1515,1508,1509.0,1504.0,84.75281643472498,0.0,3.0,1493.0,524.02,524.02
66335,2026-04-22 14:00:00+00:00,2011,2004,2001.0,1996.0,84.78660669665167,0.0,6.0,1973.0,531.07,531.07
66335,2026-04-22 15:00:00+00:00,1715,1707,1708.0,1702.0,84.81850117096019,0.0,7.0,1690.0,533.42,533.42
66335,2026-04-22 16:00:00+00:00,1532,1525,1519.0,1517.0,84.82093482554312,0.0,5.0,1501.0,528.72,528.72
66335,2026-04-22 17:00:00+00:00,1302,1296,1296.0,1292.0,84.71604938271605,0.0,8.0,1283.0,535.77,535.77
66335,2026-04-22 18:00:00+00:00,897,890,886.0,881.0,84.66930022573364,0.0,4.0,870.0,526.37,526.37
66335,2026-04-22 19:00:00+00:00,461,457,454.0,451.0,84.41850220264317,0.0,0.0,447.0,516.98,516.98
66335,2026-04-22 20:00:00+00:00,406,402,396.0,393.0,84.58838383838383,0.0,1.0,386.0,519.33,519.33
66335,2026-04-22 21:00:00+00:00,496,496,491.0,491.0,84.08961303462321,0.0,0.0,488.0,516.98,516.98
66335,2026-04-22 22:00:00+00:00,520,520,515.0,515.0,83.92621359223301,0.0,0.0,512.0,516.98,516.98
66335,2026-04-22 23:00:00+00:00,450,449,446.0,446.0,83.99775784753363,0.0,0.0,442.0,516.98,516.98
66335,2026-04-23 00:00:00+00:00,1432,1424,1408.0,1404.0,81.57599431818181,0.0,0.0,1401.0,516.98,516.98
66335,2026-04-23 01:00:00+00:00,1391,1385,1385.0,1381.0,81.70469314079422,0.0,0.0,1378.0,516.98,516.98
66335,2026-04-23 02:00:00+00:00,1480,1473,1474.0,1468.0,81.68249660786974,0.0,0.0,1465.0,516.98,516.98
66335,2026-04-23 03:00:00+00:00,1421,1416,1417.0,1413.0,81.81086803105151,0.0,0.0,1410.0,516.98,516.98
66335,2026-04-23 04:00:00+00:00,1435,1430,1430.0,1426.0,81.64825174825175,0.0,0.0,1421.0,516.98,516.98
66335,2026-04-23 05:00:00+00:00,1566,1561,1561.0,1557.0,81.73414477898783,0.0,2.0,1553.0,521.67,521.67
66335,2026-04-23 06:00:00+00:00,1500,1495,1496.0,1491.0,80.25267379679144,0.0,6.0,1482.0,531.07,531.07
66335,2026-04-23 07:00:00+00:00,1011,1005,1009.0,1003.0,80.93855302279485,0.0,11.0,997.0,542.82,542.82
66335,2026-04-23 08:00:00+00:00,1433,1422,1429.0,1419.0,81.57592722183345,0.0,11.0,1408.0,542.82,542.82
66335,2026-04-23 09:00:00+00:00,1772,1755,1765.0,1748.0,81.09291784702549,0.0,12.0,1733.0,545.17,545.17
66335,2026-04-23 10:00:00+00:00,2809,2787,2803.0,2782.0,81.00214056368176,0.0,21.0,2757.0,566.32,566.32
66335,2026-04-23 11:00:00+00:00,3695,3678,3689.0,3672.0,81.10843046896179,0.0,18.0,3657.0,559.27,559.27
66335,2026-04-23 12:00:00+00:00,3694,3671,3686.0,3665.0,81.56918068366794,0.0,22.0,3647.0,568.67,568.67
66335,2026-04-23 13:00:00+00:00,3169,3155,3160.0,3148.0,81.51613924050633,0.0,27.0,3136.0,580.41,580.41
66335,2026-04-23 14:00:00+00:00,3272,3255,3259.0,3245.0,81.95121202822952,0.0,18.0,3230.0,559.27,559.27
66335,2026-04-23 15:00:00+00:00,3451,3436,3444.0,3429.0,81.90563298490127,0.0,26.0,3418.0,578.06,578.06
66335,2026-04-23 16:00:00+00:00,3543,3528,3537.0,3524.0,81.11648289510885,0.0,34.0,3506.0,596.86,596.86
66335,2026-04-23 17:00:00+00:00,3149,3131,3141.0,3125.0,81.2559694364852,0.0,19.0,3112.0,561.62,561.62
66335,2026-04-23 18:00:00+00:00,2514,2505,2509.0,2500.0,81.67397369469909,0.0,17.0,2486.0,556.92,556.92
66335,2026-04-23 19:00:00+00:00,1180,1168,1170.0,1160.0,82.28376068376069,0.0,5.0,1151.0,528.72,528.72
66335,2026-04-23 20:00:00+00:00,1394,1381,1385.0,1373.0,82.39061371841156,0.0,5.0,1358.0,528.72,528.72
66335,2026-04-23 21:00:00+00:00,1491,1481,1485.0,1477.0,82.28956228956228,0.0,2.0,1465.0,521.67,521.67
66335,2026-04-23 22:00:00+00:00,1748,1737,1739.0,1729.0,82.41920644048304,0.0,2.0,1713.0,521.67,521.67
66335,2026-04-23 23:00:00+00:00,1540,1532,1537.0,1529.0,82.29603122966819,0.0,1.0,1518.0,519.33,519.33
66335,2026-04-24 00:00:00+00:00,1457,1442,1429.0,1420.0,82.20573827851645,0.0,0.0,1414.0,516.98,516.98
66335,2026-04-24 01:00:00+00:00,1494,1486,1490.0,1482.0,82.11476510067114,0.0,0.0,1480.0,516.98,516.98
66335,2026-04-24 02:00:00+00:00,1495,1488,1487.0,1483.0,81.96570275722932,0.0,1.0,1481.0,519.33,519.33
66335,2026-04-24 03:00:00+00:00,1448,1441,1444.0,1438.0,81.62880886426593,0.0,0.0,1435.0,516.98,516.98
66335,2026-04-24 04:00:00+00:00,1486,1479,1482.0,1475.0,81.7051282051282,0.0,3.0,1471.0,524.02,524.02
66335,2026-04-24 05:00:00+00:00,1541,1536,1538.0,1533.0,81.8998699609883,0.0,2.0,1530.0,521.67,521.67
66335,2026-04-24 06:00:00+00:00,1371,1366,1368.0,1363.0,81.7141812865497,0.0,4.0,1361.0,526.37,526.37
66335,2026-04-24 07:00:00+00:00,1105,1098,1101.0,1095.0,80.62034514078111,0.0,4.0,1085.0,526.37,526.37
66335,2026-04-24 08:00:00+00:00,1438,1432,1430.0,1424.0,80.54615384615384,0.0,11.0,1414.0,542.82,542.82
66335,2026-04-24 09:00:00+00:00,2389,2374,2379.0,2366.0,81.09331651954602,0.0,17.0,2353.0,556.92,556.92
66335,2026-04-24 10:00:00+00:00,3708,3689,3701.0,3682.0,80.90245879492029,0.0,35.0,3666.0,599.21,599.21
66335,2026-04-24 11:00:00+00:00,4265,4243,4259.0,4237.0,80.82930265320498,0.0,28.0,4225.0,582.76,582.76
66335,2026-04-24 12:00:00+00:00,4631,4614,4621.0,4605.0,80.93204933996971,0.0,33.0,4588.0,594.51,594.51
66335,2026-04-24 13:00:00+00:00,4465,4449,4456.0,4441.0,81.5677737881508,0.0,37.0,4425.0,603.91,603.91
66335,2026-04-24 14:00:00+00:00,4042,4022,4030.0,4011.0,81.63895781637717,0.0,27.0,3996.0,580.41,580.41
66335,2026-04-24 15:00:00+00:00,4409,4388,4402.0,4383.0,81.56156292594275,0.0,24.0,4368.0,573.36,573.36
66335,2026-04-24 16:00:00+00:00,4084,4062,4072.0,4052.0,81.26694499017681,0.0,32.0,4033.0,592.16,592.16
66335,2026-04-24 17:00:00+00:00,3576,3563,3562.0,3551.0,81.08702975856261,0.0,22.0,3539.0,568.67,568.67
66335,2026-04-24 18:00:00+00:00,3105,3091,3097.0,3084.0,81.12560542460446,0.0,26.0,3072.0,578.06,578.06
66335,2026-04-24 19:00:00+00:00,1185,1177,1178.0,1171.0,81.92105263157895,0.0,6.0,1162.0,531.07,531.07
66335,2026-04-24 20:00:00+00:00,1583,1573,1569.0,1561.0,82.35054174633524,0.0,7.0,1552.0,533.42,533.42
66335,2026-04-24 21:00:00+00:00,1459,1455,1454.0,1450.0,82.5522696011004,0.0,1.0,1447.0,519.33,519.33
66335,2026-04-24 22:00:00+00:00,1613,1606,1605.0,1601.0,82.64485981308411,0.0,3.0,1597.0,524.02,524.02
66335,2026-04-24 23:00:00+00:00,1455,1449,1450.0,1444.0,82.67655172413794,0.0,1.0,1440.0,519.33,519.33
66335,2026-04-25 00:00:00+00:00,736,731,715.0,712.0,80.99020979020979,0.0,0.0,709.0,516.98,516.98
66335,2026-04-25 01:00:00+00:00,732,728,729.0,726.0,80.90672153635117,0.0,0.0,722.0,516.98,516.98
66335,2026-04-25 02:00:00+00:00,715,714,712.0,712.0,80.75702247191012,0.0,0.0,710.0,516.98,516.98
66335,2026-04-25 03:00:00+00:00,718,716,714.0,712.0,80.78991596638656,0.0,0.0,710.0,516.98,516.98
66335,2026-04-25 04:00:00+00:00,752,751,749.0,748.0,80.73297730307075,0.0,1.0,743.0,519.33,519.33
66335,2026-04-25 05:00:00+00:00,1219,1217,1217.0,1215.0,76.86113393590797,0.0,3.0,1212.0,524.02,524.02
66335,2026-04-25 06:00:00+00:00,897,893,890.0,889.0,79.19550561797753,0.0,3.0,886.0,524.02,524.02
66335,2026-04-25 07:00:00+00:00,631,629,625.0,623.0,79.1136,0.0,6.0,618.0,531.07,531.07
66335,2026-04-25 08:00:00+00:00,1287,1281,1280.0,1274.0,78.21640625,0.0,8.0,1265.0,535.77,535.77
66335,2026-04-25 09:00:00+00:00,2430,2420,2423.0,2413.0,78.18860916219562,0.0,17.0,2398.0,556.92,556.92
66335,2026-04-25 10:00:00+00:00,3379,3364,3368.0,3355.0,78.25178147268409,0.0,32.0,3336.0,592.16,592.16
66335,2026-04-25 11:00:00+00:00,3825,3813,3814.0,3802.0,78.26402726796015,0.0,31.0,3782.0,589.81,589.81
66335,2026-04-25 12:00:00+00:00,4066,4057,4052.0,4045.0,78.04244817374136,0.0,31.0,4030.0,589.81,589.81
66335,2026-04-25 13:00:00+00:00,3189,3181,3179.0,3171.0,77.50519031141869,0.0,30.0,3156.0,587.46,587.46
66335,2026-04-25 14:00:00+00:00,3047,3036,3031.0,3024.0,77.42197294622237,0.0,35.0,3007.0,599.21,599.21
66335,2026-04-25 15:00:00+00:00,2823,2816,2811.0,2805.0,77.65955176093917,0.0,28.0,2787.0,582.76,582.76
66335,2026-04-25 16:00:00+00:00,2565,2556,2551.0,2543.0,77.49431595452764,0.0,27.0,2526.0,580.41,580.41
66335,2026-04-25 17:00:00+00:00,2238,2234,2226.0,2222.0,77.50808625336927,0.0,26.0,2203.0,578.06,578.06
66335,2026-04-25 18:00:00+00:00,1430,1426,1427.0,1423.0,77.59425367904696,0.0,15.0,1407.0,552.22,552.22
66335,2026-04-25 19:00:00+00:00,1111,1106,1102.0,1098.0,77.97096188747732,0.0,13.0,1092.0,547.52,547.52
66335,2026-04-25 20:00:00+00:00,685,682,682.0,679.0,78.70821114369501,0.0,9.0,672.0,538.12,538.12
66335,2026-04-25 21:00:00+00:00,679,678,675.0,674.0,79.13333333333334,0.0,5.0,670.0,528.72,528.72
66335,2026-04-25 22:00:00+00:00,673,670,671.0,668.0,79.33681073025335,0.0,3.0,666.0,524.02,524.02
66335,2026-04-25 23:00:00+00:00,675,673,670.0,669.0,79.25522388059701,0.0,0.0,666.0,516.98,516.98
66335,2026-04-26 00:00:00+00:00,1531,1523,1512.0,1507.0,81.69775132275132,0.0,2.0,1505.0,521.67,521.67
66335,2026-04-26 01:00:00+00:00,1378,1375,1373.0,1370.0,81.86016023306628,0.0,0.0,1368.0,516.98,516.98
66335,2026-04-26 02:00:00+00:00,1422,1422,1419.0,1419.0,81.84355179704016,0.0,0.0,1416.0,516.98,516.98
66335,2026-04-26 03:00:00+00:00,1328,1326,1324.0,1322.0,81.76359516616314,0.0,1.0,1319.0,519.33,519.33
66335,2026-04-26 04:00:00+00:00,1328,1326,1325.0,1323.0,81.76754716981132,0.0,2.0,1321.0,521.67,521.67
66335,2026-04-26 05:00:00+00:00,1638,1636,1635.0,1633.0,79.52538226299694,0.0,2.0,1631.0,521.67,521.67
66335,2026-04-26 06:00:00+00:00,1164,1157,1159.0,1153.0,81.61863675582399,0.0,3.0,1150.0,524.02,524.02
66335,2026-04-26 07:00:00+00:00,890,884,886.0,880.0,80.7844243792325,0.0,4.0,876.0,526.37,526.37
66335,2026-04-26 08:00:00+00:00,1314,1303,1307.0,1297.0,80.68630451415456,0.0,12.0,1292.0,545.17,545.17
66335,2026-04-26 09:00:00+00:00,1900,1892,1895.0,1887.0,80.64168865435356,0.0,13.0,1877.0,547.52,547.52
66335,2026-04-26 10:00:00+00:00,4113,4095,4107.0,4089.0,80.73703433162892,0.0,29.0,4068.0,585.11,585.11
66335,2026-04-26 11:00:00+00:00,5687,5669,5676.0,5659.0,80.47797744890768,0.0,37.0,5634.0,603.91,603.91
66335,2026-04-26 12:00:00+00:00,6381,6361,6372.0,6355.0,80.88151286880101,0.0,27.0,6343.0,580.41,580.41
66335,2026-04-26 13:00:00+00:00,5778,5755,5759.0,5741.0,81.24066678242751,0.0,28.0,5724.0,582.76,582.76
66335,2026-04-26 14:00:00+00:00,6029,6010,6012.0,5998.0,80.99667332002662,0.0,37.0,5988.0,603.91,603.91
66335,2026-04-26 15:00:00+00:00,4689,4669,4677.0,4659.0,81.0996365191362,0.0,32.0,4651.0,592.16,592.16
66335,2026-04-26 16:00:00+00:00,2023,2010,2012.0,2002.0,81.16848906560637,0.0,12.0,1992.0,545.17,545.17
66335,2026-04-26 17:00:00+00:00,1582,1572,1573.0,1566.0,80.98283534647172,0.0,5.0,1562.0,528.72,528.72
66335,2026-04-26 18:00:00+00:00,1179,1171,1170.0,1164.0,81.75299145299145,0.0,4.0,1160.0,526.37,526.37
66335,2026-04-26 19:00:00+00:00,969,962,961.0,957.0,81.85015608740895,0.0,4.0,952.0,526.37,526.37
66335,2026-04-26 20:00:00+00:00,903,896,894.0,890.0,81.47986577181209,0.0,2.0,884.0,521.67,521.67
66335,2026-04-26 21:00:00+00:00,1239,1231,1228.0,1224.0,81.82247557003258,0.0,0.0,1220.0,516.98,516.98
66335,2026-04-26 22:00:00+00:00,1401,1399,1395.0,1394.0,82.2989247311828,0.0,1.0,1392.0,519.33,519.33
66335,2026-04-26 23:00:00+00:00,1267,1266,1259.0,1259.0,82.73550436854647,0.0,0.0,1254.0,516.98,516.98
66336,2026-04-20 00:00:00+00:00,188,176,160.0,158.0,82.09375,0.0,1.0,157.0,519.33,519.33
66336,2026-04-20 01:00:00+00:00,87,84,77.0,77.0,87.0909090909091,0.0,1.0,66.0,519.33,519.33
66336,2026-04-20 02:00:00+00:00,94,90,85.0,83.0,86.32941176470588,0.0,1.0,78.0,519.33,519.33
66336,2026-04-20 03:00:00+00:00,53,51,46.0,46.0,86.5,0.0,1.0,42.0,519.33,519.33
66336,2026-04-20 04:00:00+00:00,108,106,96.0,96.0,85.79166666666667,0.0,5.0,90.0,528.72,528.72
66336,2026-04-20 05:00:00+00:00,262,259,248.0,247.0,82.87903225806451,0.0,7.0,243.0,533.42,533.42
66336,2026-04-20 06:00:00+00:00,496,492,485.0,482.0,82.04536082474227,0.0,19.0,473.0,561.62,561.62
66336,2026-04-20 07:00:00+00:00,873,866,864.0,859.0,81.23148148148148,0.0,23.0,851.0,571.01,571.01
66336,2026-04-20 08:00:00+00:00,1440,1433,1430.0,1423.0,80.81748251748252,0.0,27.0,1410.0,580.41,580.41
66336,2026-04-20 09:00:00+00:00,2271,2256,2257.0,2245.0,81.13424900310146,0.0,29.0,2223.0,585.11,585.11
66336,2026-04-20 10:00:00+00:00,3820,3809,3807.0,3798.0,81.13869188337273,0.0,48.0,3780.0,629.75,629.75
66336,2026-04-20 11:00:00+00:00,5058,5051,5048.0,5042.0,81.05487321711568,0.0,88.0,5026.0,723.73,723.73
66336,2026-04-20 12:00:00+00:00,5362,5349,5351.0,5340.0,80.6679125397122,0.0,64.0,5328.0,667.34,667.34
66336,2026-04-20 13:00:00+00:00,3994,3987,3986.0,3980.0,81.10863020572002,0.0,71.0,3966.0,683.79,683.79
66336,2026-04-20 14:00:00+00:00,4090,4083,4085.0,4078.0,81.15128518971848,0.0,63.0,4066.0,665.0,665.0
66336,2026-04-20 15:00:00+00:00,3659,3646,3650.0,3639.0,81.21534246575342,0.0,57.0,3613.0,650.9,650.9
66336,2026-04-20 16:00:00+00:00,3556,3544,3548.0,3537.0,81.44278466741827,0.0,75.0,3519.0,693.19,693.19
66336,2026-04-20 17:00:00+00:00,2550,2540,2540.0,2531.0,81.43661417322835,0.0,47.0,2512.0,627.4,627.4
66336,2026-04-20 18:00:00+00:00,1928,1925,1918.0,1916.0,81.62095933263817,0.0,36.0,1906.0,601.56,601.56
66336,2026-04-20 19:00:00+00:00,859,856,849.0,848.0,81.52532391048292,0.0,16.0,846.0,554.57,554.57
66336,2026-04-20 20:00:00+00:00,689,687,682.0,681.0,83.52052785923753,0.0,10.0,676.0,540.47,540.47
66336,2026-04-20 21:00:00+00:00,268,265,261.0,259.0,83.22605363984674,0.0,2.0,256.0,521.67,521.67
66336,2026-04-20 22:00:00+00:00,257,255,247.0,246.0,82.90283400809717,0.0,4.0,240.0,526.37,526.37
66336,2026-04-20 23:00:00+00:00,161,156,151.0,149.0,84.11920529801324,0.0,4.0,146.0,526.37,526.37
66336,2026-04-21 00:00:00+00:00,135,132,115.0,113.0,81.47826086956522,0.0,0.0,107.0,516.98,516.98
66336,2026-04-21 01:00:00+00:00,144,141,133.0,131.0,83.45864661654136,0.0,1.0,116.0,519.33,519.33
66336,2026-04-21 02:00:00+00:00,110,105,96.0,95.0,82.375,0.0,0.0,91.0,516.98,516.98
66336,2026-04-21 03:00:00+00:00,59,53,49.0,45.0,86.57142857142857,0.0,2.0,40.0,521.67,521.67
66336,2026-04-21 04:00:00+00:00,146,139,132.0,131.0,82.22727272727273,0.0,2.0,125.0,521.67,521.67
66336,2026-04-21 05:00:00+00:00,261,254,250.0,245.0,83.22,0.0,6.0,240.0,531.07,531.07
66336,2026-04-21 06:00:00+00:00,456,453,449.0,446.0,83.01336302895324,0.0,10.0,441.0,540.47,540.47
66336,2026-04-21 07:00:00+00:00,838,833,830.0,826.0,80.24939759036144,0.0,12.0,816.0,545.17,545.17
66336,2026-04-21 08:00:00+00:00,1364,1354,1349.0,1343.0,80.58858413639733,0.0,17.0,1323.0,556.92,556.92
66336,2026-04-21 09:00:00+00:00,2006,1985,1990.0,1975.0,80.84070351758794,0.0,27.0,1957.0,580.41,580.41
66336,2026-04-21 10:00:00+00:00,2933,2919,2921.0,2910.0,80.8182129407737,0.0,34.0,2898.0,596.86,596.86
66336,2026-04-21 11:00:00+00:00,4559,4549,4553.0,4543.0,80.64441027893696,0.0,82.0,4530.0,709.64,709.64
66336,2026-04-21 12:00:00+00:00,4699,4680,4687.0,4673.0,80.97887774695968,0.0,85.0,4641.0,716.68,716.68
66336,2026-04-21 13:00:00+00:00,3658,3649,3647.0,3639.0,81.31532766657527,0.0,56.0,3624.0,648.55,648.55
66336,2026-04-21 14:00:00+00:00,3934,3923,3920.0,3911.0,81.30663265306123,0.0,53.0,3887.0,641.5,641.5
66336,2026-04-21 15:00:00+00:00,3771,3763,3764.0,3757.0,80.84112646121147,0.0,44.0,3730.0,620.35,620.35
66336,2026-04-21 16:00:00+00:00,3752,3745,3739.0,3733.0,81.03396630115004,0.0,53.0,3719.0,641.5,641.5
66336,2026-04-21 17:00:00+00:00,2822,2817,2809.0,2806.0,80.97258810964756,0.0,54.0,2786.0,643.85,643.85
66336,2026-04-21 18:00:00+00:00,2192,2179,2183.0,2173.0,81.4292258360055,0.0,54.0,2155.0,643.85,643.85
66336,2026-04-21 19:00:00+00:00,776,773,768.0,766.0,81.90755208333333,0.0,14.0,762.0,549.87,549.87
66336,2026-04-21 20:00:00+00:00,577,571,561.0,558.0,84.10160427807487,0.0,16.0,544.0,554.57,554.57
66336,2026-04-21 21:00:00+00:00,562,560,552.0,551.0,82.25,0.0,7.0,547.0,533.42,533.42
66336,2026-04-21 22:00:00+00:00,198,195,190.0,189.0,83.12631578947368,0.0,4.0,186.0,526.37,526.37
66336,2026-04-21 23:00:00+00:00,159,157,151.0,150.0,83.58278145695364,0.0,4.0,145.0,526.37,526.37
66336,2026-04-22 00:00:00+00:00,121,114,101.0,100.0,84.39603960396039,0.0,1.0,96.0,519.33,519.33
66336,2026-04-22 01:00:00+00:00,90,87,81.0,80.0,85.30864197530865,0.0,2.0,70.0,521.67,521.67
66336,2026-04-22 02:00:00+00:00,72,70,66.0,64.0,86.04545454545455,0.0,2.0,62.0,521.67,521.67
66336,2026-04-22 03:00:00+00:00,90,87,83.0,81.0,84.01204819277109,0.0,1.0,76.0,519.33,519.33
66336,2026-04-22 04:00:00+00:00,134,129,127.0,123.0,82.11023622047244,0.0,4.0,118.0,526.37,526.37
66336,2026-04-22 05:00:00+00:00,219,218,212.0,211.0,83.42924528301887,0.0,8.0,203.0,535.77,535.77
66336,2026-04-22 06:00:00+00:00,457,447,448.0,440.0,82.953125,0.0,17.0,433.0,556.92,556.92
66336,2026-04-22 07:00:00+00:00,754,751,748.0,746.0,81.12433155080214,0.0,22.0,740.0,568.67,568.67
66336,2026-04-22 08:00:00+00:00,1287,1270,1278.0,1263.0,80.61580594679187,0.0,26.0,1243.0,578.06,578.06
66336,2026-04-22 09:00:00+00:00,2389,2379,2380.0,2371.0,81.22941176470589,0.0,40.0,2353.0,610.96,610.96
66336,2026-04-22 10:00:00+00:00,3340,3319,3327.0,3310.0,81.15930267508266,0.0,47.0,3291.0,627.4,627.4
66336,2026-04-22 11:00:00+00:00,4876,4862,4867.0,4854.0,81.42120402712143,0.0,53.0,4834.0,641.5,641.5
66336,2026-04-22 12:00:00+00:00,5457,5445,5445.0,5436.0,81.44334251606979,0.0,96.0,5417.0,742.53,742.53
66336,2026-04-22 13:00:00+00:00,4425,4411,4413.0,4401.0,81.47088148651711,0.0,74.0,4381.0,690.84,690.84
66336,2026-04-22 14:00:00+00:00,4798,4789,4786.0,4779.0,81.80965315503552,0.0,87.0,4755.0,721.38,721.38
66336,2026-04-22 15:00:00+00:00,4176,4160,4164.0,4149.0,81.50552353506244,0.0,68.0,4131.0,676.74,676.74
66336,2026-04-22 16:00:00+00:00,4273,4261,4260.0,4250.0,81.72347417840376,0.0,59.0,4230.0,655.6,655.6
66336,2026-04-22 17:00:00+00:00,3157,3143,3143.0,3132.0,81.77982818962775,0.0,44.0,3121.0,620.35,620.35
66336,2026-04-22 18:00:00+00:00,2422,2415,2408.0,2404.0,81.63164451827242,0.0,33.0,2390.0,594.51,594.51
66336,2026-04-22 19:00:00+00:00,991,986,982.0,980.0,81.489816700611,0.0,12.0,976.0,545.17,545.17
66336,2026-04-22 20:00:00+00:00,737,733,721.0,721.0,84.09708737864078,0.0,12.0,716.0,545.17,545.17
66336,2026-04-22 21:00:00+00:00,671,670,663.0,663.0,82.96530920060331,0.0,8.0,660.0,535.77,535.77
66336,2026-04-22 22:00:00+00:00,293,289,284.0,282.0,83.03169014084507,0.0,4.0,278.0,526.37,526.37
66336,2026-04-22 23:00:00+00:00,107,107,103.0,103.0,83.87378640776699,0.0,1.0,100.0,519.33,519.33
66336,2026-04-23 00:00:00+00:00,58,54,40.0,39.0,80.525,0.0,2.0,31.0,521.67,521.67
66336,2026-04-23 01:00:00+00:00,38,30,29.0,25.0,87.79310344827586,25.0,1.0,3.0,519.33,519.33
66336,2026-04-23 02:00:00+00:00,60,57,53.0,52.0,81.54716981132076,0.0,3.0,45.0,524.02,524.02
66336,2026-04-23 03:00:00+00:00,20,20,14.0,14.0,87.57142857142857,0.0,1.0,4.0,519.33,519.33
66336,2026-04-23 04:00:00+00:00,34,31,27.0,25.0,82.11111111111111,0.0,3.0,20.0,524.02,524.02
66336,2026-04-23 05:00:00+00:00,113,108,101.0,99.0,80.83168316831683,0.0,3.0,88.0,524.02,524.02
66336,2026-04-23 06:00:00+00:00,214,210,204.0,203.0,79.17647058823529,0.0,14.0,193.0,549.87,549.87
66336,2026-04-23 07:00:00+00:00,662,658,651.0,649.0,79.25038402457757,0.0,16.0,644.0,554.57,554.57
66336,2026-04-23 08:00:00+00:00,942,934,934.0,928.0,78.56531049250535,0.0,27.0,915.0,580.41,580.41
66336,2026-04-23 09:00:00+00:00,1352,1345,1343.0,1338.0,79.15413253909159,0.0,34.0,1325.0,596.86,596.86
66336,2026-04-23 10:00:00+00:00,2467,2464,2457.0,2456.0,79.06756206756206,0.0,75.0,2437.0,693.19,693.19
66336,2026-04-23 11:00:00+00:00,2867,2862,2855.0,2853.0,78.18073555166374,0.0,85.0,2841.0,716.68,716.68
66336,2026-04-23 12:00:00+00:00,2163,2157,2151.0,2146.0,78.19386331938634,0.0,75.0,2131.0,693.19,693.19
66336,2026-04-23 13:00:00+00:00,2421,2412,2409.0,2402.0,78.54088833540888,0.0,66.0,2384.0,672.04,672.04
66336,2026-04-23 14:00:00+00:00,2431,2427,2423.0,2421.0,78.38423442014032,0.0,78.0,2407.0,700.24,700.24
66336,2026-04-23 15:00:00+00:00,2112,2104,2105.0,2098.0,78.10546318289786,0.0,80.0,2083.0,704.94,704.94
66336,2026-04-23 16:00:00+00:00,2595,2588,2590.0,2583.0,78.4015444015444,0.0,98.0,2572.0,747.23,747.23
66336,2026-04-23 17:00:00+00:00,1779,1776,1773.0,1772.0,78.26959954878737,0.0,68.0,1760.0,676.74,676.74
66336,2026-04-23 18:00:00+00:00,1393,1387,1383.0,1379.0,78.54953000723066,0.0,42.0,1371.0,615.66,615.66
66336,2026-04-23 19:00:00+00:00,542,537,530.0,529.0,78.07924528301886,0.0,18.0,519.0,559.27,559.27
66336,2026-04-23 20:00:00+00:00,374,369,362.0,360.0,78.2817679558011,0.0,9.0,355.0,538.12,538.12
66336,2026-04-23 21:00:00+00:00,283,278,272.0,271.0,79.58088235294117,0.0,11.0,266.0,542.82,542.82
66336,2026-04-23 22:00:00+00:00,176,173,166.0,166.0,78.89759036144578,0.0,5.0,156.0,528.72,528.72
66336,2026-04-23 23:00:00+00:00,52,52,47.0,47.0,80.95744680851064,0.0,3.0,42.0,524.02,524.02
66336,2026-04-24 00:00:00+00:00,123,119,107.0,107.0,86.85046728971963,0.0,2.0,105.0,521.67,521.67
66336,2026-04-24 01:00:00+00:00,167,167,161.0,161.0,85.30434782608695,0.0,6.0,141.0,531.07,531.07
66336,2026-04-24 02:00:00+00:00,111,107,102.0,101.0,86.74509803921569,0.0,4.0,96.0,526.37,526.37
66336,2026-04-24 03:00:00+00:00,39,33,33.0,29.0,86.06060606060606,0.0,2.0,22.0,521.67,521.67
66336,2026-04-24 04:00:00+00:00,119,115,115.0,112.0,86.63478260869566,0.0,9.0,99.0,538.12,538.12
66336,2026-04-24 05:00:00+00:00,320,317,313.0,311.0,85.15335463258786,0.0,8.0,303.0,535.77,535.77
66336,2026-04-24 06:00:00+00:00,670,664,662.0,658.0,84.29758308157099,0.0,25.0,653.0,575.71,575.71
66336,2026-04-24 07:00:00+00:00,873,869,864.0,861.0,80.29629629629629,0.0,26.0,856.0,578.06,578.06
66336,2026-04-24 08:00:00+00:00,1574,1563,1561.0,1555.0,80.80845611787316,0.0,34.0,1538.0,596.86,596.86
66336,2026-04-24 09:00:00+00:00,2851,2840,2840.0,2832.0,81.67323943661972,0.0,48.0,2818.0,629.75,629.75
66336,2026-04-24 10:00:00+00:00,4000,3988,3989.0,3977.0,81.42191025319629,0.0,98.0,3961.0,747.23,747.23
66336,2026-04-24 11:00:00+00:00,4294,4284,4276.0,4272.0,81.48409728718428,0.0,121.0,4260.0,801.27,801.27
66336,2026-04-24 12:00:00+00:00,2525,2515,2512.0,2505.0,81.1843152866242,0.0,76.0,2499.0,695.54,695.54
66336,2026-04-24 13:00:00+00:00,2918,2905,2904.0,2896.0,81.11398071625344,0.0,92.0,2882.0,733.13,733.13
66336,2026-04-24 14:00:00+00:00,3885,3871,3871.0,3859.0,81.15215706535778,0.0,107.0,3834.0,768.37,768.37
66336,2026-04-24 15:00:00+00:00,2490,2480,2480.0,2472.0,80.93427419354839,0.0,54.0,2463.0,643.85,643.85
66336,2026-04-24 16:00:00+00:00,3196,3184,3189.0,3179.0,81.28974600188147,0.0,40.0,3163.0,610.96,610.96
66336,2026-04-24 17:00:00+00:00,2700,2693,2690.0,2686.0,81.31301115241635,0.0,18.0,2675.0,559.27,559.27
66336,2026-04-24 18:00:00+00:00,2287,2281,2277.0,2274.0,81.00922266139658,0.0,18.0,2270.0,559.27,559.27
66336,2026-04-24 19:00:00+00:00,962,958,955.0,953.0,81.55602094240838,0.0,8.0,946.0,535.77,535.77
66336,2026-04-24 20:00:00+00:00,1232,1225,1217.0,1214.0,84.72801972062449,0.0,6.0,1205.0,531.07,531.07
66336,2026-04-24 21:00:00+00:00,898,896,891.0,890.0,84.08978675645342,0.0,1.0,885.0,519.33,519.33
66336,2026-04-24 22:00:00+00:00,478,473,470.0,467.0,84.20638297872341,0.0,2.0,462.0,521.67,521.67
66336,2026-04-24 23:00:00+00:00,301,297,293.0,291.0,86.64505119453925,0.0,1.0,281.0,519.33,519.33
66336,2026-04-25 00:00:00+00:00,199,191,178.0,175.0,88.25842696629213,0.0,1.0,169.0,519.33,519.33
66336,2026-04-25 01:00:00+00:00,198,192,190.0,186.0,87.14736842105263,0.0,0.0,161.0,516.98,516.98
66336,2026-04-25 02:00:00+00:00,84,81,76.0,75.0,88.34210526315789,0.0,1.0,63.0,519.33,519.33
66336,2026-04-25 03:00:00+00:00,77,74,66.0,64.0,88.86363636363636,0.0,2.0,55.0,521.67,521.67
66336,2026-04-25 04:00:00+00:00,66,58,53.0,48.0,87.84905660377359,0.0,2.0,40.0,521.67,521.67
66336,2026-04-25 05:00:00+00:00,125,119,120.0,115.0,88.16666666666667,0.0,0.0,100.0,516.98,516.98
66336,2026-04-25 06:00:00+00:00,407,401,394.0,390.0,87.08883248730965,0.0,2.0,379.0,521.67,521.67
66336,2026-04-25 07:00:00+00:00,617,614,608.0,606.0,84.39967105263158,0.0,2.0,603.0,521.67,521.67
66336,2026-04-25 08:00:00+00:00,1224,1217,1215.0,1211.0,84.01646090534979,0.0,2.0,1206.0,521.67,521.67
66336,2026-04-25 09:00:00+00:00,2816,2812,2807.0,2804.0,83.62415390096189,0.0,16.0,2795.0,554.57,554.57
66336,2026-04-25 10:00:00+00:00,2909,2903,2899.0,2894.0,83.6433252845809,0.0,5.0,2881.0,528.72,528.72
66336,2026-04-25 11:00:00+00:00,2998,2991,2987.0,2981.0,83.76163374623368,0.0,26.0,2969.0,578.06,578.06
66336,2026-04-25 12:00:00+00:00,3210,3203,3198.0,3194.0,83.95215759849906,0.0,22.0,3180.0,568.67,568.67
66336,2026-04-25 13:00:00+00:00,1964,1958,1961.0,1955.0,83.61754207037225,0.0,18.0,1948.0,559.27,559.27
66336,2026-04-25 14:00:00+00:00,856,856,852.0,852.0,83.73122065727699,0.0,5.0,847.0,528.72,528.72
66336,2026-04-25 15:00:00+00:00,257,255,251.0,251.0,83.57370517928287,0.0,4.0,248.0,526.37,526.37
66336,2026-04-25 16:00:00+00:00,3821,3814,3805.0,3802.0,83.3526938239159,0.0,51.0,3789.0,636.8,636.8
66336,2026-04-25 17:00:00+00:00,3666,3662,3658.0,3654.0,83.35210497539639,0.0,36.0,3644.0,601.56,601.56
66336,2026-04-25 18:00:00+00:00,2165,2162,2157.0,2157.0,83.11451089476124,0.0,17.0,2147.0,556.92,556.92
66336,2026-04-25 19:00:00+00:00,2533,2528,2522.0,2520.0,85.69151467089611,0.0,27.0,2512.0,580.41,580.41
66336,2026-04-25 20:00:00+00:00,1677,1674,1670.0,1669.0,85.50778443113772,0.0,15.0,1659.0,552.22,552.22
66336,2026-04-25 21:00:00+00:00,881,874,864.0,863.0,85.95370370370371,0.0,10.0,858.0,540.47,540.47
66336,2026-04-25 22:00:00+00:00,479,474,465.0,465.0,86.27741935483871,0.0,5.0,464.0,528.72,528.72
66336,2026-04-25 23:00:00+00:00,341,339,331.0,331.0,86.87311178247734,0.0,3.0,330.0,524.02,524.02
66336,2026-04-26 00:00:00+00:00,312,307,290.0,289.0,85.94137931034483,0.0,8.0,288.0,535.77,535.77
66336,2026-04-26 01:00:00+00:00,249,246,241.0,240.0,86.49792531120332,0.0,1.0,221.0,519.33,519.33
66336,2026-04-26 02:00:00+00:00,136,133,127.0,126.0,85.62204724409449,0.0,3.0,122.0,524.02,524.02
66336,2026-04-26 03:00:00+00:00,83,82,75.0,75.0,86.73333333333333,0.0,5.0,72.0,528.72,528.72
66336,2026-04-26 04:00:00+00:00,85,83,79.0,79.0,85.86075949367088,0.0,3.0,76.0,524.02,524.02
66336,2026-04-26 05:00:00+00:00,132,131,128.0,128.0,84.265625,0.0,8.0,125.0,535.77,535.77
66336,2026-04-26 06:00:00+00:00,227,222,219.0,216.0,84.9269406392694,0.0,10.0,212.0,540.47,540.47
66336,2026-04-26 07:00:00+00:00,448,444,437.0,435.0,85.11441647597255,0.0,18.0,429.0,559.27,559.27
66336,2026-04-26 08:00:00+00:00,1218,1214,1211.0,1208.0,84.10156895127993,0.0,22.0,1202.0,568.67,568.67
66336,2026-04-26 09:00:00+00:00,2231,2223,2219.0,2213.0,81.53988283010365,0.0,35.0,2205.0,599.21,599.21
66336,2026-04-26 10:00:00+00:00,4834,4822,4821.0,4812.0,81.0736361750674,0.0,100.0,4794.0,751.93,751.93
66336,2026-04-26 11:00:00+00:00,4331,4318,4318.0,4308.0,81.52477999073645,0.0,84.0,4300.0,714.34,714.34
66336,2026-04-26 12:00:00+00:00,2525,2521,2516.0,2514.0,81.44117647058823,0.0,62.0,2508.0,662.65,662.65
66336,2026-04-26 13:00:00+00:00,566,565,561.0,561.0,81.01782531194296,0.0,15.0,559.0,552.22,552.22
66336,2026-04-26 14:00:00+00:00,4197,4186,4184.0,4175.0,81.52772466539197,0.0,106.0,4171.0,766.02,766.02
66336,2026-04-26 15:00:00+00:00,4414,4406,4404.0,4397.0,81.16030881017257,0.0,94.0,4383.0,737.83,737.83
66336,2026-04-26 16:00:00+00:00,2534,2527,2525.0,2519.0,80.72633663366337,0.0,42.0,2511.0,615.66,615.66
66336,2026-04-26 17:00:00+00:00,2046,2036,2034.0,2027.0,84.04129793510324,0.0,20.0,2016.0,563.97,563.97
66336,2026-04-26 18:00:00+00:00,1350,1345,1338.0,1333.0,84.45889387144993,0.0,12.0,1329.0,545.17,545.17
66336,2026-04-26 19:00:00+00:00,1006,1001,1001.0,996.0,84.83916083916084,0.0,17.0,992.0,556.92,556.92
66336,2026-04-26 20:00:00+00:00,906,903,899.0,898.0,85.13570634037819,0.0,8.0,890.0,535.77,535.77
66336,2026-04-26 21:00:00+00:00,663,657,652.0,649.0,84.9601226993865,0.0,7.0,643.0,533.42,533.42
66336,2026-04-26 22:00:00+00:00,169,166,159.0,157.0,86.19496855345912,0.0,4.0,153.0,526.37,526.37
66336,2026-04-26 23:00:00+00:00,148,143,140.0,139.0,85.60714285714286,0.0,6.0,136.0,531.07,531.07
66338,2026-04-20 00:00:00+00:00,37,32,33.0,32.0,83.06060606060606,0.0,2.0,27.0,521.67,521.67
66338,2026-04-20 01:00:00+00:00,42,41,41.0,40.0,85.39024390243902,0.0,1.0,38.0,519.33,519.33
66338,2026-04-20 02:00:00+00:00,23,23,20.0,20.0,86.8,0.0,0.0,18.0,516.98,516.98
66338,2026-04-20 03:00:00+00:00,17,17,16.0,16.0,83.4375,0.0,0.0,14.0,516.98,516.98
66338,2026-04-20 04:00:00+00:00,13,13,13.0,13.0,85.46153846153847,0.0,0.0,12.0,516.98,516.98
66338,2026-04-20 05:00:00+00:00,35,35,35.0,35.0,84.85714285714286,0.0,0.0,34.0,516.98,516.98
66338,2026-04-20 18:00:00+00:00,1,1,1.0,1.0,84.0,0.0,0.0,1.0,516.98,516.98
66338,2026-04-20 20:00:00+00:00,54,51,52.0,49.0,81.46153846153847,0.0,3.0,45.0,524.02,524.02
66338,2026-04-20 21:00:00+00:00,129,128,127.0,126.0,80.96062992125984,0.0,4.0,121.0,526.37,526.37
66338,2026-04-20 22:00:00+00:00,118,110,117.0,109.0,83.78632478632478,0.0,4.0,103.0,526.37,526.37
66338,2026-04-20 23:00:00+00:00,42,42,41.0,41.0,84.53658536585365,0.0,1.0,39.0,519.33,519.33
66338,2026-04-21 00:00:00+00:00,25,24,24.0,23.0,83.95833333333333,0.0,0.0,18.0,516.98,516.98
66338,2026-04-21 01:00:00+00:00,23,20,21.0,18.0,83.04761904761905,0.0,0.0,14.0,516.98,516.98
66338,2026-04-21 02:00:00+00:00,30,30,29.0,29.0,82.27586206896552,0.0,0.0,24.0,516.98,516.98
66338,2026-04-21 03:00:00+00:00,14,14,14.0,14.0,84.28571428571429,0.0,1.0,14.0,519.33,519.33
66338,2026-04-21 04:00:00+00:00,26,25,26.0,25.0,81.61538461538461,0.0,0.0,20.0,516.98,516.98
66338,2026-04-21 05:00:00+00:00,104,104,102.0,102.0,82.36274509803921,0.0,3.0,100.0,524.02,524.02
66338,2026-04-21 06:00:00+00:00,127,127,126.0,126.0,82.68253968253968,0.0,2.0,122.0,521.67,521.67
66338,2026-04-21 07:00:00+00:00,3,3,3.0,3.0,78.0,0.0,1.0,3.0,519.33,519.33
66338,2026-04-21 14:00:00+00:00,5,5,5.0,5.0,78.0,0.0,0.0,5.0,516.98,516.98
66338,2026-04-21 15:00:00+00:00,151,148,151.0,148.0,81.29801324503312,0.0,3.0,142.0,524.02,524.02
66338,2026-04-21 16:00:00+00:00,4,3,4.0,3.0,80.75,0.0,0.0,2.0,516.98,516.98
66338,2026-04-21 17:00:00+00:00,3,3,3.0,3.0,81.66666666666667,0.0,0.0,3.0,516.98,516.98
66338,2026-04-21 18:00:00+00:00,12,12,12.0,12.0,84.25,1.0,0.0,11.0,516.98,516.98
66338,2026-04-21 19:00:00+00:00,2,2,2.0,2.0,77.0,0.0,0.0,2.0,516.98,516.98
66338,2026-04-21 20:00:00+00:00,113,112,113.0,112.0,81.51327433628319,0.0,5.0,104.0,528.72,528.72
66338,2026-04-21 21:00:00+00:00,94,94,92.0,92.0,83.40217391304348,0.0,2.0,86.0,521.67,521.67
66338,2026-04-21 22:00:00+00:00,170,166,166.0,164.0,84.2710843373494,0.0,1.0,162.0,519.33,519.33
66338,2026-04-21 23:00:00+00:00,49,43,48.0,42.0,83.10416666666667,0.0,1.0,39.0,519.33,519.33
66338,2026-04-22 00:00:00+00:00,49,49,42.0,42.0,82.95238095238095,0.0,0.0,41.0,516.98,516.98
66338,2026-04-22 01:00:00+00:00,19,19,19.0,19.0,84.26315789473684,0.0,0.0,19.0,516.98,516.98
66338,2026-04-22 02:00:00+00:00,13,13,12.0,12.0,82.08333333333333,0.0,1.0,10.0,519.33,519.33
66338,2026-04-22 03:00:00+00:00,37,37,35.0,35.0,85.14285714285714,0.0,0.0,33.0,516.98,516.98
66338,2026-04-22 04:00:00+00:00,37,35,34.0,33.0,82.32352941176471,0.0,3.0,31.0,524.02,524.02
66338,2026-04-22 05:00:00+00:00,95,95,95.0,95.0,82.45263157894736,0.0,4.0,94.0,526.37,526.37
66338,2026-04-22 06:00:00+00:00,17,17,16.0,16.0,81.6875,0.0,0.0,15.0,516.98,516.98
66338,2026-04-22 13:00:00+00:00,20,19,20.0,19.0,82.0,0.0,0.0,18.0,516.98,516.98
66338,2026-04-22 15:00:00+00:00,159,159,157.0,157.0,82.91082802547771,0.0,5.0,152.0,528.72,528.72
66338,2026-04-22 16:00:00+00:00,154,154,153.0,153.0,81.74509803921569,0.0,1.0,150.0,519.33,519.33
66338,2026-04-22 17:00:00+00:00,96,96,93.0,93.0,81.45161290322581,0.0,2.0,90.0,521.67,521.67
66338,2026-04-22 18:00:00+00:00,10,10,10.0,10.0,81.9,0.0,0.0,10.0,516.98,516.98
66338,2026-04-22 19:00:00+00:00,11,11,10.0,10.0,80.7,0.0,1.0,9.0,519.33,519.33
66338,2026-04-22 20:00:00+00:00,7,6,6.0,5.0,83.16666666666667,4.0,0.0,4.0,516.98,516.98
66338,2026-04-22 21:00:00+00:00,30,30,28.0,28.0,83.60714285714286,0.0,2.0,26.0,521.67,521.67
66338,2026-04-22 22:00:00+00:00,7,6,6.0,5.0,79.16666666666667,0.0,0.0,5.0,516.98,516.98
66338,2026-04-22 23:00:00+00:00,6,6,4.0,4.0,80.25,2.0,1.0,3.0,519.33,519.33
66338,2026-04-23 00:00:00+00:00,11,6,0.0,0.0,0.0,0.0,0.0,0.0,516.98,516.98
66338,2026-04-23 01:00:00+00:00,4,3,1.0,1.0,83.0,0.0,0.0,0.0,516.98,516.98
66338,2026-04-23 02:00:00+00:00,4,4,1.0,1.0,64.0,50.0,0.0,0.0,516.98,516.98
66338,2026-04-23 03:00:00+00:00,1,1,0.0,0.0,0.0,0.0,0.0,0.0,516.98,516.98
66338,2026-04-23 04:00:00+00:00,6,6,0.0,0.0,0.0,0.0,0.0,0.0,516.98,516.98
66338,2026-04-23 05:00:00+00:00,6,6,0.0,0.0,0.0,0.0,0.0,0.0,516.98,516.98
66338,2026-04-23 06:00:00+00:00,5,5,1.0,1.0,86.0,6.0,0.0,0.0,516.98,516.98
66338,2026-04-23 20:00:00+00:00,2,2,0.0,0.0,0.0,0.0,0.0,0.0,516.98,516.98
66338,2026-04-23 21:00:00+00:00,4,3,1.0,1.0,84.0,0.0,0.0,0.0,516.98,516.98
66338,2026-04-23 22:00:00+00:00,5,4,0.0,0.0,0.0,0.0,0.0,0.0,516.98,516.98
66338,2026-04-23 23:00:00+00:00,10,7,1.0,1.0,85.0,0.0,0.0,0.0,516.98,516.98
66338,2026-04-24 00:00:00+00:00,65,63,56.0,55.0,83.01785714285714,0.0,0.0,53.0,516.98,516.98
66338,2026-04-24 01:00:00+00:00,20,18,17.0,16.0,84.23529411764706,0.0,0.0,15.0,516.98,516.98
66338,2026-04-24 02:00:00+00:00,36,34,31.0,30.0,83.38709677419355,0.0,0.0,29.0,516.98,516.98
66338,2026-04-24 03:00:00+00:00,17,15,14.0,13.0,83.78571428571429,0.0,0.0,13.0,516.98,516.98
66338,2026-04-24 04:00:00+00:00,16,14,12.0,10.0,83.5,16.0,0.0,10.0,516.98,516.98
66338,2026-04-24 05:00:00+00:00,54,53,51.0,51.0,86.50980392156863,0.0,1.0,50.0,519.33,519.33
66338,2026-04-24 06:00:00+00:00,59,59,55.0,55.0,85.10909090909091,0.0,1.0,55.0,519.33,519.33
66338,2026-04-24 07:00:00+00:00,7,7,0.0,0.0,0.0,0.0,0.0,0.0,516.98,516.98
66338,2026-04-24 09:00:00+00:00,3,3,2.0,2.0,83.0,0.0,0.0,2.0,516.98,516.98
66338,2026-04-24 10:00:00+00:00,60,58,58.0,57.0,81.84482758620689,0.0,1.0,54.0,519.33,519.33
66338,2026-04-24 11:00:00+00:00,159,159,156.0,156.0,82.21794871794872,0.0,0.0,154.0,516.98,516.98
66338,2026-04-24 14:00:00+00:00,2,2,0.0,0.0,0.0,0.0,0.0,0.0,516.98,516.98
66338,2026-04-24 18:00:00+00:00,4,4,0.0,0.0,0.0,0.0,0.0,0.0,516.98,516.98
66338,2026-04-24 19:00:00+00:00,8,8,8.0,8.0,79.875,0.0,1.0,8.0,519.33,519.33
66338,2026-04-24 20:00:00+00:00,10,8,6.0,6.0,81.16666666666667,0.0,0.0,6.0,516.98,516.98
66338,2026-04-24 21:00:00+00:00,19,17,14.0,14.0,82.57142857142857,0.0,1.0,14.0,519.33,519.33
66338,2026-04-24 22:00:00+00:00,15,15,0.0,0.0,0.0,0.0,0.0,0.0,516.98,516.98
66338,2026-04-24 23:00:00+00:00,9,9,6.0,6.0,82.33333333333333,53.0,0.0,6.0,516.98,516.98
66338,2026-04-25 00:00:00+00:00,25,20,16.0,14.0,82.375,0.0,0.0,13.0,516.98,516.98
66338,2026-04-25 01:00:00+00:00,24,23,22.0,21.0,81.72727272727273,0.0,0.0,20.0,516.98,516.98
66338,2026-04-25 02:00:00+00:00,7,7,5.0,5.0,81.0,0.0,0.0,5.0,516.98,516.98
66338,2026-04-25 03:00:00+00:00,11,8,6.0,4.0,78.83333333333333,122.5,0.0,4.0,516.98,516.98
66338,2026-04-25 04:00:00+00:00,14,11,7.0,6.0,82.71428571428571,0.0,0.0,6.0,516.98,516.98
66338,2026-04-25 05:00:00+00:00,23,14,11.0,7.0,81.36363636363636,48.0,0.0,7.0,516.98,516.98
66338,2026-04-25 06:00:00+00:00,17,17,0.0,0.0,0.0,0.0,0.0,0.0,516.98,516.98
66338,2026-04-25 07:00:00+00:00,15,15,0.0,0.0,0.0,0.0,0.0,0.0,516.98,516.98
66338,2026-04-25 19:00:00+00:00,4,4,4.0,4.0,79.25,0.0,0.0,4.0,516.98,516.98
66338,2026-04-25 20:00:00+00:00,13,12,8.0,8.0,81.125,0.0,0.0,7.0,516.98,516.98
66338,2026-04-25 21:00:00+00:00,6,6,3.0,3.0,79.33333333333333,0.0,0.0,2.0,516.98,516.98
66338,2026-04-25 22:00:00+00:00,31,27,26.0,24.0,82.38461538461539,0.0,0.0,24.0,516.98,516.98
66338,2026-04-25 23:00:00+00:00,17,17,17.0,17.0,83.23529411764706,0.0,0.0,17.0,516.98,516.98
66338,2026-04-26 00:00:00+00:00,31,28,26.0,24.0,85.1923076923077,0.0,0.0,24.0,516.98,516.98
66338,2026-04-26 01:00:00+00:00,21,19,18.0,16.0,83.27777777777777,0.0,0.0,16.0,516.98,516.98
66338,2026-04-26 02:00:00+00:00,58,54,52.0,49.0,86.82692307692308,0.0,1.0,47.0,519.33,519.33
66338,2026-04-26 03:00:00+00:00,54,54,51.0,51.0,85.90196078431373,0.0,0.0,49.0,516.98,516.98
66338,2026-04-26 04:00:00+00:00,33,31,27.0,27.0,86.62962962962963,0.0,1.0,25.0,519.33,519.33
66338,2026-04-26 05:00:00+00:00,16,13,13.0,11.0,82.6923076923077,31.0,0.0,11.0,516.98,516.98
66338,2026-04-26 06:00:00+00:00,35,33,30.0,30.0,82.4,0.0,0.0,29.0,516.98,516.98
66338,2026-04-26 07:00:00+00:00,92,92,90.0,90.0,81.27777777777777,0.0,1.0,88.0,519.33,519.33
66338,2026-04-26 08:00:00+00:00,63,63,62.0,62.0,83.04838709677419,0.0,0.0,62.0,516.98,516.98
66338,2026-04-26 09:00:00+00:00,1,1,0.0,0.0,0.0,0.0,0.0,0.0,516.98,516.98
66338,2026-04-26 14:00:00+00:00,5,5,4.0,4.0,79.0,0.0,0.0,4.0,516.98,516.98
66338,2026-04-26 15:00:00+00:00,389,387,387.0,386.0,82.35400516795866,0.0,0.0,380.0,516.98,516.98
66338,2026-04-26 16:00:00+00:00,265,265,264.0,264.0,82.07954545454545,0.0,0.0,263.0,516.98,516.98
66338,2026-04-26 17:00:00+00:00,32,30,29.0,28.0,81.37931034482759,0.0,2.0,28.0,521.67,521.67
66338,2026-04-26 18:00:00+00:00,12,10,11.0,9.0,81.36363636363636,0.0,0.0,9.0,516.98,516.98
66338,2026-04-26 19:00:00+00:00,28,26,23.0,22.0,84.04347826086956,0.0,1.0,22.0,519.33,519.33
66338,2026-04-26 20:00:00+00:00,137,137,137.0,137.0,83.89781021897811,0.0,1.0,135.0,519.33,519.33
66338,2026-04-26 21:00:00+00:00,7,7,5.0,5.0,82.8,0.0,0.0,5.0,516.98,516.98
66338,2026-04-26 22:00:00+00:00,9,8,6.0,6.0,85.0,0.0,0.0,6.0,516.98,516.98
66338,2026-04-26 23:00:00+00:00,51,51,46.0,46.0,84.8695652173913,0.0,1.0,45.0,519.33,519.33
66340,2026-04-20 00:00:00+00:00,774,769,737.0,734.0,88.92944369063773,0.0,0.0,728.0,516.98,516.98
66340,2026-04-20 01:00:00+00:00,747,741,743.0,738.0,89.20995962314939,0.0,0.0,733.0,516.98,516.98
66340,2026-04-20 02:00:00+00:00,628,620,617.0,613.0,88.38897893030794,0.0,0.0,611.0,516.98,516.98
66340,2026-04-20 03:00:00+00:00,622,617,616.0,612.0,88.33279220779221,0.0,0.0,608.0,516.98,516.98
66340,2026-04-20 04:00:00+00:00,674,668,668.0,664.0,88.4685628742515,0.0,0.0,658.0,516.98,516.98
66340,2026-04-20 05:00:00+00:00,476,474,457.0,457.0,88.22757111597375,0.0,1.0,447.0,519.33,519.33
66340,2026-04-20 06:00:00+00:00,575,571,559.0,556.0,86.02504472271914,0.0,7.0,549.0,533.42,533.42
66340,2026-04-20 07:00:00+00:00,1058,1056,1053.0,1051.0,83.30959164292497,0.0,15.0,1048.0,552.22,552.22
66340,2026-04-20 08:00:00+00:00,2183,2174,2177.0,2169.0,82.83601286173634,0.0,18.0,2160.0,559.27,559.27
66340,2026-04-20 09:00:00+00:00,3647,3631,3633.0,3622.0,85.49821084503165,0.0,31.0,3599.0,589.81,589.81
66340,2026-04-20 10:00:00+00:00,5323,5303,5305.0,5288.0,84.7851083883129,0.0,24.0,5263.0,573.36,573.36
66340,2026-04-20 11:00:00+00:00,6420,6395,6402.0,6379.0,85.31084036238676,0.0,28.0,6353.0,582.76,582.76
66340,2026-04-20 12:00:00+00:00,7145,7122,7129.0,7110.0,85.08977416187403,0.0,37.0,7091.0,603.91,603.91
66340,2026-04-20 13:00:00+00:00,6423,6398,6406.0,6387.0,84.57492975335623,0.0,38.0,6363.0,606.26,606.26
66340,2026-04-20 14:00:00+00:00,6310,6295,6294.0,6282.0,85.17890054019702,0.0,36.0,6270.0,601.56,601.56
66340,2026-04-20 15:00:00+00:00,6192,6174,6180.0,6166.0,85.0364077669903,0.0,35.0,6143.0,599.21,599.21
66340,2026-04-20 16:00:00+00:00,6488,6472,6479.0,6465.0,84.57539743787622,0.0,45.0,6446.0,622.7,622.7
66340,2026-04-20 17:00:00+00:00,4599,4594,4589.0,4586.0,85.45434735236435,0.0,24.0,4574.0,573.36,573.36
66340,2026-04-20 18:00:00+00:00,2956,2947,2937.0,2931.0,84.74361593462717,0.0,18.0,2920.0,559.27,559.27
66340,2026-04-20 19:00:00+00:00,1187,1186,1182.0,1181.0,85.43824027072758,0.0,17.0,1177.0,556.92,556.92
66340,2026-04-20 20:00:00+00:00,1670,1658,1651.0,1645.0,84.45366444579042,0.0,10.0,1638.0,540.47,540.47
66340,2026-04-20 21:00:00+00:00,842,835,831.0,828.0,84.95788206979543,0.0,3.0,823.0,524.02,524.02
66340,2026-04-20 22:00:00+00:00,354,346,337.0,334.0,85.4540059347181,0.0,1.0,331.0,519.33,519.33
66340,2026-04-20 23:00:00+00:00,315,313,302.0,301.0,85.46026490066225,0.0,0.0,299.0,516.98,516.98
66340,2026-04-21 00:00:00+00:00,112,95,87.0,86.0,84.44827586206897,0.0,0.0,84.0,516.98,516.98
66340,2026-04-21 01:00:00+00:00,248,240,229.0,226.0,84.68122270742359,0.0,1.0,221.0,519.33,519.33
66340,2026-04-21 02:00:00+00:00,155,154,141.0,140.0,84.7872340425532,0.0,0.0,136.0,516.98,516.98
66340,2026-04-21 03:00:00+00:00,165,161,158.0,155.0,84.61392405063292,0.0,1.0,153.0,519.33,519.33
66340,2026-04-21 04:00:00+00:00,168,162,158.0,155.0,84.62658227848101,0.0,0.0,151.0,516.98,516.98
66340,2026-04-21 05:00:00+00:00,400,397,389.0,387.0,83.23393316195373,0.0,10.0,382.0,540.47,540.47
66340,2026-04-21 06:00:00+00:00,842,837,829.0,828.0,80.69722557297949,0.0,4.0,822.0,526.37,526.37
66340,2026-04-21 07:00:00+00:00,571,570,568.0,567.0,80.75528169014085,0.0,12.0,561.0,545.17,545.17
66340,2026-04-21 08:00:00+00:00,1179,1177,1171.0,1169.0,79.82237403928266,0.0,18.0,1152.0,559.27,559.27
66340,2026-04-21 09:00:00+00:00,1459,1449,1447.0,1440.0,80.02833448514167,0.0,18.0,1431.0,559.27,559.27
66340,2026-04-21 10:00:00+00:00,2297,2291,2285.0,2281.0,80.66958424507659,0.0,18.0,2269.0,559.27,559.27
66340,2026-04-21 11:00:00+00:00,3466,3460,3454.0,3449.0,80.91459177764911,0.0,24.0,3433.0,573.36,573.36
66340,2026-04-21 12:00:00+00:00,4684,4672,4667.0,4661.0,81.64559674308978,0.0,36.0,4643.0,601.56,601.56
66340,2026-04-21 13:00:00+00:00,4371,4356,4357.0,4346.0,81.62910259352766,0.0,45.0,4325.0,622.7,622.7
66340,2026-04-21 14:00:00+00:00,3474,3461,3463.0,3452.0,81.53017614784869,0.0,48.0,3421.0,629.75,629.75
66340,2026-04-21 15:00:00+00:00,3040,3029,3025.0,3017.0,80.78181818181818,0.0,32.0,2999.0,592.16,592.16
66340,2026-04-21 16:00:00+00:00,3116,3111,3104.0,3101.0,81.18105670103093,0.0,37.0,3081.0,603.91,603.91
66340,2026-04-21 17:00:00+00:00,2636,2632,2626.0,2624.0,80.46458492003046,0.0,25.0,2612.0,575.71,575.71
66340,2026-04-21 18:00:00+00:00,1815,1809,1800.0,1796.0,80.71444444444444,0.0,22.0,1789.0,568.67,568.67
66340,2026-04-21 19:00:00+00:00,801,799,795.0,793.0,81.57610062893082,0.0,17.0,788.0,556.92,556.92
66340,2026-04-21 20:00:00+00:00,821,816,809.0,805.0,82.63040791100124,0.0,16.0,797.0,554.57,554.57
66340,2026-04-21 21:00:00+00:00,676,675,670.0,669.0,82.54626865671642,0.0,7.0,665.0,533.42,533.42
66340,2026-04-21 22:00:00+00:00,332,331,315.0,315.0,83.58730158730158,0.0,0.0,313.0,516.98,516.98
66340,2026-04-21 23:00:00+00:00,459,450,446.0,443.0,84.42152466367713,0.0,1.0,438.0,519.33,519.33
66340,2026-04-22 00:00:00+00:00,513,509,482.0,482.0,86.7551867219917,0.0,1.0,478.0,519.33,519.33
66340,2026-04-22 01:00:00+00:00,680,673,652.0,647.0,86.41717791411043,0.0,1.0,646.0,519.33,519.33
66340,2026-04-22 02:00:00+00:00,778,772,766.0,764.0,86.88381201044386,0.0,1.0,761.0,519.33,519.33
66340,2026-04-22 03:00:00+00:00,699,697,691.0,690.0,87.01447178002894,0.0,0.0,687.0,516.98,516.98
66340,2026-04-22 04:00:00+00:00,560,558,553.0,552.0,86.1500904159132,0.0,2.0,548.0,521.67,521.67
66340,2026-04-22 05:00:00+00:00,798,796,789.0,788.0,86.51330798479087,0.0,13.0,782.0,547.52,547.52
66340,2026-04-22 06:00:00+00:00,1364,1354,1349.0,1342.0,83.99036323202373,0.0,10.0,1336.0,540.47,540.47
66340,2026-04-22 07:00:00+00:00,919,917,917.0,915.0,85.34351145038168,0.0,10.0,913.0,540.47,540.47
66340,2026-04-22 08:00:00+00:00,1969,1962,1964.0,1957.0,85.18024439918534,0.0,21.0,1945.0,566.32,566.32
66340,2026-04-22 09:00:00+00:00,3371,3361,3358.0,3349.0,84.9815366289458,0.0,18.0,3332.0,559.27,559.27
66340,2026-04-22 10:00:00+00:00,4025,4013,4018.0,4006.0,84.3170731707317,0.0,29.0,3999.0,585.11,585.11
66340,2026-04-22 11:00:00+00:00,6355,6331,6344.0,6323.0,84.6656683480454,0.0,36.0,6303.0,601.56,601.56
66340,2026-04-22 12:00:00+00:00,7102,7082,7081.0,7065.0,85.0481570399661,0.0,41.0,7049.0,613.31,613.31
66340,2026-04-22 13:00:00+00:00,6538,6520,6525.0,6508.0,84.94819923371648,0.0,34.0,6495.0,596.86,596.86
66340,2026-04-22 14:00:00+00:00,6784,6761,6773.0,6753.0,85.1206260150598,0.0,36.0,6735.0,601.56,601.56
66340,2026-04-22 15:00:00+00:00,6859,6836,6851.0,6830.0,85.138227995913,0.0,38.0,6816.0,606.26,606.26
66340,2026-04-22 16:00:00+00:00,7229,7211,7211.0,7196.0,85.24171404798226,0.0,44.0,7172.0,620.35,620.35
66340,2026-04-22 17:00:00+00:00,6195,6169,6178.0,6156.0,85.91809647134995,0.0,29.0,6142.0,585.11,585.11
66340,2026-04-22 18:00:00+00:00,4382,4368,4369.0,4356.0,85.46166170748455,0.0,26.0,4342.0,578.06,578.06
66340,2026-04-22 19:00:00+00:00,2131,2128,2125.0,2123.0,85.28329411764706,0.0,17.0,2117.0,556.92,556.92
66340,2026-04-22 20:00:00+00:00,1830,1825,1821.0,1817.0,85.15870400878639,0.0,11.0,1811.0,542.82,542.82
66340,2026-04-22 21:00:00+00:00,1305,1300,1295.0,1292.0,85.07953667953667,0.0,6.0,1285.0,531.07,531.07
66340,2026-04-22 22:00:00+00:00,1182,1180,1175.0,1175.0,85.35234042553192,0.0,1.0,1170.0,519.33,519.33
66340,2026-04-22 23:00:00+00:00,849,845,840.0,839.0,83.68333333333334,0.0,0.0,835.0,516.98,516.98
66340,2026-04-23 00:00:00+00:00,13,12,1.0,1.0,87.0,4.0,0.0,0.0,516.98,516.98
66340,2026-04-23 01:00:00+00:00,8,8,2.0,2.0,84.0,1417.0,0.0,0.0,516.98,516.98
66340,2026-04-23 02:00:00+00:00,11,9,3.0,3.0,85.66666666666667,1204.0,0.0,0.0,516.98,516.98
66340,2026-04-23 03:00:00+00:00,11,8,2.0,2.0,87.0,364.5,0.0,0.0,516.98,516.98
66340,2026-04-23 04:00:00+00:00,20,16,3.0,3.0,86.0,0.0,0.0,0.0,516.98,516.98
66340,2026-04-23 05:00:00+00:00,13,11,4.0,4.0,87.0,17.0,1.0,0.0,519.33,519.33
66340,2026-04-23 06:00:00+00:00,14,12,6.0,5.0,78.66666666666667,270.5,0.0,0.0,516.98,516.98
66340,2026-04-23 07:00:00+00:00,6,6,2.0,2.0,77.5,119.5,0.0,0.0,516.98,516.98
66340,2026-04-23 08:00:00+00:00,20,19,9.0,9.0,85.33333333333333,0.0,0.0,0.0,516.98,516.98
66340,2026-04-23 09:00:00+00:00,22,21,9.0,9.0,85.66666666666667,0.0,0.0,0.0,516.98,516.98
66340,2026-04-23 10:00:00+00:00,35,33,24.0,23.0,84.79166666666667,0.0,1.0,0.0,519.33,519.33
66340,2026-04-23 11:00:00+00:00,27,27,15.0,15.0,83.46666666666667,0.0,0.0,0.0,516.98,516.98
66340,2026-04-23 12:00:00+00:00,21,20,10.0,10.0,82.0,6.0,1.0,0.0,519.33,519.33
66340,2026-04-23 13:00:00+00:00,44,39,25.0,23.0,85.12,0.0,0.0,0.0,516.98,516.98
66340,2026-04-23 14:00:00+00:00,35,33,19.0,19.0,85.47368421052632,36.0,2.0,0.0,521.67,521.67
66340,2026-04-23 15:00:00+00:00,20,19,10.0,10.0,86.1,0.0,0.0,0.0,516.98,516.98
66340,2026-04-23 16:00:00+00:00,34,30,21.0,19.0,85.42857142857143,0.0,1.0,0.0,519.33,519.33
66340,2026-04-23 17:00:00+00:00,28,22,17.0,14.0,84.41176470588235,0.0,1.0,0.0,519.33,519.33
66340,2026-04-23 18:00:00+00:00,24,19,8.0,8.0,85.625,0.0,0.0,0.0,516.98,516.98
66340,2026-04-23 19:00:00+00:00,17,17,11.0,11.0,83.0909090909091,0.0,1.0,0.0,519.33,519.33
66340,2026-04-23 20:00:00+00:00,20,15,6.0,5.0,85.16666666666667,755.5,1.0,0.0,519.33,519.33
66340,2026-04-23 21:00:00+00:00,23,18,6.0,4.0,87.16666666666667,402.5,0.0,0.0,516.98,516.98
66340,2026-04-23 22:00:00+00:00,13,11,3.0,3.0,82.33333333333333,22.0,0.0,0.0,516.98,516.98
66340,2026-04-23 23:00:00+00:00,18,15,4.0,3.0,87.25,10.5,0.0,0.0,516.98,516.98
66340,2026-04-24 00:00:00+00:00,155,151,136.0,135.0,88.3529411764706,0.0,1.0,132.0,519.33,519.33
66340,2026-04-24 01:00:00+00:00,113,112,103.0,103.0,88.41747572815534,0.0,0.0,101.0,516.98,516.98
66340,2026-04-24 02:00:00+00:00,65,65,53.0,53.0,88.20754716981132,0.0,1.0,49.0,519.33,519.33
66340,2026-04-24 03:00:00+00:00,134,132,130.0,128.0,87.1,0.0,1.0,125.0,519.33,519.33
66340,2026-04-24 04:00:00+00:00,165,164,159.0,159.0,83.44025157232704,0.0,1.0,154.0,519.33,519.33
66340,2026-04-24 05:00:00+00:00,186,181,181.0,177.0,87.5303867403315,0.0,6.0,172.0,531.07,531.07
66340,2026-04-24 06:00:00+00:00,327,321,310.0,309.0,79.97096774193548,0.0,5.0,305.0,528.72,528.72
66340,2026-04-24 07:00:00+00:00,345,345,342.0,342.0,81.3859649122807,0.0,7.0,338.0,533.42,533.42
66340,2026-04-24 08:00:00+00:00,756,755,746.0,745.0,79.10455764075067,0.0,5.0,736.0,528.72,528.72
66340,2026-04-24 09:00:00+00:00,1666,1663,1656.0,1653.0,81.44082125603865,0.0,13.0,1637.0,547.52,547.52
66340,2026-04-24 10:00:00+00:00,3498,3487,3487.0,3479.0,83.77545167765987,0.0,17.0,3460.0,556.92,556.92
66340,2026-04-24 11:00:00+00:00,4318,4310,4305.0,4298.0,84.19558652729384,0.0,20.0,4269.0,563.97,563.97
66340,2026-04-24 12:00:00+00:00,4857,4847,4841.0,4833.0,85.1846725883082,0.0,16.0,4810.0,554.57,554.57
66340,2026-04-24 13:00:00+00:00,4905,4892,4894.0,4883.0,84.57151614221496,0.0,15.0,4860.0,552.22,552.22
66340,2026-04-24 14:00:00+00:00,4347,4338,4333.0,4327.0,85.01569351488575,0.0,22.0,4302.0,568.67,568.67
66340,2026-04-24 15:00:00+00:00,4997,4988,4981.0,4976.0,85.02007628990162,0.0,15.0,4948.0,552.22,552.22
66340,2026-04-24 16:00:00+00:00,5041,5034,5029.0,5024.0,84.88208391330285,0.0,12.0,4998.0,545.17,545.17
66340,2026-04-24 17:00:00+00:00,5767,5749,5752.0,5738.0,85.89464534075104,0.0,27.0,5719.0,580.41,580.41
66340,2026-04-24 18:00:00+00:00,4984,4973,4970.0,4961.0,86.15452716297787,0.0,19.0,4941.0,561.62,561.62
66340,2026-04-24 19:00:00+00:00,2606,2600,2597.0,2591.0,86.99499422410473,0.0,16.0,2582.0,554.57,554.57
66340,2026-04-24 20:00:00+00:00,1484,1477,1474.0,1469.0,85.82564450474898,0.0,5.0,1461.0,528.72,528.72
66340,2026-04-24 21:00:00+00:00,791,785,781.0,778.0,84.99359795134443,0.0,4.0,770.0,526.37,526.37
66340,2026-04-24 22:00:00+00:00,699,695,686.0,685.0,85.48104956268222,0.0,5.0,682.0,528.72,528.72
66340,2026-04-24 23:00:00+00:00,240,235,232.0,230.0,87.28879310344827,0.0,2.0,226.0,521.67,521.67
66340,2026-04-25 00:00:00+00:00,372,368,348.0,346.0,83.91091954022988,0.0,2.0,342.0,521.67,521.67
66340,2026-04-25 01:00:00+00:00,253,232,223.0,219.0,85.45739910313901,0.0,1.0,213.0,519.33,519.33
66340,2026-04-25 02:00:00+00:00,324,320,316.0,312.0,86.20569620253164,0.0,2.0,309.0,521.67,521.67
66340,2026-04-25 03:00:00+00:00,299,291,288.0,284.0,85.52777777777777,0.0,2.0,281.0,521.67,521.67
66340,2026-04-25 04:00:00+00:00,341,336,329.0,328.0,85.88753799392097,0.0,2.0,327.0,521.67,521.67
66340,2026-04-25 05:00:00+00:00,423,420,416.0,415.0,85.4423076923077,0.0,8.0,409.0,535.77,535.77
66340,2026-04-25 06:00:00+00:00,563,558,551.0,549.0,84.0508166969147,0.0,12.0,544.0,545.17,545.17
66340,2026-04-25 07:00:00+00:00,932,926,925.0,920.0,82.25513513513513,0.0,13.0,916.0,547.52,547.52
66340,2026-04-25 08:00:00+00:00,2416,2402,2399.0,2387.0,82.67736556898708,0.0,24.0,2374.0,573.36,573.36
66340,2026-04-25 09:00:00+00:00,4519,4509,4501.0,4493.0,81.78515885358809,0.0,27.0,4484.0,580.41,580.41
66340,2026-04-25 10:00:00+00:00,7049,7026,7034.0,7016.0,82.25618424793858,0.0,41.0,6997.0,613.31,613.31
66340,2026-04-25 11:00:00+00:00,9511,9480,9492.0,9463.0,82.53244837758112,0.0,56.0,9432.0,648.55,648.55
66340,2026-04-25 12:00:00+00:00,11339,11312,11325.0,11301.0,82.55302428256071,0.0,63.0,11267.0,665.0,665.0
66340,2026-04-25 13:00:00+00:00,11868,11836,11855.0,11824.0,83.01273724167018,0.0,89.0,11795.0,726.08,726.08
66340,2026-04-25 14:00:00+00:00,11626,11602,11614.0,11590.0,82.55071465472706,0.0,83.0,11569.0,711.99,711.99
66340,2026-04-25 15:00:00+00:00,10302,10259,10289.0,10248.0,82.5825639031976,0.0,92.0,10225.0,733.13,733.13
66340,2026-04-25 16:00:00+00:00,10245,10223,10233.0,10212.0,83.2145998240985,0.0,76.0,10186.0,695.54,695.54
66340,2026-04-25 17:00:00+00:00,7528,7509,7513.0,7497.0,82.22015173698922,0.0,43.0,7470.0,618.0,618.0
66340,2026-04-25 18:00:00+00:00,4819,4807,4807.0,4798.0,82.96567505720824,0.0,29.0,4783.0,585.11,585.11
66340,2026-04-25 19:00:00+00:00,5385,5368,5367.0,5355.0,83.26998323085523,0.0,30.0,5345.0,587.46,587.46
66340,2026-04-25 20:00:00+00:00,2998,2993,2987.0,2984.0,83.42818881821225,0.0,21.0,2971.0,566.32,566.32
66340,2026-04-25 21:00:00+00:00,1996,1989,1983.0,1979.0,82.43217347453354,0.0,12.0,1971.0,545.17,545.17
66340,2026-04-25 22:00:00+00:00,1070,1065,1060.0,1058.0,82.80283018867925,0.0,9.0,1052.0,538.12,538.12
66340,2026-04-25 23:00:00+00:00,534,529,526.0,523.0,84.06273764258555,0.0,4.0,520.0,526.37,526.37
66340,2026-04-26 00:00:00+00:00,239,237,216.0,216.0,84.14814814814815,0.0,1.0,213.0,519.33,519.33
66340,2026-04-26 01:00:00+00:00,189,183,178.0,176.0,87.92134831460675,0.0,2.0,172.0,521.67,521.67
66340,2026-04-26 02:00:00+00:00,189,189,185.0,185.0,87.63783783783784,0.0,0.0,178.0,516.98,516.98
66340,2026-04-26 03:00:00+00:00,163,161,156.0,155.0,87.98076923076923,0.0,2.0,151.0,521.67,521.67
66340,2026-04-26 04:00:00+00:00,127,127,124.0,124.0,87.89516129032258,0.0,0.0,119.0,516.98,516.98
66340,2026-04-26 05:00:00+00:00,176,173,171.0,170.0,85.7719298245614,0.0,1.0,165.0,519.33,519.33
66340,2026-04-26 06:00:00+00:00,367,365,361.0,359.0,80.46260387811634,0.0,1.0,354.0,519.33,519.33
66340,2026-04-26 07:00:00+00:00,502,500,486.0,486.0,82.66460905349794,0.0,6.0,483.0,531.07,531.07
66340,2026-04-26 08:00:00+00:00,817,816,809.0,808.0,80.39307787391841,0.0,6.0,796.0,531.07,531.07
66340,2026-04-26 09:00:00+00:00,2019,2015,2006.0,2005.0,80.75324027916251,0.0,8.0,1997.0,535.77,535.77
66340,2026-04-26 10:00:00+00:00,4166,4152,4150.0,4140.0,82.30506024096385,0.0,15.0,4129.0,552.22,552.22
66340,2026-04-26 11:00:00+00:00,7719,7713,7709.0,7705.0,83.48255286029317,0.0,21.0,7685.0,566.32,566.32
66340,2026-04-26 12:00:00+00:00,8674,8657,8654.0,8641.0,83.11982898081811,0.0,25.0,8625.0,575.71,575.71
66340,2026-04-26 13:00:00+00:00,9163,9146,9147.0,9133.0,83.81053897452716,0.0,31.0,9113.0,589.81,589.81
66340,2026-04-26 14:00:00+00:00,8252,8243,8227.0,8223.0,84.34800048620396,0.0,46.0,8209.0,625.05,625.05
66340,2026-04-26 15:00:00+00:00,6669,6647,6653.0,6633.0,84.33939576131068,0.0,39.0,6618.0,608.61,608.61
66340,2026-04-26 16:00:00+00:00,3007,3004,2999.0,2997.0,84.27942647549183,0.0,12.0,2983.0,545.17,545.17
66340,2026-04-26 17:00:00+00:00,2186,2181,2169.0,2169.0,81.15306592899954,0.0,15.0,2159.0,552.22,552.22
66340,2026-04-26 18:00:00+00:00,1383,1376,1368.0,1366.0,84.05116959064327,0.0,6.0,1360.0,531.07,531.07
66340,2026-04-26 19:00:00+00:00,1058,1056,1050.0,1050.0,83.9047619047619,0.0,4.0,1042.0,526.37,526.37
66340,2026-04-26 20:00:00+00:00,748,745,735.0,735.0,83.91292517006802,0.0,5.0,729.0,528.72,528.72
66340,2026-04-26 21:00:00+00:00,498,495,489.0,489.0,83.8282208588957,0.0,6.0,486.0,531.07,531.07
66340,2026-04-26 22:00:00+00:00,275,274,268.0,268.0,85.50746268656717,0.0,1.0,265.0,519.33,519.33
66340,2026-04-26 23:00:00+00:00,321,319,315.0,315.0,87.43174603174603,0.0,3.0,312.0,524.02,524.02
66342,2026-04-20 00:00:00+00:00,11,9,6.0,5.0,75.0,0.0,2.0,3.0,521.67,521.67
66342,2026-04-20 01:00:00+00:00,6,5,3.0,2.0,79.33333333333333,36.0,0.0,0.0,516.98,516.98
66342,2026-04-20 02:00:00+00:00,7,7,1.0,1.0,89.0,0.0,1.0,0.0,519.33,519.33
66342,2026-04-20 03:00:00+00:00,7,6,5.0,4.0,79.4,0.0,1.0,1.0,519.33,519.33
66342,2026-04-20 04:00:00+00:00,10,7,3.0,2.0,85.0,620.0,1.0,0.0,519.33,519.33
66342,2026-04-20 05:00:00+00:00,33,31,25.0,25.0,67.68,0.0,1.0,19.0,519.33,519.33
66342,2026-04-20 06:00:00+00:00,34,32,27.0,26.0,69.55555555555556,0.0,0.0,16.0,516.98,516.98
66342,2026-04-20 07:00:00+00:00,96,94,86.0,86.0,65.67441860465117,0.0,0.0,81.0,516.98,516.98
66342,2026-04-20 08:00:00+00:00,136,136,132.0,132.0,65.89393939393939,0.0,4.0,125.0,526.37,526.37
66342,2026-04-20 09:00:00+00:00,239,236,231.0,229.0,65.6103896103896,0.0,5.0,215.0,528.72,528.72
66342,2026-04-20 10:00:00+00:00,329,327,319.0,318.0,66.141065830721,0.0,9.0,298.0,538.12,538.12
66342,2026-04-20 11:00:00+00:00,370,368,355.0,355.0,64.5661971830986,0.0,6.0,337.0,531.07,531.07
66342,2026-04-20 12:00:00+00:00,332,329,321.0,321.0,65.17445482866043,0.0,5.0,306.0,528.72,528.72
66342,2026-04-20 13:00:00+00:00,392,388,381.0,379.0,65.04461942257218,0.0,6.0,361.0,531.07,531.07
66342,2026-04-20 14:00:00+00:00,209,206,195.0,194.0,65.7025641025641,0.0,2.0,180.0,521.67,521.67
66342,2026-04-20 15:00:00+00:00,296,295,285.0,285.0,64.23859649122807,0.0,1.0,267.0,519.33,519.33
66342,2026-04-20 16:00:00+00:00,304,303,297.0,297.0,65.13468013468014,0.0,4.0,278.0,526.37,526.37
66342,2026-04-20 17:00:00+00:00,204,202,190.0,190.0,64.97368421052632,0.0,6.0,180.0,531.07,531.07
66342,2026-04-20 18:00:00+00:00,132,132,123.0,123.0,65.46341463414635,0.0,2.0,115.0,521.67,521.67
66342,2026-04-20 19:00:00+00:00,58,58,52.0,52.0,65.9423076923077,0.0,2.0,46.0,521.67,521.67
66342,2026-04-20 20:00:00+00:00,25,23,20.0,19.0,70.55,0.0,0.0,12.0,516.98,516.98
66342,2026-04-20 21:00:00+00:00,19,19,14.0,14.0,70.57142857142857,0.0,1.0,10.0,519.33,519.33
66342,2026-04-20 22:00:00+00:00,2,2,2.0,2.0,64.5,0.5,0.0,2.0,516.98,516.98
66342,2026-04-20 23:00:00+00:00,3,3,1.0,1.0,88.0,0.0,0.0,0.0,516.98,516.98
66342,2026-04-21 00:00:00+00:00,3,3,0.0,0.0,0.0,0.0,0.0,0.0,516.98,516.98
66342,2026-04-21 02:00:00+00:00,4,4,0.0,0.0,0.0,0.0,0.0,0.0,516.98,516.98
66342,2026-04-21 03:00:00+00:00,1,1,1.0,1.0,84.0,0.0,0.0,0.0,516.98,516.98
66342,2026-04-21 04:00:00+00:00,4,4,2.0,2.0,81.0,449.5,0.0,0.0,516.98,516.98
66342,2026-04-21 05:00:00+00:00,7,6,1.0,1.0,83.0,0.0,0.0,0.0,516.98,516.98
66342,2026-04-21 06:00:00+00:00,9,8,2.0,2.0,80.5,0.0,0.0,0.0,516.98,516.98
66342,2026-04-21 07:00:00+00:00,7,6,5.0,5.0,78.0,0.0,0.0,0.0,516.98,516.98
66342,2026-04-21 08:00:00+00:00,22,21,17.0,16.0,76.94117647058823,0.0,0.0,0.0,516.98,516.98
66342,2026-04-21 09:00:00+00:00,27,24,16.0,16.0,73.75,0.0,0.0,0.0,516.98,516.98
66342,2026-04-21 10:00:00+00:00,35,32,24.0,22.0,77.95833333333333,0.0,2.0,0.0,521.67,521.67
66342,2026-04-21 11:00:00+00:00,32,31,23.0,23.0,75.69565217391305,1.0,1.0,0.0,519.33,519.33
66342,2026-04-21 12:00:00+00:00,47,40,34.0,32.0,74.3529411764706,0.0,5.0,0.0,528.72,528.72
66342,2026-04-21 13:00:00+00:00,43,39,30.0,28.0,76.7,0.0,1.0,0.0,519.33,519.33
66342,2026-04-21 14:00:00+00:00,50,48,39.0,39.0,76.87179487179488,0.0,1.0,0.0,519.33,519.33
66342,2026-04-21 15:00:00+00:00,45,42,35.0,33.0,76.88571428571429,0.0,3.0,0.0,524.02,524.02
66342,2026-04-21 16:00:00+00:00,28,26,16.0,16.0,76.875,0.0,1.0,0.0,519.33,519.33
66342,2026-04-21 17:00:00+00:00,29,26,14.0,14.0,76.42857142857143,0.0,0.0,0.0,516.98,516.98
66342,2026-04-21 18:00:00+00:00,25,24,12.0,12.0,76.41666666666667,0.0,0.0,0.0,516.98,516.98
66342,2026-04-21 19:00:00+00:00,11,10,3.0,3.0,79.0,0.0,0.0,0.0,516.98,516.98
66342,2026-04-21 20:00:00+00:00,11,11,7.0,7.0,77.71428571428571,34.0,0.0,0.0,516.98,516.98
66342,2026-04-21 21:00:00+00:00,3,2,1.0,1.0,76.0,73.0,0.0,0.0,516.98,516.98
66342,2026-04-21 22:00:00+00:00,5,4,3.0,2.0,86.66666666666667,0.0,1.0,0.0,519.33,519.33
66342,2026-04-21 23:00:00+00:00,3,2,0.0,0.0,0.0,0.0,0.0,0.0,516.98,516.98
66342,2026-04-22 00:00:00+00:00,6,6,2.0,2.0,72.0,208.0,0.0,1.0,516.98,516.98
66342,2026-04-22 01:00:00+00:00,8,8,4.0,4.0,71.25,0.0,1.0,3.0,519.33,519.33
66342,2026-04-22 02:00:00+00:00,9,9,3.0,3.0,85.0,11.0,1.0,0.0,519.33,519.33
66342,2026-04-22 03:00:00+00:00,7,7,3.0,3.0,74.66666666666667,330.0,0.0,1.0,516.98,516.98
66342,2026-04-22 04:00:00+00:00,9,9,7.0,7.0,69.57142857142857,0.0,1.0,6.0,519.33,519.33
66342,2026-04-22 05:00:00+00:00,26,25,18.0,18.0,69.33333333333333,0.0,2.0,15.0,521.67,521.67
66342,2026-04-22 06:00:00+00:00,54,52,50.0,49.0,67.82,0.0,3.0,41.0,524.02,524.02
66342,2026-04-22 07:00:00+00:00,86,86,84.0,84.0,65.95238095238095,0.0,4.0,82.0,526.37,526.37
66342,2026-04-22 08:00:00+00:00,126,123,122.0,120.0,67.0,0.0,6.0,109.0,531.07,531.07
66342,2026-04-22 09:00:00+00:00,210,206,200.0,198.0,66.6,0.0,9.0,182.0,538.12,538.12
66342,2026-04-22 10:00:00+00:00,305,303,297.0,295.0,66.38047138047138,0.0,5.0,280.0,528.72,528.72
66342,2026-04-22 11:00:00+00:00,492,489,483.0,482.0,66.22981366459628,0.0,9.0,447.0,538.12,538.12
66342,2026-04-22 12:00:00+00:00,452,450,444.0,443.0,66.06981981981981,0.0,10.0,422.0,540.47,540.47
66342,2026-04-22 13:00:00+00:00,380,377,374.0,372.0,65.78877005347593,0.0,7.0,346.0,533.42,533.42
66342,2026-04-22 14:00:00+00:00,373,372,366.0,366.0,65.7896174863388,0.0,9.0,342.0,538.12,538.12
66342,2026-04-22 15:00:00+00:00,319,317,310.0,310.0,66.01935483870967,0.0,7.0,285.0,533.42,533.42
66342,2026-04-22 16:00:00+00:00,338,335,328.0,326.0,66.21036585365853,0.0,5.0,297.0,528.72,528.72
66342,2026-04-22 17:00:00+00:00,282,280,271.0,271.0,65.46125461254613,0.0,6.0,262.0,531.07,531.07
66342,2026-04-22 18:00:00+00:00,250,249,242.0,241.0,65.56198347107438,0.0,7.0,229.0,533.42,533.42
66342,2026-04-22 19:00:00+00:00,82,79,74.0,74.0,66.45945945945945,0.0,5.0,67.0,528.72,528.72
66342,2026-04-22 20:00:00+00:00,19,18,12.0,12.0,71.08333333333333,0.0,1.0,9.0,519.33,519.33
66342,2026-04-22 21:00:00+00:00,23,22,17.0,17.0,69.58823529411765,0.0,0.0,12.0,516.98,516.98
66342,2026-04-22 22:00:00+00:00,11,10,7.0,6.0,76.42857142857143,22.0,2.0,2.0,521.67,521.67
66342,2026-04-22 23:00:00+00:00,5,5,2.0,2.0,83.5,1367.0,1.0,0.0,519.33,519.33
66342,2026-04-23 00:00:00+00:00,558,557,550.0,550.0,82.74363636363637,0.0,1.0,550.0,519.33,519.33
66342,2026-04-23 01:00:00+00:00,483,481,476.0,476.0,82.86974789915966,0.0,0.0,475.0,516.98,516.98
66342,2026-04-23 02:00:00+00:00,477,477,475.0,475.0,83.16,0.0,0.0,475.0,516.98,516.98
66342,2026-04-23 03:00:00+00:00,361,361,359.0,359.0,82.66852367688023,0.0,0.0,359.0,516.98,516.98
66342,2026-04-23 04:00:00+00:00,512,511,508.0,507.0,82.01771653543307,0.0,1.0,506.0,519.33,519.33
66342,2026-04-23 05:00:00+00:00,975,973,970.0,968.0,81.09072164948454,0.0,10.0,964.0,540.47,540.47
66342,2026-04-23 06:00:00+00:00,1157,1154,1154.0,1152.0,80.64298093587522,0.0,10.0,1146.0,540.47,540.47
66342,2026-04-23 07:00:00+00:00,1093,1091,1087.0,1086.0,78.27506899724011,0.0,19.0,1081.0,561.62,561.62
66342,2026-04-23 08:00:00+00:00,2034,2028,2029.0,2023.0,79.23459832429768,0.0,28.0,2011.0,582.76,582.76
66342,2026-04-23 09:00:00+00:00,2975,2970,2966.0,2962.0,79.15205664194201,0.0,27.0,2953.0,580.41,580.41
66342,2026-04-23 10:00:00+00:00,5379,5359,5364.0,5346.0,79.13087248322148,0.0,58.0,5325.0,653.25,653.25
66342,2026-04-23 11:00:00+00:00,6880,6869,6871.0,6861.0,78.94207538931742,0.0,72.0,6840.0,686.14,686.14
66342,2026-04-23 12:00:00+00:00,7454,7439,7445.0,7430.0,78.79905977165883,0.0,63.0,7409.0,665.0,665.0
66342,2026-04-23 13:00:00+00:00,6875,6861,6865.0,6852.0,78.99796067006555,0.0,71.0,6834.0,683.79,683.79
66342,2026-04-23 14:00:00+00:00,7257,7244,7247.0,7237.0,78.99558437974335,0.0,69.0,7218.0,679.09,679.09
66342,2026-04-23 15:00:00+00:00,6992,6970,6980.0,6959.0,79.45573065902579,0.0,66.0,6941.0,672.04,672.04
66342,2026-04-23 16:00:00+00:00,7364,7345,7350.0,7335.0,79.77319727891157,0.0,77.0,7307.0,697.89,697.89
66342,2026-04-23 17:00:00+00:00,7440,7426,7430.0,7418.0,79.91736204576043,0.0,67.0,7403.0,674.39,674.39
66342,2026-04-23 18:00:00+00:00,4875,4860,4863.0,4852.0,79.00740283775447,0.0,53.0,4841.0,641.5,641.5
66342,2026-04-23 19:00:00+00:00,2286,2278,2279.0,2273.0,78.76129881526985,0.0,25.0,2269.0,575.71,575.71
66342,2026-04-23 20:00:00+00:00,2657,2652,2651.0,2647.0,82.02753677857412,0.0,26.0,2641.0,578.06,578.06
66342,2026-04-23 21:00:00+00:00,2383,2378,2377.0,2375.0,82.22254943205722,0.0,13.0,2371.0,547.52,547.52
66342,2026-04-23 22:00:00+00:00,2121,2120,2115.0,2115.0,82.03593380614657,0.0,14.0,2111.0,549.87,549.87
66342,2026-04-23 23:00:00+00:00,836,836,835.0,835.0,82.94131736526946,0.0,1.0,835.0,519.33,519.33
66342,2026-04-24 00:00:00+00:00,78,78,76.0,76.0,78.36842105263158,0.0,2.0,76.0,521.67,521.67
66342,2026-04-24 01:00:00+00:00,80,80,77.0,77.0,78.6103896103896,0.0,1.0,77.0,519.33,519.33
66342,2026-04-24 02:00:00+00:00,21,21,20.0,20.0,78.2,0.0,0.0,20.0,516.98,516.98
66342,2026-04-24 03:00:00+00:00,82,82,81.0,81.0,75.82716049382717,0.0,1.0,81.0,519.33,519.33
66342,2026-04-24 04:00:00+00:00,129,129,127.0,127.0,76.07874015748031,0.0,0.0,127.0,516.98,516.98
66342,2026-04-24 05:00:00+00:00,312,310,307.0,306.0,76.5928338762215,0.0,7.0,303.0,533.42,533.42
66342,2026-04-24 06:00:00+00:00,451,451,446.0,446.0,74.96636771300449,0.0,11.0,446.0,542.82,542.82
66342,2026-04-24 07:00:00+00:00,913,913,912.0,912.0,75.5515350877193,0.0,21.0,904.0,566.32,566.32
66342,2026-04-24 08:00:00+00:00,1499,1490,1494.0,1486.0,75.98929049531459,0.0,21.0,1479.0,566.32,566.32
66342,2026-04-24 09:00:00+00:00,2914,2904,2900.0,2893.0,75.58103448275862,0.0,40.0,2875.0,610.96,610.96
66342,2026-04-24 10:00:00+00:00,4814,4789,4806.0,4782.0,75.40054099042862,0.0,57.0,4759.0,650.9,650.9
66342,2026-04-24 11:00:00+00:00,5303,5288,5292.0,5278.0,75.14285714285714,0.0,63.0,5248.0,665.0,665.0
66342,2026-04-24 12:00:00+00:00,5922,5906,5907.0,5893.0,75.05095649229727,0.0,78.0,5871.0,700.24,700.24
66342,2026-04-24 13:00:00+00:00,6072,6057,6060.0,6045.0,75.13300330033003,0.0,72.0,6019.0,686.14,686.14
66342,2026-04-24 14:00:00+00:00,5297,5284,5284.0,5271.0,75.04012112036337,0.0,81.0,5247.0,707.29,707.29
66342,2026-04-24 15:00:00+00:00,5376,5361,5364.0,5350.0,75.25093214019388,0.0,70.0,5315.0,681.44,681.44
66342,2026-04-24 16:00:00+00:00,4610,4601,4593.0,4587.0,75.16155018506423,0.0,75.0,4572.0,693.19,693.19
66342,2026-04-24 17:00:00+00:00,4148,4143,4137.0,4133.0,75.16291999033116,0.0,62.0,4115.0,662.65,662.65
66342,2026-04-24 18:00:00+00:00,3743,3735,3732.0,3725.0,75.20525187566989,0.0,41.0,3703.0,613.31,613.31
66342,2026-04-24 19:00:00+00:00,2129,2124,2122.0,2118.0,76.0334590009425,0.0,29.0,2113.0,585.11,585.11
66342,2026-04-24 20:00:00+00:00,1119,1112,1109.0,1103.0,76.00811541929666,0.0,22.0,1093.0,568.67,568.67
66342,2026-04-24 21:00:00+00:00,614,613,609.0,608.0,75.95238095238095,0.0,9.0,601.0,538.12,538.12
66342,2026-04-24 22:00:00+00:00,348,345,340.0,340.0,76.02941176470588,0.0,8.0,331.0,535.77,535.77
66342,2026-04-24 23:00:00+00:00,158,158,156.0,156.0,76.28205128205128,0.0,5.0,152.0,528.72,528.72
66342,2026-04-25 00:00:00+00:00,450,448,444.0,442.0,78.27477477477477,0.0,2.0,439.0,521.67,521.67
66342,2026-04-25 01:00:00+00:00,220,217,213.0,212.0,79.49295774647888,0.0,2.0,209.0,521.67,521.67
66342,2026-04-25 02:00:00+00:00,171,170,167.0,166.0,79.76047904191617,0.0,1.0,163.0,519.33,519.33
66342,2026-04-25 03:00:00+00:00,172,170,166.0,165.0,79.40963855421687,0.0,0.0,163.0,516.98,516.98
66342,2026-04-25 04:00:00+00:00,212,209,205.0,204.0,78.81951219512194,0.0,3.0,201.0,524.02,524.02
66342,2026-04-25 05:00:00+00:00,256,254,249.0,248.0,79.07228915662651,0.0,6.0,244.0,531.07,531.07
66342,2026-04-25 06:00:00+00:00,362,361,360.0,359.0,77.95277777777778,0.0,6.0,355.0,531.07,531.07
66342,2026-04-25 07:00:00+00:00,1005,1004,1001.0,1001.0,77.76923076923077,0.0,13.0,999.0,547.52,547.52
66342,2026-04-25 08:00:00+00:00,2428,2421,2418.0,2414.0,77.74565756823822,0.0,37.0,2401.0,603.91,603.91
66342,2026-04-25 09:00:00+00:00,4648,4641,4639.0,4634.0,77.54128044837249,0.0,47.0,4620.0,627.4,627.4
66342,2026-04-25 10:00:00+00:00,7052,7032,7048.0,7029.0,77.52482973893304,0.0,62.0,7003.0,662.65,662.65
66342,2026-04-25 11:00:00+00:00,7621,7611,7614.0,7606.0,77.04833201996323,0.0,68.0,7579.0,676.74,676.74
66342,2026-04-25 12:00:00+00:00,9672,9661,9665.0,9654.0,76.81841696844283,0.0,74.0,9625.0,690.84,690.84
66342,2026-04-25 13:00:00+00:00,10166,10141,10158.0,10134.0,76.88422917897223,0.0,88.0,10113.0,723.73,723.73
66342,2026-04-25 14:00:00+00:00,9566,9549,9559.0,9542.0,76.91599539700806,0.0,82.0,9518.0,709.64,709.64
66342,2026-04-25 15:00:00+00:00,9327,9315,9314.0,9303.0,76.98829718703028,0.0,94.0,9284.0,737.83,737.83
66342,2026-04-25 16:00:00+00:00,9001,8982,8989.0,8971.0,76.90466125264211,0.0,95.0,8943.0,740.18,740.18
66342,2026-04-25 17:00:00+00:00,7189,7165,7170.0,7150.0,77.04811715481172,0.0,81.0,7123.0,707.29,707.29
66342,2026-04-25 18:00:00+00:00,4931,4925,4926.0,4920.0,76.94843686561104,0.0,61.0,4911.0,660.3,660.3
66342,2026-04-25 19:00:00+00:00,2399,2394,2392.0,2390.0,77.29933110367892,0.0,40.0,2382.0,610.96,610.96
66342,2026-04-25 20:00:00+00:00,1703,1700,1696.0,1693.0,77.58313679245283,0.0,20.0,1682.0,563.97,563.97
66342,2026-04-25 21:00:00+00:00,1286,1286,1280.0,1280.0,77.4109375,0.0,11.0,1275.0,542.82,542.82
66342,2026-04-25 22:00:00+00:00,507,506,506.0,505.0,77.1699604743083,0.0,6.0,500.0,531.07,531.07
66342,2026-04-25 23:00:00+00:00,240,239,237.0,236.0,78.0506329113924,0.0,5.0,235.0,528.72,528.72
66342,2026-04-26 00:00:00+00:00,765,764,757.0,757.0,82.19947159841479,0.0,3.0,755.0,524.02,524.02
66342,2026-04-26 01:00:00+00:00,732,729,726.0,725.0,83.07162534435261,0.0,3.0,724.0,524.02,524.02
66342,2026-04-26 02:00:00+00:00,514,511,511.0,509.0,82.85127201565558,0.0,4.0,507.0,526.37,526.37
66342,2026-04-26 03:00:00+00:00,500,499,500.0,499.0,82.378,0.0,4.0,499.0,526.37,526.37
66342,2026-04-26 04:00:00+00:00,538,536,533.0,532.0,82.63227016885554,0.0,1.0,532.0,519.33,519.33
66342,2026-04-26 05:00:00+00:00,641,637,637.0,635.0,82.29513343799059,0.0,6.0,633.0,531.07,531.07
66342,2026-04-26 06:00:00+00:00,635,631,630.0,627.0,82.34126984126983,0.0,17.0,626.0,556.92,556.92
66342,2026-04-26 07:00:00+00:00,1368,1365,1366.0,1363.0,80.92313323572475,0.0,21.0,1363.0,566.32,566.32
66342,2026-04-26 08:00:00+00:00,1939,1936,1938.0,1935.0,80.4576883384933,0.0,22.0,1928.0,568.67,568.67
66342,2026-04-26 09:00:00+00:00,3726,3713,3714.0,3704.0,77.77813677975229,0.0,39.0,3695.0,608.61,608.61
66342,2026-04-26 10:00:00+00:00,7084,7068,7073.0,7057.0,77.74126961685282,0.0,72.0,7042.0,686.14,686.14
66342,2026-04-26 11:00:00+00:00,10133,10107,10122.0,10096.0,77.83688994269907,0.0,73.0,10071.0,688.49,688.49
66342,2026-04-26 12:00:00+00:00,11266,11245,11257.0,11236.0,77.98827396286755,0.0,96.0,11213.0,742.53,742.53
66342,2026-04-26 13:00:00+00:00,12094,12058,12073.0,12040.0,78.11239956928684,0.0,97.0,12025.0,744.88,744.88
66342,2026-04-26 14:00:00+00:00,11448,11424,11428.0,11407.0,77.7089604480224,0.0,99.0,11387.0,749.58,749.58
66342,2026-04-26 15:00:00+00:00,10221,10182,10213.0,10174.0,77.65563497503182,0.0,87.0,10149.0,721.38,721.38
66342,2026-04-26 16:00:00+00:00,5054,5038,5048.0,5034.0,78.09607765451663,0.0,56.0,5022.0,648.55,648.55
66342,2026-04-26 17:00:00+00:00,7612,7593,7595.0,7579.0,81.13627386438446,0.0,70.0,7566.0,681.44,681.44
66342,2026-04-26 18:00:00+00:00,5620,5603,5609.0,5594.0,81.80442146550187,0.0,55.0,5584.0,646.2,646.2
66342,2026-04-26 19:00:00+00:00,4513,4505,4504.0,4499.0,81.60523978685613,0.0,42.0,4489.0,615.66,615.66
66342,2026-04-26 20:00:00+00:00,3220,3215,3208.0,3206.0,82.50436408977556,0.0,13.0,3198.0,547.52,547.52
66342,2026-04-26 21:00:00+00:00,1849,1846,1841.0,1840.0,82.30744160782183,0.0,14.0,1836.0,549.87,549.87
66342,2026-04-26 22:00:00+00:00,1164,1160,1160.0,1156.0,82.53620689655172,0.0,9.0,1153.0,538.12,538.12
66342,2026-04-26 23:00:00+00:00,997,995,990.0,988.0,82.98989898989899,0.0,5.0,985.0,528.72,528.72
