facility_num,hour_start,footfall_plan_b,plan_name,footfall_col,zscore_hod_baseline,is_anomaly_hod,matrix_profile_score,is_matrix_profile_anomaly,stl_score,is_stl_anomaly,isolation_forest_score,is_isolation_forest_anomaly,markov_score,markov_journey_count,is_markov_hour_anomaly,is_anomaly_consensus,zscore_score,zscore_norm,matrix_profile_norm,stl_norm,isolation_forest_norm,markov_norm,ensemble_score,method_agreement_count,is_consensus_anomaly
66338,2026-04-26 15:00:00+00:00,34.52,plan_b,footfall_plan_b,1.4134546937442078,False,0.8438153501221399,False,74.68683954884685,True,0.8297711607483562,True,512.1666082269141,11.0,True,True,1.4134546937442078,0.5939575060830866,0.08773825478683836,1.0,1.0,0.7846089506387723,0.693261,4,True
66336,2026-04-25 14:00:00+00:00,221.11,plan_b,footfall_plan_b,-2.0646858057490878,False,7.883879392599033,True,47.28977441116884,True,0.48458037983023994,False,336.0638910981524,24.0,False,False,2.0646858057490878,0.8676158050594055,0.8197502199461459,0.6331741267514779,0.2879176368937118,0.5148300039609022,0.624658,2,True
66330,2026-04-25 14:00:00+00:00,760.75,plan_b,footfall_plan_b,1.7566934940370333,False,4.378578734701791,True,35.344209476240266,False,0.7190774462256796,True,335.47309403240257,164.0,False,False,1.7566934940370333,0.7381922401111243,0.4552759754535049,0.4732320940307612,0.7716536878283019,0.5139249378001011,0.590456,2,True
66338,2026-04-26 16:00:00+00:00,23.13,plan_b,footfall_plan_b,1.1848345512504406,False,0.8784277887391975,False,46.15360275405752,True,0.7548289342326133,True,572.5208854780425,6.0,True,True,1.1848345512504406,0.4978874655809381,0.09133718784457145,0.6179616520507879,0.8454042207852712,0.8770681336075867,0.585932,4,True
66338,2026-04-21 22:00:00+00:00,14.0,plan_b,footfall_plan_b,2.0139283906820493,False,1.1484006244746823,False,32.791045013299524,True,0.6179917560812883,True,572.5208854780425,3.0,True,False,2.0139283906820493,0.8462866830140561,0.1194084304971928,0.43904716294566803,0.5631274435213224,0.8770681336075867,0.568988,3,True
66331,2026-04-26 12:00:00+00:00,544.09,plan_b,footfall_plan_b,2.2365078512484624,False,0.37946785179529285,False,24.467140471770453,True,0.7703582008683155,True,401.161729637475,740.0,False,True,2.2365078512484624,0.9398183270691927,0.03945631832771285,0.32759640948213375,0.8774390186261833,0.6145560422553801,0.559773,3,True
66336,2026-04-25 15:00:00+00:00,52.17,plan_b,footfall_plan_b,-1.9908769815692922,False,7.785666558600806,True,32.81650572367076,True,0.43708870818329637,False,336.0638910981524,6.0,False,False,1.9908769815692922,0.8366000920473194,0.8095382432957726,0.4393880625007306,0.18994867699195378,0.5148300039609022,0.558061,2,True
66332,2026-04-25 19:00:00+00:00,1897.03,plan_b,footfall_plan_b,2.244566031545706,False,2.374037777177852,False,36.99228570000038,True,0.6226613438334425,True,322.95354615970024,58.0,False,False,2.244566031545706,0.943204510364704,0.2468477627687856,0.4952985816973365,0.5727601778383924,0.49474573095395535,0.550571,2,True
66336,2026-04-25 19:00:00+00:00,863.2,plan_b,footfall_plan_b,2.375455491946136,False,5.163639204004617,False,31.14337366976483,False,0.46780132910931155,False,336.0638910981524,42.0,False,False,2.375455491946136,0.9982064696182132,0.5369050136889388,0.4169860963174961,0.25330470181977893,0.5148300039609022,0.544046,0,False
66340,2026-04-23 13:00:00+00:00,6.2,plan_b,footfall_plan_b,-1.7731477165173384,False,9.218066422496793,True,34.37611540210604,True,0.4527903468844324,False,187.53060023217353,5.0,False,False,1.7731477165173384,0.7451065819660085,0.9584763542189118,0.4602700503831508,0.2223390553247933,0.28728578766625795,0.534696,2,True
66330,2026-04-25 16:00:00+00:00,635.82,plan_b,footfall_plan_b,1.7126320523732323,False,3.169192646614622,False,41.502610940054595,True,0.6109313579756741,True,335.47309403240257,193.0,False,False,1.7126320523732323,0.7196768790451595,0.329526396808259,0.5556884076331944,0.5485627875529767,0.5139249378001011,0.533476,2,True
66336,2026-04-25 17:00:00+00:00,1186.87,plan_b,footfall_plan_b,1.7183899157542244,False,5.762502474406116,False,25.442869541302805,False,0.5275087466453913,False,403.8863452810605,63.0,True,False,1.7183899157542244,0.7220964303680829,0.5991736346536565,0.3406606799135289,0.3764731099127835,0.6187299922682644,0.531427,1,False
66333,2026-04-25 13:00:00+00:00,1599.86,plan_b,footfall_plan_b,1.7812767011328599,False,0.6738510932338556,False,24.738721646426093,True,0.7866917227068115,True,377.2126915828801,591.0,False,True,1.7812767011328599,0.7485225184304685,0.07006570678997931,0.33123267493795105,0.9111328872679516,0.5778675324716681,0.527764,3,True
66330,2026-04-25 13:00:00+00:00,778.64,plan_b,footfall_plan_b,1.8303843575892864,False,3.7712529582917917,False,38.062835979352045,False,0.6210539026709306,True,256.6362374405389,179.0,False,False,1.8303843575892864,0.769158384077622,0.3921274398152732,0.5096324360392583,0.5694442419419836,0.3931515364720778,0.526703,1,False
66331,2026-04-26 14:00:00+00:00,489.05,plan_b,footfall_plan_b,2.163316934408995,False,1.28923676202011,False,22.86909897591574,True,0.6576306283815323,True,401.161729637475,621.0,False,True,2.163316934408995,0.9090622691450809,0.13405229413082584,0.30619984878271417,0.6448971297897449,0.6145560422553801,0.521754,3,True
66331,2026-04-26 10:00:00+00:00,341.87,plan_b,footfall_plan_b,2.2641217673689717,False,0.9304899915839168,False,19.869965212406527,True,0.6626990759262034,True,401.161729637475,610.0,False,False,2.2641217673689717,0.9514221604461778,0.09675051294856826,0.26604372781648,0.6553526584550535,0.6145560422553801,0.516825,2,True
66331,2026-04-26 13:00:00+00:00,555.52,plan_b,footfall_plan_b,2.176770247650433,False,0.7377370276566874,False,29.861943851097283,True,0.695036168685876,True,301.1793835930069,547.0,False,True,2.176770247650433,0.9147155783150209,0.07670844016864363,0.3998287252678152,0.7220597511736078,0.4613890017801507,0.51494,3,True
66336,2026-04-26 15:00:00+00:00,903.98,plan_b,footfall_plan_b,1.0401463995519626,False,7.4455229567378405,True,19.15815160420455,False,0.5760348823833911,False,403.8863452810605,145.0,True,False,1.0401463995519626,0.4370870634718688,0.7741707828673199,0.25651308476742674,0.4765760307289921,0.6187299922682644,0.512615,2,True
66340,2026-04-23 11:00:00+00:00,3.44,plan_b,footfall_plan_b,-1.8690033376930006,False,9.126960293758978,True,35.08295803153016,True,0.42229919927442083,False,114.59543338147522,2.0,False,False,1.8690033376930006,0.7853867309863668,0.9490033187560182,0.46973413580561446,0.1594399002946069,0.17555342595392134,0.507824,2,True
66330,2026-04-23 16:00:00+00:00,595.31,plan_b,footfall_plan_b,1.3952607610696515,False,3.6354482509008736,False,36.79747865696099,False,0.6668518657926963,True,256.6362374405389,129.0,False,False,1.3952607610696515,0.5863121086571549,0.3780067343592849,0.49269026349541306,0.6639193079285735,0.3931515364720778,0.502816,1,False
66330,2026-04-25 09:00:00+00:00,449.26,plan_b,footfall_plan_b,2.1052589286854997,False,0.6430953707015947,False,42.404725544248485,True,0.5626771748663094,False,335.47309403240257,158.0,False,False,2.1052589286854997,0.8846653157511679,0.066867787459289,0.5677670363399814,0.44902086859764173,0.5139249378001011,0.496449,1,False
66331,2026-04-26 15:00:00+00:00,394.3,plan_b,footfall_plan_b,2.1678100054969245,False,1.4976262732742218,False,13.492867418237157,False,0.6757001277345321,True,343.43180080006186,559.0,False,False,2.1678100054969245,0.9109503334104951,0.1557202242421606,0.18065923661708197,0.6821720876122247,0.5261172058338036,0.491124,1,False
66330,2026-04-25 15:00:00+00:00,645.0,plan_b,footfall_plan_b,1.7681769584239293,False,4.023339582982244,False,19.65574901902481,False,0.5790064017828922,False,356.34289280764136,166.0,False,False,1.7681769584239293,0.7430177855627205,0.41833890954291386,0.2631755358475105,0.4827058773905542,0.5458962351358846,0.490627,0,False
66331,2026-04-26 11:00:00+00:00,417.09,plan_b,footfall_plan_b,2.12617865113645,False,0.6862198489786849,False,16.119943689121534,False,0.6480055435174185,False,401.161729637475,688.0,False,False,2.12617865113645,0.8934561360228827,0.07135178560186502,0.21583379061820837,0.625041868427007,0.6145560422553801,0.484048,0,False
66330,2026-04-25 12:00:00+00:00,703.2,plan_b,footfall_plan_b,1.9434170060300233,False,1.9300303186374554,False,28.669380900045468,False,0.5868189717380877,False,335.47309403240257,172.0,False,False,1.9434170060300233,0.8166566097165233,0.2006807435043991,0.3838612140134147,0.49882216317556904,0.5139249378001011,0.482789,0,False
66333,2026-04-25 19:00:00+00:00,843.93,plan_b,footfall_plan_b,2.191299015663506,False,0.668419374105556,False,21.1964992797,True,0.6155386476580778,False,377.2126915828801,310.0,False,False,2.191299015663506,0.9208208117220044,0.06950092735483356,0.28380501046422,0.5580670092933002,0.5778675324716681,0.482012,1,False
66333,2026-04-25 12:00:00+00:00,1516.28,plan_b,footfall_plan_b,1.671495327108385,False,0.9878852259910091,False,20.351372427731963,True,0.6959853037099893,True,377.2126915828801,531.0,False,True,1.671495327108385,0.7023905331474992,0.10271835614937147,0.27248940443412006,0.7240176896477465,0.5778675324716681,0.475897,3,True
66340,2026-04-23 14:00:00+00:00,3.95,plan_b,footfall_plan_b,-1.690915633429187,False,6.500289180537243,True,28.5701815418294,True,0.4654594194147418,False,221.2343187510366,3.0,False,False,1.690915633429187,0.7105512734674579,0.675887240292029,0.3825330100243948,0.24847365568043736,0.33891789096025804,0.471273,2,True
66331,2026-04-26 17:00:00+00:00,341.79,plan_b,footfall_plan_b,2.2030365890935406,False,0.8225696995524812,False,15.06862904077334,False,0.6848604468023356,True,281.87079476849095,586.0,False,False,2.2030365890935406,0.9257531380801296,0.08552917397013711,0.2017574867513054,0.7010685993651166,0.4318093857478479,0.469184,1,False
66332,2026-04-25 20:00:00+00:00,1396.74,plan_b,footfall_plan_b,2.1121816568785974,False,1.079286996353395,False,27.9863470425705,True,0.5512541044247026,False,350.08311887129014,36.0,False,False,2.1121816568785974,0.8875743629184113,0.11222213184492182,0.37471590994644793,0.4254566037225652,0.5363066317128117,0.467255,1,False
66340,2026-04-23 10:00:00+00:00,6.54,plan_b,footfall_plan_b,-1.813962612043334,False,6.851047511019731,True,20.25429258943181,False,0.4434469105671163,False,250.5405251251944,6.0,False,False,1.813962612043334,0.7622576895784109,0.7123583992535529,0.271189579205384,0.20306479720390272,0.3838132657486196,0.466537,1,False
66333,2026-04-25 16:00:00+00:00,1107.62,plan_b,footfall_plan_b,1.9389201092131787,False,0.6706216384748799,False,24.920066612447705,True,0.5973383138167413,False,377.2126915828801,443.0,False,False,1.9389201092131787,0.8147669378152821,0.06972991445765854,0.3336607461633107,0.5205221574389383,0.5778675324716681,0.463309,1,False
66336,2026-04-25 11:00:00+00:00,1015.58,plan_b,footfall_plan_b,-1.3711117178557897,False,4.305273342200464,False,31.674691036459937,True,0.5096117998458025,False,336.0638910981524,44.0,False,False,1.3711117178557897,0.5761642733249855,0.44765382541368914,0.4241000319171892,0.3395541049047623,0.5148300039609022,0.46046,1,False
66333,2026-04-25 11:00:00+00:00,1366.33,plan_b,footfall_plan_b,1.6990886958177738,False,1.1324377713019749,False,18.80672067638965,True,0.6472177678755427,True,377.2126915828801,416.0,False,True,1.6990886958177738,0.7139857321557143,0.11774864452791745,0.2518076918235325,0.6234167927538607,0.5778675324716681,0.456965,3,True
66336,2026-04-23 11:00:00+00:00,950.54,plan_b,footfall_plan_b,-1.6098084687373226,False,1.9592416079566597,False,41.79757899425798,True,0.5039244573343546,False,336.0638910981524,71.0,False,False,1.6098084687373226,0.6764686746554383,0.2037180757176249,0.5596378056260024,0.3278218787874393,0.5148300039609022,0.456495,1,False
66330,2026-04-25 19:00:00+00:00,467.22,plan_b,footfall_plan_b,1.8443629311064447,False,0.7002169558560748,False,40.67725259160331,True,0.5267389576664527,False,335.47309403240257,112.0,False,False,1.8443629311064447,0.7750324164761115,0.07280717715086835,0.5446374868359437,0.3748851383170248,0.5139249378001011,0.456257,1,False
66340,2026-04-25 16:00:00+00:00,2668.82,plan_b,footfall_plan_b,1.6880798167753386,False,0.7175516688716085,False,27.017968680996113,True,0.6574456157945187,True,316.6477433941975,258.0,False,False,1.6880798167753386,0.7093596154717092,0.07460960639915526,0.36175005990614667,0.6445154735942501,0.48508561408709366,0.455064,2,True
66340,2026-04-25 13:00:00+00:00,3821.06,plan_b,footfall_plan_b,1.640264536026191,False,0.5610744019943051,False,17.565906642857776,False,0.7358870146321469,True,316.6477433941975,305.0,False,True,1.640264536026191,0.6892668278980271,0.058339409006275766,0.23519413525818406,0.8063295768014591,0.48508561408709366,0.454843,2,True
66340,2026-04-25 14:00:00+00:00,3028.55,plan_b,footfall_plan_b,1.6961853317029356,False,1.093574706924812,False,15.66498525977308,False,0.7009645357741046,True,316.6477433941975,286.0,False,False,1.6961853317029356,0.7127656895773898,0.11370773979250673,0.20974224313679563,0.7342891787218154,0.48508561408709366,0.451118,1,False
66332,2026-04-25 21:00:00+00:00,639.25,plan_b,footfall_plan_b,2.2857515462721754,False,0.9220749272970881,False,14.427016583262283,False,0.5722391801877712,False,350.08311887129014,24.0,False,False,2.2857515462721754,0.9605113584171743,0.09587553117164452,0.19316678373874283,0.4687460053096693,0.5363066317128117,0.450921,0,False
66333,2026-04-25 17:00:00+00:00,1012.14,plan_b,footfall_plan_b,1.835943232249579,False,0.6682626815860351,False,18.139173273144305,True,0.6286815508938407,True,377.2126915828801,319.0,False,False,1.835943232249579,0.7714943169833381,0.06948463477589562,0.24286973960493916,0.5851790589526433,0.5778675324716681,0.449379,2,True
66330,2026-04-25 17:00:00+00:00,601.07,plan_b,footfall_plan_b,1.7559244962556328,False,0.7756907750610124,False,28.04579738061117,False,0.5918786015327311,False,335.47309403240257,177.0,False,False,1.7559244962556328,0.7378690942710449,0.08065479591980881,0.37551190477498514,0.5092595020031876,0.5139249378001011,0.443444,0,False
66330,2026-04-25 18:00:00+00:00,523.18,plan_b,footfall_plan_b,1.8451792222960488,False,0.5604680554542459,False,44.261559376925895,True,0.5375330460054591,False,256.6362374405389,97.0,False,False,1.8451792222960488,0.7753754358041174,0.05827636228970071,0.5926286296795014,0.39715189732945916,0.3931515364720778,0.443317,1,False
66335,2026-04-26 14:00:00+00:00,1540.1,plan_b,footfall_plan_b,1.9704352092241586,False,0.7579243592096124,False,0.6425838839050202,False,0.7060589462570248,True,357.191934260382,137.0,False,False,1.9704352092241586,0.8280101144726785,0.07880747906263927,0.008603709673439269,0.7447982654525293,0.5471969164231515,0.441483,1,False
66336,2026-04-26 10:00:00+00:00,1617.02,plan_b,footfall_plan_b,1.829078424383853,False,2.798561949203898,False,0.6415513966102709,False,0.5972909204596097,True,403.8863452810605,160.0,True,False,1.829078424383853,0.7686096089147227,0.29098894835281347,0.008589885453523335,0.5204243912887183,0.6187299922682644,0.441469,2,True
66333,2026-04-25 10:00:00+00:00,1076.29,plan_b,footfall_plan_b,1.7688024778678966,False,1.3037631670864946,False,16.256416811562385,False,0.5982034842740173,False,377.2126915828801,387.0,False,False,1.7688024778678966,0.7432806393850535,0.13556272106091996,0.21766106197237503,0.5223068882537886,0.5778675324716681,0.439336,0,False
66333,2026-04-25 09:00:00+00:00,753.44,plan_b,footfall_plan_b,1.9501923108067638,False,1.3296220889131902,False,13.81362432903653,False,0.5742648565317817,False,377.2126915828801,213.0,False,False,1.9501923108067638,0.8195037070773064,0.1382514807183677,0.1849539277934249,0.47292470438759654,0.5778675324716681,0.4387,0,False
66332,2026-04-22 16:00:00+00:00,1559.42,plan_b,footfall_plan_b,1.5458853569213173,False,1.6870272582755546,False,24.191704382790025,False,0.605629102753693,False,322.95354615970024,97.0,False,False,1.5458853569213173,0.6496071047421292,0.17541376486869661,0.32390852965425204,0.5376249449541137,0.49474573095395535,0.43626,0,False
66340,2026-04-25 12:00:00+00:00,3825.74,plan_b,footfall_plan_b,1.5350979039552832,False,0.598207456681476,False,16.83410671292348,False,0.7143282017324183,True,316.6477433941975,314.0,False,True,1.5350979039552832,0.6450740350306966,0.06220043074839626,0.22539589055597406,0.7618566323196461,0.48508561408709366,0.435923,2,True
66336,2026-04-22 12:00:00+00:00,1829.76,plan_b,footfall_plan_b,1.3175370711898065,False,0.7335091539229109,False,20.287321082376433,False,0.7147457178086402,True,336.0638910981524,83.0,False,False,1.3175370711898065,0.553651303037472,0.07626883420176123,0.2716318056156075,0.7627179120832602,0.5148300039609022,0.43582,1,False
66336,2026-04-25 20:00:00+00:00,569.3,plan_b,footfall_plan_b,1.9695655038787359,False,3.2120260634797417,False,14.272822221047697,False,0.549681238858145,False,260.15769419081494,28.0,False,False,1.9695655038787359,0.8276446496153465,0.333980130959645,0.19110223845678936,0.42221199265125015,0.39854619992957874,0.434697,0,False
66330,2026-04-25 10:00:00+00:00,601.44,plan_b,footfall_plan_b,2.008151268685735,False,0.49860369528923437,False,19.3108608597416,False,0.5898908799893123,False,335.47309403240257,204.0,False,False,2.008151268685735,0.8438590388960977,0.0518438282126697,0.25855774560003797,0.5051590985970762,0.5139249378001011,0.434669,0,False
66333,2026-04-25 14:00:00+00:00,1255.25,plan_b,footfall_plan_b,1.5823460526541726,False,0.9249802930998301,False,12.36657170025575,False,0.6677200422759919,True,377.2126915828801,421.0,False,False,1.5823460526541726,0.6649285041498276,0.09617762537390459,0.16557899323304126,0.6657102397726227,0.5778675324716681,0.434053,1,False
66333,2026-04-25 15:00:00+00:00,1073.02,plan_b,footfall_plan_b,1.8418487711834974,False,0.67455408005703,False,16.39593062104375,False,0.5978839175666787,False,377.2126915828801,474.0,False,False,1.8418487711834974,0.7739759240647615,0.07013880197246744,0.21952904581429566,0.5216476649236449,0.5778675324716681,0.432632,0,False
66336,2026-04-23 09:00:00+00:00,448.83,plan_b,footfall_plan_b,-1.9324943452282515,False,0.6744907594765952,False,24.927828102642195,False,0.5034994447228216,False,403.8863452810605,28.0,True,False,1.9324943452282515,0.8120667233916731,0.0701322180234807,0.3337646666162496,0.32694513467519654,0.6187299922682644,0.432328,1,False
66335,2026-04-26 12:00:00+00:00,2124.5,plan_b,footfall_plan_b,1.706629308171935,False,0.33304123195856006,False,0.3998972632439807,False,0.7679562400973541,True,337.17117693788396,125.0,False,True,1.706629308171935,0.7171544246706137,0.03462897002273435,0.005354320328180965,0.8724840951565425,0.5165263003746348,0.42923,2,True
66338,2026-04-26 20:00:00+00:00,11.44,plan_b,footfall_plan_b,1.7680500500712892,False,0.3525275101637607,False,0.038103969801051345,False,0.5813987057761827,False,572.5208854780425,6.0,True,False,1.7680500500712892,0.7429644565321057,0.03665511477320332,0.0005101831866393343,0.4876408802208152,0.8770681336075867,0.428968,1,False
66333,2026-04-25 08:00:00+00:00,437.81,plan_b,footfall_plan_b,2.010879563272948,False,1.3333628621461173,False,8.298613372038606,False,0.5709341582756033,False,377.2126915828801,125.0,False,False,2.010879563272948,0.8450055143056409,0.13864043893649308,0.11111212393196969,0.46605391983551403,0.5778675324716681,0.427736,0,False
66340,2026-04-25 19:00:00+00:00,1812.69,plan_b,footfall_plan_b,2.1356812940771452,False,0.813101200826686,False,21.90875949286321,False,0.5206378124559308,False,316.6477433941975,124.0,False,False,2.1356812940771452,0.8974493068880216,0.08454465815926401,0.2933416332141675,0.36229929263595584,0.48508561408709366,0.424544,0,False
66338,2026-04-22 15:00:00+00:00,13.78,plan_b,footfall_plan_b,-0.6666103735397232,False,1.5024738312073946,False,29.916401954424288,False,0.6456303117474023,True,424.4645808055869,3.0,True,False,0.6666103735397232,0.2801209241082484,0.15622426374911327,0.4005578778689423,0.6201420833075445,0.6502546319490745,0.42146,2,True
66340,2026-04-25 15:00:00+00:00,2143.37,plan_b,footfall_plan_b,1.6189927992718298,False,0.6744907594765952,False,11.5357856054898,False,0.6906448387005666,True,316.6477433941975,275.0,False,False,1.6189927992718298,0.6803280852778391,0.0701322180234807,0.15445539903914585,0.7130010253733368,0.48508561408709366,0.4206,1,False
66330,2026-04-24 07:00:00+00:00,159.13,plan_b,footfall_plan_b,2.379723598520337,False,2.871635456731522,False,13.015811269365276,False,0.49267143942778635,False,210.04193898574997,42.0,False,False,2.379723598520337,1.0,0.2985869874507021,0.17427181747130494,0.30460840952364876,0.32177182715654074,0.419848,0,False
66330,2026-04-25 21:00:00+00:00,225.78,plan_b,footfall_plan_b,2.087671322194374,False,0.7226174303557881,False,20.627519578704746,False,0.49619227228966956,False,356.34289280764136,69.0,False,False,2.087671322194374,0.877274706815718,0.0751363342807042,0.27618680484148606,0.31187141630999393,0.5458962351358846,0.417273,0,False
66331,2026-04-26 18:00:00+00:00,283.17,plan_b,footfall_plan_b,1.8845211557947872,False,0.6744907594765952,False,1.0665882730975482,False,0.6314254283876156,False,401.161729637475,528.0,False,False,1.8845211557947872,0.7919075799250566,0.0701322180234807,0.014280806090341738,0.5908393108418873,0.6145560422553801,0.416343,0,False
66338,2026-04-22 17:00:00+00:00,8.64,plan_b,footfall_plan_b,1.37608157030684,False,0.8266812931932612,False,17.65875354062315,False,0.5376951078491748,False,508.74209366314096,1.0,True,False,1.37608157030684,0.5782526891620771,0.0859566893624353,0.23643728463130284,0.3974862092144275,0.7793627968771455,0.415499,1,False
66342,2026-04-26 13:00:00+00:00,3488.01,plan_b,footfall_plan_b,1.5425835796847442,False,1.299525359591337,False,0.35353547159102744,False,0.742510097630755,True,303.23053589532776,1729.0,False,True,1.5425835796847442,0.6482196422491632,0.135122082201134,0.004733571185052052,0.8199921102565942,0.46453124578761484,0.41452,2,True
66335,2026-04-26 13:00:00+00:00,1844.64,plan_b,footfall_plan_b,1.7863490465457958,False,1.1252029906514092,False,0.1405366044740667,False,0.6750984062335111,True,337.17117693788396,128.0,False,True,1.7863490465457958,0.750654003539113,0.11699638631413366,0.0018816782892808399,0.6809308167206926,0.5165263003746348,0.413398,2,True
66336,2026-04-25 16:00:00+00:00,994.85,plan_b,footfall_plan_b,0.7683891121133897,False,7.069700675525483,True,14.937903896216461,False,0.4862954463974961,False,336.0638910981524,65.0,False,False,0.7683891121133897,0.32289006697717254,0.7350935237740742,0.2000071764510365,0.29145558959003853,0.5148300039609022,0.412855,1,False
66336,2026-04-23 12:00:00+00:00,714.91,plan_b,footfall_plan_b,-1.1778077381915728,False,1.9090310808103315,False,37.66957296888376,True,0.5071805469148746,False,336.0638910981524,50.0,False,False,1.1778077381915728,0.49493468019727554,0.1984972841983567,0.5043669433119744,0.3345387556310662,0.5148300039609022,0.409434,1,False
66330,2026-04-23 14:00:00+00:00,626.01,plan_b,footfall_plan_b,0.9010050093905411,False,2.1625024338548333,False,40.31628913409111,True,0.6017621017786481,True,241.10480462227588,97.0,False,False,0.9010050093905411,0.3786175041297936,0.2248527352474092,0.5398044605666218,0.5296478396990997,0.3693583000335654,0.408456,2,True
66340,2026-04-23 17:00:00+00:00,4.24,plan_b,footfall_plan_b,-1.676817133306662,False,5.3256191051984505,False,33.018842369532436,True,0.4295756190704967,False,109.23056408190254,1.0,False,False,1.676817133306662,0.7046268458863341,0.5537473641382811,0.44209719635997424,0.17445018008702165,0.16733476350338736,0.408451,1,False
66332,2026-04-23 16:00:00+00:00,4.61,plan_b,footfall_plan_b,-1.0655301363578527,False,8.466801526534779,True,1.5286990197504342,False,0.4385161476316375,False,322.95354615970024,11.0,False,False,1.0655301363578527,0.44775373787963324,0.8803613130019181,0.02046811766282641,0.19289329345263206,0.49474573095395535,0.407244,1,False
66340,2026-04-23 15:00:00+00:00,1.69,plan_b,footfall_plan_b,-1.803579999910788,False,6.001708572888165,True,22.888308455748426,False,0.405685943980495,False,145.28128773045853,2.0,False,False,1.803579999910788,0.7578947408145285,0.624045812686618,0.3064570491134381,0.12516897898807008,0.2225623398375516,0.407226,1,False
66336,2026-04-24 12:00:00+00:00,839.65,plan_b,footfall_plan_b,-0.8986048754546725,False,5.097672613511093,False,26.501563349379158,False,0.466902904722376,False,336.0638910981524,66.0,False,False,0.8986048754546725,0.37760892736173496,0.5300459377983402,0.3548357851190978,0.2514513726004417,0.5148300039609022,0.405754,0,False
66330,2026-04-23 13:00:00+00:00,611.78,plan_b,footfall_plan_b,0.7563629480747536,False,1.4074824112211046,False,39.76357747410865,True,0.5955695716432878,True,335.47309403240257,110.0,False,False,0.7563629480747536,0.3178364699770362,0.1463472433700525,0.5324040716450773,0.5168734791537054,0.5139249378001011,0.405477,2,True
66332,2026-04-25 17:00:00+00:00,1463.19,plan_b,footfall_plan_b,1.30424864686227,False,2.0100233721690586,False,24.834769147324838,False,0.553921211901591,False,322.95354615970024,79.0,False,False,1.30424864686227,0.5480672829706882,0.20899826333965343,0.332518677953729,0.43095848934578446,0.49474573095395535,0.403058,0,False
66332,2026-04-25 22:00:00+00:00,286.71,plan_b,footfall_plan_b,2.177023063175132,False,0.9615223699762212,False,7.926013220168091,False,0.5307204359928328,False,322.95354615970024,16.0,False,False,2.177023063175132,0.9148218156632811,0.09997719840958942,0.10612329117212549,0.38309839502035986,0.49474573095395535,0.399753,0,False
66332,2026-04-25 16:00:00+00:00,1360.25,plan_b,footfall_plan_b,1.211364982215461,False,1.8478291893672045,False,27.36634961994951,True,0.554924671288613,False,322.95354615970024,51.0,False,False,1.211364982215461,0.5090360002181189,0.19213363231160654,0.3664146158179757,0.4330284917070621,0.49474573095395535,0.399072,1,False
66331,2026-04-23 12:00:00+00:00,87.54,plan_b,footfall_plan_b,-1.3210592388622824,False,2.901925923154497,False,17.982687741112677,False,0.47795509446719536,False,401.161729637475,181.0,False,False,1.3210592388622824,0.5551313773094025,0.301736530369359,0.24077451730102464,0.2742505602556211,0.6145560422553801,0.39729,0,False
66332,2026-04-25 14:00:00+00:00,1406.98,plan_b,footfall_plan_b,1.1929261825852773,False,2.07883760925709,False,24.866481344417654,False,0.5586125061537877,False,322.95354615970024,90.0,False,False,1.1929261825852773,0.5012877055667364,0.21615343190315217,0.3329432801632264,0.44063600126613767,0.49474573095395535,0.397153,0,False
66332,2026-04-25 18:00:00+00:00,1060.19,plan_b,footfall_plan_b,1.364621828454599,False,2.2939852630048763,False,18.346669732525953,False,0.5549873847453839,False,322.95354615970024,45.0,False,False,1.364621828454599,0.5734371123197217,0.23852406033339038,0.2456479594444055,0.43315786117161503,0.49474573095395535,0.397103,0,False
66340,2026-04-25 17:00:00+00:00,2419.4,plan_b,footfall_plan_b,1.3889828807241493,False,1.6660782413077109,False,22.870718722503995,False,0.5562775516592137,False,316.6477433941975,238.0,False,False,1.3889828807241493,0.5836740374335029,0.17323552742848838,0.30622153595809926,0.4358193027731489,0.48508561408709366,0.396807,0,False
66332,2026-04-23 15:00:00+00:00,2.78,plan_b,footfall_plan_b,-1.1027994440972706,False,8.22100729900477,True,1.5422801750909652,False,0.4160871619384466,False,322.95354615970024,3.0,False,False,1.1027994440972706,0.4634149296930822,0.854804114312607,0.02064995900760106,0.1466252990061839,0.49474573095395535,0.396048,1,False
66331,2026-04-23 16:00:00+00:00,65.57,plan_b,footfall_plan_b,-1.936492374468463,False,4.006266595812677,True,12.377534927945423,False,0.4260604140846261,False,266.29487608786127,198.0,False,False,1.936492374468463,0.8137467627217437,0.4165636940315593,0.16572578251688158,0.1671987828553687,0.40794799959939904,0.394237,1,False
66332,2026-04-22 15:00:00+00:00,1331.8,plan_b,footfall_plan_b,1.4133929290529754,False,0.8430209448308728,False,17.04292341328087,False,0.6653403380201499,True,260.66708279718154,88.0,False,False,1.4133929290529754,0.5939315515179132,0.08765565409245762,0.22819178741837673,0.6608012285137268,0.3993265531456782,0.393981,1,False
66338,2026-04-20 21:00:00+00:00,10.27,plan_b,footfall_plan_b,1.8599997405103512,False,0.8438153501221399,False,19.759615366933346,False,0.581286552606379,False,226.01366425665876,2.0,False,False,1.8599997405103512,0.7816032675672336,0.08773825478683836,0.2645662272803781,0.48740952324780656,0.3462395655904888,0.393511,0,False
66331,2026-04-26 19:00:00+00:00,267.44,plan_b,footfall_plan_b,1.9418295351196555,False,0.02970683965795416,False,0.9111660637936041,False,0.5975153679198538,False,401.161729637475,622.0,False,False,1.9418295351196555,0.8159895276607102,0.0030888585594514998,0.012199820869347153,0.5208873963477142,0.6145560422553801,0.393344,0,False
66330,2026-04-23 18:00:00+00:00,453.33,plan_b,footfall_plan_b,1.2315042612430664,False,1.4074648604781812,False,32.220222820639414,False,0.582382303057195,False,247.676685298809,92.0,False,False,1.2315042612430664,0.517498864997931,0.14634541847844074,0.43140428776031786,0.48966990971675145,0.3794260325223913,0.392869,0,False
66336,2026-04-20 12:00:00+00:00,1798.92,plan_b,footfall_plan_b,1.2485085615954024,False,0.9872658540932796,False,0.08857463331767622,False,0.6923440895504456,True,403.8863452810605,59.0,True,False,1.2485085615954024,0.5246443588539859,0.10265395508181215,0.0011859470002040513,0.716506352362296,0.6187299922682644,0.392744,2,True
66335,2026-04-26 11:00:00+00:00,1883.18,plan_b,footfall_plan_b,1.5859749814142636,False,0.6990808259452392,False,0.4411320448381645,False,0.6847276587007858,True,337.17117693788396,134.0,False,True,1.5859749814142636,0.6664534412317422,0.07268904460495837,0.005906422704493398,0.7007946752907467,0.5165263003746348,0.392474,2,True
66340,2026-04-25 11:00:00+00:00,3210.91,plan_b,footfall_plan_b,1.4213460374462699,False,0.7610413061002851,False,11.32159500625929,False,0.6585953447807441,True,316.6477433941975,299.0,False,False,1.4213460374462699,0.5972735818269119,0.07913157304885474,0.15158754975640276,0.6468872105545064,0.48508561408709366,0.391993,1,False
66331,2026-04-26 16:00:00+00:00,259.06,plan_b,footfall_plan_b,1.5686237793640352,False,1.2558031802569385,False,0.20483530372958356,False,0.6103252388591263,False,401.161729637475,423.0,False,False,1.5686237793640352,0.6591621734302979,0.13057593628221698,0.0027425889884605003,0.5473124449694138,0.6145560422553801,0.39087,0,False
66330,2026-04-25 20:00:00+00:00,325.33,plan_b,footfall_plan_b,2.254623613931832,False,0.7191774117473727,False,21.248518726842068,False,0.4677002008533153,False,256.9294675683827,117.0,False,False,2.254623613931832,0.947430876146167,0.07477864793487875,0.28450151131304824,0.2530960877678188,0.39360074768422554,0.390682,0,False
66336,2026-04-23 18:00:00+00:00,456.95,plan_b,footfall_plan_b,-1.4421331674003137,False,0.8273276895384144,False,26.838711783699566,False,0.5315922484065688,False,336.0638910981524,42.0,False,False,1.4421331674003137,0.6060086844947045,0.08602390037870342,0.3593499463335365,0.38489682730208935,0.5148300039609022,0.390222,0,False
66336,2026-04-22 13:00:00+00:00,1410.16,plan_b,footfall_plan_b,1.2786904908975323,False,0.8106816139349359,False,29.72041561080973,False,0.545674109818322,False,336.0638910981524,67.0,False,False,1.2786904908975323,0.5373273146900739,0.08429307428945584,0.39793376972889477,0.4139458219604811,0.5148300039609022,0.389666,0,False
66336,2026-04-25 13:00:00+00:00,633.09,plan_b,footfall_plan_b,-0.6941716549611897,False,6.014538207967411,True,14.147738714939038,False,0.5031847980595129,False,336.0638910981524,46.0,False,False,0.6941716549611897,0.29170263949679337,0.625379812822124,0.1894274654062193,0.32629606073713696,0.5148300039609022,0.389527,1,False
66342,2026-04-23 16:00:00+00:00,1790.99,plan_b,footfall_plan_b,1.1716440421845211,False,3.588231176482139,False,17.59554309382492,True,0.5298853947029424,False,303.23053589532776,513.0,False,False,1.1716440421845211,0.49234459115883256,0.3730971961468781,0.23559094480516937,0.3813758166438025,0.46453124578761484,0.389388,1,False
66340,2026-04-23 12:00:00+00:00,2.4,plan_b,footfall_plan_b,-1.8881520798600766,False,4.550561699119922,False,39.531538303719465,True,0.41718988230919496,False,,,False,False,1.8881520798600766,0.7934333554678747,0.47315842467528024,0.5292972435641082,0.14890006348673998,0.0,0.388958,1,False
66338,2026-04-21 20:00:00+00:00,9.17,plan_b,footfall_plan_b,1.2486506177245933,False,2.766705379662226,False,19.572288946386312,False,0.6060548299091032,False,215.56007960137273,1.0,False,False,1.2486506177245933,0.5247040532358374,0.2876765651226704,0.262058068926395,0.538503163074704,0.330225292197711,0.388633,0,False
66332,2026-04-25 13:00:00+00:00,1672.1,plan_b,footfall_plan_b,1.0779038395037186,False,1.3188044131611898,False,30.920052910384637,True,0.560110820944913,False,322.95354615970024,70.0,False,False,1.0779038395037186,0.4529533766753151,0.13712668014298943,0.41399600113166174,0.44372682406941166,0.49474573095395535,0.38851,1,False
66342,2026-04-25 16:00:00+00:00,1994.96,plan_b,footfall_plan_b,1.432749210401451,False,0.8122870101980435,False,12.867039904070701,True,0.6314853062538472,True,319.35181496386514,1064.0,False,False,1.432749210401451,0.6020653874644538,0.08446000022455051,0.17227988199521244,0.5909628308628178,0.4892280917938579,0.387799,2,True
66330,2026-04-25 11:00:00+00:00,539.04,plan_b,footfall_plan_b,1.5963053728565013,False,1.7473546725866234,False,12.147102881684656,False,0.5401896216101724,False,335.47309403240257,169.0,False,False,1.5963053728565013,0.6707944459806386,0.18168649034908704,0.16264047260615683,0.40263205711050337,0.5139249378001011,0.386336,0,False
66332,2026-04-23 17:00:00+00:00,2.63,plan_b,footfall_plan_b,-1.2215517531180493,False,9.617416623708829,True,1.507193994882138,False,0.39744597774891594,False,187.20686670101924,2.0,False,False,1.2215517531180493,0.513316653193499,1.0,0.02018018172929114,0.1081710319093771,0.2867898470444261,0.385692,1,False
66336,2026-04-23 17:00:00+00:00,562.2,plan_b,footfall_plan_b,-1.494898772165918,False,0.9273652261618556,False,17.950926893608315,False,0.5606573845108476,False,336.0638910981524,41.0,False,False,1.494898772165918,0.6281816817278338,0.09642560600688935,0.24034926369950374,0.4448543115260097,0.5148300039609022,0.384928,0,False
66336,2026-04-26 18:00:00+00:00,443.57,plan_b,footfall_plan_b,-1.5405392293119788,False,3.0245410532827326,False,0.21263312460328682,False,0.5085537361779976,False,403.8863452810605,64.0,True,False,1.5405392293119788,0.647360571736085,0.3144858096119744,0.0028469958815732195,0.33737146122324935,0.6187299922682644,0.384159,1,False
66336,2026-04-25 10:00:00+00:00,982.33,plan_b,footfall_plan_b,-0.7189053012629392,False,2.999114626758318,False,32.78518334343648,True,0.5151400202802336,False,336.0638910981524,56.0,False,False,0.7189053012629392,0.30209613490824716,0.31184201996250316,0.43896867964260616,0.3509580834822087,0.5148300039609022,0.383739,1,False
66332,2026-04-22 17:00:00+00:00,1548.02,plan_b,footfall_plan_b,1.4509483017414466,False,0.7300238329916132,False,22.72893933944494,False,0.580956168901929,False,286.004938366057,107.0,False,False,1.4509483017414466,0.6097129526486254,0.07590643740980925,0.3043232178084026,0.4867279859009203,0.43814264921675244,0.382963,0,False
66332,2026-04-23 14:00:00+00:00,5.6,plan_b,footfall_plan_b,-1.1597761532409472,False,8.012221296271974,True,6.70886694784699,False,0.4504159274730555,False,182.56128462844,1.0,False,False,1.1597761532409472,0.4873575040236068,0.8330949577998179,0.08982662793569196,0.21744094599243596,0.2796730900818992,0.381479,1,False
66342,2026-04-26 14:00:00+00:00,2631.4,plan_b,footfall_plan_b,1.4976908688920594,False,0.8103624057411088,False,0.16560146300186587,False,0.6941053352554587,True,303.23053589532776,1585.0,False,False,1.4976908688920594,0.6293549678724423,0.08425988365143772,0.002217277689110929,0.7201395664368458,0.46453124578761484,0.380101,1,False
66340,2026-04-23 16:00:00+00:00,4.74,plan_b,footfall_plan_b,-1.611111610000494,False,4.791009577327902,False,21.413323702166643,False,0.4331866807628181,False,161.51256023276898,4.0,False,False,1.611111610000494,0.6770162765971014,0.49815972051341917,0.28670812463769946,0.18189931686973537,0.2474276892785434,0.378242,0,False
66333,2026-04-25 18:00:00+00:00,673.35,plan_b,footfall_plan_b,1.581205378892415,False,0.673057705305092,False,10.337439608911003,False,0.5566334221584739,False,377.2126915828801,289.0,False,False,1.581205378892415,0.6644491737929463,0.06998321187894388,0.1384104572017683,0.43655341596527714,0.5778675324716681,0.377453,0,False
66335,2026-04-24 18:00:00+00:00,1024.82,plan_b,footfall_plan_b,1.842156053055807,False,0.8093389075253821,False,11.408731641715262,True,0.5189439285258796,False,337.17117693788396,74.0,False,False,1.842156053055807,0.7741050490910883,0.08415346232689994,0.15275424305849358,0.3588050368840192,0.5165263003746348,0.377269,1,False
66331,2026-04-23 14:00:00+00:00,40.74,plan_b,footfall_plan_b,-1.4273976292400161,False,4.187533379206227,True,20.318481271567975,True,0.44535729186741363,False,240.58229460398357,123.0,False,False,1.4273976292400161,0.5998165627838218,0.43541145642823986,0.27204901685897737,0.2070056580436146,0.36855784559048904,0.376568,2,True
66330,2026-04-23 22:00:00+00:00,166.29,plan_b,footfall_plan_b,1.610790514462346,False,1.4784858262364773,False,18.363864775167425,False,0.48586839860962305,False,335.47309403240257,56.0,False,False,1.610790514462346,0.6768813468353645,0.1537300383339657,0.2458781879926389,0.29057464718149806,0.5139249378001011,0.376198,0,False
66332,2026-04-22 12:00:00+00:00,2022.71,plan_b,footfall_plan_b,1.2557359505717525,False,0.43933699456405073,False,15.508102839955871,False,0.6637334945430071,True,286.004938366057,91.0,False,False,1.2557359505717525,0.5276814296217187,0.04568139363755942,0.20764170680717087,0.6574865255622098,0.43814264921675244,0.375327,1,False
66332,2026-04-25 15:00:00+00:00,1080.39,plan_b,footfall_plan_b,0.9374061684822518,False,2.348862199431169,False,20.286055131371537,False,0.5723273621733621,False,322.95354615970024,92.0,False,False,0.9374061684822518,0.3939138852365508,0.24423005588015811,0.27161485549410624,0.46892791293917196,0.49474573095395535,0.374686,0,False
66331,2026-04-26 09:00:00+00:00,232.96,plan_b,footfall_plan_b,2.1275694636536056,False,0.9954134688096542,False,0.6182628269199026,False,0.567185222835,False,266.059080780759,457.0,False,False,2.1275694636536056,0.894040578904409,0.10350112798022743,0.008278069210781707,0.4583203679701442,0.4075867751355248,0.374345,0,False
66332,2026-04-25 10:00:00+00:00,1351.3,plan_b,footfall_plan_b,0.9735239205702059,False,1.0507379117593392,False,25.645986998762343,False,0.594224697070323,False,322.95354615970024,51.0,False,False,0.9735239205702059,0.4090911739394957,0.10925365437211725,0.3433802682464465,0.5140991829762374,0.49474573095395535,0.374114,0,False
66336,2026-04-26 14:00:00+00:00,1073.12,plan_b,footfall_plan_b,0.5747639821536077,False,4.44584525916288,False,9.663323943965139,False,0.5466885781171463,False,403.8863452810605,164.0,True,False,0.5747639821536077,0.24152552107773526,0.4622702159125554,0.12938456095260412,0.41603853423281323,0.6187299922682644,0.37359,1,False
66333,2026-04-25 20:00:00+00:00,621.61,plan_b,footfall_plan_b,1.5627993110798353,False,0.6629867725165086,False,13.839443253477787,False,0.5277086304036974,False,377.2126915828801,253.0,False,False,1.5627993110798353,0.6567146336034788,0.06893605616316084,0.1852996235625486,0.3768854433435392,0.5778675324716681,0.373141,0,False
66330,2026-04-23 17:00:00+00:00,548.56,plan_b,footfall_plan_b,1.3113341336615665,False,2.5687462808455783,False,0.14519512883379002,False,0.5841610280255392,False,356.34289280764136,106.0,False,False,1.3113341336615665,0.5510447240498547,0.26709316871155525,0.0019440523887589217,0.4933391811712378,0.5458962351358846,0.371863,0,False
66335,2026-04-24 16:00:00+00:00,1070.86,plan_b,footfall_plan_b,1.7065350332523914,False,0.8711318870793073,False,9.141850056765923,False,0.5260614236341614,False,357.191934260382,91.0,False,False,1.7065350332523914,0.7171148087590843,0.09057857438886399,0.12240242205973853,0.37348747632409524,0.5471969164231515,0.370156,0,False
66340,2026-04-23 09:00:00+00:00,2.41,plan_b,footfall_plan_b,-1.648748820283425,False,5.585215406642153,True,17.21251070290244,False,0.4042524961282038,False,146.12950751482882,2.0,False,False,1.648748820283425,0.6928320672655358,0.5807396752339391,0.2304624322956533,0.12221196799451377,0.22386176237747432,0.370022,1,False
66338,2026-04-24 11:00:00+00:00,15.95,plan_b,footfall_plan_b,0.0,False,1.0302697392050484,False,30.466425950216586,True,0.6104350015630124,False,512.1666082269141,3.0,True,False,0.0,0.0,0.10712541418505571,0.4079222810103093,0.5475388707312963,0.7846089506387723,0.369439,2,True
66342,2026-04-26 12:00:00+00:00,3416.19,plan_b,footfall_plan_b,1.4205118158862529,False,0.702860166070453,False,0.43312451504419053,False,0.6871503589990428,True,303.23053589532776,1517.0,False,True,1.4205118158862529,0.5969230278547886,0.07308201293242969,0.005799207968371958,0.7057923816283628,0.46453124578761484,0.369226,2,True
66331,2026-04-23 13:00:00+00:00,63.14,plan_b,footfall_plan_b,-1.3517334968078887,False,3.421950294364684,False,19.83513898442627,True,0.4796997171050051,False,247.09384614278434,134.0,False,False,1.3517334968078887,0.5680212179466425,0.3558076381893347,0.2655774311008789,0.27784948316820884,0.378533157408602,0.369158,1,False
66340,2026-04-25 10:00:00+00:00,2382.16,plan_b,footfall_plan_b,1.5982713205894192,False,1.1243417611783233,False,17.378819316012677,False,0.5094623328153461,False,316.6477433941975,226.0,False,False,1.5982713205894192,0.6716205703818676,0.11690683737320884,0.23268917818709606,0.3392457744332162,0.48508561408709366,0.36911,0,False
66336,2026-04-26 13:00:00+00:00,176.31,plan_b,footfall_plan_b,-1.8538663684173098,False,4.231491955602692,False,0.049182106651347694,False,0.4703886783651764,False,236.34768814596998,18.0,False,False,1.8538663684173098,0.7790259211489963,0.4399821824471272,0.0006585110167793552,0.2586420569119318,0.3620706789614647,0.368076,0,False
66333,2026-04-24 20:00:00+00:00,591.67,plan_b,footfall_plan_b,1.444071702362582,False,0.6629867725165086,False,13.823424171401026,False,0.5379128323416584,False,377.2126915828801,60.0,False,False,1.444071702362582,0.6068232895872764,0.06893605616316084,0.18508514023223865,0.3979353456910781,0.5778675324716681,0.367329,0,False
66342,2026-04-23 22:00:00+00:00,632.63,plan_b,footfall_plan_b,2.0830487407986076,False,0.39962465617468446,False,5.909237561543245,False,0.5259525242565233,False,303.23053589532776,348.0,False,False,2.0830487407986076,0.8753322201342224,0.041552183066451635,0.0791201983808469,0.3732628314886708,0.46453124578761484,0.36676,0,False
66332,2026-04-22 13:00:00+00:00,1765.85,plan_b,footfall_plan_b,1.2052753775201719,False,0.3504779529127629,False,24.09379037148072,False,0.5994201794433561,False,286.004938366057,87.0,False,False,1.2052753775201719,0.5064770455987355,0.03644200585516547,0.32259753548311343,0.5248167674836407,0.43814264921675244,0.365695,0,False
66342,2026-04-23 21:00:00+00:00,730.38,plan_b,footfall_plan_b,1.8230385968566813,False,1.1645277649826915,False,6.346657883881246,False,0.5410229096331491,False,286.6891209426893,316.0,False,False,1.8230385968566813,0.7660715715010806,0.12108529873936218,0.08497692394294434,0.40435101873216445,0.43919077645674426,0.363135,0,False
66330,2026-04-23 19:00:00+00:00,395.01,plan_b,footfall_plan_b,1.222202463696088,False,0.4608796745720533,False,31.088423784307377,False,0.5598952484047026,False,256.6362374405389,73.0,False,False,1.222202463696088,0.5135900927553217,0.04792135898905471,0.4162503591275255,0.4432821267821736,0.3931515364720778,0.362839,0,False
66338,2026-04-26 02:00:00+00:00,4.04,plan_b,footfall_plan_b,1.8331830765769819,False,1.2479524741139671,False,0.08473138049503062,False,0.4695648625875959,False,424.4645808055869,1.0,True,False,1.8331830765769819,0.7703344530082473,0.12975963535129778,0.0011344887667875466,0.2569426352642751,0.6502546319490745,0.361685,1,False
66330,2026-04-24 03:00:00+00:00,26.93,plan_b,footfall_plan_b,2.119427597714195,False,3.2961750717379075,False,0.059893116378256325,False,0.43927611599550137,False,247.676685298809,4.0,False,False,2.119427597714195,0.8906192294903539,0.34272977876534805,0.0008019232938499814,0.1944610064343834,0.3794260325223913,0.361608,0,False
66332,2026-04-25 23:00:00+00:00,150.41,plan_b,footfall_plan_b,2.128725525325186,False,0.881024657735682,False,5.622167243094424,False,0.4623567766422021,False,322.95354615970024,11.0,False,False,2.128725525325186,0.8945263755205788,0.09160720515775332,0.07527654506544493,0.242073319056532,0.49474573095395535,0.359646,0,False
66338,2026-04-26 07:00:00+00:00,8.48,plan_b,footfall_plan_b,1.731368802294943,False,1.3204640436115316,False,0.02111796539607101,False,0.5570568270068691,False,323.5234702964964,4.0,False,False,1.731368802294943,0.7275503774352081,0.13729924524183837,0.00028275350146874794,0.4374268434774315,0.4956188210221724,0.359636,0,False
66331,2026-04-26 08:00:00+00:00,151.73,plan_b,footfall_plan_b,2.153945172879283,False,0.9808918953487269,False,0.6687643234996644,False,0.5192330375560622,False,275.7106181008524,351.0,False,False,2.153945172879283,0.9051240968566945,0.1019912034309333,0.008954245855620624,0.35940143010419806,0.42237235944955404,0.359569,0,False
66338,2026-04-21 15:00:00+00:00,12.98,plan_b,footfall_plan_b,-0.7468443202044841,False,2.69940690690369,False,0.03195712450683947,False,0.5919076179831869,False,452.0273285133175,1.0,True,False,0.7468443202044841,0.31383658197483794,0.28067900274270324,0.00042788160136216234,0.5093193590554373,0.6924791311809776,0.359348,1,False
66332,2026-04-25 00:00:00+00:00,78.48,plan_b,footfall_plan_b,1.961181062400624,False,2.9517763196567253,False,0.24264313001932403,False,0.4572321892662962,False,280.0153905362201,2.0,False,False,1.961181062400624,0.8241213658678873,0.30691987621499256,0.0032488070386300126,0.2315019814360023,0.42896701620577143,0.358952,0,False
66336,2026-04-23 10:00:00+00:00,817.46,plan_b,footfall_plan_b,-1.3807812987536616,False,1.0336583071991552,False,24.48486294316029,False,0.47179887206689197,False,336.0638910981524,62.0,False,False,1.3807812987536616,0.5802275943358308,0.10747775079754615,0.3278336999003238,0.2615510977063713,0.5148300039609022,0.358384,0,False
66330,2026-04-24 06:00:00+00:00,79.02,plan_b,footfall_plan_b,2.246522912568292,False,2.497952314432693,False,4.585771716261097,False,0.478281237254461,False,162.99746973484625,46.0,False,False,2.246522912568292,0.9440268247813038,0.2597321517999696,0.06139999689318626,0.27492334915817657,0.24970248280764867,0.357957,0,False
66336,2026-04-23 16:00:00+00:00,656.73,plan_b,footfall_plan_b,-1.3278487980671752,False,1.593310242934661,False,9.567724073386964,False,0.5494304489497787,False,336.0638910981524,69.0,False,False,1.3278487980671752,0.5579844646213552,0.16566925456955217,0.12810455136650226,0.42169464664879397,0.5148300039609022,0.357657,0,False
66336,2026-04-23 14:00:00+00:00,616.67,plan_b,footfall_plan_b,-0.8392767634810506,False,2.8400178775703435,False,23.07360197072833,False,0.49529695271306734,False,336.0638910981524,74.0,False,False,0.8392767634810506,0.3526782538959128,0.2952994539686613,0.30893798840741793,0.3100244918986683,0.5148300039609022,0.356354,0,False
66336,2026-04-23 08:00:00+00:00,306.68,plan_b,footfall_plan_b,-1.9164273070582467,False,0.5346393958504975,False,6.199591817704108,False,0.4995883108147848,False,336.0638910981524,26.0,False,False,1.9164273070582467,0.8053150829154451,0.055590749238470745,0.08300782112556038,0.3188769890884213,0.5148300039609022,0.355524,0,False
66330,2026-04-24 14:00:00+00:00,374.69,plan_b,footfall_plan_b,-0.6950438993326027,False,4.033558912673487,True,19.36207872478395,False,0.48633394837610816,False,335.47309403240257,202.0,False,False,0.6950438993326027,0.2920691712956776,0.41940149527576553,0.2592435138739633,0.291535014016848,0.5139249378001011,0.355235,1,False
66342,2026-04-26 11:00:00+00:00,3039.18,plan_b,footfall_plan_b,1.4822876166108823,False,0.6154898488615442,False,0.7103580389469586,False,0.6309965014152845,True,319.35181496386514,1517.0,False,True,1.4822876166108823,0.6228822614241999,0.06399741977946971,0.009511154083342471,0.5899544919274158,0.4892280917938579,0.355115,2,True
66330,2026-04-24 05:00:00+00:00,57.64,plan_b,footfall_plan_b,2.2862565282228062,False,2.220017829640347,False,2.005697462978727,False,0.4711987232739797,False,192.13223337579174,20.0,False,False,2.2862565282228062,0.960723560351443,0.23083307259119515,0.02685476417390719,0.26031307110109614,0.2943352174690679,0.354612,0,False
66336,2026-04-24 15:00:00+00:00,509.86,plan_b,footfall_plan_b,-0.36226368599235936,False,6.471066945866807,True,0.15784186925093188,False,0.5031802006339385,False,403.8863452810605,74.0,True,False,0.36226368599235936,0.15222931193253175,0.6728487700027833,0.002113382628109465,0.32628657686373086,0.6187299922682644,0.354442,2,True
66330,2026-04-24 02:00:00+00:00,22.81,plan_b,footfall_plan_b,1.987308226478203,False,3.496046708806516,False,0.03006593203839773,False,0.4664400455238211,False,210.04193898574997,4.0,False,False,1.987308226478203,0.8351004409561976,0.36351203712939617,0.00040255997201131994,0.25049655604648907,0.32177182715654074,0.354257,0,False
66336,2026-04-26 16:00:00+00:00,641.71,plan_b,footfall_plan_b,-1.4209680853347488,False,2.9351514110877024,False,0.06709935123080013,False,0.4653610685779594,False,403.8863452810605,108.0,True,False,1.4209680853347488,0.5971147599739219,0.3051912510322133,0.0008984092998996921,0.24827077107244402,0.6187299922682644,0.354041,1,False
66342,2026-04-26 20:00:00+00:00,947.91,plan_b,footfall_plan_b,1.6760151683024225,False,0.17938373339867109,False,1.6987499045448142,False,0.604141233552976,False,319.35181496386514,559.0,False,False,1.6760151683024225,0.7042898466630889,0.018651966574522186,0.022744969727013207,0.534555670005282,0.4892280917938579,0.353894,0,False
66332,2026-04-20 12:00:00+00:00,2148.14,plan_b,footfall_plan_b,1.40863942413019,False,0.5786127041721606,False,0.0031678173209465994,False,0.6895181183662367,True,262.95790827804694,98.0,False,True,1.40863942413019,0.5919340485617964,0.06016300705386581,4.241466555663768e-05,0.7106767521812903,0.4028359622867014,0.35313,2,True
66342,2026-04-23 06:00:00+00:00,383.78,plan_b,footfall_plan_b,2.118988402386898,False,0.8201214521088646,False,1.1834518640248215,False,0.4936407027016204,False,303.23053589532776,29.0,False,False,2.118988402386898,0.8904346722049742,0.08527461003270914,0.015845520725921436,0.30660786988197053,0.46453124578761484,0.352539,0,False
66340,2026-04-22 06:00:00+00:00,457.78,plan_b,footfall_plan_b,1.9793320192906956,False,1.0257820152233381,False,4.103600184196304,False,0.4815900934273044,False,316.6477433941975,21.0,False,False,1.9793320192906956,0.8317487041442138,0.10665878950222278,0.05494408665548712,0.28174907641679675,0.48508561408709366,0.352037,0,False
66336,2026-04-26 12:00:00+00:00,840.68,plan_b,footfall_plan_b,-0.8962994485778166,False,5.073390089751927,False,0.129002813642928,False,0.4581664497723152,False,403.8863452810605,94.0,True,False,0.8962994485778166,0.3766401480975005,0.5275210889008405,0.0017272495987537043,0.23342923577087596,0.6187299922682644,0.35161,1,False
66332,2026-04-22 18:00:00+00:00,1116.5,plan_b,footfall_plan_b,1.5042327571615002,False,0.33605645001499357,False,17.753870287356854,False,0.563336300744295,False,262.95790827804694,61.0,False,False,1.5042327571615002,0.6321039796793212,0.034942486445533424,0.23771082555642792,0.4503805570329241,0.4028359622867014,0.351595,0,False
66336,2026-04-24 08:00:00+00:00,520.42,plan_b,footfall_plan_b,1.510430193986794,False,1.1159663606452783,False,6.298279286743455,False,0.5425922240966568,False,336.0638910981524,50.0,False,False,1.510430193986794,0.6347082471787682,0.1160359797551248,0.08432917130767383,0.4075883043533481,0.5148300039609022,0.351498,0,False
66340,2026-04-25 20:00:00+00:00,1001.6,plan_b,footfall_plan_b,1.8337419880436852,False,0.7622595955465057,False,9.56653787189275,False,0.48682767970413154,False,316.6477433941975,85.0,False,False,1.8337419880436852,0.7705693170349145,0.0792582483811074,0.12808866903031854,0.2925535156403948,0.48508561408709366,0.351111,0,False
66338,2026-04-22 16:00:00+00:00,12.76,plan_b,footfall_plan_b,0.07625702074213357,False,1.0302697392050484,False,28.300317938464286,False,0.566409463560721,False,508.74209366314096,4.0,True,False,0.07625702074213357,0.032044486506562615,0.10712541418505571,0.37891974154235364,0.45672008045446677,0.7793627968771455,0.350835,1,False
66335,2026-04-24 17:00:00+00:00,1136.25,plan_b,footfall_plan_b,1.676246166736027,False,0.7992745915146331,False,8.94637269397122,False,0.5387776841830771,False,291.49557301963404,83.0,False,False,1.676246166736027,0.7043869161016356,0.08310699461061753,0.11978512878591006,0.3997194192440747,0.4465539767509663,0.35071,0,False
66342,2026-04-26 19:00:00+00:00,1296.47,plan_b,footfall_plan_b,1.9014761549336037,False,0.5941340776223047,False,0.331456869538059,False,0.5498598132530965,False,303.23053589532776,818.0,False,False,1.9014761549336037,0.7990323565795213,0.06177688883287504,0.004437955489082904,0.4225803677185365,0.46453124578761484,0.350472,0,False
66336,2026-04-26 07:00:00+00:00,145.94,plan_b,footfall_plan_b,-1.9045400655301623,False,1.3885710543524106,False,0.3198742050660329,False,0.4838217052903266,False,336.0638910981524,60.0,False,False,1.9045400655301623,0.8003198634977465,0.14438087780551265,0.004282872417661054,0.28635259289753906,0.5148300039609022,0.350033,0,False
66340,2026-04-25 21:00:00+00:00,664.98,plan_b,footfall_plan_b,1.9110063239681245,False,0.8362175115142448,False,6.842180358948317,False,0.48015662831359,False,316.6477433941975,73.0,False,False,1.9110063239681245,0.8030370943736276,0.08694824652316753,0.0916115931572306,0.2787920298152356,0.48508561408709366,0.349095,0,False
66336,2026-04-22 14:00:00+00:00,1235.19,plan_b,footfall_plan_b,1.0768421586132624,False,0.7338008979801094,False,14.132134366920583,False,0.5924250746766622,False,336.0638910981524,89.0,False,False,1.0768421586132624,0.45250724045549684,0.07629916917305479,0.1892185350496436,0.5103868029312992,0.5148300039609022,0.348648,0,False
66331,2026-04-25 15:00:00+00:00,124.19,plan_b,footfall_plan_b,-0.6249364048633196,False,3.0646306679284008,False,12.667130434676862,False,0.5274013992589911,False,401.161729637475,237.0,False,False,0.6249364048633196,0.2626088194662154,0.3186542486236358,0.16960324618358336,0.3762516666274854,0.6145560422553801,0.348335,0,False
66342,2026-04-23 17:00:00+00:00,2254.99,plan_b,footfall_plan_b,1.2431386494522108,False,1.756172055950214,False,14.535703502622166,True,0.5261837602298011,False,303.23053589532776,476.0,False,False,1.2431386494522108,0.5223878311855917,0.18260330446961232,0.19462201895844708,0.3737398403411346,0.46453124578761484,0.347577,1,False
66330,2026-04-21 15:00:00+00:00,275.01,plan_b,footfall_plan_b,-1.3174177630517319,False,3.135835034128623,False,22.70276075976508,False,0.4572367450992152,False,210.04193898574997,95.0,False,False,1.3174177630517319,0.5536011677452268,0.32605793809516076,0.3039727065290662,0.23151137950932926,0.32177182715654074,0.347383,0,False
66332,2026-04-22 10:00:00+00:00,1535.79,plan_b,footfall_plan_b,1.2758267087655524,False,0.7063115639250293,False,20.917564212165864,False,0.5576789231054561,False,262.95790827804694,78.0,False,False,1.2758267087655524,0.5361239051286607,0.07344088246981335,0.28007028197364425,0.4387101444357676,0.4028359622867014,0.346236,0,False
66332,2026-04-20 11:00:00+00:00,2141.3,plan_b,footfall_plan_b,1.4666762154254411,False,0.2862600406933744,False,0.01003345156490655,False,0.6580949259645272,True,286.004938366057,96.0,False,True,1.4666762154254411,0.6163220872950917,0.02976475408039275,0.0001343402884030787,0.6458549135382106,0.43814264921675244,0.346044,2,True
66336,2026-04-25 18:00:00+00:00,735.51,plan_b,footfall_plan_b,0.6065957269280462,False,5.00794472787399,False,9.868713767619878,False,0.49299045393374596,False,336.0638910981524,32.0,False,False,0.6065957269280462,0.2549017572062633,0.5207162093330155,0.13213457454128208,0.30526649373628245,0.5148300039609022,0.34557,0,False
66336,2026-04-26 00:00:00+00:00,97.06,plan_b,footfall_plan_b,2.0233694742443338,False,1.4165238114048575,False,1.0864276381917672,False,0.44119881615390816,False,335.7684925652774,33.0,False,False,2.0233694742443338,0.8502539855899328,0.14728735031742796,0.01454644010583979,0.1984272794289913,0.5143774708805015,0.344979,0,False
66335,2026-04-22 05:00:00+00:00,87.08,plan_b,footfall_plan_b,-1.4102014914539978,False,4.402536600236147,False,0.20919331082529646,False,0.5015442214811224,False,225.39252625954978,2.0,False,False,1.4102014914539978,0.5925904556020001,0.45776706702952075,0.002800939390245311,0.32291177091430356,0.3452880189174234,0.344272,0,False
66336,2026-04-26 17:00:00+00:00,647.56,plan_b,footfall_plan_b,-1.0558088168281186,False,3.1993312338826256,False,0.07125892003945113,False,0.5024614679174282,False,403.8863452810605,85.0,True,False,1.0558088168281186,0.44366867542289307,0.3326601476321243,0.0009541027638858144,0.32480392750138914,0.6187299922682644,0.344163,1,False
66330,2026-04-25 22:00:00+00:00,161.4,plan_b,footfall_plan_b,1.519489891339619,False,1.2021728809181544,False,11.94514629338963,False,0.48228341753139087,False,335.47309403240257,63.0,False,False,1.519489891339619,0.638515284835771,0.12499956359949731,0.15993642742878736,0.2831793112136917,0.5139249378001011,0.344111,0,False
66332,2026-04-22 11:00:00+00:00,1968.19,plan_b,footfall_plan_b,1.2528271118929524,False,0.22361908213534,False,13.217997481075242,False,0.6140297647432763,False,286.004938366057,97.0,False,False,1.2528271118929524,0.5264590865392663,0.023251470835117496,0.1769789371316265,0.5549543858658589,0.43814264921675244,0.343957,0,False
66342,2026-04-22 15:00:00+00:00,53.44,plan_b,footfall_plan_b,-1.0674880829504836,False,5.74866971515344,True,4.368394650101573,False,0.4158561930721018,False,303.23053589532776,24.0,False,False,1.0674880829504836,0.4485765000667412,0.5977353316463212,0.05848948324081307,0.14614884115955973,0.46453124578761484,0.343096,1,False
66330,2026-04-24 08:00:00+00:00,184.38,plan_b,footfall_plan_b,1.632161760112963,False,1.6422111239772572,False,10.990439047500926,False,0.5333784673421197,False,210.04193898574997,76.0,False,False,1.632161760112963,0.6858619047723893,0.1707538716716174,0.14715362323388895,0.3885815578075485,0.32177182715654074,0.342825,0,False
66331,2026-04-23 15:00:00+00:00,57.86,plan_b,footfall_plan_b,-1.3107417041828375,False,3.440860615135582,False,14.720135230519183,False,0.43981680638708814,False,266.059080780759,175.0,False,False,1.3107417041828375,0.5507957751891143,0.3577738960224705,0.197091419578571,0.19557637831866703,0.4075867751355248,0.341765,0,False
66342,2026-04-26 15:00:00+00:00,1899.42,plan_b,footfall_plan_b,1.3470735005004864,False,0.9841199411895751,False,0.4898629433583254,False,0.620799882051326,False,303.23053589532776,1326.0,False,False,1.3470735005004864,0.5660630088881199,0.10232684926672776,0.006558892387432517,0.5689202314148057,0.46453124578761484,0.34168,0,False
66333,2026-04-26 11:00:00+00:00,1030.77,plan_b,footfall_plan_b,1.0411054957432075,False,1.1496788327311147,False,0.16279913064402043,False,0.6200582568303008,False,377.2126915828801,251.0,False,False,1.0411054957432075,0.43749009187056237,0.119541336069078,0.0021797565893459207,0.5673903578807495,0.5778675324716681,0.340894,0,False
66335,2026-04-26 15:00:00+00:00,967.95,plan_b,footfall_plan_b,1.399355866911589,False,0.3799255435949912,False,0.3119916819934717,False,0.6122959627060679,True,337.17117693788396,115.0,False,False,1.399355866911589,0.5880329412128701,0.03950390821776399,0.004177331426501482,0.5513777844035309,0.5165263003746348,0.339924,1,False
66338,2026-04-26 19:00:00+00:00,1.89,plan_b,footfall_plan_b,1.839790522920759,False,0.4638232876593716,False,0.7931901661280535,False,0.446346810304591,False,424.4645808055869,2.0,True,False,1.839790522920759,0.773111013423871,0.04822743006848177,0.010620213292186364,0.20904690209193016,0.6502546319490745,0.338252,1,False
66330,2026-04-23 15:00:00+00:00,536.96,plan_b,footfall_plan_b,0.8671589479149147,False,2.9627088953152105,False,0.20105953472022664,False,0.5870941399483538,False,335.47309403240257,149.0,False,False,0.8671589479149147,0.3643948181436265,0.30805662385588545,0.0026920343119985583,0.49938979835081,0.5139249378001011,0.337692,0,False
66336,2026-04-24 16:00:00+00:00,817.49,plan_b,footfall_plan_b,-0.33118723873726985,False,5.652983055415769,False,0.1475307528532063,False,0.5088227600056081,False,403.8863452810605,112.0,True,False,0.33118723873726985,0.1391704645628573,0.587786021610008,0.0019753246186929346,0.3379264213597492,0.6187299922682644,0.337118,1,False
66330,2026-04-25 23:00:00+00:00,78.09,plan_b,footfall_plan_b,1.8136703827044536,False,1.2139061773383009,False,1.1163180376664223,False,0.4746259453484853,False,335.47309403240257,29.0,False,False,1.8136703827044536,0.7621348898805543,0.12621956860491856,0.014946649830273318,0.2673829713667202,0.5139249378001011,0.336922,0,False
66336,2026-04-22 16:00:00+00:00,1103.42,plan_b,footfall_plan_b,1.4414890467765389,False,0.7350408022333759,False,15.50214411248062,False,0.5385235332675545,False,257.0844248627809,56.0,False,False,1.4414890467765389,0.6057380141428302,0.07642809197028601,0.20756192397647077,0.39919513993386363,0.3938381330939705,0.336552,0,False
66332,2026-04-25 09:00:00+00:00,889.74,plan_b,footfall_plan_b,0.8323506883578495,False,0.9371913168515084,False,13.949583090781136,False,0.6135258540599184,False,322.95354615970024,37.0,False,False,0.8323506883578495,0.34976780029218013,0.09744730352443576,0.1867743122489177,0.5539148855951808,0.49474573095395535,0.33653,0,False
66331,2026-04-26 01:00:00+00:00,42.08,plan_b,footfall_plan_b,2.3657283081275553,False,0.6744907594765952,False,0.37627364720654216,False,0.4454808709040876,False,259.92566318207076,102.0,False,False,2.3657283081275553,0.9941189428883742,0.0701322180234807,0.00503801806957504,0.20726058505015618,0.39819074214814176,0.334948,0,False
66331,2026-04-26 02:00:00+00:00,23.23,plan_b,footfall_plan_b,2.2725587058420693,False,0.9688395939658128,False,0.311194358917544,False,0.4442467961496634,False,266.29487608786127,54.0,False,False,2.2725587058420693,0.9549675043165095,0.10073802891905838,0.004166655876689172,0.2047148540632424,0.40794799959939904,0.334507,0,False
66335,2026-04-21 15:00:00+00:00,199.18,plan_b,footfall_plan_b,-1.4607362991528463,False,3.181992260786699,False,2.0953026118682776,False,0.4676253652829044,False,291.49557301963404,12.0,False,False,1.4607362991528463,0.6138260342760402,0.33085727542908566,0.028054508994156905,0.25294171200586796,0.4465539767509663,0.334447,0,False
66332,2026-04-22 07:00:00+00:00,499.77,plan_b,footfall_plan_b,1.5635813527465323,False,1.7892880990840014,False,5.241635190714587,False,0.5171538190180861,False,262.95790827804694,36.0,False,False,1.5635813527465323,0.6570432607041989,0.18604664527821882,0.0701815101881027,0.355112280648936,0.4028359622867014,0.334244,0,False
66340,2026-04-22 03:00:00+00:00,235.43,plan_b,footfall_plan_b,1.647584563362714,False,3.0356851916975534,False,0.9464603935963489,False,0.42477003711313216,False,316.6477433941975,6.0,False,False,1.647584563362714,0.6923428268674345,0.31564455513073963,0.012672385112471426,0.1645369079329985,0.48508561408709366,0.334056,0,False
66333,2026-04-25 21:00:00+00:00,426.46,plan_b,footfall_plan_b,1.9444628870855085,False,0.7912506196879855,False,7.5224037823965,False,0.537115741149937,False,178.38584110436287,224.0,False,False,1.9444628870855085,0.8170961065791571,0.08227267785585961,0.1007192676492447,0.39629105328586794,0.2732765575683501,0.333931,0,False
66342,2026-04-26 18:00:00+00:00,1621.91,plan_b,footfall_plan_b,1.144472422033368,False,2.6985096440028142,False,0.3805575367171701,False,0.5569547541189267,False,303.23053589532776,976.0,False,False,1.144472422033368,0.4809266180093256,0.28058570711707087,0.00509537609324434,0.4372162807762441,0.46453124578761484,0.333671,0,False
66335,2026-04-24 15:00:00+00:00,912.65,plan_b,footfall_plan_b,1.1936206056717338,False,0.9868961186582775,False,1.1816604594018105,False,0.6012270836604638,False,337.17117693788396,81.0,False,False,1.1936206056717338,0.501579513861989,0.1026155107209751,0.015821535179956013,0.5285441689553794,0.5165263003746348,0.333017,0,False
66335,2026-04-21 06:00:00+00:00,95.34,plan_b,footfall_plan_b,-1.3112288117840567,False,3.0044450031500465,False,0.19740530163062608,False,0.5158239293243769,False,291.49557301963404,2.0,False,False,1.3112288117840567,0.5510004660202351,0.312396261979906,0.002643106909103024,0.35236889627103235,0.4465539767509663,0.332993,0,False
66335,2026-04-22 15:00:00+00:00,356.74,plan_b,footfall_plan_b,-0.874558220292963,False,4.27535728630135,False,0.7533927525183818,False,0.501861877842256,False,337.17117693788396,18.0,False,False,0.874558220292963,0.3675041172162789,0.44454321296238236,0.010087356180410421,0.32356705345600445,0.5165263003746348,0.332446,0,False
66333,2026-04-26 14:00:00+00:00,1064.95,plan_b,footfall_plan_b,1.1895841465475334,False,0.21320279164916078,False,0.004759335284878624,False,0.6174544245151592,False,377.2126915828801,210.0,False,False,1.1895841465475334,0.49988332564638693,0.022168405507522037,6.37238811232053e-05,0.5620190004442415,0.5778675324716681,0.3324,0,False
66340,2026-04-25 09:00:00+00:00,1525.12,plan_b,footfall_plan_b,1.493892443809924,False,0.9655696877493548,False,11.99237648099793,False,0.48368338348262085,False,316.6477433941975,143.0,False,False,1.493892443809924,0.6277588055767466,0.10039803052402192,0.16056880373355,0.2860672535282829,0.48508561408709366,0.331976,0,False
66332,2026-04-22 06:00:00+00:00,228.2,plan_b,footfall_plan_b,1.8637542914955387,False,1.6983296011519498,False,2.6768230928151566,False,0.4694081205227923,False,260.66708279718154,21.0,False,False,1.8637542914955387,0.7831809932272734,0.1765889601751506,0.03584062612616584,0.25661929737093203,0.3993265531456782,0.330311,0,False
66331,2026-04-25 21:00:00+00:00,127.41,plan_b,footfall_plan_b,1.3534076215769215,False,1.2997248385240403,False,0.05251958848906112,False,0.5052935042018887,False,401.161729637475,334.0,False,False,1.3534076215769215,0.568724713415643,0.13514282362687316,0.0007031973612260315,0.3306460391721517,0.6145560422553801,0.329955,0,False
66332,2026-04-21 12:00:00+00:00,318.73,plan_b,footfall_plan_b,-0.8214741337310986,False,1.7029346194970887,False,29.19340401452719,True,0.4894596440588056,False,286.004938366057,25.0,False,False,0.8214741337310986,0.34519728855984544,0.17706778089440556,0.3908774851215127,0.2979829057078323,0.43814264921675244,0.329854,1,False
66336,2026-04-24 18:00:00+00:00,753.01,plan_b,footfall_plan_b,0.7353032070068309,False,3.1222595939101456,False,6.475177347618944,False,0.4931026373545696,False,403.8863452810605,94.0,True,False,0.7353032070068309,0.3089868115204754,0.32464639061316736,0.08669770185393953,0.3054979131130948,0.6187299922682644,0.328912,1,False
66335,2026-04-21 07:00:00+00:00,73.66,plan_b,footfall_plan_b,-1.252053929382605,False,2.825381003077801,False,0.4230700089411619,False,0.5251948283001608,False,291.49557301963404,5.0,False,False,1.252053929382605,0.5261341822054907,0.29377754064565315,0.005664585775710388,0.3716998061793401,0.4465539767509663,0.328766,0,False
66342,2026-04-26 01:00:00+00:00,217.19,plan_b,footfall_plan_b,1.6721100362121764,False,1.7652399614004528,False,0.3341072990175536,False,0.4825385491292074,False,303.23053589532776,83.0,False,False,1.6721100362121764,0.7026488442825292,0.18354616738228727,0.004473442724792767,0.28370561354017065,0.46453124578761484,0.327781,0,False
66332,2026-04-22 03:00:00+00:00,47.32,plan_b,footfall_plan_b,2.1180802017198204,False,1.8979304368998982,False,0.02736748637049839,False,0.4167244533878581,False,260.66708279718154,2.0,False,False,2.1180802017198204,0.8900530309640997,0.19734306115231873,0.000366429836043597,0.1479399459387508,0.3993265531456782,0.327006,0,False
66332,2026-04-25 12:00:00+00:00,1541.19,plan_b,footfall_plan_b,0.6687465494088816,False,1.1693537671072547,False,23.5520963272587,False,0.5496601314326549,False,322.95354615970024,71.0,False,False,0.6687465494088816,0.28101858124392864,0.12158709691587728,0.31534466406032763,0.4221684508585577,0.49474573095395535,0.326973,0,False
66336,2026-04-25 23:00:00+00:00,113.24,plan_b,footfall_plan_b,1.6757190545475793,False,1.5892149825943298,False,0.4435973630986429,False,0.4619464356802638,False,336.0638910981524,7.0,False,False,1.6757190545475793,0.7041654146681181,0.16524343748159995,0.0059394314417136424,0.24122684059300184,0.5148300039609022,0.326281,0,False
66336,2026-04-20 11:00:00+00:00,1700.78,plan_b,footfall_plan_b,1.1435717646784367,False,0.17844145163483482,False,0.14516012709182327,False,0.642411128426022,True,336.0638910981524,73.0,False,False,1.1435717646784367,0.48054814659546424,0.018553989976366567,0.001943583742044478,0.613501339135108,0.5148300039609022,0.325875,1,False
66333,2026-04-25 22:00:00+00:00,211.68,plan_b,footfall_plan_b,1.445245907314951,False,1.1158525935402583,False,0.9091694921853636,False,0.4966879361975911,False,377.2126915828801,108.0,False,False,1.445245907314951,0.6073167103160951,0.11602415047607084,0.01217308829343015,0.3128939045871157,0.5778675324716681,0.325255,0,False
66333,2026-04-24 18:00:00+00:00,541.36,plan_b,footfall_plan_b,1.0666418349725555,False,1.6047616243938398,False,6.608295415304487,False,0.5114125042308456,False,377.2126915828801,46.0,False,False,1.0666418349725555,0.4482208923909362,0.16685994661370768,0.08848005157565296,0.34326871695305305,0.5778675324716681,0.324939,0,False
66331,2026-04-23 11:00:00+00:00,52.56,plan_b,footfall_plan_b,-1.4662009720328208,False,1.4420458492969963,False,17.046383827324547,False,0.45215096040317204,False,266.29487608786127,236.0,False,False,1.4662009720328208,0.6161223820045632,0.1499410814482206,0.22823811973160057,0.22102008662202802,0.40794799959939904,0.324654,0,False
66335,2026-04-24 13:00:00+00:00,1413.73,plan_b,footfall_plan_b,0.9188693078174607,False,1.498711027034921,False,0.9236817170143229,False,0.6117230253185766,False,337.17117693788396,79.0,False,False,0.9188693078174607,0.38612438368422053,0.15583301479737321,0.012367395950798193,0.5501958912842777,0.5165263003746348,0.324209,0,False
66331,2026-04-26 00:00:00+00:00,58.99,plan_b,footfall_plan_b,2.3353180716640725,False,0.3334535775852569,False,0.7315712720557952,False,0.4464755948566281,False,247.09384614278434,102.0,False,False,2.3353180716640725,0.9813400485317391,0.03467184490721012,0.009795183147056737,0.2093125673796943,0.378533157408602,0.322731,0,False
66331,2026-04-25 16:00:00+00:00,205.75,plan_b,footfall_plan_b,0.6029007850965771,False,3.493065290086193,True,0.4750799094637112,False,0.5272237603306996,False,401.161729637475,324.0,False,False,0.6029007850965771,0.25334908031817155,0.36320203509486093,0.006360958802561172,0.37588522130266816,0.6145560422553801,0.322671,1,False
66332,2026-04-21 11:00:00+00:00,249.51,plan_b,footfall_plan_b,-0.8703210439571832,False,1.4589582629009852,False,31.087138505913313,True,0.4617739566486263,False,286.004938366057,27.0,False,False,0.8703210439571832,0.3657235842424435,0.15169960083712763,0.4162331502269772,0.24087103944411822,0.43814264921675244,0.322534,1,False
66335,2026-04-23 18:00:00+00:00,845.61,plan_b,footfall_plan_b,1.1923139478864613,False,0.8093389075253821,False,7.161873004039319,False,0.5429985412888847,False,337.17117693788396,33.0,False,False,1.1923139478864613,0.5010304342184182,0.08415346232689994,0.09589203462485911,0.4084264823187122,0.5165263003746348,0.321206,0,False
66336,2026-04-25 12:00:00+00:00,1082.3,plan_b,footfall_plan_b,-0.3554865922808001,False,5.2772683244853775,False,0.21100461115027683,False,0.5341414563566219,False,336.0638910981524,59.0,False,False,0.3554865922808001,0.14938146283116002,0.5487199453828245,0.002825191324534159,0.3901555019871289,0.5148300039609022,0.321182,0,False
66332,2026-04-25 08:00:00+00:00,709.04,plan_b,footfall_plan_b,1.196615820741587,False,0.8337872065600269,False,11.028147303603873,False,0.5534502135372065,False,286.004938366057,25.0,False,False,1.196615820741587,0.5028381537610578,0.08669554821037669,0.14765850811495673,0.429986882782486,0.43814264921675244,0.321064,0,False
66335,2026-04-23 16:00:00+00:00,944.81,plan_b,footfall_plan_b,1.2267441906843555,False,0.8711318870793073,False,6.508346231571889,False,0.5367211085370502,False,337.17117693788396,73.0,False,False,1.2267441906843555,0.5154986030508415,0.09057857438886399,0.0871418079930305,0.3954769790432251,0.5165263003746348,0.321044,0,False
66335,2026-04-23 17:00:00+00:00,1015.5,plan_b,footfall_plan_b,1.2598717853601016,False,0.7992745915146331,False,7.452161167761156,False,0.5260362757226619,False,337.17117693788396,53.0,False,False,1.2598717853601016,0.5294193771677785,0.08310699461061753,0.0997787724420616,0.37343559954974986,0.5165263003746348,0.320453,0,False
66338,2026-04-26 23:00:00+00:00,3.87,plan_b,footfall_plan_b,1.3128502073664599,False,0.0,False,0.2538813624763555,False,0.4691869197515483,False,512.1666082269141,5.0,True,False,1.3128502073664599,0.5516818037955177,0.0,0.0033992784272296257,0.25616298979664104,0.7846089506387723,0.319171,1,False
66336,2026-04-22 15:00:00+00:00,855.62,plan_b,footfall_plan_b,0.8680654299566022,False,0.7340001521155832,False,17.743924472565375,False,0.5378917147300222,False,336.0638910981524,75.0,False,False,0.8680654299566022,0.3647757371891203,0.07631988722482169,0.23757765865779412,0.39789178288572996,0.5148300039609022,0.318279,0,False
66336,2026-04-25 22:00:00+00:00,159.71,plan_b,footfall_plan_b,1.5456861891759568,False,1.5997590473669654,False,1.2382418285419197,False,0.4628755086085019,False,336.0638910981524,10.0,False,False,1.5456861891759568,0.6495234110957392,0.1663397885273311,0.016579116696082474,0.24314339364948345,0.5148300039609022,0.318083,0,False
66336,2026-04-23 06:00:00+00:00,61.95,plan_b,footfall_plan_b,-1.449695066286722,False,0.5269228961328376,False,3.4077433074563874,False,0.47129500850424094,False,403.8863452810605,19.0,True,False,1.449695066286722,0.6091863219695398,0.05478840282679121,0.045627092109415714,0.2605116946394023,0.6187299922682644,0.317769,1,False
66335,2026-04-24 12:00:00+00:00,1538.79,plan_b,footfall_plan_b,0.750751737394216,False,1.851922808142074,False,0.988507863506732,False,0.6119543913882437,True,337.17117693788396,103.0,False,False,0.750751737394216,0.31547854459274927,0.1925592787128218,0.0132353687674818,0.5506731685081739,0.5165263003746348,0.317695,1,False
66336,2026-04-24 06:00:00+00:00,222.69,plan_b,footfall_plan_b,1.7329473568079743,False,0.7369874589017765,False,6.41669895529513,False,0.49167515854955585,False,257.0844248627809,23.0,False,False,1.7329473568079743,0.7282137126704484,0.0766305014888257,0.08591472063961773,0.3025532154648704,0.3938381330939705,0.31743,0,False
66332,2026-04-22 04:00:00+00:00,64.71,plan_b,footfall_plan_b,1.8876295695036651,False,1.7409855151273386,False,0.17029797814918893,False,0.44729929767484466,False,260.66708279718154,10.0,False,False,1.8876295695036651,0.7932137878018078,0.18102423792637473,0.002280160456352023,0.2110117560073075,0.3993265531456782,0.317371,0,False
66338,2026-04-21 23:00:00+00:00,3.37,plan_b,footfall_plan_b,0.9858056717235695,False,1.231158009423365,False,7.905028762257663,False,0.4634936646567129,False,452.0273285133175,1.0,True,False,0.9858056717235695,0.4142521729567766,0.1280133800576256,0.10584232523438884,0.24441856681143104,0.6924791311809776,0.317001,1,False
66342,2026-04-25 14:00:00+00:00,2126.73,plan_b,footfall_plan_b,0.9987209383376919,False,1.576598466194288,False,1.2054710836352895,False,0.5972047600573929,False,303.23053589532776,1115.0,False,False,0.9987209383376919,0.41967938585753234,0.16393159700575535,0.016140341336131712,0.5202466539150445,0.46453124578761484,0.316906,0,False
66342,2026-04-22 14:00:00+00:00,80.38,plan_b,footfall_plan_b,-1.02451626100035,False,5.998535828167859,True,5.652017022976152,False,0.42658593016526053,False,186.64074848825575,28.0,False,False,1.02451626100035,0.4305190155854121,0.6237159169521974,0.0756762109244107,0.16828285216786087,0.2859225874267178,0.316823,1,False
66340,2026-04-24 18:00:00+00:00,1690.68,plan_b,footfall_plan_b,1.1771962693320035,False,1.2199655024170208,False,11.801622539350493,False,0.498995476953762,False,316.6477433941975,74.0,False,False,1.1771962693320035,0.49467773066752785,0.12684960526817204,0.15801475347784627,0.31765405220823084,0.48508561408709366,0.316456,0,False
66332,2026-04-23 13:00:00+00:00,1.96,plan_b,footfall_plan_b,-1.19119803252614,False,7.6556817182069485,True,1.5438325075987944,False,0.3988854091314146,False,100.33865491103819,2.0,False,False,1.19119803252614,0.5005615077594735,0.7960226761242913,0.020670743559701624,0.1111403861246108,0.15371288458418192,0.316422,1,False
66338,2026-04-21 06:00:00+00:00,10.86,plan_b,footfall_plan_b,2.0317576615231236,False,2.536233503775029,False,0.03181032377376006,False,0.5688204725342991,False,,,False,False,2.0317576615231236,0.8537788433860254,0.2637125543176234,0.0004259160511532343,0.4616936691546333,0.0,0.315922,0,False
66342,2026-04-25 15:00:00+00:00,1659.06,plan_b,footfall_plan_b,1.032680049759809,False,0.8268876991799949,False,1.5844485585821975,False,0.6229884167032588,False,303.23053589532776,1111.0,False,False,1.032680049759809,0.4339495773382707,0.08597815104958162,0.021214561603533015,0.5734348853767203,0.46453124578761484,0.315822,0,False
66330,2026-04-22 15:00:00+00:00,347.62,plan_b,footfall_plan_b,-0.7118742815350751,False,4.02693150805335,False,19.680819115036954,False,0.46048343179283885,False,234.12628090943446,143.0,False,False,0.7118742815350751,0.29914158181130945,0.4187123908229336,0.2635112053732741,0.2382088594562508,0.3586676144648677,0.315648,0,False
66333,2026-04-25 07:00:00+00:00,106.01,plan_b,footfall_plan_b,1.1332749362606187,False,1.3195896716737345,False,0.5842743692575912,False,0.5272053476860931,False,377.2126915828801,46.0,False,False,1.1332749362606187,0.4762212455956085,0.1372083297733703,0.007822989602812995,0.37584723848213164,0.5778675324716681,0.314993,0,False
66335,2026-04-23 23:00:00+00:00,523.52,plan_b,footfall_plan_b,1.2644230238301948,False,3.5537956396166077,False,0.29314102507910417,False,0.4193119245827822,False,337.17117693788396,4.0,False,False,1.2644230238301948,0.531331884348412,0.36951665698414277,0.003924935461854474,0.15327755257485642,0.5165263003746348,0.314915,0,False
66342,2026-04-23 20:00:00+00:00,809.54,plan_b,footfall_plan_b,1.3000537026277357,False,0.42763358955918923,False,6.612143122956113,False,0.5530248664039175,False,303.23053589532776,318.0,False,False,1.3000537026277357,0.5463044966382156,0.044464496682507036,0.08853156945584269,0.4291094485966501,0.46453124578761484,0.314588,0,False
66340,2026-04-26 13:00:00+00:00,2947.51,plan_b,footfall_plan_b,0.8586404991783384,False,1.3833034366991486,False,0.0028105748769191867,False,0.6275256681342685,False,316.6477433941975,214.0,False,False,0.8586404991783384,0.3608152222855727,0.1438331613178775,3.7631460828932366e-05,0.5827946275819073,0.48508561408709366,0.314513,0,False
66332,2026-04-22 14:00:00+00:00,1344.27,plan_b,footfall_plan_b,1.0876456994331969,False,1.0090335094927994,False,12.030981134168005,False,0.5587642276648203,False,262.95790827804694,93.0,False,False,1.0876456994331969,0.4570470705545268,0.10491731293051533,0.16108569068985007,0.44094898242925795,0.4028359622867014,0.313367,0,False
66340,2026-04-24 17:00:00+00:00,1852.79,plan_b,footfall_plan_b,0.6697291062537216,False,2.871618837633602,False,8.285899453192936,False,0.5341076686925894,False,316.6477433941975,105.0,False,False,0.6697291062537216,0.281431468205024,0.29858525942969916,0.11094189422453435,0.3900858025600929,0.48508561408709366,0.313226,0,False
66333,2026-04-26 12:00:00+00:00,1174.18,plan_b,footfall_plan_b,1.0749810861280193,False,0.2672630646327185,False,0.3909902479732911,False,0.5885956321197237,False,377.2126915828801,279.0,False,False,1.0749810861280193,0.45172518640249665,0.027789486001247185,0.005235062165370846,0.5024871756641057,0.5778675324716681,0.313021,0,False
66342,2026-04-25 13:00:00+00:00,2766.47,plan_b,footfall_plan_b,0.9928913090932803,False,1.299525359591337,False,1.1819506891789546,False,0.6025674222376253,False,303.23053589532776,1163.0,False,False,0.9928913090932803,0.41722967730817123,0.135122082201134,0.01582542113602133,0.5313091079808339,0.46453124578761484,0.312804,0,False
66335,2026-04-21 09:00:00+00:00,138.02,plan_b,footfall_plan_b,-1.4201972690885978,False,2.552581985640747,False,2.4942055036216946,False,0.4509055575804955,False,291.49557301963404,3.0,False,False,1.4201972690885978,0.5967908499842784,0.26541243719733726,0.03339551544406199,0.21845098734703572,0.4465539767509663,0.312121,0,False
66332,2026-04-20 09:00:00+00:00,1148.23,plan_b,footfall_plan_b,1.429958917149183,False,0.8499199131215724,False,0.023726910037381862,False,0.5717559065115654,False,262.95790827804694,73.0,False,False,1.429958917149183,0.6008928591699901,0.08837299519980783,0.00031768528673467214,0.467749076421637,0.4028359622867014,0.312034,0,False
66330,2026-04-26 12:00:00+00:00,587.17,plan_b,footfall_plan_b,1.1068971768528124,False,1.7631616020384435,False,0.9136201092838449,False,0.5292906965043512,False,335.47309403240257,140.0,False,False,1.1068971768528124,0.4651368661222077,0.18333006367758908,0.012232678672744173,0.3801490338848264,0.5139249378001011,0.310955,0,False
66340,2026-04-25 18:00:00+00:00,1627.27,plan_b,footfall_plan_b,1.0726073398633136,False,1.3007046732709662,False,14.309186656858683,False,0.4854895286434913,False,316.6477433941975,131.0,False,False,1.0726073398633136,0.45072769817899805,0.13524470491009744,0.19158913060580315,0.2897930891686348,0.48508561408709366,0.310488,0,False
66332,2026-04-22 09:00:00+00:00,1001.95,plan_b,footfall_plan_b,1.0917712437088325,False,0.8499199131215724,False,6.323481979098212,False,0.5952876797272555,False,262.95790827804694,70.0,False,False,1.0917712437088325,0.45878069385355225,0.08837299519980783,0.08466661619765709,0.5162919738737122,0.4028359622867014,0.31019,0,False
66332,2026-04-25 11:00:00+00:00,1402.41,plan_b,footfall_plan_b,0.553898420329142,False,1.1265094683672745,False,20.432750464678204,False,0.5539261743804642,False,322.95354615970024,78.0,False,False,0.553898420329142,0.23275746001491293,0.11713223128861928,0.27357899448020867,0.43096872627526867,0.49474573095395535,0.309837,0,False
66342,2026-04-25 12:00:00+00:00,2785.94,plan_b,footfall_plan_b,0.9474639389797457,False,0.862934531988163,False,1.4602179700516056,False,0.623225381710453,False,303.23053589532776,1143.0,False,False,0.9474639389797457,0.39814033006558375,0.08972622958444569,0.019551208470892527,0.5739237124590878,0.46453124578761484,0.309175,0,False
66331,2026-04-26 03:00:00+00:00,14.05,plan_b,footfall_plan_b,1.7647912895014903,False,2.068202904118723,False,0.9088702353716197,False,0.4401609230615041,False,247.09384614278434,25.0,False,False,1.7647912895014903,0.7415950703681726,0.21504765625107627,0.012169081472207676,0.19628624494387256,0.378533157408602,0.308726,0,False
66338,2026-04-24 00:00:00+00:00,4.54,plan_b,footfall_plan_b,1.6378533797078916,False,1.1949174175390993,False,3.2087042687962697,False,0.5089790878112951,False,228.20742499880058,1.0,False,False,1.6378533797078916,0.6882536193389328,0.12424515483642376,0.04296211070355582,0.3382489046920002,0.3496002772928844,0.308662,0,False
66330,2026-04-26 14:00:00+00:00,581.26,plan_b,footfall_plan_b,0.616812789649332,False,3.8730335015157307,False,0.022120509069421302,False,0.522518702141996,False,335.47309403240257,139.0,False,False,0.616812789649332,0.25919513931485716,0.4027103798298536,0.00029617679905914344,0.3661793162241678,0.5139249378001011,0.308461,0,False
66336,2026-04-22 11:00:00+00:00,1638.15,plan_b,footfall_plan_b,0.913719711976863,False,0.7337913291608058,False,0.029202338925456983,False,0.6192318176525203,True,336.0638910981524,63.0,False,False,0.913719711976863,0.38396043664272395,0.07629817422610823,0.0003909971167859902,0.56568552450973,0.5148300039609022,0.308233,1,False
66330,2026-04-24 13:00:00+00:00,384.64,plan_b,footfall_plan_b,-0.705660442534925,False,3.4691381414578077,False,17.38441395821758,False,0.46923787692567065,False,256.6362374405389,162.0,False,False,0.705660442534925,0.2965304218412971,0.3607141374021063,0.23276408619282635,0.2562681076241501,0.3931515364720778,0.307886,0,False
66331,2026-04-23 18:00:00+00:00,48.22,plan_b,footfall_plan_b,-1.434510048160896,False,1.5655261265228058,False,11.335014394481947,False,0.44869098202521907,False,266.059080780759,158.0,False,False,1.434510048160896,0.6028053211947995,0.16278031697862347,0.15176722516245444,0.21388261448816515,0.4075867751355248,0.307764,0,False
66335,2026-04-26 10:00:00+00:00,1347.17,plan_b,footfall_plan_b,1.2665925697147482,False,0.8012487666632551,False,0.4930854474670118,False,0.537753554584612,False,337.17117693788396,107.0,False,False,1.2665925697147482,0.532243564127485,0.08331226544642131,0.006602039267500708,0.3976067770041445,0.5165263003746348,0.307258,0,False
66335,2026-04-21 10:00:00+00:00,204.11,plan_b,footfall_plan_b,-1.3458194959160947,False,2.3804429034584125,False,6.247176984690172,False,0.4670328318201946,False,253.08810402023906,7.0,False,False,1.3458194959160947,0.5655360550077738,0.2475137551585476,0.08364495033431397,0.2517193948071766,0.3877160059339479,0.307226,0,False
66340,2026-04-21 14:00:00+00:00,891.28,plan_b,footfall_plan_b,-0.6972383539903568,False,0.9933575575594775,False,14.159438554497413,False,0.5700734893163714,False,316.6477433941975,51.0,False,False,0.6972383539903568,0.2929913181614391,0.10328735838589494,0.1895841173629636,0.4642784750084185,0.48508561408709366,0.307045,0,False
66333,2026-04-26 15:00:00+00:00,682.68,plan_b,footfall_plan_b,0.8371250963748311,False,0.2487349733697289,False,0.1963009153670191,False,0.624649565451385,True,377.2126915828801,187.0,False,False,0.8371250963748311,0.35177408708109553,0.025862971637991446,0.0026283200166561335,0.5768616128312907,0.5778675324716681,0.306999,1,False
66336,2026-04-23 03:00:00+00:00,4.82,plan_b,footfall_plan_b,-1.616983947865244,False,4.261797883708536,False,0.006334062915298862,False,0.5426064658915374,False,,,False,False,1.616983947865244,0.6794839320291866,0.4431333330410543,8.480828688910106e-05,0.40761768326933917,0.0,0.306064,0,False
66335,2026-04-22 19:00:00+00:00,152.13,plan_b,footfall_plan_b,-1.264584982645231,False,5.470999399902427,True,0.2740963484003971,False,0.43843195617525577,False,152.31926126768684,2.0,False,False,1.264584982645231,0.531399942174597,0.5688637202651005,0.003669941720068795,0.19271961775059215,0.23334409902092582,0.305999,1,False
66338,2026-04-26 06:00:00+00:00,2.44,plan_b,footfall_plan_b,-0.209386379091466,False,2.511831838332442,False,0.4433593690567547,False,0.4291451908558639,False,652.7667162220681,2.0,True,False,0.209386379091466,0.08798768866336332,0.26117531730301474,0.005936244882430564,0.1735622643106845,1.0,0.305732,1,False
66335,2026-04-24 20:00:00+00:00,511.13,plan_b,footfall_plan_b,1.627180618822177,False,1.0051261132867664,False,3.656092853282227,False,0.4282734037180617,False,337.17117693788396,31.0,False,False,1.627180618822177,0.6837687451744077,0.10451102958448658,0.04895230371732441,0.17176388416982233,0.5165263003746348,0.305104,0,False
66342,2026-04-25 09:00:00+00:00,1325.49,plan_b,footfall_plan_b,1.336167592793639,False,1.0320894354969228,False,0.08269293358577728,False,0.5341819365223595,False,303.23053589532776,699.0,False,False,1.336167592793639,0.5614801624963673,0.10731462261420793,0.0011071955124261788,0.3902390071491169,0.46453124578761484,0.304934,0,False
66340,2026-04-23 18:00:00+00:00,2.06,plan_b,footfall_plan_b,-1.6080262204869413,False,3.760168684323158,False,24.30316852948119,False,0.40837286138629114,False,,,False,False,1.6080262204869413,0.6757197438756244,0.3909749188834765,0.32540094983650203,0.13071172984225524,0.0,0.304561,0,False
66336,2026-04-25 09:00:00+00:00,952.73,plan_b,footfall_plan_b,1.215053644485512,False,1.6056558872870283,False,0.5751334015918118,False,0.49806163476821114,False,336.0638910981524,39.0,False,False,1.215053644485512,0.510586038328572,0.16695293030446137,0.007700598995297717,0.31572766081247355,0.5148300039609022,0.303159,0,False
66331,2026-04-23 17:00:00+00:00,67.67,plan_b,footfall_plan_b,-1.3781553091589727,False,2.3284671934205554,False,11.011746420148372,False,0.42567735511359117,False,247.09384614278434,155.0,False,False,1.3781553091589727,0.5791241092099441,0.2421094234059097,0.1474389127544545,0.16640858348626011,0.378533157408602,0.302723,0,False
66342,2026-04-23 05:00:00+00:00,326.3,plan_b,footfall_plan_b,2.0780133932986424,False,0.8747897735316453,False,0.9202192395150898,False,0.4829385885613585,False,164.52881258835512,16.0,False,False,2.0780133932986424,0.8732162821727314,0.0909589142031256,0.01232103600947321,0.2845308413270316,0.25204840948474955,0.302615,0,False
66335,2026-04-22 17:00:00+00:00,419.0,plan_b,footfall_plan_b,-0.7970004174617588,False,5.318016449368065,True,0.21087896553062183,False,0.42804201488311605,False,291.49557301963404,11.0,False,False,0.7970004174617588,0.3349130201328075,0.5529568549893227,0.002823509025210557,0.1712865599842045,0.4465539767509663,0.301707,1,False
66331,2026-04-24 04:00:00+00:00,14.9,plan_b,footfall_plan_b,2.0839997449261167,False,0.34326852374201927,False,1.3246961384931226,False,0.4422237576954021,False,247.09384614278434,15.0,False,False,2.0839997449261167,0.875731848111228,0.035692383638220956,0.017736674178410534,0.20054159659867826,0.378533157408602,0.301647,0,False
66330,2026-04-21 17:00:00+00:00,275.29,plan_b,footfall_plan_b,-1.0023815088080636,False,0.8742667502583312,False,18.65261165520693,False,0.45757112092519553,False,335.47309403240257,65.0,False,False,1.0023815088080636,0.4212176193198755,0.09090453127538338,0.24974428919311423,0.2322011520684237,0.5139249378001011,0.301599,0,False
66330,2026-04-26 11:00:00+00:00,486.18,plan_b,footfall_plan_b,1.0715823953725474,False,1.4260547101043148,False,0.28985233375411534,False,0.5340107713245605,False,335.47309403240257,162.0,False,False,1.0715823953725474,0.45029699921404115,0.14827835435441247,0.0038809023852796115,0.38988591626353175,0.5139249378001011,0.301253,0,False
66338,2026-04-22 00:00:00+00:00,3.53,plan_b,footfall_plan_b,0.9086579518404612,False,1.1164260899643192,False,6.180411945413404,False,0.4780057267669642,False,424.4645808055869,1.0,True,False,0.9086579518404612,0.3818333996458437,0.11608378150241601,0.08275101721731414,0.2743550079108365,0.6502546319490745,0.301056,1,False
66342,2026-04-26 23:00:00+00:00,312.18,plan_b,footfall_plan_b,1.722110517654901,False,0.0,False,0.7564260908431774,False,0.4932933590802567,False,303.23053589532776,89.0,False,False,1.722110517654901,0.7236598900501191,0.0,0.010127970274447855,0.3058913464972708,0.46453124578761484,0.300842,0,False
66331,2026-04-23 20:00:00+00:00,39.64,plan_b,footfall_plan_b,-1.3977611777953651,False,1.6601180244753868,False,8.357503390861421,False,0.4396419081557055,False,284.6448083380434,107.0,False,False,1.3977611777953651,0.5873628259451913,0.17261579584509923,0.11190061651216916,0.19521558668461808,0.43605901046156986,0.300631,0,False
66342,2026-04-22 13:00:00+00:00,102.1,plan_b,footfall_plan_b,-1.0369110511303776,False,4.58208251156585,False,8.829183647877226,False,0.41376954077339007,False,213.95822785895535,21.0,False,False,1.0369110511303776,0.43572751548755806,0.47643589654524404,0.11821605655307914,0.14184435685121344,0.32777135007319796,0.299999,0,False
66342,2026-04-23 18:00:00+00:00,1527.99,plan_b,footfall_plan_b,1.0098623310182726,False,1.3705580907534374,False,7.480035449753607,False,0.5232479020000502,False,303.23053589532776,383.0,False,False,1.0098623310182726,0.4243611870076777,0.14250792540012683,0.10015198788618573,0.3676835578980588,0.46453124578761484,0.299847,0,False
66342,2026-04-26 07:00:00+00:00,395.48,plan_b,footfall_plan_b,1.2495331034329977,False,1.412903144360738,False,0.23621040427878778,False,0.519226503152563,False,303.23053589532776,268.0,False,False,1.2495331034329977,0.525074888617288,0.14691088050377824,0.0031626777315205707,0.35938795050467687,0.46453124578761484,0.299814,0,False
66335,2026-04-22 20:00:00+00:00,131.48,plan_b,footfall_plan_b,-1.1081687730121428,False,5.097919442301422,True,0.9781128939674116,False,0.4663799805433182,False,152.31926126768684,4.0,False,False,1.1081687730121428,0.46567121227909797,0.5300716025688276,0.013096188028249665,0.25037265003386994,0.23334409902092582,0.298511,1,False
66330,2026-04-21 14:00:00+00:00,332.08,plan_b,footfall_plan_b,-0.9656456978392604,False,5.322810536470157,True,4.111080815454429,False,0.44945693079894256,False,170.76256714007988,94.0,False,False,0.9656456978392604,0.4057806118490731,0.5534553347047875,0.05504424662079443,0.21546266425473398,0.2615981527495456,0.298268,1,False
66340,2026-04-25 08:00:00+00:00,807.13,plan_b,footfall_plan_b,1.3096459542365946,False,1.2636218728347772,False,7.89910250662868,False,0.5160003003023801,False,229.19086676295044,95.0,False,False,1.3096459542365946,0.5503353225773385,0.13138890850581433,0.10576297717702317,0.35273272598417194,0.3511068519078427,0.298265,0,False
66335,2026-04-24 09:00:00+00:00,782.01,plan_b,footfall_plan_b,1.1631793919863567,False,0.8739470398922305,False,0.23752066884298675,False,0.5322281869567335,False,337.17117693788396,57.0,False,False,1.1631793919863567,0.48878760235415475,0.0908712884224833,0.0031802211778909585,0.3862086833846509,0.5165263003746348,0.297115,0,False
66331,2026-04-26 07:00:00+00:00,57.73,plan_b,footfall_plan_b,1.7896450620763855,False,0.9718765941102939,False,0.36314174951674694,False,0.4504179624422584,False,266.29487608786127,154.0,False,False,1.7896450620763855,0.7520390448660297,0.10105381020038441,0.004862191943190261,0.21744514386143762,0.40794799959939904,0.29667,0,False
66335,2026-04-22 18:00:00+00:00,296.97,plan_b,footfall_plan_b,-0.797136264602295,False,5.362844220842017,True,0.1710283740915423,False,0.4250119139297545,False,274.0258427063832,8.0,False,False,0.797136264602295,0.3349701053928859,0.5576179581969598,0.0022899399027279227,0.1650358674205693,0.41979138319479037,0.295941,1,False
66336,2026-04-20 10:00:00+00:00,1277.3,plan_b,footfall_plan_b,0.4652613935865687,False,0.7802332348711979,False,24.955129423039565,False,0.516132895821039,False,336.0638910981524,60.0,False,False,0.4652613935865687,0.19551068614685277,0.08112711192606226,0.3341302105402165,0.35300625278582304,0.5148300039609022,0.295721,0,False
66340,2026-04-26 14:00:00+00:00,2141.22,plan_b,footfall_plan_b,0.7025080522641048,False,1.4466165908506763,False,0.0009351281121597319,False,0.6104802601602337,False,316.6477433941975,222.0,False,False,0.7025080522641048,0.29520573427137076,0.1504163381343469,1.252065447953702e-05,0.5476322331576464,0.48508561408709366,0.29567,0,False
66342,2026-04-23 12:00:00+00:00,2474.41,plan_b,footfall_plan_b,0.7136383061472439,False,0.6190270715519042,False,16.111454776739322,True,0.5551142611563504,False,303.23053589532776,140.0,False,False,0.7136383061472439,0.29988285471092924,0.06436521321389783,0.21572013053520725,0.4334195902198335,0.46453124578761484,0.295584,1,False
66330,2026-04-26 10:00:00+00:00,345.24,plan_b,footfall_plan_b,0.15358543422242207,False,1.901322243932945,False,31.97663702852401,False,0.4774938513945324,False,335.47309403240257,101.0,False,False,0.15358543422242207,0.06453919031517708,0.19769573455368572,0.4281428591928914,0.2732990775529988,0.5139249378001011,0.29552,0,False
66340,2026-04-26 12:00:00+00:00,2918.57,plan_b,footfall_plan_b,0.7228579023290143,False,1.1047221520469177,False,0.004691010671414808,False,0.6216890229724242,False,316.6477433941975,234.0,False,False,0.7228579023290143,0.30375708455321127,0.11486682913616944,6.280906649352572e-05,0.5707544100870929,0.48508561408709366,0.294905,0,False
66331,2026-04-23 04:00:00+00:00,2.27,plan_b,footfall_plan_b,-1.3457548613456247,False,3.7437007154909505,True,0.3436934803484955,False,0.4879415221848042,False,143.33814905146377,30.0,False,False,1.3457548613456247,0.5655088944709323,0.3892626119848016,0.00460179440480558,0.2948512235445746,0.21958556631233145,0.294762,1,False
66342,2026-04-25 08:00:00+00:00,669.8,plan_b,footfall_plan_b,1.1618752830692838,False,1.1184535442971693,False,1.2520308185500322,False,0.5330578427973512,False,303.23053589532776,333.0,False,False,1.1618752830692838,0.48823959378799864,0.11629459220264625,0.016763740789047264,0.38792015230042187,0.46453124578761484,0.29475,0,False
66332,2026-04-23 12:00:00+00:00,3.08,plan_b,footfall_plan_b,-1.2062623138213548,False,3.9152281230370347,False,12.037595136201679,False,0.3998643749017283,False,185.87245943944058,5.0,False,False,1.2062623138213548,0.506891772881264,0.40709769330208956,0.16117424714870718,0.11315986143409339,0.284745614045995,0.294614,0,False
66336,2026-04-24 11:00:00+00:00,1434.07,plan_b,footfall_plan_b,0.16474626609889245,False,1.5430209772832137,False,7.96515351019736,False,0.594705730436756,True,403.8863452810605,118.0,True,False,0.16474626609889245,0.06922916014335793,0.16044027597591673,0.10664734989874586,0.5150914904051656,0.6187299922682644,0.294028,2,True
66342,2026-04-23 08:00:00+00:00,668.42,plan_b,footfall_plan_b,1.1570191596579482,False,1.06579804458009,False,2.0783951244843673,False,0.5286660132908009,False,303.23053589532776,37.0,False,False,1.1570191596579482,0.4861989688119069,0.11081957726076748,0.027828130592204948,0.37886039605471217,0.46453124578761484,0.293648,0,False
66336,2026-04-24 21:00:00+00:00,302.55,plan_b,footfall_plan_b,1.2564315783627804,False,1.1019147665263491,False,1.4274706362380867,False,0.4862192826099841,False,336.0638910981524,29.0,False,False,1.2564315783627804,0.5279737441541545,0.11457492273027997,0.019112746567679962,0.29129847389404445,0.5148300039609022,0.293558,0,False
66342,2026-04-26 09:00:00+00:00,1080.42,plan_b,footfall_plan_b,0.8686987306877165,False,1.0148580027722145,False,6.369479944394337,False,0.5602472628210741,False,303.23053589532776,631.0,False,False,0.8686987306877165,0.36504186083957624,0.10552293224673134,0.08528249398247138,0.444008285391597,0.46453124578761484,0.292877,0,False
66342,2026-04-23 15:00:00+00:00,1420.39,plan_b,footfall_plan_b,0.7204971370943183,False,1.7454915842253187,False,6.435225668937136,False,0.5527686919834973,False,303.23053589532776,229.0,False,False,0.7204971370943183,0.3027650511775017,0.18149277009819223,0.08616277925012955,0.4285809950667645,0.46453124578761484,0.292707,0,False
66340,2026-04-24 14:00:00+00:00,1128.46,plan_b,footfall_plan_b,-0.4316321227829122,False,2.8830864085057186,False,14.50052887122647,False,0.4918827627158985,False,316.6477433941975,104.0,False,False,0.4316321227829122,0.18137909925812062,0.29977763481706116,0.19415105738599103,0.3029814750637125,0.48508561408709366,0.292675,0,False
66342,2026-04-22 16:00:00+00:00,71.15,plan_b,footfall_plan_b,-1.0299498809718486,False,5.746424495922347,True,0.17031671819807873,False,0.41116044876838204,False,190.63014280569277,18.0,False,False,1.0299498809718486,0.4328023143579574,0.5975018781817434,0.0022804113713593118,0.1364621493787359,0.29203410355996356,0.292216,1,False
66333,2026-04-26 10:00:00+00:00,749.31,plan_b,footfall_plan_b,0.9385317449991258,False,1.139973664449219,False,0.29688682212233314,False,0.5903739417067108,False,285.7018719626486,208.0,False,False,0.9385317449991258,0.39438687147645446,0.11853221182484278,0.003975088836476506,0.5061555902424683,0.43767836941222693,0.292146,0,False
66333,2026-04-24 17:00:00+00:00,589.57,plan_b,footfall_plan_b,0.6480919325490339,False,1.4858687042072645,False,3.6902551789315914,False,0.5410897795405809,False,377.2126915828801,48.0,False,False,0.6480919325490339,0.2723391628136999,0.1544976954148274,0.04940971128545455,0.40448896239791954,0.5778675324716681,0.291721,0,False
66333,2026-04-26 02:00:00+00:00,40.27,plan_b,footfall_plan_b,2.116718943129319,False,0.6711413592117229,False,0.8018426379206374,False,0.4486616174601698,False,178.38584110436287,11.0,False,False,2.116718943129319,0.889481007141103,0.06978395399417626,0.010736063311344357,0.21382203932211855,0.2732765575683501,0.29142,0,False
66335,2026-04-25 09:00:00+00:00,771.34,plan_b,footfall_plan_b,1.120376508442094,False,0.8365126624493849,False,0.19635840479703595,False,0.5287772854687892,False,337.17117693788396,145.0,False,False,1.120376508442094,0.47080110864081903,0.0869789357349058,0.002629089756417035,0.3790899356595625,0.5165263003746348,0.291205,0,False
66333,2026-04-26 03:00:00+00:00,49.91,plan_b,footfall_plan_b,2.2103556143387935,False,0.4627786367472742,False,1.0470077937386835,False,0.4378233044589981,False,178.38584110436287,6.0,False,False,2.2103556143387935,0.9288287159538808,0.04811880932832145,0.014018638358019114,0.19146405075292,0.2732765575683501,0.291141,0,False
66330,2026-04-24 00:00:00+00:00,53.77,plan_b,footfall_plan_b,1.749812181733278,False,1.0043595753837395,False,1.7145271116664185,False,0.47264158712039195,False,214.77603192382182,11.0,False,False,1.749812181733278,0.7353005965992332,0.10443132648613715,0.022956214535561913,0.26328950602980755,0.32902417752984214,0.291,0,False
66332,2026-04-22 05:00:00+00:00,84.33,plan_b,footfall_plan_b,1.4698437527213402,False,1.6044490730546113,False,0.2167438748584725,False,0.47417546940810384,False,260.66708279718154,10.0,False,False,1.4698437527213402,0.6176531399004735,0.166827448142293,0.0029020357022433276,0.26645369981637296,0.3993265531456782,0.290633,0,False
66335,2026-04-21 14:00:00+00:00,266.43,plan_b,footfall_plan_b,-1.356343997120381,False,2.0160770450972625,False,4.320987870953079,False,0.4399190159980891,False,274.0258427063832,12.0,False,False,1.356343997120381,0.5699586279531487,0.20962771230345112,0.057854742509583064,0.1957872230612182,0.41979138319479037,0.290604,0,False
66336,2026-04-24 13:00:00+00:00,925.96,plan_b,footfall_plan_b,0.049380581848420646,False,2.583464932450352,False,21.029451582662816,False,0.5224667139721534,False,336.0638910981524,111.0,False,False,0.049380581848420646,0.020750553500887444,0.2686235850573013,0.2815683688008928,0.3660720715905288,0.5148300039609022,0.290369,0,False
66330,2026-04-24 09:00:00+00:00,308.71,plan_b,footfall_plan_b,0.8227456178574942,False,1.5403358574675916,False,19.789716080947187,False,0.4900466035384137,False,247.676685298809,136.0,False,False,0.8227456178574942,0.3457315876386066,0.16016108251672906,0.2649692529565972,0.299193724525691,0.3794260325223913,0.289896,0,False
66340,2026-04-26 11:00:00+00:00,2609.68,plan_b,footfall_plan_b,0.804580563469901,False,0.6496383348163705,False,0.006586534055010764,False,0.6081923497313723,False,326.0604187133,225.0,False,False,0.804580563469901,0.3380983253560088,0.06754811195502167,8.81886835056533e-05,0.5429125802734471,0.4995052759435973,0.28963,0,False
66331,2026-04-25 18:00:00+00:00,205.75,plan_b,footfall_plan_b,0.7908442210842147,False,3.0106330289560055,False,0.6171300702682495,False,0.5316917385191605,False,266.059080780759,448.0,False,False,0.7908442210842147,0.3323260825651959,0.3130396806907794,0.008262902460407805,0.38510206208353853,0.4075867751355248,0.289264,0,False
66333,2026-04-25 00:00:00+00:00,77.79,plan_b,footfall_plan_b,1.851567048817226,False,0.6758028464695803,False,0.5739975403477323,False,0.4717897201997332,False,214.5200105070562,39.0,False,False,1.851567048817226,0.778059708265486,0.070268646239531,0.007685390676791528,0.2615322186297751,0.3286319678622792,0.289236,0,False
66336,2026-04-21 12:00:00+00:00,1581.63,plan_b,footfall_plan_b,0.7621530217196524,False,0.7335091539229109,False,4.473888222011847,False,0.5751485884686683,False,336.0638910981524,61.0,False,False,0.7621530217196524,0.3202695565962128,0.07626883420176123,0.05990196196594749,0.4747477250496692,0.5148300039609022,0.289204,0,False
66336,2026-04-24 20:00:00+00:00,402.36,plan_b,footfall_plan_b,0.7807927293346177,False,0.7173034446178331,False,5.41657304390964,False,0.514898190689684,False,403.8863452810605,79.0,True,False,0.7807927293346177,0.3281022761719464,0.07458379653113276,0.07252379504379859,0.35045922141570274,0.6187299922682644,0.28888,1,False
66332,2026-04-23 18:00:00+00:00,3.09,plan_b,footfall_plan_b,-1.2562752188916158,False,6.1583725944299434,True,1.4784911963240766,False,0.402022455687708,False,88.8121686947739,1.0,False,False,1.2562752188916158,0.5279080392667206,0.6403354284609383,0.019795873078243063,0.1176116931480441,0.1360549894589914,0.288341,1,False
66330,2026-04-21 16:00:00+00:00,302.63,plan_b,footfall_plan_b,-0.8977096052283451,False,2.6906986652721483,False,8.06994401495364,False,0.49821024335563735,False,235.15937813964103,84.0,False,False,0.8977096052283451,0.3772327197101892,0.2797735369640788,0.10805041508920346,0.31603422043098617,0.3602502583168486,0.288268,0,False
66335,2026-04-21 08:00:00+00:00,120.12,plan_b,footfall_plan_b,-1.346239652927873,False,2.707650926256361,False,0.21378381846302774,False,0.492554530115157,False,186.77679000936172,2.0,False,False,1.346239652927873,0.5657126120718124,0.2815361996049404,0.002862402797526442,0.3043672412647954,0.2861309949905919,0.288122,0,False
66330,2026-04-25 08:00:00+00:00,177.81,plan_b,footfall_plan_b,1.4722250005885449,False,1.014614025940217,False,10.976471824490174,False,0.46144346954590565,False,214.77603192382182,109.0,False,False,1.4722250005885449,0.6186537804238879,0.10549756401724276,0.1469666127365226,0.2401892888004436,0.32902417752984214,0.288066,0,False
66335,2026-04-24 00:00:00+00:00,486.0,plan_b,footfall_plan_b,1.013466229260237,False,4.25635441720375,False,0.301007537044062,False,0.40327059130278853,False,291.49557301963404,5.0,False,False,1.013466229260237,0.42587560584363215,0.44256733213688554,0.004030262076455872,0.12018642980786959,0.4465539767509663,0.287843,0,False
66332,2026-04-20 13:00:00+00:00,1714.57,plan_b,footfall_plan_b,1.1356048445123457,False,0.6199431142383225,False,0.003623707908864931,False,0.5674041848371808,False,286.004938366057,101.0,False,False,1.1356048445123457,0.47720031234654364,0.06446046152456789,4.851869393261641e-05,0.45877205726360887,0.43814264921675244,0.287725,0,False
66340,2026-04-21 15:00:00+00:00,624.13,plan_b,footfall_plan_b,-0.8088720075294665,False,0.5540066378396195,False,13.027096912245959,False,0.529867910209726,False,316.6477433941975,52.0,False,False,0.8088720075294665,0.3399016625428291,0.05760451683811678,0.1744229236494329,0.3813397484753129,0.48508561408709366,0.287671,0,False
66332,2026-04-21 09:00:00+00:00,199.98,plan_b,footfall_plan_b,-0.7623193255347975,False,1.5899556968078552,False,14.762235385911044,False,0.4710530904243123,False,322.95354615970024,23.0,False,False,0.7623193255347975,0.3203394402647399,0.16532045548367955,0.19765510865212357,0.2600126500311555,0.49474573095395535,0.287615,0,False
66336,2026-04-23 23:00:00+00:00,15.14,plan_b,footfall_plan_b,-1.328056232611633,False,1.0457841081377144,False,2.802917528154109,False,0.45111927093973736,False,336.0638910981524,2.0,False,False,1.328056232611633,0.5580716321161797,0.10873856764816138,0.03752893475055855,0.21889184939286313,0.5148300039609022,0.287612,0,False
66332,2026-04-20 15:00:00+00:00,1142.55,plan_b,footfall_plan_b,1.0550917698389048,False,0.4797367811816881,False,0.32836062988936743,False,0.587823123006384,False,286.004938366057,109.0,False,False,1.0550917698389048,0.443367360182056,0.04988208371872362,0.0043964991941399835,0.5008935927952789,0.43814264921675244,0.287336,0,False
66342,2026-04-26 00:00:00+00:00,215.12,plan_b,footfall_plan_b,1.5490472985292747,False,1.961535348519126,False,0.07921748569109043,False,0.48508208194309005,False,190.30977346759514,115.0,False,False,1.5490472985292747,0.6509358059450435,0.20395657433447922,0.0010606619073669657,0.2889525811791401,0.2915433166829123,0.28729,0,False
66335,2026-04-21 11:00:00+00:00,312.83,plan_b,footfall_plan_b,-1.2671759321090568,False,1.8610309493011892,False,7.8824146077326676,False,0.42153933166626306,False,291.49557301963404,10.0,False,False,1.2671759321090568,0.532488702846398,0.19350632525509823,0.10553953889797939,0.157872395158387,0.4465539767509663,0.287192,0,False
66342,2026-04-23 04:00:00+00:00,171.06,plan_b,footfall_plan_b,1.6053598389492907,False,1.057981983580425,False,0.09253289889962704,False,0.4349401457019211,False,303.23053589532776,4.0,False,False,1.6053598389492907,0.6745992853739275,0.11000687866347504,0.0012389451670278332,0.18551648026598688,0.46453124578761484,0.287179,0,False
66330,2026-04-24 04:00:00+00:00,27.18,plan_b,footfall_plan_b,2.362205341891118,False,2.092188943584143,False,0.12195423280077067,False,0.43511074806052324,False,22.700713993374748,12.0,False,False,2.362205341891118,0.9926385330463959,0.2175416772968413,0.0016328744600447298,0.18586841008966823,0.034776151156659274,0.286492,0,False
66332,2026-04-20 10:00:00+00:00,1446.3,plan_b,footfall_plan_b,1.12918961994989,False,0.710885847961974,False,0.01688282266699533,False,0.5796142276025587,False,260.66708279718154,77.0,False,False,1.12918961994989,0.4745045267660483,0.07391650749635824,0.000226048160144112,0.48395974067413877,0.3993265531456782,0.286387,0,False
66340,2026-04-22 01:00:00+00:00,220.97,plan_b,footfall_plan_b,1.3301190434947319,False,2.047268262752314,False,0.61527498300324,False,0.42585374476609045,False,316.6477433941975,9.0,False,False,1.3301190434947319,0.5589384600471132,0.21287091355753415,0.008238064252281508,0.1667724517223848,0.48508561408709366,0.286381,0,False
66336,2026-04-26 11:00:00+00:00,1441.29,plan_b,footfall_plan_b,0.19124366064631976,False,3.181692488209103,False,0.04643650764338933,False,0.5392921011729511,False,403.8863452810605,189.0,True,False,0.19124366064631976,0.08036381232056997,0.3308261056680859,0.0006217495334371302,0.40078059261839605,0.6187299922682644,0.286264,1,False
66331,2026-04-25 17:00:00+00:00,174.72,plan_b,footfall_plan_b,0.02038034204462983,False,3.7319987546586235,True,0.5788198491452343,False,0.5439639222068151,False,401.161729637475,354.0,False,False,0.02038034204462983,0.008564163526092655,0.38804586519195916,0.007749957725372398,0.41041793389661707,0.6145560422553801,0.285867,1,False
66342,2026-04-23 11:00:00+00:00,2297.54,plan_b,footfall_plan_b,0.839510773493697,False,0.238552274060195,False,12.174911682870034,False,0.5378846648770109,False,319.35181496386514,161.0,False,False,0.839510773493697,0.3527765888507755,0.02480419465993774,0.16301281131205683,0.3978772399828794,0.4892280917938579,0.28554,0,False
66340,2026-04-22 22:00:00+00:00,400.3,plan_b,footfall_plan_b,1.5561934843616294,False,0.8920041832095323,False,5.984604902424748,False,0.502624927533556,False,179.5140679618003,12.0,False,False,1.5561934843616294,0.6539387537818419,0.09274883454778969,0.08012930977633194,0.3251411228036946,0.2750049343826079,0.285393,0,False
66331,2026-04-24 22:00:00+00:00,76.16,plan_b,footfall_plan_b,1.212789426694581,False,0.3970371525927046,False,4.021143400077304,False,0.44467531622103257,False,401.161729637475,105.0,False,False,1.212789426694581,0.5096345758174051,0.04128313955058677,0.053840053004885646,0.2055988335955099,0.6145560422553801,0.284983,0,False
66330,2026-04-22 16:00:00+00:00,339.09,plan_b,footfall_plan_b,-0.6120676086613609,False,5.1639536513928785,True,0.4570394700310902,False,0.4638440837137837,False,247.676685298809,161.0,False,False,0.6120676086613609,0.25720113421656693,0.5369377093077901,0.006119411034017261,0.24514143440822145,0.3794260325223913,0.284965,1,False
66330,2026-04-24 10:00:00+00:00,421.18,plan_b,footfall_plan_b,0.7032955414400018,False,1.1986952748751036,False,0.3233931571746618,False,0.5807635692981661,False,335.47309403240257,158.0,False,False,0.7032955414400018,0.29553665050735156,0.12463796898639946,0.004329988511070354,0.48633067870570473,0.5139249378001011,0.284952,0,False
66338,2026-04-21 21:00:00+00:00,7.74,plan_b,footfall_plan_b,1.1957409100114944,False,2.620342487490388,False,17.937085089485077,False,0.5434648139244139,False,,,False,False,1.1957409100114944,0.5024705015132772,0.27245804045035615,0.24016393246568996,0.4093883403361145,0.0,0.284896,0,False
66335,2026-04-22 16:00:00+00:00,405.7,plan_b,footfall_plan_b,-0.8252989758119075,False,4.767523658658539,True,0.32663615802103113,False,0.42097097095790004,False,274.0258427063832,18.0,False,False,0.8252989758119075,0.3468045517240159,0.4957177010410106,0.004373409826873231,0.15669994311539945,0.41979138319479037,0.284677,1,False
66333,2026-04-26 07:00:00+00:00,126.32,plan_b,footfall_plan_b,1.5493739463279521,False,1.4591683424503097,False,0.9526859502705716,False,0.5142163859473886,False,168.27191944239001,21.0,False,False,1.5493739463279521,0.6510730688603167,0.15172144449406214,0.012755740583285678,0.3490527495198442,0.25778262779125016,0.284477,0,False
66336,2026-04-20 13:00:00+00:00,1273.69,plan_b,footfall_plan_b,0.9322139867919308,False,1.4226005235819674,False,0.2776881902980234,False,0.5206065309822357,False,336.0638910981524,84.0,False,False,0.9322139867919308,0.39173204290261365,0.14791919485685756,0.0037180337523374405,0.3622347631440298,0.5148300039609022,0.284087,0,False
66332,2026-04-23 10:00:00+00:00,3.79,plan_b,footfall_plan_b,-1.2344875170205114,False,2.072233759976804,False,1.4815083809274026,False,0.42785344468730535,False,322.95354615970024,5.0,False,False,1.2344875170205114,0.5187524794005868,0.21546677668807016,0.019836270886231078,0.17089756491809308,0.49474573095395535,0.28394,0,False
66335,2026-04-24 10:00:00+00:00,1218.44,plan_b,footfall_plan_b,0.9723859618300715,False,0.8066770021687901,False,1.017095017954046,False,0.5368879832516025,False,337.17117693788396,67.0,False,False,0.9723859618300715,0.4086129844805006,0.08387668266134714,0.01361812903180678,0.39582121923632935,0.5165263003746348,0.283691,0,False
66331,2026-04-26 20:00:00+00:00,218.12,plan_b,footfall_plan_b,1.5690202857811653,False,0.007061510561851285,False,0.19714599098853636,False,0.4994267040537594,False,284.6448083380434,522.0,False,False,1.5690202857811653,0.6593287921155001,0.0007342419319178987,0.002639634936749446,0.3185436159781116,0.43605901046156986,0.283461,0,False
66333,2026-04-24 16:00:00+00:00,634.96,plan_b,footfall_plan_b,0.7018163777895676,False,0.9670600101308724,False,6.797674632098365,False,0.5159187611277071,False,377.2126915828801,77.0,False,False,0.7018163777895676,0.29491508098921343,0.10055299130401388,0.0910156953107185,0.3525645215841805,0.5778675324716681,0.283383,0,False
66340,2026-04-22 05:00:00+00:00,268.13,plan_b,footfall_plan_b,1.894463341892485,False,1.3635947604079903,False,1.281108717247769,False,0.43558359195446306,False,179.5140679618003,11.0,False,False,1.894463341892485,0.7960854542394853,0.14178389205334624,0.017153071745791247,0.1868438237333394,0.2750049343826079,0.283374,0,False
66331,2026-04-25 20:00:00+00:00,167.63,plan_b,footfall_plan_b,0.7297509217292881,False,1.9992127942270654,False,0.4457514914056445,False,0.48005567186291676,False,401.161729637475,453.0,False,False,0.7297509217292881,0.3066536475845481,0.20787420078055177,0.005968273582042699,0.2785837701746535,0.6145560422553801,0.282727,0,False
66332,2026-04-20 14:00:00+00:00,1380.03,plan_b,footfall_plan_b,1.1476812611860017,False,0.7301841021649303,False,0.010375912783370241,False,0.5469129200899238,False,286.004938366057,87.0,False,False,1.1476812611860017,0.48227502635163433,0.07592310188215019,0.00013892558375808853,0.4165013216852892,0.43814264921675244,0.282596,0,False
66336,2026-04-23 20:00:00+00:00,113.93,plan_b,footfall_plan_b,-1.2731052661233915,False,0.7966675516524551,False,12.280723995081729,False,0.4743075412784741,False,236.34768814596998,20.0,False,False,1.2731052661233915,0.534980309022015,0.08283591975089365,0.16442955772750115,0.26672614640171616,0.3620706789614647,0.282209,0,False
66336,2026-04-21 11:00:00+00:00,1543.85,plan_b,footfall_plan_b,0.5676387831925984,False,0.7337913291608058,False,7.9519463258545535,False,0.5747752016854886,False,336.0638910981524,66.0,False,False,0.5676387831925984,0.2385313922783068,0.07629817422610823,0.10647051574131483,0.47397747810908714,0.5148300039609022,0.282022,0,False
66332,2026-04-21 14:00:00+00:00,183.84,plan_b,footfall_plan_b,-0.8605384986878164,False,1.0905322026278432,False,18.63624706475288,False,0.46936876725179166,False,280.0153905362201,20.0,False,False,0.8605384986878164,0.36161279369708377,0.11339138620026777,0.24952517976830926,0.2565381168419053,0.42896701620577143,0.282007,0,False
66336,2026-04-25 21:00:00+00:00,296.35,plan_b,footfall_plan_b,1.1800837716632415,False,3.0690931148386853,False,0.4152085924553212,False,0.45131654756393114,False,239.77107502995202,11.0,False,False,1.1800837716632415,0.49589110785680873,0.31911824504646763,0.00555932738570047,0.21929880465501675,0.3673151051843505,0.281437,0,False
66336,2026-04-26 01:00:00+00:00,81.92,plan_b,footfall_plan_b,1.6474480237494584,False,1.4055301625969778,False,0.4003944749577014,False,0.4414160029846811,False,236.34768814596998,19.0,False,False,1.6474480237494584,0.692285450618638,0.14614425241099244,0.00536097761501656,0.19887530678152088,0.3620706789614647,0.280947,0,False
66335,2026-04-23 07:00:00+00:00,339.03,plan_b,footfall_plan_b,1.137379542659715,False,1.4305231176582691,False,2.4505140432151675,False,0.48978646795366104,False,291.49557301963404,16.0,False,False,1.137379542659715,0.47794607044570814,0.14874297055320942,0.032810520006171594,0.29865709964415144,0.4465539767509663,0.280942,0,False
66342,2026-04-25 10:00:00+00:00,2018.35,plan_b,footfall_plan_b,1.0491586564250408,False,0.8488301809953597,False,2.1137888231443656,False,0.5298040095121862,False,303.23053589532776,938.0,False,False,1.0491586564250408,0.44087416583900163,0.08825968700397421,0.028302025308781488,0.38120792989201446,0.46453124578761484,0.280635,0,False
66332,2026-04-21 17:00:00+00:00,172.95,plan_b,footfall_plan_b,-0.9270110809617201,False,1.9895957691918713,False,11.38579997298168,False,0.46837792092979613,False,260.66708279718154,18.0,False,False,0.9270110809617201,0.38954569410418777,0.2068742414971527,0.1524472054482251,0.25449413354500167,0.3993265531456782,0.280538,0,False
66342,2026-04-26 10:00:00+00:00,2105.43,plan_b,footfall_plan_b,1.1458912283227922,False,1.0320894354969228,False,1.0352704317844281,False,0.507483676600132,False,303.23053589532776,1031.0,False,False,1.1458912283227922,0.4815228243461903,0.10731462261420793,0.013861484004920818,0.3351640715854254,0.46453124578761484,0.280479,0,False
66342,2026-04-26 17:00:00+00:00,2061.23,plan_b,footfall_plan_b,1.038548388059009,False,0.9408227165236887,False,0.5454989145638084,False,0.5367820869337783,False,303.23053589532776,1412.0,False,False,1.038548388059009,0.4364155520854425,0.09782488929556978,0.00730381574396437,0.39560276931121846,0.46453124578761484,0.280336,0,False
66332,2026-04-23 11:00:00+00:00,2.06,plan_b,footfall_plan_b,-1.1760050637660575,False,3.6086522186220598,False,14.366574148752813,False,0.3970772700541379,False,150.28563375501113,2.0,False,False,1.1760050637660575,0.4941771659940983,0.3752205358064681,0.19235750549274153,0.10741043730168016,0.2302287019546577,0.279879,0,False
66335,2026-04-22 08:00:00+00:00,105.67,plan_b,footfall_plan_b,-1.4438275077729006,False,1.044639903948477,False,0.08543112348614719,False,0.5016868759845714,False,233.62514918441,4.0,False,False,1.4438275077729006,0.6067206749013384,0.10861959555471827,0.0011438577934506566,0.3232060480547692,0.35789991030261387,0.279518,0,False
66342,2026-04-25 17:00:00+00:00,1916.08,plan_b,footfall_plan_b,0.8852851942046362,False,1.3229931691276011,False,2.674611941522773,False,0.5327530790949272,False,303.23053589532776,1047.0,False,False,0.8852851942046362,0.3720117726088392,0.1375622187216224,0.03581102049141493,0.38729146558742816,0.46453124578761484,0.279442,0,False
66332,2026-04-21 15:00:00+00:00,112.99,plan_b,footfall_plan_b,-0.8941422670458428,False,0.4877332118918686,False,14.802379615950901,False,0.5068988346528318,False,286.004938366057,31.0,False,False,0.8941422670458428,0.37573366402795766,0.05071353680254529,0.19819260937222838,0.3339576209531994,0.43814264921675244,0.279348,0,False
66340,2026-04-25 22:00:00+00:00,357.27,plan_b,footfall_plan_b,1.243559815039621,False,0.9926709291418158,False,1.6830736294350446,False,0.4723723854238274,False,316.6477433941975,30.0,False,False,1.243559815039621,0.5225648120701247,0.10321596411812774,0.0225350763213682,0.2627341789734706,0.48508561408709366,0.279227,0,False
66335,2026-04-24 11:00:00+00:00,1413.76,plan_b,footfall_plan_b,0.7330911645415173,False,0.8341655120157468,False,2.128737404015732,False,0.5661900435462444,False,337.17117693788396,85.0,False,False,0.7330911645415173,0.3080572739612862,0.08673488366505454,0.028502175441812484,0.4562674463429597,0.5165263003746348,0.279218,0,False
66333,2026-04-26 09:00:00+00:00,444.01,plan_b,footfall_plan_b,0.7733101548385254,False,1.260905337864812,False,0.016858469684606203,False,0.5197032951702721,False,377.2126915828801,80.0,False,False,0.7733101548385254,0.3249579721440564,0.13110644856087775,0.00022572209222456642,0.360371508599066,0.5778675324716681,0.278906,0,False
66333,2026-04-24 22:00:00+00:00,170.72,plan_b,footfall_plan_b,0.9775262511844905,False,0.7912506196879855,False,0.07425560074767945,False,0.501129859345526,False,377.2126915828801,13.0,False,False,0.9775262511844905,0.41077302077951244,0.08227267785585961,0.000994226040306802,0.32205699730791554,0.5778675324716681,0.278793,0,False
66330,2026-04-24 17:00:00+00:00,306.18,plan_b,footfall_plan_b,-0.7408428247377783,False,0.5913071151514859,False,30.827390354836766,False,0.44912834856406547,False,256.6362374405389,168.0,False,False,0.7408428247377783,0.3113146523396326,0.061482946854334794,0.41275531996068693,0.21478484309837603,0.3931515364720778,0.278698,0,False
66333,2026-04-26 13:00:00+00:00,1111.31,plan_b,footfall_plan_b,0.9391152411341579,False,0.9259487919537301,False,0.012632939440561443,False,0.5699777605967754,False,285.7018719626486,153.0,False,False,0.9391152411341579,0.39463206639547566,0.09627832797334408,0.00016914545476648827,0.46408099947710296,0.43767836941222693,0.278568,0,False
66335,2026-04-24 02:00:00+00:00,509.41,plan_b,footfall_plan_b,1.1091595104721985,False,3.3812204536268107,False,0.7097470030651609,False,0.402642247900766,False,291.49557301963404,3.0,False,False,1.1091595104721985,0.466087536872707,0.35157262973212944,0.009502972777432504,0.11889024149900347,0.4465539767509663,0.278521,0,False
66331,2026-04-23 05:00:00+00:00,3.96,plan_b,footfall_plan_b,-1.686443164495656,False,3.771217950764568,True,0.041300958077350604,False,0.42628555080924024,False,80.54412515194262,59.0,False,False,1.686443164495656,0.7086718665748625,0.3921237998016819,0.0005529884291105779,0.16766320977447374,0.1233888357820957,0.27848,1,False
66330,2026-04-26 01:00:00+00:00,37.95,plan_b,footfall_plan_b,1.8342180869851104,False,1.6437262475390333,False,2.856014042364972,False,0.467009271426061,False,104.85234680300583,9.0,False,False,1.8342180869851104,0.7707693818414832,0.17091141122938605,0.03823985670858486,0.25167079286860294,0.16062759359093237,0.278444,0,False
66336,2026-04-24 09:00:00+00:00,947.56,plan_b,footfall_plan_b,1.182759889560288,False,0.7802332348711979,False,2.338885114473296,False,0.4734715548236949,False,336.0638910981524,89.0,False,False,1.182759889560288,0.49701565774096773,0.08112711192606226,0.031315893517540175,0.2650016182765424,0.5148300039609022,0.277858,0,False
66336,2026-04-22 17:00:00+00:00,1001.11,plan_b,footfall_plan_b,0.762844577146567,False,0.7336331370190005,False,11.111126674869306,False,0.5036865858098412,False,336.0638910981524,53.0,False,False,0.762844577146567,0.32056015985255093,0.07628172571940474,0.14876953881014585,0.3273311816812166,0.5148300039609022,0.277555,0,False
66332,2026-04-22 20:00:00+00:00,764.45,plan_b,footfall_plan_b,0.7514243817186838,False,0.38017004414842337,False,12.765554333103287,False,0.5662315236517784,False,262.95790827804694,50.0,False,False,0.7514243817186838,0.3157612010848251,0.039529330902773746,0.1709210673555725,0.456353014246865,0.4028359622867014,0.27708,0,False
66336,2026-04-23 19:00:00+00:00,175.19,plan_b,footfall_plan_b,-0.9159198600809959,False,0.9961505667459021,False,7.8365661432636236,False,0.47910806875973805,False,336.0638910981524,24.0,False,False,0.9159198600809959,0.3848849759906974,0.10357776996893266,0.10492566281557993,0.2766289918482926,0.5148300039609022,0.276969,0,False
66332,2026-04-26 10:00:00+00:00,225.1,plan_b,footfall_plan_b,-0.8718519809182177,False,2.737366367559967,False,0.1824759757402965,False,0.45965580570386894,False,322.95354615970024,73.0,False,False,0.8718519809182177,0.3663669097790673,0.28462595254653095,0.0024432145856292816,0.23650157764636404,0.49474573095395535,0.276937,0,False
66335,2026-04-22 14:00:00+00:00,516.53,plan_b,footfall_plan_b,-0.7030919934563479,False,3.209736044605625,False,0.45583405241587804,False,0.4903806835811376,False,291.49557301963404,21.0,False,False,0.7030919934563479,0.2954511162109398,0.3337420193166003,0.0061032714085826655,0.2998828869235301,0.4465539767509663,0.276347,0,False
66331,2026-04-23 06:00:00+00:00,10.86,plan_b,footfall_plan_b,-1.4904351739331023,False,2.7489005526556283,False,0.14048966594699,False,0.48060817377398546,False,122.42186682837497,118.0,False,False,1.4904351739331023,0.6263060024533202,0.28582525434939005,0.0018810498180888567,0.27972350764217263,0.18754305908380237,0.276256,0,False
66332,2026-04-20 07:00:00+00:00,451.58,plan_b,footfall_plan_b,1.2967526840384325,False,0.90149492394828,False,0.16487868668165573,False,0.5101369207042646,False,260.66708279718154,27.0,False,False,1.2967526840384325,0.54491735294163,0.09373566303927369,0.002207600263682619,0.3406373589268296,0.3993265531456782,0.276165,0,False
66335,2026-04-23 22:00:00+00:00,588.91,plan_b,footfall_plan_b,1.4151345685261392,False,1.2109540392148561,False,0.9506887283690134,False,0.4940182462177388,False,221.23892602589638,11.0,False,False,1.4151345685261392,0.5946634178045049,0.12591261110905974,0.012728999300435546,0.307386691606056,0.3389249490328363,0.275923,0,False
66340,2026-04-22 02:00:00+00:00,258.49,plan_b,footfall_plan_b,1.729647140086674,False,3.3208662461961347,False,1.3733852278552046,False,0.42698208040718977,False,77.08635069374797,15.0,False,False,1.729647140086674,0.7268269059323246,0.34529711835604004,0.018388584068508886,0.16910005707602155,0.11809172982944119,0.275541,0,False
66342,2026-04-26 21:00:00+00:00,545.2,plan_b,footfall_plan_b,1.138523187702287,False,0.9500428251947334,False,0.6972094454554766,False,0.5375468262749766,False,256.6362374405389,297.0,False,False,1.138523187702287,0.4784266493849106,0.09878357799876221,0.009335104412866288,0.3971803241804201,0.3931515364720778,0.275375,0,False
66340,2026-04-22 16:00:00+00:00,1882.17,plan_b,footfall_plan_b,0.7138940055860317,False,0.9062877624818985,False,6.661422668675123,False,0.5429069809663987,False,316.6477433941975,86.0,False,False,0.7138940055860317,0.29999030392853865,0.09423401293105264,0.08919138510765882,0.4082376056325237,0.48508561408709366,0.275348,0,False
66340,2026-04-22 23:00:00+00:00,288.09,plan_b,footfall_plan_b,1.9102647032541644,False,0.5180264625127243,False,4.609813307749735,False,0.45450103438515305,False,151.4478293988316,3.0,False,False,1.9102647032541644,0.8027254528391143,0.05386336921660302,0.06172189552531293,0.22586797459317462,0.23200911694049942,0.275238,0,False
66340,2026-04-21 10:00:00+00:00,772.71,plan_b,footfall_plan_b,-0.7134704154103554,False,0.8666778643566003,False,14.166944437771212,False,0.49498848912942545,False,316.6477433941975,35.0,False,False,0.7134704154103554,0.29981230419111554,0.09011545389643082,0.18968461543356266,0.30938817282610287,0.48508561408709366,0.274817,0,False
66332,2026-04-22 02:00:00+00:00,44.4,plan_b,footfall_plan_b,1.8770172169377748,False,2.7872713298790734,False,0.03482940716611241,False,0.4373419455770232,False,67.50634299923652,1.0,False,False,1.8770172169377748,0.7887542982323096,0.2898149720381147,0.0004663392824827352,0.1904710718290125,0.10341572467103421,0.274584,0,False
66336,2026-04-23 15:00:00+00:00,424.11,plan_b,footfall_plan_b,-0.6673907154134129,False,2.0572620670501447,False,0.17798769493934494,False,0.5692531830213516,False,269.7891120206489,59.0,False,False,0.6673907154134129,0.28044883692727285,0.2139100496050663,0.002383119917973461,0.46258629295339665,0.4133009623745398,0.274526,0,False
66331,2026-04-24 20:00:00+00:00,179.25,plan_b,footfall_plan_b,0.922904219615658,False,0.9166026426419647,False,5.679521328538036,False,0.4413949963251094,False,401.161729637475,242.0,False,False,0.922904219615658,0.3878199216873341,0.09530653381307808,0.07604447266540852,0.1988319728554265,0.6145560422553801,0.274512,0,False
66342,2026-04-23 23:00:00+00:00,271.22,plan_b,footfall_plan_b,1.3964455014482666,False,0.6149035341584782,False,1.5943452713872936,False,0.5148756909178555,False,228.01219280399457,73.0,False,False,1.3964455014482666,0.5868099565498058,0.0639364559337712,0.021347071063899506,0.35041280739893665,0.3493011931178579,0.274361,0,False
66336,2026-04-24 10:00:00+00:00,1334.78,plan_b,footfall_plan_b,0.6960167301290976,False,1.154000262644837,False,2.181461367882372,False,0.5459166295495761,False,336.0638910981524,133.0,False,False,0.6960167301290976,0.29247797120718827,0.1199906698229126,0.029208109233965485,0.41444610769485674,0.5148300039609022,0.274191,0,False
66330,2026-04-20 14:00:00+00:00,364.11,plan_b,footfall_plan_b,-0.7622339258099656,False,5.308244324859852,True,0.08200898617566557,False,0.44566823817355566,False,188.94041822566163,81.0,False,False,0.7622339258099656,0.3203035538597453,0.551940768768817,0.0010980379765839453,0.20764709864028372,0.28944554544564893,0.274087,1,False
66335,2026-04-22 10:00:00+00:00,225.45,plan_b,footfall_plan_b,-1.2970478885809051,False,1.0603115915466303,False,8.16991001422976,False,0.4221564325194843,False,291.49557301963404,9.0,False,False,1.2970478885809051,0.5450414028702252,0.11024910670218374,0.10938888381916949,0.15914539159435187,0.4465539767509663,0.274076,0,False
66330,2026-04-26 15:00:00+00:00,493.78,plan_b,footfall_plan_b,0.5070519718525367,False,2.5687462808455783,False,0.01118697678543078,False,0.5270918491670029,False,335.47309403240257,153.0,False,False,0.5070519718525367,0.21307179210552482,0.26709316871155525,0.0001497851141246143,0.3756131062336752,0.5139249378001011,0.273971,0,False
66331,2026-04-23 19:00:00+00:00,38.29,plan_b,footfall_plan_b,-1.1075528779291313,False,1.6321457880574846,False,8.85407859328897,False,0.44524336509223145,False,266.29487608786127,132.0,False,False,1.1075528779291313,0.46541240277559326,0.16970729790720757,0.1185493809454637,0.20677064236017997,0.40794799959939904,0.273678,0,False
66342,2026-04-23 10:00:00+00:00,1781.54,plan_b,footfall_plan_b,0.7860989371886313,False,0.8731325828032469,False,7.337130967638845,False,0.5313044961843796,False,303.23053589532776,120.0,False,False,0.7860989371886313,0.3303320342233911,0.0907866027817494,0.09823860551550315,0.38430323299513647,0.46453124578761484,0.273638,0,False
66330,2026-04-26 13:00:00+00:00,588.2,plan_b,footfall_plan_b,0.6045864597830564,False,2.9627088953152105,False,0.03303948850398629,False,0.5447009565744808,False,256.6362374405389,113.0,False,False,0.6045864597830564,0.25405742925732033,0.30805662385588545,0.0004423736324038418,0.41193833711486655,0.3931515364720778,0.273529,0,False
66332,2026-04-22 08:00:00+00:00,674.96,plan_b,footfall_plan_b,1.076609149059893,False,0.8623507197937759,False,4.887477482567008,False,0.5178882396875629,False,262.95790827804694,46.0,False,False,1.076609149059893,0.45240932591049915,0.08966552594466078,0.06543960772862117,0.3566272921577724,0.4028359622867014,0.273396,0,False
66335,2026-04-23 06:00:00+00:00,501.49,plan_b,footfall_plan_b,1.313767895143143,False,1.5000831474505527,False,5.519805507167493,False,0.4114554651806779,False,291.49557301963404,22.0,False,False,1.313767895143143,0.5520674316798878,0.15597568517023083,0.07390599924311186,0.13707072873726922,0.4465539767509663,0.273115,0,False
66340,2026-04-23 08:00:00+00:00,2.41,plan_b,footfall_plan_b,-1.5903340159875514,False,4.744097231706845,False,6.125095838593631,False,0.40353729656895476,False,,,False,False,1.5903340159875514,0.6682851810926228,0.49328186739999486,0.08201037660172623,0.12073660706254428,0.0,0.272863,0,False
66335,2026-04-24 14:00:00+00:00,1024.63,plan_b,footfall_plan_b,0.6240465233836979,False,1.2058721530652672,False,2.4340832368327554,False,0.5362377033746193,False,357.191934260382,93.0,False,False,0.6240465233836979,0.26223487625693886,0.12538420661662453,0.03259052400042729,0.3944797789167152,0.5471969164231515,0.272377,0,False
66338,2026-04-24 10:00:00+00:00,5.67,plan_b,footfall_plan_b,0.0,False,1.2684800633941675,False,8.178348056181768,False,0.5062128701651061,False,512.1666082269141,2.0,True,False,0.0,0.0,0.13189405357225703,0.109501862785785,0.33254256805947047,0.7846089506387723,0.271709,1,False
66342,2026-04-21 12:00:00+00:00,3.77,plan_b,footfall_plan_b,-1.14075440563426,False,3.1263831830511717,False,4.562635732749277,False,0.4439213929991387,False,188.4377231015709,7.0,False,False,1.14075440563426,0.4793642447986638,0.3250751532739073,0.06109022366336993,0.20404359093225274,0.28867544624849606,0.27165,0,False
66330,2026-04-20 15:00:00+00:00,361.89,plan_b,footfall_plan_b,-0.5928671822203434,False,5.575913471058873,True,0.07049144160932734,False,0.45422059216840377,False,197.57879638668936,89.0,False,False,0.5928671822203434,0.24913279113127926,0.5797724783299026,0.0009438268111910717,0.22528945984870072,0.30267902985340633,0.271564,1,False
66331,2026-04-26 05:00:00+00:00,22.13,plan_b,footfall_plan_b,1.4276495488057737,False,0.7334524634593972,False,0.7551576038196497,False,0.47281310857535386,False,266.059080780759,55.0,False,False,1.4276495488057737,0.5999224236350207,0.076262939639247,0.010110986197585183,0.2636433318262203,0.4075867751355248,0.271505,0,False
66340,2026-04-21 18:00:00+00:00,604.23,plan_b,footfall_plan_b,-0.6148025072215092,False,1.1174744869352533,False,11.77545711356951,False,0.5096895158528018,False,316.6477433941975,32.0,False,False,0.6148025072215092,0.25835038472694083,0.11619279175038111,0.1576644183192154,0.3397144226217303,0.48508561408709366,0.271402,0,False
66336,2026-04-24 07:00:00+00:00,289.81,plan_b,footfall_plan_b,1.0222509965059887,False,0.7966678312485312,False,4.762918329549138,False,0.4725236388555811,False,336.0638910981524,25.0,False,False,1.0222509965059887,0.42956711323180696,0.08283594882274185,0.0637718553672911,0.26304619455171,0.5148300039609022,0.27081,0,False
66338,2026-04-21 05:00:00+00:00,8.33,plan_b,footfall_plan_b,1.4880619493153682,False,2.7565338981735574,False,0.031895344863777673,False,0.5585471377934111,False,,,False,False,1.4880619493153682,0.6253087334346789,0.2866189545514913,0.00042705441891027415,0.440501155090914,0.0,0.270571,0,False
66342,2026-04-21 08:00:00+00:00,2.41,plan_b,footfall_plan_b,-1.1866234151127673,False,5.408654443795694,False,0.0,False,0.37679038769571066,False,147.43914951769605,2.0,False,False,1.1866234151127673,0.49863917635249116,0.5623812147705335,0.0,0.0655613152265605,0.2258680564643525,0.27049,0,False
66331,2026-04-25 19:00:00+00:00,183.71,plan_b,footfall_plan_b,0.8276039647745762,False,1.8263633059466076,False,0.7086116574852397,False,0.5369524245470576,False,266.29487608786127,408.0,False,False,0.8276039647745762,0.34777314696932166,0.18990165211770713,0.009487771363277355,0.3959541530007458,0.40794799959939904,0.270213,0,False
66338,2026-04-26 08:00:00+00:00,6.14,plan_b,footfall_plan_b,0.0,False,0.32738849000345377,False,0.1176233572900901,False,0.557339086319921,False,572.5208854780425,3.0,True,False,0.0,0.0,0.0340412090702587,0.0015748873295563916,0.43800910664828496,0.8770681336075867,0.270139,1,False
66340,2026-04-21 17:00:00+00:00,844.85,plan_b,footfall_plan_b,-0.6097482228434047,False,0.4483698702553585,False,16.120203884737087,False,0.5129370268788868,False,316.6477433941975,35.0,False,False,0.6097482228434047,0.2562264891698067,0.046620614225034024,0.2158372744396838,0.34641360305614893,0.48508561408709366,0.270037,0,False
66342,2026-04-26 04:00:00+00:00,158.67,plan_b,footfall_plan_b,1.4254886918539735,False,2.324074115938117,False,0.09716359741171053,False,0.44511038206018166,False,196.7878950421251,83.0,False,False,1.4254886918539735,0.5990143950920657,0.24165263987928065,0.0013009466995609498,0.20649631617028816,0.3014674157730475,0.269986,0,False
66340,2026-04-24 13:00:00+00:00,1573.24,plan_b,footfall_plan_b,-0.3710114556255068,False,1.7473778707783134,False,16.53997502468495,False,0.49261238930775636,False,316.6477433941975,98.0,False,False,0.3710114556255068,0.15590527229977214,0.18168890245127597,0.22145769086757833,0.30448659703230463,0.48508561408709366,0.269725,0,False
66336,2026-04-23 21:00:00+00:00,88.46,plan_b,footfall_plan_b,-1.3799074436217815,False,0.4564727577411885,False,10.12137928801003,False,0.45304210572199183,False,236.34768814596998,9.0,False,False,1.3799074436217815,0.5798603856682261,0.04746313647428906,0.13551757376733584,0.2228584000984439,0.3620706789614647,0.269554,0,False
66335,2026-04-25 10:00:00+00:00,1098.32,plan_b,footfall_plan_b,0.6978571205412702,False,0.985786114526234,False,2.3991036341692213,False,0.5400381391736708,False,337.17117693788396,125.0,False,False,0.6978571205412702,0.2932513343041954,0.10250009468198318,0.032122173714422,0.4023195691261307,0.5165263003746348,0.269344,0,False
66340,2026-04-20 08:00:00+00:00,736.23,plan_b,footfall_plan_b,1.0541426985838311,False,1.2636218728347772,False,0.4758361521631534,False,0.4780759834988366,False,316.6477433941975,33.0,False,False,1.0541426985838311,0.44296854443065375,0.13138890850581433,0.006371084317364186,0.27449993814194756,0.48508561408709366,0.268063,0,False
66342,2026-04-23 07:00:00+00:00,360.37,plan_b,footfall_plan_b,1.0296120558601476,False,1.1230117659820917,False,0.27575663924502286,False,0.5011160130884212,False,303.23053589532776,27.0,False,False,1.0296120558601476,0.4326603545472,0.11676854709752786,0.0036921717522224503,0.3220284343333972,0.46453124578761484,0.267936,0,False
66342,2026-04-22 17:00:00+00:00,77.31,plan_b,footfall_plan_b,-1.0562632933158935,False,5.460735580216907,True,5.14754352435896,False,0.4156726316210481,False,73.64398028435545,11.0,False,False,1.0562632933158935,0.44385965410968575,0.5677965085504476,0.06892169430991055,0.1457701784632563,0.11281822196844687,0.267833,1,False
66340,2026-04-24 15:00:00+00:00,1042.54,plan_b,footfall_plan_b,-0.14021997505682862,False,3.193474570103494,False,6.6331393714007705,False,0.5244285202438445,False,316.6477433941975,85.0,False,False,0.14021997505682862,0.05892279890992992,0.3320511832908381,0.08881269325986876,0.3701190152608868,0.48508561408709366,0.266998,0,False
66331,2026-04-23 10:00:00+00:00,54.08,plan_b,footfall_plan_b,-1.2106363357185341,False,0.9686959987553094,False,8.012808219828575,False,0.44664173591957845,False,266.059080780759,339.0,False,False,1.2106363357185341,0.508729810668467,0.10072309817246376,0.1072854102306474,0.2096552941477732,0.4075867751355248,0.266796,0,False
66331,2026-04-23 07:00:00+00:00,21.21,plan_b,footfall_plan_b,-1.2681337353384468,False,1.9061835094119324,False,0.3833658916547439,False,0.4357556960226116,False,266.059080780759,172.0,False,False,1.2681337353384468,0.532891187920709,0.19820119934419958,0.005132977830773173,0.18719885138274958,0.4075867751355248,0.266202,0,False
66338,2026-04-22 05:00:00+00:00,7.99,plan_b,footfall_plan_b,1.3817399007002202,False,0.7936849354234373,False,14.99147581337701,False,0.5708462785948154,False,,,False,False,1.3817399007002202,0.5806304150445697,0.08252579320176766,0.20072446369312832,0.46587263582034405,0.0,0.265951,0,False
66331,2026-04-24 21:00:00+00:00,126.23,plan_b,footfall_plan_b,1.321682029289765,False,0.36096311204751247,False,3.625500925312555,False,0.47319528126632837,False,275.7106181008524,162.0,False,False,1.321682029289765,0.5553930843529726,0.03753223200892298,0.048542701059688,0.2644317029182292,0.42237235944955404,0.265654,0,False
66342,2026-04-23 09:00:00+00:00,988.18,plan_b,footfall_plan_b,0.6927517447626732,False,0.8288841218735782,False,1.7440703194774356,False,0.5693229348816378,False,303.23053589532776,53.0,False,False,0.6927517447626732,0.29110596927870613,0.08618573514120365,0.023351775627575927,0.46273018170202285,0.46453124578761484,0.265581,0,False
66338,2026-04-22 19:00:00+00:00,0.84,plan_b,footfall_plan_b,0.09630672412401076,False,1.3015437062736783,False,14.230328588772498,False,0.43324802105763766,False,508.74209366314096,1.0,True,False,0.09630672412401076,0.04046971008897516,0.13533194590583883,0.19053328102691436,0.1820258536850367,0.7793627968771455,0.265545,1,False
66336,2026-04-24 14:00:00+00:00,992.47,plan_b,footfall_plan_b,0.324917589042785,False,2.475394983147716,False,0.16808043355976915,False,0.5466860617160011,False,336.0638910981524,120.0,False,False,0.324917589042785,0.1365358519976068,0.2573866850111681,0.0022504692202143703,0.416033343234174,0.5148300039609022,0.265407,0,False
66335,2026-04-23 15:00:00+00:00,721.37,plan_b,footfall_plan_b,0.481992381983498,False,1.7112655865255924,False,0.030121767765354787,False,0.5532373537175953,False,337.17117693788396,56.0,False,False,0.481992381983498,0.20254132970870686,0.17793401840437953,0.00040330756994549867,0.4295477814746354,0.5165263003746348,0.265391,0,False
66336,2026-04-24 22:00:00+00:00,155.58,plan_b,footfall_plan_b,1.4475597750494347,False,0.3944466316329142,False,1.2617279193376534,False,0.47174516460347826,False,260.15769419081494,23.0,False,False,1.4475597750494347,0.6082890365710948,0.04101378229373213,0.016893577596257175,0.2614403064002931,0.39854619992957874,0.265237,0,False
66340,2026-04-21 16:00:00+00:00,802.47,plan_b,footfall_plan_b,-0.6232043486262543,False,1.1026975389967992,False,14.336732266628402,False,0.529319227947316,False,244.7311530415017,59.0,False,False,0.6232043486262543,0.2618809802170932,0.11465631386691019,0.1919579453787419,0.3802078904315602,0.3749136513238603,0.264723,0,False
66333,2026-04-22 11:00:00+00:00,3.1,plan_b,footfall_plan_b,-0.9740023693796607,False,1.479122696320914,False,9.690725382466296,False,0.37027753133862684,False,377.2126915828801,3.0,False,False,0.9740023693796607,0.4092922262002508,0.15379625882844514,0.12975144538186473,0.05212616457453837,0.5778675324716681,0.264567,0,False
66332,2026-04-26 09:00:00+00:00,157.98,plan_b,footfall_plan_b,-0.8594199700828884,False,2.131914021907664,False,0.17716655270759082,False,0.4622937481620618,False,322.95354615970024,55.0,False,False,0.8594199700828884,0.3611427691086721,0.2216722125411595,0.002372125447773432,0.24194329974094683,0.49474573095395535,0.264375,0,False
66333,2026-04-22 13:00:00+00:00,3.31,plan_b,footfall_plan_b,-0.9708528228890982,False,3.4112169320879078,True,12.082810781820333,False,0.36322037597871454,False,234.19606339749765,2.0,False,False,0.9708528228890982,0.40796873363476094,0.3546916043627127,0.161779650267808,0.03756819795640142,0.3587745171091494,0.264157,1,False
66335,2026-04-24 07:00:00+00:00,365.88,plan_b,footfall_plan_b,1.379141191392942,False,1.0820518091075455,False,0.18463444877351973,False,0.43173139736665905,False,291.49557301963404,17.0,False,False,1.379141191392942,0.579538393555648,0.11250961161857898,0.0024721148985393164,0.17889726207276185,0.4465539767509663,0.263994,0,False
66331,2026-04-23 09:00:00+00:00,40.9,plan_b,footfall_plan_b,-1.3621905996975978,False,0.8842548030121524,False,6.850840307173918,False,0.45899193157049245,False,213.30395705229233,285.0,False,False,1.3621905996975978,0.5724154689832801,0.09194306928872041,0.09172754328014264,0.23513209419595868,0.326769045895605,0.263597,0,False
66332,2026-04-21 13:00:00+00:00,242.04,plan_b,footfall_plan_b,-0.8650182048249124,False,0.7434156277353139,False,19.29562005203861,False,0.4493845901000434,False,262.95790827804694,29.0,False,False,0.8650182048249124,0.3634952417847026,0.0772988897977704,0.2583536827719005,0.2153134350786712,0.4028359622867014,0.263459,0,False
66335,2026-04-26 05:00:00+00:00,557.94,plan_b,footfall_plan_b,1.0626271308225994,False,0.877221139241728,False,0.7825388874365095,False,0.4671350393512709,False,337.17117693788396,9.0,False,False,1.0626271308225994,0.4465338459824994,0.09121172281121781,0.010477600768268038,0.25193023525912167,0.5165263003746348,0.263336,0,False
66333,2026-04-24 19:00:00+00:00,343.49,plan_b,footfall_plan_b,0.4193827246818998,False,1.0961204304752217,False,3.9997179115380534,False,0.5362433846220126,False,377.2126915828801,51.0,False,False,0.4193827246818998,0.17623169553920603,0.11397243910314425,0.05355318200232786,0.39449149856941984,0.5778675324716681,0.263223,0,False
66331,2026-04-26 23:00:00+00:00,41.49,plan_b,footfall_plan_b,1.576604315564019,False,0.0,False,0.5529879245009183,False,0.46034005932582556,False,266.29487608786127,90.0,False,False,1.576604315564019,0.6625157293663512,0.0,0.007404087893413296,0.2379131012530808,0.40794799959939904,0.263156,0,False
66338,2026-04-20 22:00:00+00:00,8.84,plan_b,footfall_plan_b,1.0066853351373852,False,0.8784277887391975,False,0.08074085827632758,False,0.5650168899440632,False,226.01366425665876,2.0,False,False,1.0066853351373852,0.4230261597453256,0.09133718784457145,0.0010810587081211446,0.45384738753633125,0.3462395655904888,0.263106,0,False
66340,2026-04-21 11:00:00+00:00,1169.76,plan_b,footfall_plan_b,-0.6725462287527973,False,0.3133893155809544,False,16.884465181980044,False,0.48461833011574507,False,316.6477433941975,49.0,False,False,0.6725462287527973,0.28261527060158276,0.032585602541995315,0.22607015217101575,0.2879959232515084,0.48508561408709366,0.262871,0,False
66342,2026-04-23 14:00:00+00:00,1726.42,plan_b,footfall_plan_b,0.6029322984339553,False,1.0936134159777964,False,7.804548612788069,False,0.5155001178325204,False,319.35181496386514,658.0,False,False,0.6029322984339553,0.25336232275414095,0.11371176468344145,0.10449697242422101,0.35170091651876634,0.4892280917938579,0.2625,0,False
66332,2026-04-21 19:00:00+00:00,99.81,plan_b,footfall_plan_b,-0.7783411624823156,False,2.195127824233662,False,4.99243937817163,False,0.4841694429596737,False,262.95790827804694,7.0,False,False,0.7783411624823156,0.32707208642477303,0.22824505895088698,0.06684496771223616,0.28706992915046897,0.4028359622867014,0.262414,0,False
66336,2026-04-21 15:00:00+00:00,782.96,plan_b,footfall_plan_b,0.6095169756390076,False,0.7340001521155832,False,7.8408562606789545,False,0.5178134094788205,False,336.0638910981524,46.0,False,False,0.6095169756390076,0.25612931519357657,0.07631988722482169,0.10498310422615835,0.35647292745622583,0.5148300039609022,0.261747,0,False
66335,2026-04-23 08:00:00+00:00,477.4,plan_b,footfall_plan_b,1.0666453836832956,False,1.0833101793035564,False,3.8113070581225448,False,0.43162529752270806,False,337.17117693788396,21.0,False,False,1.0666453836832956,0.4482223836190529,0.11264045446809315,0.0510305039166889,0.17867839230050175,0.5165263003746348,0.26142,0,False
66333,2026-04-26 04:00:00+00:00,48.19,plan_b,footfall_plan_b,1.7788138153795767,False,0.7252172284175765,False,0.868148704806117,False,0.45071345962888415,False,164.33573742968701,5.0,False,False,1.7788138153795767,0.7474875722901627,0.07540665615231569,0.011623851136964078,0.2180547149930422,0.2517526297615039,0.260865,0,False
66330,2026-04-23 23:00:00+00:00,64.55,plan_b,footfall_plan_b,1.2303268274148913,False,1.7449344302830252,False,0.5720302179218588,False,0.4758431691599307,False,213.98811469387093,19.0,False,False,1.2303268274148913,0.5170040874410301,0.1814348383308484,0.007659049725189381,0.2698939411144577,0.3278171349365693,0.260762,0,False
66336,2026-04-24 05:00:00+00:00,104.29,plan_b,footfall_plan_b,1.5573695693195762,False,0.8549332952775479,False,3.348056522580301,False,0.45478914514033114,False,187.82690153173294,18.0,False,False,1.5573695693195762,0.6544329645207184,0.08889427678218376,0.044827931437513804,0.22646230850567914,0.2877397037318231,0.260471,0,False
66332,2026-04-21 08:00:00+00:00,157.98,plan_b,footfall_plan_b,-0.7438441703650543,False,2.131914021907664,False,7.888813055805909,False,0.47066777999746906,False,262.95790827804694,13.0,False,False,0.7438441703650543,0.31257586840234775,0.2216722125411595,0.10562520925318376,0.2592178062101639,0.4028359622867014,0.260385,0,False
66336,2026-04-22 02:00:00+00:00,20.65,plan_b,footfall_plan_b,-1.0521128509549507,False,1.591573515968588,False,0.3536754305782486,False,0.42818748374011173,False,336.0638910981524,2.0,False,False,1.0521128509549507,0.44211556821520476,0.165488673127152,0.004735445129485457,0.17158664275922053,0.5148300039609022,0.259751,0,False
66336,2026-04-20 07:00:00+00:00,287.75,plan_b,footfall_plan_b,0.9803437914750963,False,1.0523866796544121,False,0.3999494539710628,False,0.4695444345420854,False,336.0638910981524,14.0,False,False,0.9803437914750963,0.4119569987391199,0.10942509000390722,0.005355019122337972,0.25690049494151773,0.5148300039609022,0.259694,0,False
66335,2026-04-22 11:00:00+00:00,316.27,plan_b,footfall_plan_b,-1.2609258355429918,False,0.5819573222702463,False,11.105132985288899,True,0.4323089552525539,False,247.02839389465765,12.0,False,False,1.2609258355429918,0.5298623068355541,0.060510773842905666,0.14868928786343805,0.18008868666157857,0.378432888435782,0.259517,1,False
66333,2026-04-25 06:00:00+00:00,89.15,plan_b,footfall_plan_b,1.2340178171484388,False,1.3377960613731594,False,0.23210578198550066,False,0.49910605565715926,False,207.57582717533649,32.0,False,False,1.2340178171484388,0.5185551035909067,0.1391013942429434,0.003107719959601428,0.31788216126784974,0.31799388972632636,0.259328,0,False
66342,2026-04-23 13:00:00+00:00,2067.43,plan_b,footfall_plan_b,0.46034025879217877,False,0.9879841138199796,False,12.437645728500925,True,0.5240549156275343,False,303.23053589532776,468.0,False,False,0.46034025879217877,0.19344274229091513,0.1027286383106669,0.1665306204363679,0.3693483189597226,0.46453124578761484,0.259316,1,False
66332,2026-04-20 08:00:00+00:00,679.78,plan_b,footfall_plan_b,1.0935819236345925,False,0.8623507197937759,False,0.030571260928704574,False,0.5133794295673831,False,260.66708279718154,47.0,False,False,1.0935819236345925,0.4595415721029783,0.08966552594466078,0.0004093259416702228,0.3473262205687928,0.3993265531456782,0.259254,0,False
66332,2026-04-24 14:00:00+00:00,274.83,plan_b,footfall_plan_b,-0.7077802278855871,False,1.4052917961014049,False,0.6026891313345366,False,0.5141100056622473,False,322.95354615970024,74.0,False,False,0.7077802278855871,0.29742119140461115,0.14611946753321295,0.00806954926698116,0.34883330123495704,0.49474573095395535,0.259038,0,False
66335,2026-04-22 22:00:00+00:00,175.19,plan_b,footfall_plan_b,-1.0701815720647887,False,4.0920045998861685,False,2.8113581711489997,False,0.4780783116703668,False,69.67609481700799,1.0,False,False,1.0701815720647887,0.44970834962942985,0.4254785624861639,0.037641948543160796,0.2745047408480932,0.10673965612135242,0.258815,0,False
66340,2026-04-22 15:00:00+00:00,1427.79,plan_b,footfall_plan_b,0.4754397737782465,False,2.1128768199230157,False,0.27369739589882136,False,0.5299262698331401,False,316.6477433941975,112.0,False,False,0.4754397737782465,0.19978781320396416,0.21969276184982542,0.0036646000493810852,0.3814601365645896,0.48508561408709366,0.257938,0,False
66330,2026-04-24 16:00:00+00:00,318.25,plan_b,footfall_plan_b,-0.7753363746639924,False,0.8476302787526477,False,10.131826251300865,False,0.4539579185471027,False,335.47309403240257,188.0,False,False,0.7753363746639924,0.3258094238953131,0.08813492353685416,0.1356574506633719,0.22474759933758204,0.5139249378001011,0.257655,0,False
66342,2026-04-22 18:00:00+00:00,68.55,plan_b,footfall_plan_b,-1.0818684103687666,False,3.5209105511207954,False,4.643678559560071,False,0.4186386532076408,False,164.52881258835512,18.0,False,False,1.0818684103687666,0.4546193562317279,0.3660973303829904,0.062175325500592404,0.15188868387289586,0.25204840948474955,0.257366,0,False
66340,2026-04-21 13:00:00+00:00,1401.34,plan_b,footfall_plan_b,-0.5248219666828544,False,0.3516771497725027,False,11.739513952745314,False,0.5326778014905911,False,316.6477433941975,50.0,False,False,0.5248219666828544,0.22053904369783864,0.0365666959779562,0.1571831667219954,0.38713617796867406,0.48508561408709366,0.257302,0,False
66335,2026-04-26 21:00:00+00:00,409.25,plan_b,footfall_plan_b,0.7021309499038711,False,2.5932112072831783,False,0.2606138254271636,False,0.44204539005313453,False,337.17117693788396,22.0,False,False,0.7021309499038711,0.29504726949820625,0.26963698347957615,0.0034894209877058247,0.20017364803449653,0.5165263003746348,0.256975,0,False
66335,2026-04-20 13:00:00+00:00,633.8,plan_b,footfall_plan_b,-0.6512345946828071,False,1.0008859800484657,False,9.342757521097846,True,0.5075658970039685,False,291.49557301963404,17.0,False,False,0.6512345946828071,0.2736597624563337,0.1040701488985186,0.125092420264851,0.3353336812699705,0.4465539767509663,0.256942,1,False
66333,2026-04-24 15:00:00+00:00,543.43,plan_b,footfall_plan_b,0.47869969360517706,False,1.2511557309729258,False,0.5552546229954416,False,0.5218675477852582,False,377.2126915828801,94.0,False,False,0.47869969360517706,0.20115768650729968,0.13009270367767786,0.007434437262970443,0.3648360719699048,0.5778675324716681,0.256278,0,False
66335,2026-04-24 21:00:00+00:00,488.41,plan_b,footfall_plan_b,1.2625331075403952,False,1.0323636999765817,False,0.7480785889410552,False,0.40119597828780545,False,337.17117693788396,13.0,False,False,1.2625331075403952,0.530537709642167,0.1073431400935259,0.010016203570266153,0.11590678092990421,0.5165263003746348,0.256066,0,False
66335,2026-04-21 12:00:00+00:00,324.55,plan_b,footfall_plan_b,-1.2308855601440494,False,0.6044260880548153,False,6.7579470992150235,False,0.42395988936400036,False,291.49557301963404,17.0,False,False,1.2308855601440494,0.5172388763591657,0.06284703176576398,0.09048377384874047,0.1628656815980059,0.4465539767509663,0.255998,0,False
66342,2026-04-26 08:00:00+00:00,539.7,plan_b,footfall_plan_b,0.7040624890006213,False,1.1863120186640181,False,1.636703666582831,False,0.525936485909699,False,303.23053589532776,461.0,False,False,0.7040624890006213,0.29585893481007325,0.12335038244464995,0.02191421777209344,0.3732297465265621,0.46453124578761484,0.255777,0,False
66330,2026-04-22 17:00:00+00:00,361.22,plan_b,footfall_plan_b,-0.27483152103986597,False,1.917661460927628,False,16.28171509170965,False,0.5212867954063113,False,247.676685298809,183.0,False,False,0.27483152103986597,0.1154888413136511,0.1993946540903941,0.2179997867102282,0.3636380575696354,0.3794260325223913,0.255189,0,False
66335,2026-04-24 22:00:00+00:00,545.55,plan_b,footfall_plan_b,1.1546605574654638,False,1.2109540392148561,False,0.5266511887274852,False,0.4470812979834621,False,291.49557301963404,9.0,False,False,1.1546605574654638,0.4852078443830232,0.12591261110905974,0.007051459024223989,0.2105620518321749,0.4465539767509663,0.255058,0,False
66333,2026-04-24 08:00:00+00:00,185.86,plan_b,footfall_plan_b,0.3175684437851999,False,1.5020588747346533,False,0.004759335284878624,False,0.5424573840118083,False,377.2126915828801,13.0,False,False,0.3175684437851999,0.1334476171865747,0.15618111739401846,6.37238811232053e-05,0.4073101473121753,0.5778675324716681,0.254974,0,False
66335,2026-04-26 04:00:00+00:00,452.61,plan_b,footfall_plan_b,0.8740589980444035,False,2.214379842484741,False,0.1858015667383688,False,0.42173289425855115,False,337.17117693788396,3.0,False,False,0.8740589980444035,0.36729433560598185,0.2302468458136521,0.002487741720773316,0.1582716888699945,0.5165263003746348,0.254965,0,False
66331,2026-04-23 21:00:00+00:00,25.16,plan_b,footfall_plan_b,-1.395695608390674,False,1.0763369276795616,False,5.990056642249528,False,0.45832824725661714,False,171.0908249603592,73.0,False,False,1.395695608390674,0.5864948388369509,0.11191538952634938,0.08020230442783562,0.23376300231776911,0.2621010243147185,0.254895,0,False
66330,2026-04-22 10:00:00+00:00,187.61,plan_b,footfall_plan_b,-0.9874575497215745,False,0.8795253260045033,False,10.516754024748504,False,0.5028924076879621,False,196.21494828882336,138.0,False,False,0.9874575497215745,0.4149463199573073,0.09145130760336408,0.14081134090391273,0.3256928985490575,0.30058969523512286,0.254698,0,False
66331,2026-04-24 06:00:00+00:00,32.06,plan_b,footfall_plan_b,1.2171248678305453,False,0.9860792480499956,False,2.183108262746713,False,0.45243435754625244,False,266.29487608786127,98.0,False,False,1.2171248678305453,0.5114564013179212,0.10253057412726779,0.02923015990412758,0.22160469698388507,0.40794799959939904,0.254554,0,False
66332,2026-04-25 01:00:00+00:00,47.84,plan_b,footfall_plan_b,1.5182823473610412,False,1.403839475540999,False,0.5644396692157071,False,0.42069711673668314,False,212.1173577541787,1.0,False,False,1.5182823473610412,0.6380078544857385,0.14596845810758138,0.007557418048819043,0.15613501852363576,0.3249512459547913,0.254524,0,False
66342,2026-04-25 11:00:00+00:00,2174.68,plan_b,footfall_plan_b,0.7330284330787012,False,0.7255020411421426,False,1.0171331048764132,False,0.5440357720948278,False,303.23053589532776,982.0,False,False,0.7330284330787012,0.30803091314238473,0.07543627041732152,0.01361863898674124,0.4105661505955362,0.46453124578761484,0.254437,0,False
66330,2026-04-24 15:00:00+00:00,370.6,plan_b,footfall_plan_b,-0.5202286513842312,False,1.3990652475975498,False,27.389207520902236,False,0.4645047606694548,False,192.13223337579174,172.0,False,False,0.5202286513842312,0.2186088551240567,0.14547204330823912,0.3667206657337413,0.24650432250909374,0.2943352174690679,0.254328,0,False
66331,2026-04-23 03:00:00+00:00,0.42,plan_b,footfall_plan_b,-1.5110596235595446,False,2.722072819298986,False,0.4554280106973034,False,0.5131194738316912,False,0.0,5.0,False,False,1.5110596235595446,0.6349727441031766,0.2830357595810646,0.006097834818669002,0.3467899666917854,0.0,0.254179,0,False
66336,2026-04-23 13:00:00+00:00,759.77,plan_b,footfall_plan_b,-0.3725504668605259,False,2.2620115771095244,False,0.14764572295372347,False,0.47007690694731324,False,403.8863452810605,50.0,True,False,0.3725504668605259,0.1565519907825304,0.23519949957592767,0.0019768639809314716,0.257998914220257,0.6187299922682644,0.254091,1,False
66340,2026-04-24 12:00:00+00:00,1635.78,plan_b,footfall_plan_b,-0.42569567824150945,False,0.6012287334559097,False,17.58264012862227,False,0.4939555193000794,False,316.6477433941975,130.0,False,False,0.42569567824150945,0.17888450511908113,0.06251457714473575,0.23541818391073882,0.30725729437349236,0.48508561408709366,0.253832,0,False
66340,2026-04-25 07:00:00+00:00,311.84,plan_b,footfall_plan_b,0.8967546094623987,False,1.3269661894477762,False,1.3354490410718807,False,0.46532524687113835,False,316.6477433941975,39.0,False,False,0.8967546094623987,0.37683141437937673,0.13797532553352662,0.017880647368917885,0.24819687568747523,0.48508561408709366,0.253194,0,False
66340,2026-04-23 07:00:00+00:00,0.34,plan_b,footfall_plan_b,-1.7431090698895215,False,3.448530486702073,False,1.4790003541953323,False,0.4197287141769445,False,,,False,False,1.7431090698895215,0.7324838359267231,0.3585713941310149,0.01980269031504584,0.15413733370325108,0.0,0.252999,0,False
66336,2026-04-21 09:00:00+00:00,669.11,plan_b,footfall_plan_b,-0.5565430231918398,False,1.0113586285757106,False,7.0467829817885645,False,0.4979994107239026,False,336.0638910981524,27.0,False,False,0.5565430231918398,0.2338687667500069,0.10515907422399816,0.0943510667254813,0.3155993009403025,0.5148300039609022,0.252762,0,False
66332,2026-04-20 16:00:00+00:00,969.51,plan_b,footfall_plan_b,0.5550889807465338,False,0.5400320024283278,False,0.11726560478616815,False,0.621312070814811,True,262.95790827804694,83.0,False,False,0.5550889807465338,0.2332577535860369,0.056151461827809605,0.0015700972955144776,0.569976808256426,0.4028359622867014,0.252758,1,False
66332,2026-04-22 19:00:00+00:00,795.71,plan_b,footfall_plan_b,0.39215611460346156,False,0.337303896866297,False,12.659290365336046,False,0.5661321741896789,False,286.004938366057,46.0,False,False,0.39215611460346156,0.1647906146946209,0.03507219350722276,0.1694982736156159,0.4561480696085492,0.43814264921675244,0.25273,0,False
66332,2026-04-26 08:00:00+00:00,116.34,plan_b,footfall_plan_b,-0.8904720403423355,False,2.1214128662689666,False,0.1716397427815702,False,0.4745344311980626,False,260.66708279718154,40.0,False,False,0.8904720403423355,0.3741913728535585,0.2205803231024915,0.00229812566468707,0.26719418992731636,0.3993265531456782,0.252718,0,False
66335,2026-04-23 20:00:00+00:00,466.73,plan_b,footfall_plan_b,1.3072819937795226,False,1.0051261132867664,False,1.9230972493356568,False,0.41126138418307656,False,291.49557301963404,17.0,False,False,1.3072819937795226,0.5493419465152859,0.10451102958448658,0.02574881011102242,0.13667036562491033,0.4465539767509663,0.252565,0,False
66332,2026-04-22 01:00:00+00:00,48.53,plan_b,footfall_plan_b,1.5528163889798487,False,2.324505889377905,False,0.24882284318942477,False,0.4217489544517134,False,135.01268599847307,1.0,False,False,1.5528163889798487,0.6525196413337069,0.24169753482941972,0.003331548699777142,0.15830481889817338,0.20683144934206849,0.252537,0,False
66335,2026-04-23 19:00:00+00:00,392.71,plan_b,footfall_plan_b,1.1189456905355093,False,0.8542352390360963,False,0.13953477612466736,False,0.41933449035672876,False,357.191934260382,18.0,False,False,1.1189456905355093,0.4701998548197978,0.08882169427185238,0.001868264569334314,0.15332410274515484,0.5471969164231515,0.252282,0,False
66336,2026-04-26 09:00:00+00:00,741.05,plan_b,footfall_plan_b,-0.1071788589131973,False,2.250461732911547,False,14.545998216560648,False,0.47698421445571104,False,336.0638910981524,95.0,False,False,0.1071788589131973,0.04503836453100642,0.23399856957051388,0.1947598573514045,0.27224776478399343,0.5148300039609022,0.252175,0,False
66335,2026-04-25 21:00:00+00:00,221.32,plan_b,footfall_plan_b,-0.6282932224638894,False,1.9835092058283723,False,4.351914887936672,False,0.44910006682337567,False,337.17117693788396,29.0,False,False,0.6282932224638894,0.2640194108486167,0.20624137265080425,0.058268831754360456,0.2147265016540026,0.5165263003746348,0.251956,0,False
66336,2026-04-26 08:00:00+00:00,400.3,plan_b,footfall_plan_b,-0.415433579876452,False,1.9883624609435189,False,0.65191557095066,False,0.5167752356468033,False,336.0638910981524,110.0,False,False,0.415433579876452,0.17457219827326168,0.20674600453949485,0.008728653868454197,0.3543313138428736,0.5148300039609022,0.251842,0,False
66333,2026-04-24 10:00:00+00:00,545.89,plan_b,footfall_plan_b,0.4220057419403292,False,1.3037631670864946,False,1.5146995945986723,False,0.5133943067437594,False,377.2126915828801,50.0,False,False,0.4220057419403292,0.17733393163925576,0.13556272106091996,0.02028067600327398,0.3473569101917375,0.5778675324716681,0.25168,0,False
66340,2026-04-20 00:00:00+00:00,252.29,plan_b,footfall_plan_b,1.9156030574816552,False,0.0,False,0.6675224726723954,False,0.42710439990903415,False,179.5140679618003,5.0,False,False,1.9156030574816552,0.804968719338976,0.0,0.00893761841717537,0.16935238583085,0.2750049343826079,0.251653,0,False
66330,2026-04-24 11:00:00+00:00,438.83,plan_b,footfall_plan_b,0.6015552863323422,False,1.8174712270161246,False,1.504716368247777,False,0.5475818149392221,False,246.39559302926017,238.0,False,False,0.6015552863323422,0.2527836790400267,0.18897707129955246,0.020147008192302196,0.4178811622004128,0.3774634749383233,0.25145,0,False
66330,2026-04-22 11:00:00+00:00,276.92,plan_b,footfall_plan_b,-1.0056694069031291,False,0.8773015732634581,False,6.459097773405884,False,0.4538003001980843,False,281.587912390263,156.0,False,False,1.0056694069031291,0.4225992495634508,0.09122008618205607,0.08648240857991442,0.2244224537872304,0.43137602667607233,0.25122,0,False
66340,2026-04-21 12:00:00+00:00,1574.78,plan_b,footfall_plan_b,-0.4803123874572049,False,0.4435533686475236,False,14.272057746136884,False,0.5058887848162963,False,316.6477433941975,58.0,False,False,0.4803123874572049,0.20183536766868773,0.04611980389349849,0.19109200271893473,0.33187402337697697,0.48508561408709366,0.251201,0,False
66342,2026-04-26 03:00:00+00:00,145.25,plan_b,footfall_plan_b,1.7060385258959054,False,1.1236844574139182,False,0.0763674994257803,False,0.42065866597521967,False,172.986251428313,83.0,False,False,1.7060385258959054,0.7169061679922344,0.11683849222501336,0.001022502758010456,0.1560556997509463,0.2650047055546624,0.251166,0,False
66333,2026-04-23 15:00:00+00:00,195.44,plan_b,footfall_plan_b,-0.4170163272911381,False,3.31777430628837,True,6.427669184113124,False,0.519259024237739,False,189.28967509302626,35.0,False,False,0.4170163272911381,0.17523729543650793,0.3449756245465546,0.08606160366324359,0.35945503714911525,0.2899805863089239,0.251142,1,False
66333,2026-04-21 14:00:00+00:00,4.25,plan_b,footfall_plan_b,-0.9996042602171135,False,2.3404427898809215,True,4.922123688466677,False,0.3879835983330193,False,285.7018719626486,2.0,False,False,0.9996042602171135,0.4200505726121499,0.2433546222913197,0.06590349408542717,0.08865141010152153,0.43767836941222693,0.251128,1,False
66336,2026-04-21 13:00:00+00:00,1166.59,plan_b,footfall_plan_b,0.6603034307011418,False,0.8106816139349359,False,3.7253820096332597,False,0.5039305474457652,False,336.0638910981524,48.0,False,False,0.6603034307011418,0.2774706403347451,0.08429307428945584,0.049880032842958597,0.3278344418718682,0.5148300039609022,0.250862,0,False
66340,2026-04-26 18:00:00+00:00,434.24,plan_b,footfall_plan_b,-0.8951852878615125,False,0.9926709291418158,False,0.006508790167467362,False,0.4852087990404345,False,316.6477433941975,92.0,False,False,0.8951852878615125,0.3761719589695712,0.10321596411812774,8.714775195716334e-05,0.2892139815846869,0.48508561408709366,0.250755,0,False
66340,2026-04-20 10:00:00+00:00,1800.47,plan_b,footfall_plan_b,0.7627579151318351,False,0.8444576773404694,False,0.43962739357663083,False,0.5167885390653159,False,316.6477433941975,76.0,False,False,0.7627579151318351,0.3205237430120465,0.08780504270332998,0.0058862765680304996,0.35435875701405745,0.48508561408709366,0.250732,0,False
66330,2026-04-23 21:00:00+00:00,156.36,plan_b,footfall_plan_b,0.7915221414112621,False,0.6464118165711528,False,9.180367217256514,False,0.5371609312656334,False,217.4869159906928,57.0,False,False,0.7915221414112621,0.3326109561225573,0.06721262495560608,0.12291813755557765,0.39638427444400126,0.3331770915793825,0.250461,0,False
66336,2026-04-25 07:00:00+00:00,206.86,plan_b,footfall_plan_b,-0.6652260216068819,False,1.316810353032856,False,0.5569728104160286,False,0.49639661040982036,False,336.0638910981524,12.0,False,False,0.6652260216068819,0.27953919607323546,0.13691934170623937,0.007457442486259658,0.31229293849283635,0.5148300039609022,0.250208,0,False
66335,2026-04-22 21:00:00+00:00,167.28,plan_b,footfall_plan_b,-1.0108618505421834,False,4.46216191039053,True,1.4060798217720978,False,0.45969828638076976,False,69.67609481700799,2.0,False,False,1.0108618505421834,0.42478120197266456,0.46396678910534256,0.01882633982460177,0.2365892095950315,0.10673965612135242,0.250181,1,False
66332,2026-04-26 12:00:00+00:00,399.95,plan_b,footfall_plan_b,-0.7224641670371952,False,0.8491089847674427,False,0.19239512444148185,False,0.5202713162689635,False,322.95354615970024,100.0,False,False,0.7224641670371952,0.3035916303416113,0.08828867646995987,0.002576024445587247,0.3615432600727716,0.49474573095395535,0.250149,0,False
66336,2026-04-24 02:00:00+00:00,34.76,plan_b,footfall_plan_b,0.766528841184014,False,5.073390089751927,False,0.44203440105899644,False,0.407938960113879,False,173.0809872535989,2.0,False,False,0.766528841184014,0.32210834975146935,0.5275210889008405,0.0059185045682632765,0.12981664961273032,0.2651498352356519,0.250103,0,False
66332,2026-04-21 07:00:00+00:00,107.39,plan_b,footfall_plan_b,-0.6090319078403977,False,2.244926455196368,False,4.34672908282837,False,0.49203499634126713,False,260.66708279718154,15.0,False,False,0.6090319078403977,0.2559254815219218,0.23342302231788334,0.058199397766530374,0.30329551265014054,0.3993265531456782,0.250034,0,False
66335,2026-04-24 04:00:00+00:00,503.21,plan_b,footfall_plan_b,1.163005469748475,False,1.8622491860106034,False,0.7871159115048872,False,0.3986164925271638,False,291.49557301963404,3.0,False,False,1.163005469748475,0.48871451729587745,0.19363299510388182,0.01053888364080657,0.1105856471755458,0.4465539767509663,0.250005,0,False
66340,2026-04-23 19:00:00+00:00,3.44,plan_b,footfall_plan_b,-1.1448285978531987,False,4.405462359438809,False,11.174258439825294,False,0.422864792545574,False,,,False,False,1.1448285978531987,0.48107628909719996,0.458071281697257,0.1496148251462305,0.16060664348516537,0.0,0.249874,0,False
66336,2026-04-21 20:00:00+00:00,186.9,plan_b,footfall_plan_b,-0.7534889407461044,False,1.1904146942787206,False,2.6483190443699565,False,0.46965772182566573,False,336.0638910981524,24.0,False,False,0.7534889407461044,0.31662876361549225,0.12377697055819684,0.03545897858802684,0.2571341914393999,0.5148300039609022,0.249566,0,False
66333,2026-04-25 23:00:00+00:00,79.85,plan_b,footfall_plan_b,1.5619340527509342,False,0.5864660009867552,False,0.24888987818127947,False,0.4675510630525124,False,178.38584110436287,36.0,False,False,1.5619340527509342,0.6563510374575067,0.06097957735770756,0.003332446247353926,0.2527884364529668,0.2732765575683501,0.249346,0,False
66330,2026-04-21 13:00:00+00:00,341.15,plan_b,footfall_plan_b,-0.9855908698379757,False,0.947989940964853,False,6.029939346141236,False,0.47621732770576913,False,247.676685298809,94.0,False,False,0.9855908698379757,0.414161909580926,0.09857012314802613,0.08073630351164508,0.2706657800980725,0.3794260325223913,0.248712,0,False
66342,2026-04-25 18:00:00+00:00,1387.81,plan_b,footfall_plan_b,0.8089504639133315,False,0.7880360830319401,False,0.25895023531555805,False,0.5157910779318109,False,303.23053589532776,633.0,False,False,0.8089504639133315,0.3399346312388212,0.0819384366784398,0.0034671467808756167,0.35230112824667337,0.46453124578761484,0.248435,0,False
66335,2026-04-21 13:00:00+00:00,327.5,plan_b,footfall_plan_b,-1.2678576574395057,False,0.797289349601262,False,0.7305991811350863,False,0.4274420601092141,False,291.49557301963404,16.0,False,False,1.2678576574395057,0.5327751753303759,0.08290057307445603,0.00978216758867214,0.17004893361417017,0.4465539767509663,0.248412,0,False
66330,2026-04-26 00:00:00+00:00,46.37,plan_b,footfall_plan_b,1.3262001285773035,False,1.0839083362487862,False,0.2326582078694061,False,0.4642017588506169,False,210.04193898574997,15.0,False,False,1.3262001285773035,0.557291665890067,0.11270264964676048,0.003115116522198566,0.24587927032603796,0.32177182715654074,0.248152,0,False
66335,2026-04-25 11:00:00+00:00,1244.1,plan_b,footfall_plan_b,0.42483785541401914,False,0.3578753726536083,False,8.677678129495513,False,0.5350635562191358,False,337.17117693788396,145.0,False,False,0.42483785541401914,0.1785240334962323,0.037211174960578804,0.11618751284582231,0.39205767054265195,0.5165263003746348,0.248101,0,False
66335,2026-04-24 08:00:00+00:00,467.41,plan_b,footfall_plan_b,0.9991780708873221,False,1.1797233304785304,False,0.22165709995829555,False,0.43136348600060115,False,337.17117693788396,28.0,False,False,0.9991780708873221,0.41987148066632207,0.12266530365028376,0.0029678200509920746,0.1781383101845933,0.5165263003746348,0.248034,0,False
66330,2026-04-26 06:00:00+00:00,22.22,plan_b,footfall_plan_b,-1.1752419895047739,False,2.220017829640347,False,0.4147425825269517,False,0.4358917334217982,False,210.04193898574997,16.0,False,False,1.1752419895047739,0.49385650931709674,0.23083307259119515,0.005553087867049199,0.1874794783230925,0.32177182715654074,0.247899,0,False
66331,2026-04-25 22:00:00+00:00,67.32,plan_b,footfall_plan_b,0.8441510058091272,False,1.0763369276795616,False,0.2178172553429554,False,0.5064932369108064,False,284.6448083380434,266.0,False,False,0.8441510058091272,0.3547264927464697,0.11191538952634938,0.0029164074508802595,0.33312092711727526,0.43605901046156986,0.247748,0,False
66332,2026-04-26 14:00:00+00:00,279.37,plan_b,footfall_plan_b,-0.7001582633901248,False,1.636260069012991,False,0.20168770106441591,False,0.47135565539841134,False,333.42212677955376,86.0,False,False,0.7001582633901248,0.2942183133475958,0.17013509272118743,0.00270044498177631,0.26063680106200454,0.5107829772774829,0.247695,0,False
66332,2026-04-24 12:00:00+00:00,514.42,plan_b,footfall_plan_b,-0.5829213095211755,False,0.21267366115989483,False,0.670351276736636,False,0.5708642631885542,False,322.95354615970024,84.0,False,False,0.5829213095211755,0.24495336764472306,0.022113387563518078,0.008975493952963579,0.46590973562925253,0.49474573095395535,0.24734,0,False
66340,2026-04-22 08:00:00+00:00,665.33,plan_b,footfall_plan_b,0.7986394429310676,False,0.8549817313264779,False,1.3345266998404026,False,0.4940385959398732,False,316.6477433941975,36.0,False,False,0.7986394429310676,0.33560176628396887,0.08889931306696014,0.017868297921049298,0.3074286703581752,0.48508561408709366,0.246977,0,False
66331,2026-04-23 08:00:00+00:00,12.62,plan_b,footfall_plan_b,-1.425988246354122,False,2.0223111849344213,False,4.657833014286264,False,0.4428568097126998,False,105.02096949287498,127.0,False,False,1.425988246354122,0.5992243163200852,0.2102759258602799,0.06236484288828339,0.20184749815041603,0.16088591357827037,0.24692,0,False
66330,2026-04-20 10:00:00+00:00,245.14,plan_b,footfall_plan_b,-0.5710126923575062,False,0.865804897287649,False,21.65687113116254,False,0.5028129765292741,False,187.28537578705254,77.0,False,False,0.5710126923575062,0.239949165824363,0.09002468450345275,0.2899690395521217,0.32552904270379907,0.2869101183206451,0.246476,0,False
66331,2026-04-26 21:00:00+00:00,96.86,plan_b,footfall_plan_b,0.5320374144814689,False,0.5437048632457561,False,10.33302169170868,False,0.541607645770196,False,266.29487608786127,278.0,False,False,0.5320374144814689,0.22357109658124952,0.05653335864700052,0.13835130464920337,0.40555725109200486,0.40794799959939904,0.246392,0,False
66340,2026-04-22 18:00:00+00:00,1483.33,plan_b,footfall_plan_b,0.8351916245546359,False,1.1174744869352533,False,0.26876806878209236,False,0.47872693128055555,False,316.6477433941975,47.0,False,False,0.8351916245546359,0.35096160960623357,0.11619279175038111,0.0035986001068677178,0.2758427562596051,0.48508561408709366,0.246336,0,False
66335,2026-04-24 19:00:00+00:00,388.58,plan_b,footfall_plan_b,1.0780279846570635,False,0.8262828266843425,False,0.17779916421001815,False,0.4290024072246178,False,337.17117693788396,24.0,False,False,1.0780279846570635,0.4530055445629732,0.08591525760123486,0.002380595634840507,0.1732677207968624,0.5165263003746348,0.246219,0,False
66331,2026-04-26 22:00:00+00:00,79.36,plan_b,footfall_plan_b,1.3462331989608087,False,0.0,False,3.8991927156030894,False,0.4439199102886507,False,266.975752944227,137.0,False,False,1.3462331989608087,0.5657099000059791,0.0,0.05220722605423585,0.20404053229903757,0.4089910626714661,0.24619,0,False
66330,2026-04-24 12:00:00+00:00,376.87,plan_b,footfall_plan_b,-0.4092634719101563,False,2.7100155533498964,False,14.239979295861557,False,0.44740925848779467,False,244.9295557068464,228.0,False,False,0.4092634719101563,0.17197941482138002,0.2817820688633966,0.19066249665777188,0.21123859044166368,0.3752175924722279,0.246176,0,False
66340,2026-04-22 17:00:00+00:00,1993.38,plan_b,footfall_plan_b,0.8481938141706266,False,0.5537079376088737,False,0.27221436285134015,False,0.5037216098780193,False,316.6477433941975,56.0,False,False,0.8481938141706266,0.35642534901869105,0.057573458577626184,0.0036447433643688448,0.3274034316444617,0.48508561408709366,0.246027,0,False
66336,2026-04-22 18:00:00+00:00,807.9,plan_b,footfall_plan_b,1.1390034116653736,False,0.9888853369500146,False,0.06895783864836129,False,0.4672121626685675,False,257.0844248627809,34.0,False,False,1.1390034116653736,0.47862844759516704,0.10282234571311148,0.0009232930334836479,0.25208933033658903,0.3938381330939705,0.24566,0,False
66342,2026-04-26 02:00:00+00:00,150.41,plan_b,footfall_plan_b,1.4362333358780932,False,1.8322011218304148,False,0.1301156457205032,False,0.4232063987519543,False,175.18881697792813,52.0,False,False,1.4362333358780932,0.6035294757639557,0.19050865669203493,0.0017421495742285984,0.1613113313509423,0.2683789057013283,0.245094,0,False
66335,2026-04-21 00:00:00+00:00,52.66,plan_b,footfall_plan_b,-1.4076815573050583,False,1.2740061343185847,False,1.0047630689298324,False,0.5814408797123812,False,,,False,False,1.4076815573050583,0.5915315367634819,0.1324686435209543,0.01345301360988364,0.48772787940448364,0.0,0.245036,0,False
66333,2026-04-24 14:00:00+00:00,608.34,plan_b,footfall_plan_b,0.24718260189512894,False,0.9578814045307898,False,4.834966491912265,False,0.5283151510914935,False,377.2126915828801,87.0,False,False,0.24718260189512894,0.10387029907541447,0.09959861800823136,0.06473652548586006,0.37813661431482054,0.5778675324716681,0.244842,0,False
66332,2026-04-21 10:00:00+00:00,266.75,plan_b,footfall_plan_b,-0.8036048611375457,False,0.31336363086150865,False,14.910391691117422,False,0.4680378436690297,False,260.66708279718154,24.0,False,False,0.8036048611375457,0.33768831877668926,0.03258293189555764,0.19963880894124186,0.25379259968931406,0.3993265531456782,0.244606,0,False
66335,2026-04-23 21:00:00+00:00,503.9,plan_b,footfall_plan_b,1.3721923978611346,False,1.0323636999765817,False,0.6707307577724739,False,0.3981252385664686,False,274.0258427063832,9.0,False,False,1.3721923978611346,0.5766183932933788,0.1073431400935259,0.008980574915528474,0.10957225602909987,0.41979138319479037,0.244461,0,False
66332,2026-04-26 11:00:00+00:00,296.31,plan_b,footfall_plan_b,-0.8125072952117586,False,1.5767663080603669,False,0.1875923256918619,False,0.44995226424032053,False,322.95354615970024,91.0,False,False,0.8125072952117586,0.3414292717511222,0.1639490488717445,0.0025117186217147717,0.21648447082362282,0.49474573095395535,0.243824,0,False
66333,2026-04-24 12:00:00+00:00,797.09,plan_b,footfall_plan_b,0.4174553476559758,False,0.9878852259910091,False,2.3324149293291696,False,0.5635648767285936,False,298.9220375088999,100.0,False,False,0.4174553476559758,0.1754217791997108,0.10271835614937147,0.031229262657495618,0.45085207868427235,0.4579308810947525,0.24363,0,False
66342,2026-04-24 09:00:00+00:00,866.68,plan_b,footfall_plan_b,0.4609915670751979,False,0.924458190029147,False,1.0896361025666674,False,0.5615291262556408,False,303.23053589532776,293.0,False,False,0.4609915670751979,0.19371643301845345,0.09612333812701586,0.01458939900454646,0.44665259802717205,0.46453124578761484,0.243123,0,False
66336,2026-04-21 16:00:00+00:00,969.28,plan_b,footfall_plan_b,0.6098631350540109,False,0.7350408022333759,False,5.20787864902543,False,0.48961300479005626,False,336.0638910981524,48.0,False,False,0.6098631350540109,0.2562747772191742,0.07642809197028601,0.06972953575869764,0.2982992683627857,0.5148300039609022,0.243112,0,False
66338,2026-04-22 23:00:00+00:00,0.34,plan_b,footfall_plan_b,-0.9960842142723461,False,2.0140995087810936,False,0.8165907443257269,False,0.45650892191311754,False,226.01366425665876,1.0,False,False,0.9960842142723461,0.4185713899259942,0.20942209198007924,0.010933529243685005,0.2300099777253607,0.3462395655904888,0.243035,0,False
66336,2026-04-21 07:00:00+00:00,278.8,plan_b,footfall_plan_b,0.7982712259282588,False,1.0523866796544121,False,0.3095902456249437,False,0.46675314273113616,False,336.0638910981524,13.0,False,False,0.7982712259282588,0.3354470352878827,0.10942509000390722,0.004145178019247485,0.25114243366429184,0.5148300039609022,0.242998,0,False
66331,2026-04-22 13:00:00+00:00,164.82,plan_b,footfall_plan_b,-0.6230721768182018,False,1.6804820380118222,False,6.955708531904446,False,0.47752135481942254,False,266.975752944227,652.0,False,False,0.6230721768182018,0.2618254393937242,0.17473320578304807,0.0931316490819679,0.273355813436087,0.4089910626714661,0.242407,0,False
66333,2026-04-26 17:00:00+00:00,494.57,plan_b,footfall_plan_b,0.3810453521681458,False,0.6758028464695803,False,0.2931605181566075,False,0.5382980217962736,False,377.2126915828801,139.0,False,False,0.3810453521681458,0.16012168489024184,0.070268646239531,0.003925196459342399,0.3987299399625603,0.5778675324716681,0.242183,0,False
66333,2026-04-24 21:00:00+00:00,256.77,plan_b,footfall_plan_b,0.8057583483388524,False,0.5131070004144324,False,1.731625994880216,False,0.5184989137304514,False,285.7018719626486,28.0,False,False,0.8057583483388524,0.33859325042616556,0.05335185325646831,0.023185155582165103,0.3578870309445127,0.43767836941222693,0.242139,0,False
66336,2026-04-23 04:00:00+00:00,8.26,plan_b,footfall_plan_b,-1.7230201489194454,False,1.0562201523701067,False,0.6534533606386678,False,0.49452450588716806,False,38.48262612558195,1.0,False,False,1.7230201489194454,0.7240421324521822,0.10982368693130291,0.0087492437032537,0.30843103752049134,0.05895310708901148,0.242,0,False
66335,2026-04-23 11:00:00+00:00,1238.94,plan_b,footfall_plan_b,0.41546271056492184,False,0.8341655120157468,False,0.06102849519323956,False,0.5537890793229076,False,337.17117693788396,61.0,False,False,0.41546271056492184,0.1745844394799665,0.08673488366505454,0.0008171251529973439,0.4306859175273192,0.5165263003746348,0.24187,0,False
66340,2026-04-26 17:00:00+00:00,676.53,plan_b,footfall_plan_b,-0.8234133458007518,False,0.9128342497375572,False,0.004657250794431651,False,0.48213292374431477,False,316.6477433941975,89.0,False,False,0.8234133458007518,0.34601217818436275,0.09491470375602121,6.23570474070697e-05,0.28286886268071254,0.48508561408709366,0.241789,0,False
66330,2026-04-21 20:00:00+00:00,103.76,plan_b,footfall_plan_b,-1.0102106458546751,False,0.8606499962856008,False,8.027702766820232,False,0.5147558958331824,False,153.67101288508454,42.0,False,False,1.0102106458546751,0.42450755477770746,0.08948868807075788,0.10748483689110899,0.35016568617873595,0.2354149025466035,0.241412,0,False
66335,2026-04-25 19:00:00+00:00,349.69,plan_b,footfall_plan_b,0.6927278438307316,False,0.9991267757412201,False,0.40020403024679096,False,0.5031019133806264,False,313.4843335260183,59.0,False,False,0.6927278438307316,0.29109592570391596,0.10388723030654361,0.005358427705125328,0.326125080742104,0.4802394572755337,0.241341,0,False
66340,2026-04-20 07:00:00+00:00,353.49,plan_b,footfall_plan_b,1.2497251463645096,False,1.181053783173167,False,0.38232207723411143,False,0.480006408011966,False,179.5140679618003,29.0,False,False,1.2497251463645096,0.5251555882967093,0.12280364149574599,0.005119001949253246,0.27848214544612676,0.2750049343826079,0.241313,0,False
66342,2026-04-23 19:00:00+00:00,716.55,plan_b,footfall_plan_b,0.5994967090966083,False,0.9534209624079217,False,1.109416924516854,False,0.526956186827454,False,303.23053589532776,187.0,False,False,0.5994967090966083,0.251918630159134,0.0991348300392385,0.014854249171854041,0.37533325299114784,0.46453124578761484,0.241154,0,False
66336,2026-04-24 23:00:00+00:00,100.16,plan_b,footfall_plan_b,1.275215682926351,False,0.5141188714558241,False,0.5390166061832595,False,0.448933922420044,False,257.0844248627809,13.0,False,False,1.275215682926351,0.535867141763545,0.053457065610365645,0.0072170225630009514,0.21438376799516431,0.3938381330939705,0.240953,0,False
66333,2026-04-24 13:00:00+00:00,750.02,plan_b,footfall_plan_b,0.3163243008354556,False,0.6738510932338556,False,0.05766744837914589,False,0.5498293408862808,False,377.2126915828801,86.0,False,False,0.3163243008354556,0.13292480733146467,0.07006570678997931,0.00077212329143249,0.4225175073057703,0.5778675324716681,0.24083,0,False
66335,2026-04-22 09:00:00+00:00,155.23,plan_b,footfall_plan_b,-1.3511590661085828,False,1.125244010973239,False,3.029333902676839,False,0.4638251114809415,False,152.31926126768684,10.0,False,False,1.3511590661085828,0.5677798324766395,0.1170006515262415,0.04056047786967324,0.2451022972320786,0.23334409902092582,0.240757,0,False
66340,2026-04-23 23:00:00+00:00,1.03,plan_b,footfall_plan_b,-1.546743924589943,False,4.163522327399977,False,0.1242249509212545,False,0.402278112555337,False,,,False,False,1.546743924589943,0.649967889359788,0.4329148346486387,0.0016632776493375198,0.11813907903581729,0.0,0.240537,0,False
66340,2026-04-23 20:00:00+00:00,1.38,plan_b,footfall_plan_b,-1.520452481022315,False,2.8703119070620096,False,8.24413841722874,False,0.41987016998704335,False,,,False,False,1.520452481022315,0.6389197812585046,0.29844936736816874,0.11038274570229861,0.15442913809982964,0.0,0.240436,0,False
66332,2026-04-24 13:00:00+00:00,386.75,plan_b,footfall_plan_b,-0.6684108953170622,False,0.8299191985773431,False,4.848370542224916,False,0.4781698429638103,False,322.95354615970024,62.0,False,False,0.6684108953170622,0.2808775337323487,0.08629336037407681,0.0649159955289576,0.27469355765125364,0.49474573095395535,0.240305,0,False
66331,2026-04-24 16:00:00+00:00,191.89,plan_b,footfall_plan_b,0.3518236757259715,False,2.133676464675643,False,0.6713144435273126,False,0.4448367769043495,False,401.161729637475,267.0,False,False,0.3518236757259715,0.1478422435045516,0.22185546786189025,0.008988390024031718,0.2059319053670655,0.6145560422553801,0.239835,0,False
66332,2026-04-23 09:00:00+00:00,2.07,plan_b,footfall_plan_b,-1.2198714341660515,False,1.9114645667420298,False,8.067218134977912,False,0.39217090709121877,False,184.10996207850152,1.0,False,False,1.2198714341660515,0.5126105548243259,0.1987503132629081,0.10801391762871118,0.09728926742686424,0.28204557233562777,0.239742,0,False
66332,2026-04-26 16:00:00+00:00,152.5,plan_b,footfall_plan_b,-0.8171382188238412,False,1.8223354395928848,False,0.003560491812771471,False,0.4724602261990304,False,262.95790827804694,48.0,False,False,0.8171382188238412,0.34337526397263984,0.18948284252347647,4.767227846671475e-05,0.26291538273162796,0.4028359622867014,0.239731,0,False
66340,2026-04-26 16:00:00+00:00,777.69,plan_b,footfall_plan_b,-0.6538918518376837,False,1.059487736910407,False,0.00279936187056474,False,0.5040865686588464,False,316.6477433941975,117.0,False,False,0.6538918518376837,0.2747763867384683,0.11016344392303445,3.7481327198667915e-05,0.32815629274462355,0.48508561408709366,0.239644,0,False
66330,2026-04-22 14:00:00+00:00,350.04,plan_b,footfall_plan_b,-0.8515877700950787,False,2.577218861821749,False,0.4582569161422614,False,0.45147740903202116,False,225.68032905314263,163.0,False,False,0.8515877700950787,0.3578515465512795,0.2679741309603242,0.006135711711867942,0.21963064032578877,0.34572891577450965,0.239464,0,False
66340,2026-04-24 19:00:00+00:00,887.25,plan_b,footfall_plan_b,0.45768484561064376,False,0.9950611971029326,False,4.939780907774533,False,0.5138686790269961,False,316.6477433941975,34.0,False,False,0.45768484561064376,0.1923268928774849,0.10346449946339129,0.06613991082784815,0.34833547669789056,0.48508561408709366,0.23907,0,False
66340,2026-04-24 11:00:00+00:00,1454.72,plan_b,footfall_plan_b,-0.38022300891295885,False,0.5690762642636724,False,15.678449790140503,False,0.48101776993895967,False,316.6477433941975,112.0,False,False,0.38022300891295885,0.15977612238218492,0.05917142685290218,0.2099225229618459,0.2805684496892874,0.48508561408709366,0.238905,0,False
66342,2026-04-21 07:00:00+00:00,1.38,plan_b,footfall_plan_b,-1.2190195837917308,False,5.061887906698966,False,0.3308802411135208,False,0.3751369723409585,False,57.66600077549006,1.0,False,False,1.2190195837917308,0.5122525929270492,0.5263251146072235,0.0044302348728669635,0.06215054072708906,0.08834090241186925,0.2387,0,False
66335,2026-04-23 12:00:00+00:00,1235.83,plan_b,footfall_plan_b,0.2563216118323889,False,1.851922808142074,False,0.06065784056213979,False,0.5269283465866885,False,337.17117693788396,72.0,False,False,0.2563216118323889,0.10771066521833222,0.1925592787128218,0.0008121623692815147,0.37527582230200535,0.5165263003746348,0.238577,0,False
66335,2026-04-20 12:00:00+00:00,595.64,plan_b,footfall_plan_b,-0.7884672120500578,False,0.9961128563004891,False,0.11664867258673138,False,0.49503819914401387,False,291.49557301963404,22.0,False,False,0.7884672120500578,0.3313272232709338,0.10357384891124238,0.0015618370423940695,0.30949071793047683,0.4465539767509663,0.238502,0,False
66340,2026-04-23 21:00:00+00:00,1.38,plan_b,footfall_plan_b,-1.4793898812111275,False,4.122683145968771,False,1.308675657890098,False,0.4044774072096446,False,,,False,False,1.4793898812111275,0.6216645841269051,0.42866845716193097,0.017522172122897167,0.12267592944196373,0.0,0.238106,0,False
66342,2026-04-24 16:00:00+00:00,1054.93,plan_b,footfall_plan_b,0.22940219231565112,False,0.8122870101980435,False,6.059805249673397,False,0.5697542956957604,False,303.23053589532776,480.0,False,False,0.22940219231565112,0.09639867102981567,0.08446000022455051,0.08113618525403195,0.46362002130624097,0.46453124578761484,0.238029,0,False
66340,2026-04-22 09:00:00+00:00,1141.69,plan_b,footfall_plan_b,0.7025513874752888,False,0.8187291610274811,False,0.24228459671078587,False,0.5005306990590772,False,316.6477433941975,52.0,False,False,0.7025513874752888,0.2952239444581382,0.08512984235383463,0.0032440065502079033,0.3208210098591224,0.48508561408709366,0.237901,0,False
66332,2026-04-26 15:00:00+00:00,195.87,plan_b,footfall_plan_b,-0.7372281319036385,False,1.9385782135930565,False,0.1949930339385936,False,0.47631030931740836,False,262.95790827804694,91.0,False,False,0.7372281319036385,0.3097956974339506,0.2015695367521127,0.0026108084786619448,0.2708575887134863,0.4028359622867014,0.237534,0,False
66332,2026-04-24 17:00:00+00:00,322.89,plan_b,footfall_plan_b,-0.6677142961852995,False,1.0246397847044795,False,1.6422709479650976,False,0.4822588216978213,False,322.95354615970024,48.0,False,False,0.6677142961852995,0.28058481102615046,0.10654002262713048,0.021988759437210032,0.2831285733021977,0.49474573095395535,0.237398,0,False
66333,2026-04-22 12:00:00+00:00,2.4,plan_b,footfall_plan_b,-0.9682327615655584,False,2.005840353213421,False,10.889004526166488,False,0.3561779628726352,False,261.78018391964736,5.0,False,False,0.9682327615655584,0.4068677396684159,0.20856332128407837,0.14579549211002346,0.02304064263406725,0.40103175822860276,0.23706,0,False
66340,2026-04-20 04:00:00+00:00,227.17,plan_b,footfall_plan_b,1.6889727771390655,False,1.8262342158536071,False,0.43387398199609717,False,0.42321949916481827,False,77.08635069374797,3.0,False,False,1.6889727771390655,0.7097348524800249,0.18988822958460377,0.005809242761066814,0.16133835574865368,0.11809172982944119,0.236972,0,False
66335,2026-04-25 14:00:00+00:00,763.99,plan_b,footfall_plan_b,-0.05673557271783635,False,0.9509023114221823,False,11.224881617902096,True,0.5704571702912536,False,291.49557301963404,82.0,False,False,0.05673557271783635,0.023841244736621244,0.09887294568044609,0.15029263101380497,0.4650699574881835,0.4465539767509663,0.236926,1,False
66332,2026-04-25 04:00:00+00:00,46.81,plan_b,footfall_plan_b,1.1103192465813265,False,1.4906694479132954,False,0.27379303437572317,False,0.42084211278549527,False,260.66708279718154,2.0,False,False,1.1103192465813265,0.4665748775495188,0.1549968672708325,0.00366588057587651,0.15643412595867387,0.3993265531456782,0.2362,0,False
66331,2026-04-26 04:00:00+00:00,8.84,plan_b,footfall_plan_b,0.43836926875772747,False,2.0436699840896493,False,1.2736240316897973,False,0.41890144869875157,False,401.161729637475,27.0,False,False,0.43836926875772747,0.18421016164662837,0.2124967716436033,0.017052857496491318,0.15243079578511465,0.6145560422553801,0.236149,0,False
66332,2026-04-21 18:00:00+00:00,126.34,plan_b,footfall_plan_b,-0.9506981106848037,False,0.2692128492877065,False,6.271959621864166,False,0.4735749996144993,False,262.95790827804694,11.0,False,False,0.9506981106848037,0.39949938357375964,0.02799222076165898,0.08397677100477877,0.2652150110296486,0.4028359622867014,0.235904,0,False
66332,2026-04-21 16:00:00+00:00,172.03,plan_b,footfall_plan_b,-0.784336175755079,False,0.33239265779928223,False,10.72609365052885,False,0.47536394614052124,False,262.95790827804694,25.0,False,False,0.784336175755079,0.32959129213273464,0.03456153256165161,0.14361423934016845,0.2689053681890499,0.4028359622867014,0.235902,0,False
66331,2026-04-25 12:00:00+00:00,236.81,plan_b,footfall_plan_b,-0.15790506179332872,False,0.6842391879560584,False,6.16466602743886,False,0.5121196835820723,False,401.161729637475,831.0,False,False,0.15790506179332872,0.06635437068889463,0.0711458403776825,0.08254019134665662,0.34472753326970584,0.6145560422553801,0.235865,0,False
66335,2026-04-24 23:00:00+00:00,491.85,plan_b,footfall_plan_b,1.0511184495849408,False,0.9909398031561616,False,0.35064485113929644,False,0.399903014985739,False,337.17117693788396,9.0,False,False,1.0511184495849408,0.44169770398482605,0.10303596505461764,0.0046948679748319904,0.11323957075384913,0.5165263003746348,0.235839,0,False
66335,2026-04-21 19:00:00+00:00,140.08,plan_b,footfall_plan_b,-1.3839695724358532,False,0.8328446919670778,False,0.529747760761776,False,0.44763447788657795,False,190.75506401531865,2.0,False,False,1.3839695724358532,0.5815673607205378,0.0865975474031094,0.007092919769557383,0.2117031879065103,0.29222547546438427,0.235837,0,False
66342,2026-04-21 18:00:00+00:00,1.71,plan_b,footfall_plan_b,-1.1776663073390492,False,3.4649557472182826,False,1.3406565420261467,False,0.38008260129295485,False,152.13977959362907,2.0,False,False,1.1776663073390492,0.49487524856722764,0.3602792603032797,0.017950371847630903,0.07235271108001001,0.23306914371208817,0.235705,0,False
66336,2026-04-21 10:00:00+00:00,986.11,plan_b,footfall_plan_b,-0.7037303678577416,False,0.7355457620984193,False,0.43118451788999834,False,0.4834341823140969,False,336.0638910981524,48.0,False,False,0.7037303678577416,0.29571937190323555,0.07648059670048543,0.00577323288138326,0.28555318488340364,0.5148300039609022,0.235671,0,False
66333,2026-04-24 11:00:00+00:00,690.05,plan_b,footfall_plan_b,0.37300430391639167,False,1.1496788327311147,False,0.660280796861646,False,0.5305735202202928,False,332.8332646003539,70.0,False,False,0.37300430391639167,0.15674270076924818,0.119541336069078,0.008840657883639696,0.3827953274523048,0.5098808752484335,0.23556,0,False
66342,2026-04-20 12:00:00+00:00,94.59,plan_b,footfall_plan_b,-1.0725874747645274,False,2.6589754919035493,False,0.1073700082273403,False,0.4095709298037016,False,204.91452679163558,15.0,False,False,1.0725874747645274,0.45071935052938084,0.27647502400474677,0.0014376027808368828,0.1331831845768329,0.3139169349466719,0.235146,0,False
66330,2026-04-26 02:00:00+00:00,16.49,plan_b,footfall_plan_b,1.0413375363620452,False,1.0209497426904586,False,1.359756191854047,False,0.45079922223794494,False,256.6362374405389,10.0,False,False,1.0413375363620452,0.43758759925292473,0.10615633934102596,0.018206101638090288,0.21823163177269586,0.3931515364720778,0.234667,0,False
66335,2026-04-25 15:00:00+00:00,580.04,plan_b,footfall_plan_b,-0.04380444389405543,False,0.7075170904763892,False,6.591302536500682,False,0.5756669406304531,False,337.17117693788396,75.0,False,False,0.04380444389405543,0.018407366267785105,0.07356623074144672,0.08825252984750846,0.4758170161567585,0.5165263003746348,0.234514,0,False
66335,2026-04-24 01:00:00+00:00,508.37,plan_b,footfall_plan_b,1.187957121144617,False,2.2520814660357193,False,0.8724527441740457,False,0.41208820714048106,False,186.68935280976274,1.0,False,False,1.187957121144617,0.49919962212555447,0.2341669862241274,0.011681478951903464,0.13837599068190973,0.28599704637246226,0.233884,0,False
66335,2026-04-21 05:00:00+00:00,77.44,plan_b,footfall_plan_b,-1.4608281488866663,False,2.815778425154205,False,0.8425791856531577,False,0.46644400819210463,False,,,False,False,1.4608281488866663,0.6138646310836179,0.29277908354440585,0.011281494715037343,0.25050473050059247,0.0,0.233686,0,False
66332,2026-04-20 17:00:00+00:00,983.46,plan_b,footfall_plan_b,0.47463382386112074,False,0.38017004414842337,False,0.3387898621852194,False,0.5531780452246787,False,322.95354615970024,45.0,False,False,0.47463382386112074,0.19944913945310214,0.039529330902773746,0.004536138685633408,0.42942543599462,0.49474573095395535,0.233537,0,False
66340,2026-04-23 06:00:00+00:00,1.03,plan_b,footfall_plan_b,-1.401089382934197,False,3.1419004823785617,False,0.8831124193719085,False,0.4042833951135844,False,77.08635069374797,1.0,False,False,1.401089382934197,0.5887613938885026,0.32668861143367306,0.011824203898657855,0.12227570846425892,0.11809172982944119,0.233528,0,False
66335,2026-04-23 10:00:00+00:00,930.7,plan_b,footfall_plan_b,0.3147691720162221,False,0.7822749417282527,False,0.2750310868461353,False,0.5551987332096006,False,337.17117693788396,69.0,False,False,0.3147691720162221,0.13227131596792968,0.08133940457563112,0.0036824571572111964,0.43359384475564355,0.5165263003746348,0.233483,0,False
66330,2026-04-24 22:00:00+00:00,55.71,plan_b,footfall_plan_b,-0.45383584646018144,False,1.4568560801813975,False,4.096290923971369,False,0.4690952364496998,False,335.47309403240257,53.0,False,False,0.45383584646018144,0.19070947850513698,0.15148102002672525,0.05484622121802737,0.25597385942049367,0.5139249378001011,0.233387,0,False
66335,2026-04-25 12:00:00+00:00,1316.37,plan_b,footfall_plan_b,0.3877627338047599,False,0.41697673627016363,False,10.519507144733826,True,0.5257332166656093,False,291.49557301963404,156.0,False,False,0.3877627338047599,0.16294444197042998,0.04335641810943634,0.14084820308742393,0.372810429291921,0.4465539767509663,0.233303,1,False
66335,2026-04-24 03:00:00+00:00,494.26,plan_b,footfall_plan_b,1.14431591167637,False,3.4121409371505114,False,0.6416466959979051,False,0.4063675879848471,False,127.35965629407855,1.0,False,False,1.14431591167637,0.4808608497171192,0.3547876805855442,0.008591161439871264,0.12657511930307297,0.19510746048937858,0.233184,0,False
66331,2026-04-25 07:00:00+00:00,20.79,plan_b,footfall_plan_b,-1.3032998660863722,False,0.9718765941102939,False,1.2334032414361635,False,0.4355808673840801,False,202.00261592432264,166.0,False,False,1.3032998660863722,0.5476685892835357,0.10105381020038441,0.01651433169332986,0.1868382033094347,0.3094560597290048,0.232306,0,False
66335,2026-04-22 23:00:00+00:00,152.48,plan_b,footfall_plan_b,-1.2346148425404748,False,3.910651652812262,False,3.6932318669561397,False,0.43534922277468957,False,,,False,False,1.2346148425404748,0.518805983731948,0.40662184096004894,0.04944956687504074,0.18636035149538305,0.0,0.232248,0,False
66342,2026-04-21 15:00:00+00:00,2.53,plan_b,footfall_plan_b,-1.1340789074520972,False,1.8051941300469907,False,1.147403558846502,False,0.42633255490926936,False,204.61210222820498,10.0,False,False,1.1340789074520972,0.4765590878525741,0.18770052298626963,0.015362861325736974,0.16776017293940937,0.3134536384030293,0.232167,0,False
66335,2026-04-22 13:00:00+00:00,481.47,plan_b,footfall_plan_b,-0.9578953558637665,False,1.6283972551507868,False,1.3452764240274848,False,0.4044247421601401,False,291.49557301963404,20.0,False,False,0.9578953558637665,0.40252378740933026,0.1693175328535177,0.01801222855530852,0.12256728849621047,0.4465539767509663,0.231795,0,False
66333,2026-04-23 10:00:00+00:00,277.42,plan_b,footfall_plan_b,-0.2596958411940486,False,0.7307790532285178,False,1.6523134444846101,False,0.5253284123931278,False,377.2126915828801,47.0,False,False,0.2596958411940486,0.10912857331646503,0.07598496371957135,0.02212322083067875,0.3719753722774274,0.5778675324716681,0.231416,0,False
66335,2026-04-26 09:00:00+00:00,614.04,plan_b,footfall_plan_b,0.4893649262947151,False,0.9265356777488966,False,5.245738854673257,False,0.508770455096568,False,291.49557301963404,46.0,False,False,0.4893649262947151,0.2056393971967972,0.0963393512000721,0.0702364551286499,0.3378185233355544,0.4465539767509663,0.231318,0,False
66342,2026-04-24 07:00:00+00:00,275.35,plan_b,footfall_plan_b,0.4970661297808622,False,1.1863120186640181,False,0.6742404158603998,False,0.5148479154290448,False,303.23053589532776,93.0,False,False,0.4970661297808622,0.20887557281439223,0.12335038244464995,0.009027566569066451,0.3503555102844075,0.46453124578761484,0.231228,0,False
66336,2026-04-20 14:00:00+00:00,1056.51,plan_b,footfall_plan_b,0.5233077070194385,False,0.5484252683062415,False,0.36767654776523667,False,0.518879949627772,False,336.0638910981524,60.0,False,False,0.5233077070194385,0.21990272624300589,0.057024177049194796,0.004922909444103175,0.3586730569834198,0.5148300039609022,0.231071,0,False
66340,2026-04-26 15:00:00+00:00,1379.0,plan_b,footfall_plan_b,0.39746952291344884,False,1.2828886051831827,False,0.0009351281121597319,False,0.5242216697813982,False,316.6477433941975,205.0,False,False,0.39746952291344884,0.16702339849913123,0.1333922253113803,1.252065447953702e-05,0.36969231045226875,0.48508561408709366,0.231041,0,False
66335,2026-04-25 22:00:00+00:00,220.97,plan_b,footfall_plan_b,-0.795170035479048,False,2.1603642762243025,False,5.825677362752221,False,0.4319955554687727,False,221.23892602589638,24.0,False,False,0.795170035479048,0.3341438627466939,0.22463041383676552,0.07800139084667117,0.17944218486903835,0.3389249490328363,0.231029,0,False
66333,2026-04-23 11:00:00+00:00,404.74,plan_b,footfall_plan_b,-0.18644612764063087,False,0.49820204922381905,False,0.7048218546647083,False,0.5571171728206911,False,377.2126915828801,76.0,False,False,0.18644612764063087,0.07834780802130097,0.05180206584745978,0.009437028784753158,0.43755132881158676,0.5778675324716681,0.231001,0,False
66335,2026-04-23 02:00:00+00:00,504.93,plan_b,footfall_plan_b,1.0848498446476422,False,0.651180457156857,False,5.56998719115492,False,0.4111577750615103,False,274.0258427063832,2.0,False,False,1.0848498446476422,0.45587220520995775,0.06770845879251698,0.07457789384048075,0.1364566338794447,0.41979138319479037,0.230881,0,False
66340,2026-04-23 22:00:00+00:00,0.34,plan_b,footfall_plan_b,-1.3497084998826268,False,4.294741914236676,False,0.7113380628987052,False,0.4083020614060246,False,,,False,False,1.3497084998826268,0.5671702800786812,0.44655878831840246,0.009524275858981478,0.13056567896244325,0.0,0.230764,0,False
66336,2026-04-23 05:00:00+00:00,30.29,plan_b,footfall_plan_b,-1.3362687853830333,False,0.8520089895787791,False,0.6933011460189238,False,0.4090746735384681,False,236.34768814596998,12.0,False,False,1.3362687853830333,0.5615226853294633,0.08859021324691382,0.009282775254742028,0.13215947434588793,0.3620706789614647,0.230725,0,False
66330,2026-04-26 19:00:00+00:00,194.65,plan_b,footfall_plan_b,-0.5040968196488644,False,0.8597978897616884,False,0.1326023123197541,False,0.5081360007706354,False,335.47309403240257,87.0,False,False,0.5040968196488644,0.21182998729865157,0.08940008771608345,0.0017754441494746776,0.3365097290088591,0.5139249378001011,0.230688,0,False
66342,2026-04-22 09:00:00+00:00,49.91,plan_b,footfall_plan_b,-1.0969899994252075,False,0.9255951534764169,False,3.5941574969779704,False,0.44885761731388585,False,217.9342904019919,23.0,False,False,1.0969899994252075,0.4609737030415184,0.09624155734239923,0.0481230363835025,0.2142263607777246,0.3338624427165978,0.230685,0,False
66338,2026-04-22 04:00:00+00:00,2.78,plan_b,footfall_plan_b,1.4849404949337461,False,0.7325717963482643,False,5.9885432503998635,False,0.5258515903891537,False,,,False,False,1.4849404949337461,0.6239970456472556,0.07617136961107937,0.08018204126154278,0.37305461843442067,0.0,0.230681,0,False
66332,2026-04-24 10:00:00+00:00,471.2,plan_b,footfall_plan_b,-0.4685958902093729,False,0.7812318656176631,False,7.621186589514781,False,0.5074161919748932,False,286.004938366057,88.0,False,False,0.4685958902093729,0.19691189787786118,0.08123094758022362,0.10204189433575317,0.33502485983913943,0.43814264921675244,0.23067,0,False
66342,2026-04-22 19:00:00+00:00,19.27,plan_b,footfall_plan_b,-0.965967886008268,False,2.2737997551833757,False,3.6093201686425145,False,0.4555083008281579,False,152.13977959362907,8.0,False,False,0.965967886008268,0.40591600075272893,0.236425211067389,0.04832605302948907,0.2279458304012146,0.23306914371208817,0.230336,0,False
66340,2026-04-24 02:00:00+00:00,16.87,plan_b,footfall_plan_b,-0.9181285001882886,False,1.111077656995101,False,0.13981805861179583,False,0.4948825983110745,False,221.2343187510366,1.0,False,False,0.9181285001882886,0.38581308382165136,0.11552766199772145,0.0018720575064680803,0.30916973424566907,0.33891789096025804,0.23026,0,False
66335,2026-04-25 17:00:00+00:00,700.42,plan_b,footfall_plan_b,0.17340188818472546,False,0.850570961894024,False,0.10227947078604538,False,0.5735969151660054,False,337.17117693788396,76.0,False,False,0.17340188818472546,0.07286639855676649,0.08844068996628458,0.0013694443546396463,0.47154683078131604,0.5165263003746348,0.23015,0,False
66333,2026-04-26 08:00:00+00:00,214.78,plan_b,footfall_plan_b,0.5119346179292191,False,1.5020588747346533,False,0.1407292846294979,False,0.5268400065847817,False,261.78018391964736,41.0,False,False,0.5119346179292191,0.21512356235301003,0.15618111739401846,0.0018842581300746813,0.37509358870599996,0.40103175822860276,0.229863,0,False
66336,2026-04-21 18:00:00+00:00,731.74,plan_b,footfall_plan_b,0.5788684583625023,False,0.9888853369500146,False,0.19447867811144862,False,0.4828199285491671,False,336.0638910981524,30.0,False,False,0.5788684583625023,0.24325029121971592,0.10282234571311148,0.0026039216451816155,0.28428606160938463,0.5148300039609022,0.229559,0,False
66331,2026-04-22 14:00:00+00:00,158.83,plan_b,footfall_plan_b,-0.48156219656773197,False,2.288794480133451,False,4.59572416601696,False,0.473736875086802,False,247.09384614278434,792.0,False,False,0.48156219656773197,0.20236055854014195,0.23798433297473265,0.061533252628948834,0.2655489384553455,0.378533157408602,0.229192,0,False
66336,2026-04-20 15:00:00+00:00,752.97,plan_b,footfall_plan_b,0.5028025778274928,False,0.4891887726286035,False,0.5507333636613334,False,0.5201436038023809,False,336.0638910981524,62.0,False,False,0.5028025778274928,0.21128612505255864,0.05086488313531689,0.007373901037827977,0.36127980635375745,0.5148300039609022,0.229127,0,False
66332,2026-04-20 06:00:00+00:00,157.3,plan_b,footfall_plan_b,0.9335359071222817,False,0.8878993657922389,False,0.21667103594571066,False,0.47040526287660894,False,260.66708279718154,17.0,False,False,0.9335359071222817,0.39228753612509243,0.09232202373383637,0.0029010604445780974,0.25867626853850084,0.3993265531456782,0.229103,0,False
66338,2026-04-26 03:00:00+00:00,4.21,plan_b,footfall_plan_b,1.9358015879044712,False,0.4385034250276981,False,0.18914475857115956,False,0.4810334382313274,False,,,False,False,1.9358015879044712,0.8134564825545759,0.045594720722267626,0.002532504517712986,0.28060077127859917,0.0,0.228437,0,False
66332,2026-04-24 16:00:00+00:00,254.79,plan_b,footfall_plan_b,-0.6453347889465403,False,1.1077988995861827,False,2.9635989341401823,False,0.4517812851920063,False,322.95354615970024,42.0,False,False,0.6453347889465403,0.27118056456127765,0.11518674327316131,0.039680336616759945,0.22025749615756487,0.49474573095395535,0.22821,0,False
66335,2026-04-26 00:00:00+00:00,506.65,plan_b,footfall_plan_b,1.1288414583934194,False,0.8828811908760994,False,0.002470290745545959,False,0.40680122075361813,False,291.49557301963404,9.0,False,False,1.1288414583934194,0.47435822340683165,0.09180024380971738,3.307531501490747e-05,0.1274696456455364,0.4465539767509663,0.228043,0,False
66331,2026-04-25 14:00:00+00:00,209.96,plan_b,footfall_plan_b,-0.07203924227410942,False,3.421950294364684,False,4.935269721107814,False,0.46900042039225676,False,281.87079476849095,743.0,False,False,0.07203924227410942,0.030272104843983533,0.3558076381893347,0.06607950946806417,0.2557782665890023,0.4318093857478479,0.227949,0,False
66335,2026-04-20 14:00:00+00:00,551.84,plan_b,footfall_plan_b,-0.6108635718274912,False,0.482023036419453,False,0.05688390318132861,False,0.5445400762491756,False,274.0258427063832,14.0,False,False,0.6108635718274912,0.2566951776279033,0.05011980402628822,0.0007616322169332828,0.41160646254418426,0.41979138319479037,0.227795,0,False
66330,2026-04-26 07:00:00+00:00,44.85,plan_b,footfall_plan_b,-0.8556877610750481,False,2.497952314432693,False,0.6748718298152648,False,0.45534182159272474,False,184.45888041071123,21.0,False,False,0.8556877610750481,0.35957443192440375,0.2597321517999696,0.009036020721882115,0.22760240602858195,0.28258009458306876,0.227705,0,False
66336,2026-04-26 06:00:00+00:00,72.62,plan_b,footfall_plan_b,-1.238429702006391,False,1.4340984824964393,False,0.553056021057936,False,0.45258965000009777,False,156.25423441598258,7.0,False,False,1.238429702006391,0.5204090520329424,0.1491147299328911,0.007404999654540546,0.221925044523911,0.23937224514190095,0.227645,0,False
66336,2026-04-20 06:00:00+00:00,159.02,plan_b,footfall_plan_b,0.47228515027295326,False,1.2161757397687114,False,0.2562978225361448,False,0.4873906894841767,False,336.0638910981524,16.0,False,False,0.47228515027295326,0.1984621871912395,0.1264555532273187,0.003431632990287671,0.2937149294347035,0.5148300039609022,0.227379,0,False
66330,2026-04-20 13:00:00+00:00,415.42,plan_b,footfall_plan_b,-0.5075399883526324,False,3.726186543883536,False,0.09351865309276314,False,0.4860225997683262,False,159.28947949946553,100.0,False,False,0.5075399883526324,0.213276864871286,0.3874415229863029,0.001252143666242563,0.2908927435257602,0.24402206108388041,0.227377,0,False
66342,2026-04-26 06:00:00+00:00,180.36,plan_b,footfall_plan_b,0.5207848865469882,False,1.3230995529489382,False,0.008585665817314115,False,0.49791205268395605,False,303.23053589532776,110.0,False,False,0.5207848865469882,0.2188425945226586,0.13757328030141033,0.00011495553793916931,0.3154190930003453,0.46453124578761484,0.227296,0,False
66333,2026-04-26 00:00:00+00:00,58.51,plan_b,footfall_plan_b,1.1916064294733295,False,0.8519880555855539,False,0.011583353182686036,False,0.4476291823285498,False,216.61977953614158,19.0,False,False,1.1916064294733295,0.5007331230459897,0.08858803657161272,0.0001550922927339865,0.21169226387932563,0.33184868981960863,0.226603,0,False
66340,2026-04-24 09:00:00+00:00,555.53,plan_b,footfall_plan_b,-0.5071934775094804,False,0.934371023453363,False,5.142862826824849,False,0.48814759249366546,False,299.2235051669583,46.0,False,False,0.5071934775094804,0.21313125516965198,0.09715405498291028,0.06885902332848483,0.29527631900080226,0.458392711715963,0.226563,0,False
66333,2026-04-24 23:00:00+00:00,69.53,plan_b,footfall_plan_b,1.23044923835942,False,0.7400013911861668,False,0.16754333749480238,False,0.44067459839854006,False,221.36373290033765,5.0,False,False,1.23044923835942,0.5170555265848891,0.07694388421958527,0.0022432779122381436,0.19734588838768963,0.33911614578251686,0.226541,0,False
66335,2026-04-26 08:00:00+00:00,403.05,plan_b,footfall_plan_b,0.5645237914529992,False,1.1797233304785304,False,0.14048743930524304,False,0.4682002845739901,False,337.17117693788396,44.0,False,False,0.5645237914529992,0.2372224202020808,0.12266530365028376,0.001881020005048696,0.2541276935268774,0.5165263003746348,0.226485,0,False
66342,2026-04-23 00:00:00+00:00,188.96,plan_b,footfall_plan_b,1.251954177207643,False,1.6202499497451146,False,0.556735051120509,False,0.4593409224133334,False,126.57902412307786,2.0,False,False,1.251954177207643,0.5260922646588377,0.16847039211661882,0.007454259070051986,0.23585201557801783,0.19391157817552737,0.226356,0,False
66333,2026-04-23 12:00:00+00:00,407.64,plan_b,footfall_plan_b,-0.26162232305376826,False,0.324940518083128,False,0.4214438213446053,False,0.5407903128981673,False,377.2126915828801,81.0,False,False,0.26162232305376826,0.1099381134920205,0.03378667378119874,0.005642812360120978,0.4038712028104988,0.5778675324716681,0.226221,0,False
66340,2026-04-20 16:00:00+00:00,1692.16,plan_b,footfall_plan_b,0.4785859956908048,False,0.7610406614384725,False,0.06372384853663571,False,0.5197755278773407,False,316.6477433941975,74.0,False,False,0.4785859956908048,0.20110990872569387,0.07913150601819174,0.0008532138850909456,0.3605205150024414,0.48508561408709366,0.22534,0,False
66342,2026-04-21 14:00:00+00:00,3.95,plan_b,footfall_plan_b,-1.100083011138599,False,2.9398617471889357,False,2.114045621867919,False,0.41859349231318244,False,116.27864626125522,5.0,False,False,1.100083011138599,0.46227343873994775,0.3056810224838962,0.028305463648455577,0.15179552299426408,0.17813200852859934,0.225237,0,False
66333,2026-04-22 15:00:00+00:00,2.71,plan_b,footfall_plan_b,-0.9130976764889508,False,1.9901761798165363,False,7.751347052350082,False,0.35932380168154,False,261.78018391964736,1.0,False,False,0.9130976764889508,0.3836990468374966,0.20693459144843113,0.10378464397707617,0.02953008689743468,0.40103175822860276,0.224996,0,False
66335,2026-04-23 04:00:00+00:00,489.1,plan_b,footfall_plan_b,1.082431661136925,False,2.4229813897783106,False,4.922967950792611,False,0.40265555923521956,False,152.31926126768684,2.0,False,False,1.082431661136925,0.45485604370606675,0.25193682301390413,0.06591479811611095,0.11891770099971366,0.23334409902092582,0.224994,0,False
66335,2026-04-25 20:00:00+00:00,217.19,plan_b,footfall_plan_b,-0.49063473804804547,False,1.2471003854234115,False,1.424514341046706,False,0.5015368900441525,False,291.49557301963404,35.0,False,False,0.49063473804804547,0.20617299351618482,0.1296710368509006,0.019073164022625995,0.3228966471414477,0.4465539767509663,0.224874,0,False
66330,2026-04-26 08:00:00+00:00,101.07,plan_b,footfall_plan_b,-0.39589477504369996,False,2.357209211113084,False,0.011261283731848776,False,0.5082576922239587,False,244.9295557068464,60.0,False,False,0.39589477504369996,0.16636166287961304,0.24509796168152873,0.00015078002764441046,0.3367607621836786,0.3752175924722279,0.224718,0,False
66336,2026-04-24 19:00:00+00:00,317.68,plan_b,footfall_plan_b,-0.23426105583346166,False,0.9102182097325008,False,1.6260658060284547,False,0.48540167793739225,False,403.8863452810605,43.0,True,False,0.23426105583346166,0.09844044744487147,0.09464269307920313,0.021771784906830495,0.2896118649243685,0.6187299922682644,0.224639,1,False
66342,2026-04-24 12:00:00+00:00,1759.16,plan_b,footfall_plan_b,0.17679182624660264,False,1.2611633988072417,False,0.748443948715138,False,0.5598008103747452,False,303.23053589532776,583.0,False,False,0.17679182624660264,0.07429090771572301,0.13113328122837323,0.010021095459872004,0.4430873137707706,0.46453124578761484,0.224613,0,False
66342,2026-04-20 15:00:00+00:00,51.54,plan_b,footfall_plan_b,-1.0699733032716987,False,1.2962836120652856,False,0.08161230815403858,False,0.4353695708118733,False,228.01219280399457,8.0,False,False,1.0699733032716987,0.44962083156925703,0.1347850116911532,0.0010927267594535491,0.18640232677167462,0.3493011931178579,0.22424,0,False
66340,2026-04-24 22:00:00+00:00,233.71,plan_b,footfall_plan_b,0.34583691981704834,False,3.0298033208366077,False,0.5217149177898737,False,0.419639628236554,False,326.0604187133,15.0,False,False,0.34583691981704834,0.14532650768017033,0.3150329698068341,0.006985366109228126,0.1539535613360282,0.4995052759435973,0.224161,0,False
66336,2026-04-20 21:00:00+00:00,86.74,plan_b,footfall_plan_b,-1.4010878028997182,False,0.47329020557903817,False,2.3732646959997594,False,0.4297936778790724,False,180.25331095900816,10.0,False,False,1.4010878028997182,0.5887607299313607,0.04921178151025343,0.03177620997669331,0.1749000062130084,0.27613741093025773,0.224157,0,False
66332,2026-04-26 13:00:00+00:00,367.8,plan_b,footfall_plan_b,-0.6941569288681213,False,0.9943037120704253,False,0.19707756600328252,False,0.4830825144608422,False,286.004938366057,98.0,False,False,0.6941569288681213,0.2916964513440694,0.10338573766465212,0.0026387187782178066,0.2848277411872885,0.43814264921675244,0.224138,0,False
66335,2026-04-23 14:00:00+00:00,836.46,plan_b,footfall_plan_b,0.13255340251420092,False,1.2058721530652672,False,0.08696628903092281,False,0.5491406135135433,False,337.17117693788396,66.0,False,False,0.13255340251420092,0.055701175798996104,0.12538420661662453,0.0011644124929673177,0.42109675495018745,0.5165263003746348,0.223975,0,False
66335,2026-04-22 06:00:00+00:00,74.0,plan_b,footfall_plan_b,-1.449151819849615,False,1.0318007929131072,False,0.028328346914905177,False,0.4643930036120135,False,102.39367852761126,2.0,False,False,1.449151819849615,0.6089580406525646,0.10728461012799578,0.0003792950282275341,0.24627378266285302,0.1568610592161035,0.223951,0,False
66342,2026-04-25 07:00:00+00:00,289.81,plan_b,footfall_plan_b,0.5876402781119191,False,1.1543765598618179,False,0.26747208669038613,False,0.4829278136024544,False,303.23053589532776,130.0,False,False,0.5876402781119191,0.24693635785151757,0.12002979646488975,0.0035812478919455878,0.28450861402948213,0.46453124578761484,0.223917,0,False
66340,2026-04-20 09:00:00+00:00,1233.93,plan_b,footfall_plan_b,0.8929206831389218,False,1.1243417611783233,False,0.11143201314206538,False,0.5133480337163581,False,179.5140679618003,59.0,False,False,0.8929206831389218,0.37522033386319376,0.11690683737320884,0.0014919899384574491,0.34726145513174894,0.2750049343826079,0.223177,0,False
66335,2026-04-25 16:00:00+00:00,652.34,plan_b,footfall_plan_b,0.11350001991185649,False,0.7868763024780395,False,1.757346900676811,False,0.5613180716924185,False,337.17117693788396,101.0,False,False,0.11350001991185649,0.04769462301522263,0.08181784498533985,0.023529538956156622,0.44621722072154435,0.5165263003746348,0.223157,0,False
66332,2026-04-24 15:00:00+00:00,230.47,plan_b,footfall_plan_b,-0.6717210243273803,False,0.96225422248593,False,1.5326778240068197,False,0.4758800146287544,False,288.7502556928455,47.0,False,False,0.6717210243273803,0.2822685057815297,0.10005329498919528,0.0205213908268861,0.2699699483833655,0.44234831298385935,0.223032,0,False
66340,2026-04-22 20:00:00+00:00,616.45,plan_b,footfall_plan_b,0.5421581367302042,False,0.7604437972389518,False,1.5027140961423633,False,0.4910064671558512,False,316.6477433941975,24.0,False,False,0.5421581367302042,0.22782399479809626,0.07906944525667194,0.020120199291061912,0.3011737946513957,0.48508561408709366,0.222655,0,False
66335,2026-04-25 23:00:00+00:00,221.32,plan_b,footfall_plan_b,-0.7709619568112895,False,2.15940982255454,False,4.775178833959466,False,0.4222278776359375,False,222.58329295235927,28.0,False,False,0.7709619568112895,0.3239712197209196,0.2245311716278537,0.06393601420015094,0.159292773303739,0.3409844396487849,0.222543,0,False
66333,2026-04-25 01:00:00+00:00,49.56,plan_b,footfall_plan_b,1.6896175990624742,False,1.142788190359169,False,0.10027703232398238,False,0.4358581892479074,False,61.21767650176819,15.0,False,False,1.6896175990624742,0.7100058175298356,0.11882486067432814,0.0013426332260103064,0.18741028118361772,0.09378185955324081,0.222273,0,False
66342,2026-04-24 18:00:00+00:00,1120.8,plan_b,footfall_plan_b,0.4262605107410508,False,0.7880360830319401,False,1.1479569011196968,False,0.5590017427896297,False,256.6362374405389,354.0,False,False,0.4262605107410508,0.17912185726362959,0.0819384366784398,0.015370270158090001,0.44143894433060976,0.3931515364720778,0.222204,0,False
66340,2026-04-24 16:00:00+00:00,1311.88,plan_b,footfall_plan_b,0.007647992412257035,False,2.4497392177781014,False,0.1630929498969,False,0.5214141824465189,False,316.6477433941975,81.0,False,False,0.007647992412257035,0.003213815426721153,0.2547190491611865,0.002183690605762393,0.3639008399776097,0.48508561408709366,0.221821,0,False
66332,2026-04-26 17:00:00+00:00,469.86,plan_b,footfall_plan_b,-0.41355364219976826,False,1.2845560438504497,False,0.1773981284959913,False,0.5304583370815015,False,272.02963917937154,100.0,False,False,0.41355364219976826,0.17378221674857844,0.13356560229321518,0.002375226071521864,0.38255772005896027,0.41673331746103975,0.221803,0,False
66330,2026-04-25 03:00:00+00:00,5.47,plan_b,footfall_plan_b,-0.8572030467194847,False,2.5059782413719787,False,1.2979059426040804,False,0.4575790321044864,False,153.67101288508454,11.0,False,False,0.8572030467194847,0.3602111805137688,0.26056667184348115,0.017377973823021673,0.23221747177206534,0.2354149025466035,0.221158,0,False
66335,2026-04-25 13:00:00+00:00,990.33,plan_b,footfall_plan_b,0.06650820833595171,False,1.0617364383959484,False,12.53216191023286,True,0.5160042874235361,False,291.49557301963404,87.0,False,False,0.06650820833595171,0.027947871079357763,0.11039725946555738,0.16779612025270596,0.35274095088127727,0.4465539767509663,0.221087,1,False
66336,2026-04-21 14:00:00+00:00,1018.04,plan_b,footfall_plan_b,0.40413113240104576,False,0.7338008979801094,False,0.7673000818902023,False,0.5066412718008203,False,336.0638910981524,61.0,False,False,0.40413113240104576,0.1698227191814739,0.07629916917305479,0.01027356474748635,0.33342630327483924,0.5148300039609022,0.22093,0,False
66335,2026-04-23 09:00:00+00:00,589.95,plan_b,footfall_plan_b,0.3927274881896274,False,0.8493569698824527,False,0.9573884382447186,False,0.4998011351227739,False,337.17117693788396,31.0,False,False,0.3927274881896274,0.16503071551411147,0.08831446147280551,0.012818703322137033,0.3193160171405503,0.5165263003746348,0.220401,0,False
66331,2026-04-24 05:00:00+00:00,19.44,plan_b,footfall_plan_b,0.9666198625767788,False,0.6729233076501583,False,1.243001729280405,False,0.4412802491479427,False,266.29487608786127,50.0,False,False,0.9666198625767788,0.4061899723051043,0.06996923747602549,0.01664284814819958,0.19859526479254222,0.40794799959939904,0.219869,0,False
66331,2026-04-20 06:00:00+00:00,30.55,plan_b,footfall_plan_b,1.02427507240304,False,0.8381184984374739,False,0.1638404000025535,False,0.5193160637355428,False,143.33814905146377,149.0,False,False,1.02427507240304,0.4304176640681771,0.08714590739173621,0.0021936983944192503,0.3595727019960111,0.21958556631233145,0.219783,0,False
66332,2026-04-26 07:00:00+00:00,56.79,plan_b,footfall_plan_b,-0.8892047784905294,False,0.9247435019988485,False,0.24063102756187724,False,0.4461971914822302,False,272.15863953001895,27.0,False,False,0.8892047784905294,0.373658848045806,0.09615300430254559,0.003221866516449651,0.20873825849400876,0.4169309383682361,0.219741,0,False
66332,2026-04-24 18:00:00+00:00,318.61,plan_b,footfall_plan_b,-0.473997821882177,False,1.863155533664277,False,2.81303675969265,False,0.454106374284939,False,288.7502556928455,52.0,False,False,0.473997821882177,0.19918188069274054,0.19372723534418082,0.03766442356759334,0.22505384364785586,0.44234831298385935,0.219595,0,False
66330,2026-04-22 08:00:00+00:00,77.0,plan_b,footfall_plan_b,-0.9818426900745589,False,1.042461288532536,False,1.9212238034526816,False,0.4786929799945935,False,179.75801204608405,65.0,False,False,0.9818426900745589,0.41258686121575144,0.10839306742339344,0.02572372609495892,0.2757727193024359,0.2753786422911477,0.219571,0,False
66342,2026-04-21 17:00:00+00:00,2.28,plan_b,footfall_plan_b,-1.1354871130533621,False,2.256990037785674,False,1.6351894421969602,False,0.3814019401367309,False,188.4377231015709,2.0,False,False,1.1354871130533621,0.4771508396014497,0.23467736982733478,0.02189394345877375,0.07507433046716515,0.28867544624849606,0.219494,0,False
66330,2026-04-24 23:00:00+00:00,26.51,plan_b,footfall_plan_b,-0.4085497488934494,False,3.4811512860307086,False,6.156381043955687,False,0.47301526830087376,False,141.8429596350527,34.0,False,False,0.4085497488934494,0.17167949636986296,0.3619632404661543,0.08242926171657428,0.26406036027260654,0.21729502456249378,0.219485,0,False
66340,2026-04-26 08:00:00+00:00,252.29,plan_b,footfall_plan_b,-0.6898381976164291,False,1.4348169067154546,False,0.5575819428195739,False,0.4252762802267072,False,316.6477433941975,78.0,False,False,0.6898381976164291,0.2898816476188059,0.14918943026533216,0.0074655983060429665,0.16558121969492334,0.48508561408709366,0.219441,0,False
66330,2026-04-20 18:00:00+00:00,224.94,plan_b,footfall_plan_b,-0.7750415419765577,False,0.7870554202370158,False,0.39930623060980086,False,0.500648354993879,False,235.15937813964103,57.0,False,False,0.7750415419765577,0.3256855302264778,0.08183646929641884,0.005346406850548894,0.3210637182995516,0.3602502583168486,0.218836,0,False
66340,2026-04-21 09:00:00+00:00,487.03,plan_b,footfall_plan_b,-0.6485670329405174,False,0.510152812036132,False,11.419261776682402,False,0.5099550850957111,False,179.5140679618003,23.0,False,False,0.6485670329405174,0.27253880801273855,0.0530446825791559,0.1528952335600431,0.3402622564125293,0.2750049343826079,0.218749,0,False
66332,2026-04-22 00:00:00+00:00,51.63,plan_b,footfall_plan_b,0.9769510533803113,False,2.2978064266339278,False,0.34951186848287147,False,0.42148356975863016,False,183.63280024256247,4.0,False,False,0.9769510533803113,0.41053131295910134,0.2389213773862496,0.004679698198426016,0.1577573658089561,0.2813145886257036,0.218641,0,False
66330,2026-04-24 01:00:00+00:00,29.87,plan_b,footfall_plan_b,1.2009801269052847,False,1.2720482643563438,False,0.3762649797060719,False,0.44534695469597163,False,159.28947949946553,10.0,False,False,1.2009801269052847,0.5046721088331557,0.13226506806625116,0.005037902018333314,0.20698433384298365,0.24402206108388041,0.218596,0,False
66342,2026-04-24 08:00:00+00:00,428.52,plan_b,footfall_plan_b,0.3128278506873703,False,1.1184535442971693,False,0.15896660837851415,False,0.5285037698372734,False,303.23053589532776,175.0,False,False,0.3128278506873703,0.1314555399971157,0.11629459220264625,0.002128442029931478,0.37852570953301806,0.46453124578761484,0.218587,0,False
66332,2026-04-20 05:00:00+00:00,80.54,plan_b,footfall_plan_b,1.3479006832370164,False,0.889360878766928,False,0.10572225595748097,False,0.4523022245425501,False,135.01268599847307,3.0,False,False,1.3479006832370164,0.5664106050278751,0.09247398896856335,0.0014155406306667491,0.2213321242886629,0.20683144934206849,0.217693,0,False
66330,2026-04-21 11:00:00+00:00,268.43,plan_b,footfall_plan_b,-1.089946706918997,False,0.8773015732634581,False,0.16525379210843882,False,0.46275989225954295,False,191.43093982401749,87.0,False,False,1.089946706918997,0.4580139927160882,0.09122008618205607,0.002212622640168877,0.24290489260156597,0.2932608772272231,0.217522,0,False
66330,2026-04-26 16:00:00+00:00,364.66,plan_b,footfall_plan_b,-0.41174216016388965,False,1.4074648604781812,False,0.00023943782391165375,False,0.46827340943139883,False,335.47309403240257,111.0,False,False,0.41174216016388965,0.17302100143894963,0.14634541847844074,3.205890426720441e-06,0.25427854031695374,0.5139249378001011,0.217515,0,False
66333,2026-04-23 13:00:00+00:00,495.16,plan_b,footfall_plan_b,-0.1230028298477276,False,0.9259487919537301,False,0.11489089291659227,False,0.5193392870462445,False,377.2126915828801,49.0,False,False,0.1230028298477276,0.051687864054551634,0.09627832797334408,0.0015383017089838308,0.35962060857659717,0.5778675324716681,0.217399,0,False
66332,2026-04-22 22:00:00+00:00,142.5,plan_b,footfall_plan_b,0.6582358930310375,False,0.7243283760267244,False,2.802224290528067,False,0.4706794285997293,False,286.004938366057,13.0,False,False,0.6582358930310375,0.27660182612817513,0.07531423503491698,0.03751965282578801,0.25924183571698406,0.43814264921675244,0.217364,0,False
66338,2026-04-26 17:00:00+00:00,2.27,plan_b,footfall_plan_b,-0.40555249531400783,False,0.8294385070670671,False,0.8709149777403618,False,0.4743232092434716,False,359.04320464703824,2.0,False,False,0.40555249531400783,0.17041999985467723,0.08624337901951108,0.011660889428461678,0.26675846731570707,0.5500329531582512,0.217023,0,False
66342,2026-04-25 19:00:00+00:00,505.92,plan_b,footfall_plan_b,0.12661091333745844,False,0.8000711601685914,False,5.363738040854326,False,0.5448112100124298,False,303.23053589532776,624.0,False,False,0.12661091333745844,0.05320404160221905,0.08318982024718136,0.07181637452132812,0.4121657751954158,0.46453124578761484,0.216981,0,False
66332,2026-04-26 06:00:00+00:00,17.9,plan_b,footfall_plan_b,-0.8954125101080721,False,1.0335717027044622,False,0.9894480882060852,False,0.43615773070759534,False,260.66708279718154,11.0,False,False,0.8954125101080721,0.3762674415906205,0.107468745833107,0.013247957661389117,0.1880281951090579,0.3993265531456782,0.216868,0,False
66336,2026-04-23 22:00:00+00:00,53.69,plan_b,footfall_plan_b,-0.9732877637765557,False,1.0190749578084732,False,3.640146843215907,False,0.42178898918308816,False,236.34768814596998,13.0,False,False,0.9732877637765557,0.4089919368710408,0.10596140290899454,0.0487387987656804,0.15838740518871058,0.3620706789614647,0.21683,0,False
66342,2026-04-21 10:00:00+00:00,3.79,plan_b,footfall_plan_b,-1.188709626100618,False,1.8854084886176004,False,2.2104962760442395,False,0.3980950486694889,False,162.42368052613125,5.0,False,False,1.188709626100618,0.49951583740218114,0.19604105368272146,0.029596864580118242,0.10950997831378534,0.2488234716778597,0.216697,0,False
66331,2026-04-20 18:00:00+00:00,109.06,plan_b,footfall_plan_b,-0.5750511911757341,False,0.9926269963532461,False,0.1691051648022111,False,0.4925925889216822,False,281.87079476849095,318.0,False,False,0.5750511911757341,0.24164621115380333,0.1032113960734762,0.0022641895924865396,0.30444575148692643,0.4318093857478479,0.216675,0,False
66332,2026-04-24 11:00:00+00:00,618.44,plan_b,footfall_plan_b,-0.4145683447125358,False,0.19775380828251063,False,0.7068462569421744,False,0.5584056141061238,False,286.004938366057,98.0,False,False,0.4145683447125358,0.17420861186160688,0.020562050706528456,0.009464133992172493,0.44020921067278357,0.43814264921675244,0.216517,0,False
66333,2026-04-26 06:00:00+00:00,75.72,plan_b,footfall_plan_b,0.8716337388361133,False,1.3512957742561207,False,0.3140625936647803,False,0.49597559705133226,False,169.80313809991182,13.0,False,False,0.8716337388361133,0.36627520077460973,0.14050506774604213,0.004205059359345047,0.3114244443041615,0.2601283642074447,0.216508,0,False
66336,2026-04-26 02:00:00+00:00,41.99,plan_b,footfall_plan_b,1.6984054842856953,False,1.7480238474788095,False,0.6079864529422464,False,0.4022097053506203,False,38.48262612558195,3.0,False,False,1.6984054842856953,0.7136986351447406,0.18175606983372083,0.008140476375956567,0.11799796413159352,0.05895310708901148,0.216109,0,False
66336,2026-04-22 10:00:00+00:00,1114.84,plan_b,footfall_plan_b,-0.18693958022517873,False,0.7355457620984193,False,0.6260704586199637,False,0.5392583624404409,False,336.0638910981524,47.0,False,False,0.18693958022517873,0.07855516512145104,0.07648059670048543,0.00838260746340056,0.40071099413053896,0.5148300039609022,0.215792,0,False
66335,2026-04-21 03:00:00+00:00,64.36,plan_b,footfall_plan_b,-1.3802545691838015,False,2.2721588466243885,False,0.7732600877256607,False,0.4672904946053377,False,,,False,False,1.3802545691838015,0.5800062536850983,0.23625459263385437,0.010353364694457736,0.2522509186342071,0.0,0.215773,0,False
66342,2026-04-24 13:00:00+00:00,1712.53,plan_b,footfall_plan_b,0.18996607741219929,False,0.8705138013764714,False,0.6593787163080899,False,0.5557764544941634,False,303.23053589532776,649.0,False,False,0.18996607741219929,0.07982695029385609,0.09051430705731134,0.008828579710845063,0.4347856064140346,0.46453124578761484,0.215697,0,False
66332,2026-04-24 20:00:00+00:00,147.66,plan_b,footfall_plan_b,-0.5759751971863808,False,1.3016682903967487,False,0.38882587850407807,False,0.46931632508637006,False,286.004938366057,14.0,False,False,0.5759751971863808,0.2420344940666682,0.13534489991708165,0.005206082903665744,0.2564299356761728,0.43814264921675244,0.215432,0,False
66340,2026-04-20 01:00:00+00:00,253.67,plan_b,footfall_plan_b,1.698078350581583,False,0.0,False,0.19089888230525287,False,0.4251985321014417,False,127.620626549345,1.0,False,False,1.698078350581583,0.7135611680438069,0.0,0.0025559909009190405,0.16542083572227234,0.1955072514848154,0.215409,0,False
66333,2026-04-26 05:00:00+00:00,74.0,plan_b,footfall_plan_b,0.9862739866630907,False,1.236748748858997,False,0.49205168352593415,False,0.4647601884742773,False,181.99717119972127,13.0,False,False,0.9862739866630907,0.41444896679443594,0.12859469411049193,0.006588197954261024,0.24703123587096656,0.2788089016747703,0.215094,0,False
66335,2026-04-26 03:00:00+00:00,449.86,plan_b,footfall_plan_b,0.8835786952302392,False,0.8956293581494952,False,0.13643505734249886,False,0.4235786773245768,False,291.49557301963404,4.0,False,False,0.8835786952302392,0.3712946729526195,0.09312577308355262,0.00182676169143919,0.1620792922015241,0.4465539767509663,0.214976,0,False
66342,2026-04-26 16:00:00+00:00,1153.49,plan_b,footfall_plan_b,0.35557038067404007,False,0.7106926587269209,False,0.18526313732768232,False,0.5310074896389544,False,303.23053589532776,746.0,False,False,0.35557038067404007,0.14941667212743798,0.07389642006096765,0.0024805325603115946,0.38369054825841814,0.46453124578761484,0.214803,0,False
66330,2026-04-23 11:00:00+00:00,302.65,plan_b,footfall_plan_b,-0.7502565765841333,False,0.4272142254205369,False,12.201336713256502,False,0.45606209781587376,False,210.04193898574997,107.0,False,False,0.7502565765841333,0.3152704696674132,0.04442089202700958,0.16336662237898764,0.22908823943845766,0.32177182715654074,0.214784,0,False
66338,2026-04-24 02:00:00+00:00,2.44,plan_b,footfall_plan_b,0.5827780547948749,False,1.7414761381932502,False,0.8981344265496409,False,0.43206547751697816,False,297.6107997357086,2.0,False,False,0.5827780547948749,0.24489316959214685,0.18107525194449495,0.012025337154107868,0.17958642469255548,0.455922142382123,0.2147,0,False
66340,2026-04-22 14:00:00+00:00,1762.26,plan_b,footfall_plan_b,0.27812936359569623,False,1.3700918092349106,False,0.2718441509087201,False,0.5026779797786033,False,316.6477433941975,84.0,False,False,0.27812936359569623,0.11687465038739428,0.1424594423680642,0.0036397865079152,0.3252505624820107,0.48508561408709366,0.214662,0,False
66330,2026-04-25 02:00:00+00:00,4.63,plan_b,footfall_plan_b,-0.7338542966723898,False,1.8653033728168602,False,1.1066238298732227,False,0.5107713028981574,False,139.81443906111065,3.0,False,False,0.7338542966723898,0.3083779549560651,0.19395056342038042,0.01481685175805928,0.3419460044547844,0.21418745102430506,0.214656,0,False
66331,2026-04-23 22:00:00+00:00,27.01,plan_b,footfall_plan_b,-0.8368235129570082,False,1.1174870670148387,False,0.5427690879163828,False,0.44041506219795906,False,261.6896504753211,84.0,False,False,0.8368235129570082,0.351647356641472,0.11619409980222888,0.007267265440538554,0.1968104999554441,0.4008930663466848,0.214562,0,False
66342,2026-04-23 02:00:00+00:00,163.15,plan_b,footfall_plan_b,1.6242731052293498,False,1.8322011218304148,False,0.21293340512018846,False,0.4403829732731847,False,,,False,False,1.6242731052293498,0.6825469589154342,0.19050865669203493,0.002851016409402694,0.19674430480005184,0.0,0.21453,0,False
66333,2026-04-26 20:00:00+00:00,172.1,plan_b,footfall_plan_b,-0.21974068205618533,False,0.6001481387124693,False,0.2308486341529571,False,0.5080903411027069,False,377.2126915828801,32.0,False,False,0.21974068205618533,0.09233874143737346,0.06240221903592964,0.0030908877058852782,0.33641553922733985,0.5778675324716681,0.214423,0,False
66331,2026-04-25 06:00:00+00:00,11.87,plan_b,footfall_plan_b,-1.3614429266604002,False,0.8266438027248183,False,0.0023141049797238324,False,0.43913915569761836,False,143.33814905146377,128.0,False,False,1.3614429266604002,0.572101284160445,0.08595279117751624,3.0984106352637356e-05,0.1941784756775976,0.21958556631233145,0.21437,0,False
66342,2026-04-24 10:00:00+00:00,1431.5,plan_b,footfall_plan_b,0.397257992458625,False,0.8488301809953597,False,0.2890752150963946,False,0.5137654792359617,False,303.23053589532776,462.0,False,False,0.397257992458625,0.1669345098336764,0.08825968700397421,0.0038704973572664435,0.3481225893465066,0.46453124578761484,0.214344,0,False
66342,2026-04-24 15:00:00+00:00,1000.51,plan_b,footfall_plan_b,0.17128960631966558,False,0.8268876991799949,False,0.6860206193098888,False,0.5583153628164096,False,303.23053589532776,453.0,False,False,0.17128960631966558,0.07197878208467988,0.08597815104958162,0.009185294537215168,0.44002303434593576,0.46453124578761484,0.214339,0,False
66340,2026-04-24 03:00:00+00:00,41.3,plan_b,footfall_plan_b,-0.6888820570382519,False,2.4497392177781014,False,0.5004472984940143,False,0.43243774110897215,False,221.2343187510366,6.0,False,False,0.6888820570382519,0.28947986121858205,0.2547190491611865,0.006700608855817371,0.1803543546401064,0.33891789096025804,0.214034,0,False
66340,2026-04-23 05:00:00+00:00,1.03,plan_b,footfall_plan_b,-1.4187077759146027,False,2.8467198317004434,False,0.5020133378618648,False,0.42782834739617703,False,,,False,False,1.4187077759146027,0.5961649398260899,0.29599630993241133,0.006721576932352813,0.17084579256679597,0.0,0.213946,0,False
66342,2026-04-20 14:00:00+00:00,42.17,plan_b,footfall_plan_b,-1.0622946925427088,False,1.8742320566743944,False,0.893363531026812,False,0.42256682389221784,False,167.13977642885843,8.0,False,False,1.0622946925427088,0.4463941498093399,0.1948789503466079,0.011961458490187317,0.159991974048603,0.25604825165748535,0.213855,0,False
66340,2026-04-20 15:00:00+00:00,1293.46,plan_b,footfall_plan_b,0.26076988653355965,False,0.881149590766757,False,0.07058862266872698,False,0.5297737518763673,False,316.6477433941975,64.0,False,False,0.26076988653355965,0.10957990528635383,0.09162019544776187,0.0009451279916933753,0.3811455124405443,0.48508561408709366,0.213675,0,False
66331,2026-04-22 02:00:00+00:00,1.51,plan_b,footfall_plan_b,-0.7770425795615337,False,2.2400006268809145,False,0.6239350222807201,False,0.4926038081615514,False,128.0048255494378,14.0,False,False,0.7770425795615337,0.3265263999754773,0.23291084441105225,0.008354015594308992,0.3044688952766218,0.19609582162870445,0.213671,0,False
66342,2026-04-24 00:00:00+00:00,22.03,plan_b,footfall_plan_b,-0.643831554528595,False,1.3067552884858016,False,1.3245575897931954,False,0.43203758402755077,False,303.23053589532776,10.0,False,False,0.643831554528595,0.2705488801005781,0.13587383593889363,0.01773481911665181,0.17952888415855306,0.46453124578761484,0.213644,0,False
66330,2026-04-20 12:00:00+00:00,312.18,plan_b,footfall_plan_b,-0.8756468878325361,False,1.7473546725866234,False,0.18597445237362667,False,0.4578843022569589,False,184.77821298299517,96.0,False,False,0.8756468878325361,0.36796159368129777,0.18168649034908704,0.002490056527991056,0.23284720322369992,0.28306929319621515,0.213611,0,False
66330,2026-04-26 17:00:00+00:00,342.79,plan_b,footfall_plan_b,-0.4308741868674918,False,0.953237955871146,False,0.010721910828684431,False,0.4768972171333919,False,335.47309403240257,107.0,False,False,0.4308741868674918,0.18106060180073033,0.09911580138071864,0.0001435582345357118,0.2720683009562047,0.5139249378001011,0.213263,0,False
66342,2026-04-24 17:00:00+00:00,1180.83,plan_b,footfall_plan_b,0.10893822016793266,False,0.7986622094290494,False,0.26730314477663425,False,0.5722352975309764,False,303.23053589532776,404.0,False,False,0.10893822016793266,0.045777677809165813,0.08304332032993034,0.0035789858881605514,0.4687379959085542,0.46453124578761484,0.213134,0,False
66342,2026-04-24 19:00:00+00:00,593.68,plan_b,footfall_plan_b,0.32364104881589445,False,0.8000711601685914,False,1.1195556876844068,False,0.5226395850422125,False,303.23053589532776,321.0,False,False,0.32364104881589445,0.13599942826012557,0.08318982024718136,0.014989999502552155,0.36642868146218593,0.46453124578761484,0.213028,0,False
66330,2026-04-22 13:00:00+00:00,340.07,plan_b,footfall_plan_b,-0.9925424647215648,False,0.9943855681070433,False,0.45639251572889517,False,0.4514501220377122,False,208.18695218112322,136.0,False,False,0.9925424647215648,0.4170830870184702,0.10339424889379199,0.006110748807765582,0.21957435091001143,0.31893009708892545,0.213019,0,False
66336,2026-04-25 05:00:00+00:00,39.24,plan_b,footfall_plan_b,-0.9862949573480554,False,1.1251710304313538,False,0.9140611399208907,False,0.42169492689594473,False,236.34768814596998,6.0,False,False,0.9862949573480554,0.41445777903001557,0.11699306315352766,0.012238583737675423,0.15819336728442437,0.3620706789614647,0.212791,0,False
66331,2026-04-24 13:00:00+00:00,241.18,plan_b,footfall_plan_b,-0.07585956475670969,False,1.5428529904630888,False,0.3472841667989652,False,0.46676918683135826,False,401.161729637475,271.0,False,False,0.07585956475670969,0.03187746879674496,0.1604228090378919,0.004649870966515241,0.25117553049488994,0.6145560422553801,0.212536,0,False
66335,2026-04-21 04:00:00+00:00,64.02,plan_b,footfall_plan_b,-1.344947117360444,False,2.3764594804042067,False,0.5814870983533879,False,0.4625733157911249,False,,,False,False,1.344947117360444,0.5651694668224092,0.24709956669088926,0.007785670164461604,0.24252001032812345,0.0,0.212515,0,False
66336,2026-04-24 17:00:00+00:00,856.88,plan_b,footfall_plan_b,0.020928641598641964,False,1.9460402625070445,False,0.13726525020591418,False,0.506560442278434,False,336.0638910981524,89.0,False,False,0.020928641598641964,0.008794568248033074,0.20234542587139995,0.0018378773427163116,0.3332595627924993,0.5148300039609022,0.212213,0,False
66336,2026-04-25 08:00:00+00:00,408.56,plan_b,footfall_plan_b,-0.28300238796744104,False,1.628891056648953,False,0.8171868611735325,False,0.5258086092808607,False,253.62577016679964,13.0,False,False,0.28300238796744104,0.11892237743215475,0.16936887735875092,0.010941510795072192,0.3729659541627943,0.38853967866909034,0.212148,0,False
66340,2026-04-24 07:00:00+00:00,113.24,plan_b,footfall_plan_b,-0.7863173864261771,False,1.1258858382224737,False,0.3373601713112546,False,0.44360056770503253,False,263.3448411899737,5.0,False,False,0.7863173864261771,0.3304238302780596,0.11706738745693339,0.0045169962117705305,0.20338177130612092,0.4034287206218171,0.211764,0,False
66336,2026-04-26 19:00:00+00:00,335.23,plan_b,footfall_plan_b,-0.15030350081525523,False,0.5709737947201768,False,0.47134246470076613,False,0.5054763843759176,False,390.5495184319703,34.0,False,False,0.15030350081525523,0.06316006653407599,0.05936872832488236,0.00631091725862222,0.3310232964851698,0.5982987623699662,0.211632,0,False
66333,2026-04-26 01:00:00+00:00,42.68,plan_b,footfall_plan_b,1.334606981851843,False,1.0083399549962095,False,0.28241893046928873,False,0.4456778080852767,False,117.76681250071476,13.0,False,False,1.334606981851843,0.5608243674524528,0.1048451985027302,0.0037813747666291396,0.20766684008683944,0.18041179118674772,0.211506,0,False
66342,2026-04-21 13:00:00+00:00,5.55,plan_b,footfall_plan_b,-1.1104659319763541,False,2.549245828105609,False,4.374698615114894,False,0.40387675934983563,False,95.12154219430343,3.0,False,False,1.1104659319763541,0.46663651722696653,0.2650655501209353,0.05857388853967698,0.1214368733285012,0.14572057647918363,0.211487,0,False
66342,2026-04-24 20:00:00+00:00,215.81,plan_b,footfall_plan_b,-0.3131543700399795,False,0.8169151725082282,False,0.4184665714201269,False,0.524006928286525,False,303.23053589532776,388.0,False,False,0.3131543700399795,0.13159274893718428,0.08494122740761496,0.005602949247121917,0.36924932750029194,0.46453124578761484,0.211183,0,False
66335,2026-04-22 12:00:00+00:00,415.71,plan_b,footfall_plan_b,-1.0821126190091928,False,0.985786114526234,False,8.813623631334771,False,0.4160575629615504,False,152.31926126768684,16.0,False,False,1.0821126190091928,0.45472197682202586,0.10250009468198318,0.11800771976126351,0.1465642402798827,0.23334409902092582,0.211028,0,False
66335,2026-04-25 08:00:00+00:00,414.75,plan_b,footfall_plan_b,0.6435395631960317,False,0.8821639563691557,False,0.3670771234419406,False,0.42718962136368627,False,337.17117693788396,60.0,False,False,0.6435395631960317,0.27042618041699096,0.09172566718118955,0.00491488360813372,0.16952818628141425,0.5165263003746348,0.210624,0,False
66335,2026-04-26 01:00:00+00:00,465.69,plan_b,footfall_plan_b,0.9443547287927248,False,0.5419246117400774,False,0.22449024991456681,False,0.4176914911745349,False,291.49557301963404,7.0,False,False,0.9443547287927248,0.396833787495281,0.056348251608870345,0.0030057537749705585,0.14993481541503978,0.4465539767509663,0.210535,0,False
66330,2026-04-22 20:00:00+00:00,122.44,plan_b,footfall_plan_b,-0.7349608197373672,False,0.9267923806071302,False,6.759708102300003,False,0.4954530644760186,False,159.28947949946553,56.0,False,False,0.7349608197373672,0.30884293461406637,0.09636604265665316,0.09050735234122477,0.31034652956368175,0.24402206108388041,0.210017,0,False
66338,2026-04-20 01:00:00+00:00,3.11,plan_b,footfall_plan_b,1.9240098713238711,False,0.0,False,0.006307114836266251,False,0.4617873313495277,False,,,False,False,1.9240098713238711,0.8085014043312344,0.0,8.444747259845234e-05,0.2408986296613262,0.0,0.209897,0,False
66331,2026-04-25 11:00:00+00:00,160.58,plan_b,footfall_plan_b,-0.4016826967338201,False,0.5205675540463035,False,9.06456723159029,False,0.4605651109936359,False,304.67367851914884,693.0,False,False,0.4016826967338201,0.16879384521109012,0.05412758689927208,0.12136766378582485,0.23837735271138788,0.466742054929621,0.209882,0,False
66336,2026-04-21 17:00:00+00:00,903.97,plan_b,footfall_plan_b,0.2631585618992161,False,0.7336331370190005,False,5.308558623136861,False,0.47804427569966323,False,336.0638910981524,41.0,False,False,0.2631585618992161,0.11058366696991308,0.07628172571940474,0.0710775640689006,0.2744345291976408,0.5148300039609022,0.209441,0,False
66332,2026-04-25 07:00:00+00:00,269.5,plan_b,footfall_plan_b,0.288573310758275,False,1.7892880990840014,False,3.850449357216927,False,0.48327573180786554,False,262.95790827804694,9.0,False,False,0.288573310758275,0.12126337316556593,0.18604664527821882,0.05155458954316373,0.28522632270414,0.4028359622867014,0.209385,0,False
66335,2026-04-20 19:00:00+00:00,214.08,plan_b,footfall_plan_b,-0.6508193944685459,False,1.026324602685621,False,0.41427800882838123,False,0.44899563262912123,False,291.49557301963404,4.0,False,False,0.6508193944685459,0.2734852883222286,0.10671520667572292,0.005546867578423026,0.21451106789405106,0.4465539767509663,0.209362,0,False
66338,2026-04-26 04:00:00+00:00,2.27,plan_b,footfall_plan_b,0.9483779881611274,False,0.9991863023652466,False,0.01632245078467948,False,0.44081297012824205,False,226.01366425665876,1.0,False,False,0.9483779881611274,0.39852442895082824,0.1038934197674306,0.00021854520666929862,0.19763133073934,0.3462395655904888,0.209301,0,False
66335,2026-04-20 11:00:00+00:00,662.83,plan_b,footfall_plan_b,-0.6312649442826728,False,0.26280506030528855,False,0.22589055298474617,False,0.505330139088877,False,274.0258427063832,20.0,False,False,0.6312649442826728,0.26526817848727485,0.027325951509412853,0.0030245027684831774,0.3307216120389282,0.41979138319479037,0.209226,0,False
66330,2026-04-21 22:00:00+00:00,41.32,plan_b,footfall_plan_b,-0.722509868287593,False,1.2139061773383009,False,0.30065259152000606,False,0.45753946431608844,False,247.676685298809,13.0,False,False,0.722509868287593,0.30361083477796946,0.12621956860491856,0.004025509625740323,0.2321358487223698,0.3794260325223913,0.209084,0,False
66331,2026-04-20 14:00:00+00:00,207.29,plan_b,footfall_plan_b,-0.09342446206609023,False,1.685521997261547,False,0.49588301568027066,False,0.4464488474583113,False,401.161729637475,391.0,False,False,0.09342446206609023,0.039258534950941205,0.1752572507991806,0.0066394965789917,0.2092573910782019,0.6145560422553801,0.208994,0,False
66342,2026-04-24 14:00:00+00:00,1205.15,plan_b,footfall_plan_b,0.08754985901795075,False,0.8382816655726677,False,2.0229777706562513,False,0.5530403380709278,False,303.23053589532776,547.0,False,False,0.08754985901795075,0.03678992765058406,0.08716287318843378,0.027086134356149573,0.42914136457417595,0.46453124578761484,0.208942,0,False
66336,2026-04-25 01:00:00+00:00,63.68,plan_b,footfall_plan_b,0.8680128747061009,False,0.7554422308736194,False,0.35373493515063786,False,0.44104001153165556,False,260.15769419081494,4.0,False,False,0.8680128747061009,0.36475365258629755,0.07854939225688791,0.004736241850470689,0.1980996867557888,0.39854619992957874,0.208937,0,False
66335,2026-04-24 05:00:00+00:00,518.7,plan_b,footfall_plan_b,0.8565493260863005,False,0.877221139241728,False,0.5628659629059771,False,0.4124999794681951,False,291.49557301963404,9.0,False,False,0.8565493260863005,0.3599364760759969,0.09121172281121781,0.007536347317760719,0.13922542186138828,0.4465539767509663,0.208893,0,False
66335,2026-04-23 13:00:00+00:00,1009.58,plan_b,footfall_plan_b,0.10526104528687057,False,1.498711027034921,False,0.3040443252455409,False,0.5019548903871919,False,337.17117693788396,62.0,False,False,0.10526104528687057,0.04423246689334833,0.15583301479737321,0.004070922361719285,0.32375892588266747,0.5165263003746348,0.208884,0,False
66335,2026-04-21 02:00:00+00:00,61.27,plan_b,footfall_plan_b,-1.3225667490404491,False,1.7067657985423774,False,0.6214638944132167,False,0.4918099473424838,False,,,False,False,1.3225667490404491,0.5557648585166756,0.17746613933047914,0.008320929070867506,0.3028312666976788,0.0,0.208877,0,False
66335,2026-04-23 05:00:00+00:00,531.78,plan_b,footfall_plan_b,0.9252419276650664,False,0.471747910760778,False,5.507348089385633,False,0.42326351715525123,False,242.15646833367325,4.0,False,False,0.9252419276650664,0.38880226604483087,0.04905141673885961,0.07373920388991297,0.16142915896930554,0.3709693866365772,0.208798,0,False
66342,2026-04-20 13:00:00+00:00,100.14,plan_b,footfall_plan_b,-1.0384042418756714,False,1.3864448969644438,False,1.169151931438931,False,0.42073928047534354,False,190.30977346759514,27.0,False,False,1.0384042418756714,0.4363549794275813,0.14415980415640764,0.01565405550029038,0.15622199667114836,0.2915433166829123,0.208787,0,False
66331,2026-04-25 13:00:00+00:00,264.53,plan_b,footfall_plan_b,0.09147168840771959,False,1.7781963436723611,False,0.2841527650933444,False,0.5420452742049217,False,266.059080780759,837.0,False,False,0.09147168840771959,0.03843794651807243,0.1848933464407434,0.0038045894940768273,0.406460019958349,0.4075867751355248,0.208237,0,False
66330,2026-04-24 18:00:00+00:00,264.07,plan_b,footfall_plan_b,-0.43126056522633277,False,0.5089679631011552,False,0.8846675452732595,False,0.4811991912301402,False,335.47309403240257,157.0,False,False,0.43126056522633277,0.18122296450498776,0.05292148432526556,0.01184502585217396,0.2809426975223206,0.5139249378001011,0.208171,0,False
66330,2026-04-23 09:00:00+00:00,164.12,plan_b,footfall_plan_b,-0.4966325366257594,False,0.5662173539087982,False,0.1726277944247472,False,0.4694905217407904,False,335.47309403240257,43.0,False,False,0.4966325366257594,0.20869336965627236,0.05887416299642887,0.002311354925011184,0.25678928005088336,0.5139249378001011,0.208119,0,False
66340,2026-04-26 09:00:00+00:00,663.26,plan_b,footfall_plan_b,-0.28485518369071217,False,1.1364936480324213,False,0.010702374390043894,False,0.4971086651686994,False,316.6477433941975,102.0,False,False,0.28485518369071217,0.11970095345015246,0.11817036658583972,0.0001432966564751251,0.31376181212270293,0.48508561408709366,0.207372,0,False
66333,2026-04-23 16:00:00+00:00,431.77,plan_b,footfall_plan_b,0.17000258523685804,False,2.284168200847046,False,0.09008720028939753,False,0.5028014702609377,False,261.78018391964736,95.0,False,False,0.17000258523685804,0.07143795411473926,0.23750330158476454,0.0012061991220083492,0.32550530681280637,0.40103175822860276,0.207337,0,False
66331,2026-04-24 23:00:00+00:00,39.3,plan_b,footfall_plan_b,1.4135293263082571,False,0.37668220288500337,False,4.138177564644628,False,0.44998219111392807,False,85.35702140185161,44.0,False,False,1.4135293263082571,0.5939888679454877,0.039166672051661716,0.05540705149182498,0.21654620595693708,0.13076190816814495,0.207174,0,False
66331,2026-04-22 20:00:00+00:00,84.15,plan_b,footfall_plan_b,-0.6578942854612583,False,0.7010563649339869,False,0.2921181250329288,False,0.4780429513737731,False,266.29487608786127,524.0,False,False,0.6578942854612583,0.27645827686472635,0.07289445725016681,0.003911239607908125,0.2744317972906447,0.40794799959939904,0.207129,0,False
66336,2026-04-22 19:00:00+00:00,329.38,plan_b,footfall_plan_b,-0.1782893524879908,False,1.0980495005803597,False,2.536524820204353,False,0.4891450716801959,False,336.0638910981524,16.0,False,False,0.1782893524879908,0.07492019350434119,0.11417302000554401,0.033962138919339455,0.29733398500916075,0.5148300039609022,0.207044,0,False
66342,2026-04-22 11:00:00+00:00,132.84,plan_b,footfall_plan_b,-1.0366272884983359,False,0.3509824774636149,False,6.406496177924595,False,0.431183113282987,False,195.1458618392765,25.0,False,False,1.0366272884983359,0.43560827364274124,0.0364944653222544,0.08577811320740925,0.17776622541843304,0.2989519180277703,0.20692,0,False
66340,2026-04-26 19:00:00+00:00,345.54,plan_b,footfall_plan_b,-0.5245370770410552,False,0.5256063757902437,False,0.008354138429771925,False,0.47769116032671055,False,316.6477433941975,51.0,False,False,0.5245370770410552,0.22041932826451002,0.05465151363979807,0.00011185556224143256,0.2737060994621985,0.48508561408709366,0.206795,0,False
66332,2026-04-24 06:00:00+00:00,46.47,plan_b,footfall_plan_b,-0.5205699256011052,False,0.9560871207629488,False,0.04956979034183793,False,0.4515476122536329,False,322.95354615970024,8.0,False,False,0.5205699256011052,0.21875226430699127,0.09941205192317502,0.0006637018066538775,0.21977546017239646,0.49474573095395535,0.20667,0,False
66331,2026-04-21 22:00:00+00:00,30.97,plan_b,footfall_plan_b,-0.6716868447775517,False,1.0603339235998013,False,0.8580967687891412,False,0.45233136354224496,False,266.29487608786127,158.0,False,False,0.6716868447775517,0.2822541429581119,0.11025142874499884,0.011489263355800815,0.22139223414358453,0.40794799959939904,0.206667,0,False
66333,2026-04-21 11:00:00+00:00,2.75,plan_b,footfall_plan_b,-0.9746886672698326,False,0.2557497438538756,False,3.8164937471738307,False,0.44506882905267675,False,221.36373290033765,2.0,False,False,0.9746886672698326,0.4095806201509595,0.026592353628873897,0.05109994973984351,0.2064105978793779,0.33911614578251686,0.20656,0,False
66331,2026-04-21 19:00:00+00:00,82.72,plan_b,footfall_plan_b,-0.5163067046288583,False,0.9962580501984561,False,0.4763854089038327,False,0.4886323530712548,False,266.29487608786127,293.0,False,False,0.5163067046288583,0.21696078693756163,0.10358894588620436,0.006378438447542905,0.2962763151673061,0.40794799959939904,0.20623,0,False
66340,2026-04-25 23:00:00+00:00,177.95,plan_b,footfall_plan_b,0.5838697674541575,False,1.059487736910407,False,0.18437690096384618,False,0.4354063643940475,False,316.6477433941975,18.0,False,False,0.5838697674541575,0.24535192566783626,0.11016344392303445,0.0024686665291715764,0.18647822700537173,0.48508561408709366,0.20591,0,False
66340,2026-04-26 03:00:00+00:00,51.97,plan_b,footfall_plan_b,-0.5604624472938625,False,2.7694603654502736,False,0.13589182016772997,False,0.4245911117987046,False,221.2343187510366,8.0,False,False,0.5604624472938625,0.23551577487500922,0.2879630231077863,0.001819488158671565,0.164167808965818,0.33891789096025804,0.205677,0,False
66330,2026-04-22 02:00:00+00:00,4.63,plan_b,footfall_plan_b,-0.7338542966723898,False,3.6150514824736426,False,0.3337762234884131,False,0.4925585992521093,False,22.700713993374748,2.0,False,False,0.7338542966723898,0.3083779549560651,0.3758859186324348,0.004469009875161689,0.3043756353495074,0.034776151156659274,0.205577,0,False
66333,2026-04-21 13:00:00+00:00,4.63,plan_b,footfall_plan_b,-0.9685774096720308,False,0.4578157339526672,False,5.244800847803512,False,0.4244310668486538,False,221.36373290033765,1.0,False,False,0.9685774096720308,0.4070125666166744,0.047602776490316655,0.07022389592979492,0.1638376576624364,0.33911614578251686,0.205559,0,False
66335,2026-04-21 20:00:00+00:00,147.31,plan_b,footfall_plan_b,-0.994114826290854,False,0.8862942703903004,False,0.48211996770613275,False,0.44221389607553435,False,202.8699929575802,4.0,False,False,0.994114826290854,0.4177438198742804,0.0921551290816923,0.006455219830139092,0.2005212533972729,0.3107848300411273,0.205532,0,False
66336,2026-04-23 07:00:00+00:00,216.15,plan_b,footfall_plan_b,-0.4762367328996058,False,0.6577054549313527,False,0.2466901681677,False,0.461271612766826,False,336.0638910981524,16.0,False,False,0.4762367328996058,0.20012270887077807,0.06838691518364495,0.0033029938026278268,0.23983477127527275,0.5148300039609022,0.205295,0,False
66330,2026-04-21 10:00:00+00:00,180.77,plan_b,footfall_plan_b,-1.0369705485807825,False,0.8795253260045033,False,0.15297309565730524,False,0.47678562287354836,False,147.0697017184712,52.0,False,False,1.0369705485807825,0.43575251731988934,0.09145130760336408,0.002048193451233901,0.271838096939611,0.22530208428770257,0.205278,0,False
66335,2026-04-26 16:00:00+00:00,525.2,plan_b,footfall_plan_b,-0.3704397478318968,False,0.2780938974092546,False,0.7446618953360744,False,0.49756948016461416,False,337.17117693788396,49.0,False,False,0.3704397478318968,0.15566503104067572,0.02891565461807054,0.009970456640477457,0.31471241176030923,0.5165263003746348,0.205158,0,False
66335,2026-04-26 07:00:00+00:00,278.8,plan_b,footfall_plan_b,0.5950590918886828,False,1.4305231176582691,False,0.7432956804005181,False,0.4273450419923471,False,291.49557301963404,12.0,False,False,0.5950590918886828,0.25005386854955686,0.14874297055320942,0.009952164061171529,0.1698487982289231,0.4465539767509663,0.20503,0,False
66340,2026-04-26 20:00:00+00:00,243.69,plan_b,footfall_plan_b,-0.7078763859638454,False,0.8418144418795089,False,0.08364471331501255,False,0.41959121955274853,False,316.6477433941975,29.0,False,False,0.7078763859638454,0.29746159865119975,0.08753020429667883,0.001119939119398767,0.15385370070282306,0.48508561408709366,0.20501,0,False
66340,2026-04-24 05:00:00+00:00,59.2,plan_b,footfall_plan_b,-0.6971534370046877,False,1.2856644646492315,False,0.2854013840853653,False,0.46843661432501044,False,221.2343187510366,6.0,False,False,0.6971534370046877,0.29295563461158397,0.13368085370033933,0.003821307553102531,0.2546152101608133,0.33891789096025804,0.204798,0,False
66330,2026-04-22 21:00:00+00:00,71.7,plan_b,footfall_plan_b,-0.7891749148419548,False,0.8643503701462998,False,1.7703286485272507,False,0.5016531094305853,False,166.59254042344241,39.0,False,False,0.7891749148419548,0.33162461192242976,0.0898734456418895,0.023703354690345634,0.32313639217493245,0.2552099184646057,0.20471,0,False
66335,2026-04-26 02:00:00+00:00,487.03,plan_b,footfall_plan_b,0.9877197066432765,False,0.651180457156857,False,0.159658536037645,False,0.4021346644543552,False,274.0258427063832,6.0,False,False,0.9877197066432765,0.41505648271816953,0.06770845879251698,0.002137706415240998,0.11784316480989689,0.41979138319479037,0.204507,0,False
66332,2026-04-26 04:00:00+00:00,13.08,plan_b,footfall_plan_b,-0.35441132281367294,False,3.0103952061847314,False,0.6352447476720748,False,0.41829478412779025,False,260.66708279718154,8.0,False,False,0.35441132281367294,0.14892961646219693,0.31301495234837945,0.008505444218945838,0.15117932800212808,0.3993265531456782,0.204191,0,False
66340,2026-04-20 20:00:00+00:00,556.56,plan_b,footfall_plan_b,0.3413196144527421,False,0.8362175115142448,False,0.4385107702198856,False,0.4899386427043299,False,316.6477433941975,26.0,False,False,0.3413196144527421,0.14342825976301096,0.08694824652316753,0.005871325830209884,0.29897101577995666,0.48508561408709366,0.204061,0,False
66332,2026-04-24 09:00:00+00:00,308.05,plan_b,footfall_plan_b,-0.5124701194321265,False,0.8223568241278019,False,0.7848493615030175,False,0.4486367891220078,False,322.95354615970024,70.0,False,False,0.5124701194321265,0.21534858911798405,0.08550703960360104,0.010508536259453163,0.21377082178478052,0.49474573095395535,0.203976,0,False
66335,2026-04-20 15:00:00+00:00,404.77,plan_b,footfall_plan_b,-0.6958698912269554,False,0.8542352390360963,False,1.041067539047405,False,0.514820072947741,False,178.90689823173693,14.0,False,False,0.6958698912269554,0.2924162670234614,0.08882169427185238,0.013939102863852254,0.35029807497333443,0.274074786268474,0.20391,0,False
66330,2026-04-21 09:00:00+00:00,131.88,plan_b,footfall_plan_b,-0.7908212889636812,False,0.9182173171392336,False,2.0299609078930265,False,0.500342610238627,False,159.28947949946553,54.0,False,False,0.7908212889636812,0.3323164461013025,0.0954744244806497,0.02717963325473676,0.3204330078059279,0.24402206108388041,0.203885,0,False
66332,2026-04-25 06:00:00+00:00,105.32,plan_b,footfall_plan_b,0.2515506938680936,False,1.6983296011519498,False,0.6786302422165544,False,0.485341177090266,False,286.004938366057,2.0,False,False,0.2515506938680936,0.1057058450084298,0.1765889601751506,0.009086343006557604,0.28948705977726397,0.43814264921675244,0.203802,0,False
66342,2026-04-26 22:00:00+00:00,360.03,plan_b,footfall_plan_b,0.8652565817324607,False,0.0,False,0.6214152918479184,False,0.4961367235858527,False,217.9342904019919,127.0,False,False,0.8652565817324607,0.3635954117824689,0.0,0.00832027831946884,0.3117568267714895,0.3338624427165978,0.203507,0,False
66336,2026-04-20 08:00:00+00:00,474.3,plan_b,footfall_plan_b,0.7709959844415655,False,0.8949620257195767,False,0.006334062915298862,False,0.5258195823041154,False,148.15661711410272,22.0,False,False,0.7709959844415655,0.32398551870517855,0.09305638517450922,8.480828688910106e-05,0.37298859004058005,0.22696717438592648,0.203416,0,False
66331,2026-04-22 21:00:00+00:00,45.19,plan_b,footfall_plan_b,-0.8571671223637699,False,0.5884816737434182,False,1.129639535286367,False,0.4763878680902321,False,202.00261592432264,344.0,False,False,0.8571671223637699,0.36019608449348434,0.0611891630328975,0.015125014555577194,0.27101758207740245,0.3094560597290048,0.203397,0,False
66336,2026-04-23 02:00:00+00:00,17.9,plan_b,footfall_plan_b,-1.4065610900323535,False,2.047414332258127,False,0.10072555012072805,False,0.44754549335043614,False,,,False,False,1.4065610900323535,0.5910606975141668,0.2128861015764719,0.0013486385383177355,0.2115196247226754,0.0,0.203363,0,False
66332,2026-04-26 19:00:00+00:00,339.0,plan_b,footfall_plan_b,-0.3760258244938876,False,0.937737280171952,False,0.22400406360847994,False,0.4722742702631552,False,322.95354615970024,49.0,False,False,0.3760258244938876,0.15801239468637984,0.09750407171300499,0.0029992441099609833,0.2625317805337377,0.49474573095395535,0.203159,0,False
66342,2026-04-22 12:00:00+00:00,131.26,plan_b,footfall_plan_b,-1.045064006861058,False,0.4546739084034172,False,8.653397323918616,False,0.440490886053377,False,141.14315494692627,19.0,False,False,1.045064006861058,0.43915352501898,0.0472760956702818,0.11586241131891921,0.19696691441704192,0.2162229651716955,0.203096,0,False
66336,2026-04-23 01:00:00+00:00,8.6,plan_b,footfall_plan_b,-1.485676160891932,False,0.6607813566755921,False,1.0664229880611718,False,0.49413820406140285,False,,,False,False,1.485676160891932,0.6243061848929408,0.06870674137653929,0.014278593049364574,0.3076341485762631,0.0,0.202985,0,False
66340,2026-04-20 12:00:00+00:00,2420.6,plan_b,footfall_plan_b,0.2769975303922952,False,0.6012287334559097,False,0.09108216885977757,False,0.5145211802990249,False,316.6477433941975,96.0,False,False,0.2769975303922952,0.11639903498226707,0.06251457714473575,0.0012195209947290354,0.3496814994580592,0.48508561408709366,0.20298,0,False
66331,2026-04-22 03:00:00+00:00,3.53,plan_b,footfall_plan_b,-0.7635984100878045,False,2.3256897187483485,False,0.7767285013717518,False,0.4466896918647342,False,148.77727156936393,44.0,False,False,0.7635984100878045,0.3208769331709759,0.24182062707100208,0.010399804116276123,0.20975422084176154,0.22791798030148128,0.202154,0,False
66331,2026-04-21 20:00:00+00:00,76.07,plan_b,footfall_plan_b,-0.7922039796886137,False,1.0023676560303807,False,1.3636957046164477,False,0.46406394843301835,False,202.00261592432264,363.0,False,False,0.7922039796886137,0.33289747606872905,0.10422421064294404,0.018258848718917347,0.2455949858861024,0.3094560597290048,0.202086,0,False
66330,2026-04-26 18:00:00+00:00,220.65,plan_b,footfall_plan_b,-0.8127318151750874,False,0.02637306340495199,False,0.1907287161035063,False,0.5068366588146764,False,213.98811469387093,74.0,False,False,0.8127318151750874,0.3415236188271727,0.0027422190840664202,0.002553712504848535,0.333829360523868,0.3278171349365693,0.201693,0,False
66331,2026-04-25 10:00:00+00:00,139.25,plan_b,footfall_plan_b,-0.18229918835426553,False,0.7588634539999303,False,0.35384374206753894,False,0.4576546395884644,False,401.161729637475,790.0,False,False,0.18229918835426553,0.07660519417785133,0.07890512428557812,0.004737698692366241,0.23237343988835274,0.6145560422553801,0.201435,0,False
66335,2026-04-25 05:00:00+00:00,411.66,plan_b,footfall_plan_b,0.29440436637749756,False,3.770137262836053,False,1.4147810383447301,False,0.4231600853590257,False,202.8699929575802,11.0,False,False,0.29440436637749756,0.12371368110168429,0.3920114320036756,0.01894284249930581,0.16121579302227562,0.3107848300411273,0.201334,0,False
66336,2026-04-21 19:00:00+00:00,260.54,plan_b,footfall_plan_b,-0.5076134600351887,False,1.0980495005803597,False,1.5702506858303402,False,0.4724421793551521,False,257.0844248627809,15.0,False,False,0.5076134600351887,0.2133077389117006,0.11417302000554401,0.02102446288148746,0.2628781545090164,0.3938381330939705,0.201044,0,False
66330,2026-04-23 08:00:00+00:00,101.49,plan_b,footfall_plan_b,-0.38567050731154534,False,0.7437478237785283,False,0.0015966739205071287,False,0.5092957631529917,False,278.4184134663701,42.0,False,False,0.38567050731154534,0.16206525310390976,0.07733343088673555,2.1378249905230876e-05,0.33890216352195235,0.42652054179130894,0.200969,0,False
66336,2026-04-22 07:00:00+00:00,251.61,plan_b,footfall_plan_b,0.24513680612730696,False,0.8264426276949145,False,0.050424755632537774,False,0.49046402083989543,False,336.0638910981524,13.0,False,False,0.24513680612730696,0.1030106211829508,0.08593187339493752,0.0006751491418988063,0.30005480053024125,0.5148300039609022,0.2009,0,False
66342,2026-04-22 10:00:00+00:00,85.7,plan_b,footfall_plan_b,-1.0977201340916052,False,0.8211215348434463,False,5.674026443920378,False,0.41067934224415537,False,160.31195452676852,18.0,False,False,1.0977201340916052,0.46128051794508607,0.08537859666172928,0.07597090033792954,0.1354696910350745,0.24558843234928535,0.200738,0,False
66331,2026-04-24 19:00:00+00:00,140.54,plan_b,footfall_plan_b,0.25312506985283856,False,2.337673954139454,False,0.5725829481569813,False,0.4606280373887751,False,266.059080780759,184.0,False,False,0.25312506985283856,0.10636742435559596,0.24306672421538092,0.0076664503628179285,0.23850716143928413,0.4075867751355248,0.200639,0,False
66338,2026-04-23 01:00:00+00:00,0.08,plan_b,footfall_plan_b,-1.7293696605274544,False,0.6744907594765952,False,6.793604216128585,False,0.4008695277817036,False,,,False,False,1.7293696605274544,0.7267103043406977,0.0701322180234807,0.09096119553546535,0.11523335724459031,0.0,0.200607,0,False
66340,2026-04-22 11:00:00+00:00,2153.34,plan_b,footfall_plan_b,0.33644897257394446,False,0.7954631345430805,False,0.25733436001050947,False,0.4856239723143832,False,316.6477433941975,121.0,False,False,0.33644897257394446,0.1413815338819775,0.08271068683684836,0.003445511439029457,0.29007042846089154,0.48508561408709366,0.200539,0,False
66333,2026-04-23 18:00:00+00:00,326.19,plan_b,footfall_plan_b,0.2278007277277933,False,1.3252101504755502,False,0.07311496697288544,False,0.5229153136854802,False,261.78018391964736,33.0,False,False,0.2278007277277933,0.09572570859465994,0.13779273606684,0.0009789538212427189,0.3669974727356721,0.40103175822860276,0.200505,0,False
66340,2026-04-22 07:00:00+00:00,312.18,plan_b,footfall_plan_b,0.8996360016003754,False,1.0235218277305362,False,0.8627472876892218,False,0.45717385272634475,False,179.5140679618003,15.0,False,False,0.8996360016003754,0.37804222396237547,0.10642377966733323,0.011551530268260527,0.23138164096481822,0.2750049343826079,0.200481,0,False
66340,2026-04-22 21:00:00+00:00,439.53,plan_b,footfall_plan_b,0.759160596937289,False,0.8040327452700828,False,5.170568993314984,False,0.4881672807412624,False,151.4478293988316,14.0,False,False,0.759160596937289,0.31901208922301705,0.08360173804761493,0.06922998783384478,0.2953169332195163,0.23200911694049942,0.199834,0,False
66335,2026-04-21 16:00:00+00:00,342.95,plan_b,footfall_plan_b,-1.0641476499185658,False,1.095024147575379,False,0.13033391900667962,False,0.4430686704273722,False,152.31926126768684,14.0,False,False,1.0641476499185658,0.4471727937564811,0.11385844977079693,0.001745072087585636,0.20228453843854902,0.23334409902092582,0.199681,0,False
66336,2026-04-22 06:00:00+00:00,147.31,plan_b,footfall_plan_b,0.24042784795592625,False,1.0470110244404136,False,0.6744375250717003,False,0.47328798779420006,False,336.0638910981524,6.0,False,False,0.24042784795592625,0.10103183752323981,0.1088661399839251,0.009030205711551139,0.2646229440726618,0.5148300039609022,0.199676,0,False
66331,2026-04-22 16:00:00+00:00,144.83,plan_b,footfall_plan_b,-0.5006791213144816,False,1.222844183679851,False,1.5126447748061511,False,0.46234566000600014,False,259.92566318207076,788.0,False,False,0.5006791213144816,0.2103938128048961,0.12714892486463555,0.020253163528453334,0.24205038692446454,0.39819074214814176,0.199607,0,False
66330,2026-04-21 18:00:00+00:00,231.34,plan_b,footfall_plan_b,-0.7188136285801499,False,0.8708275014646308,False,0.3475011756898147,False,0.49931633167160216,False,184.31289007533746,56.0,False,False,0.7188136285801499,0.30205761250049934,0.09054692497337272,0.004652776550580122,0.31831593253158635,0.2823564460241798,0.199586,0,False
66330,2026-04-20 19:00:00+00:00,144.66,plan_b,footfall_plan_b,-0.9348100417212052,False,0.4967508457016584,False,0.412630367928376,False,0.47418418529525846,False,183.63280024256247,62.0,False,False,0.9348100417212052,0.392822948977121,0.0516511725692604,0.005524806919410569,0.2664716795245944,0.2813145886257036,0.199557,0,False
66338,2026-04-25 05:00:00+00:00,0.59,plan_b,footfall_plan_b,-0.9323282162177045,False,2.0838876594254834,False,17.351359454999308,False,0.4205261258586679,False,,,False,False,0.9323282162177045,0.39178004403427646,0.21667852615309285,0.23232151152481334,0.15578228723642445,0.0,0.199312,0,False
66336,2026-04-25 04:00:00+00:00,16.18,plan_b,footfall_plan_b,-1.0820469418061527,False,1.134740002598585,False,1.043384778125232,False,0.4396613317330154,False,139.81572456342684,4.0,False,False,1.0820469418061527,0.4546943781533902,0.11798802599455108,0.013970128933395758,0.1952556549239669,0.21418942033781974,0.19922,0,False
66332,2026-04-23 19:00:00+00:00,2.41,plan_b,footfall_plan_b,-0.9421670495180315,False,2.6371694910378807,False,1.4434842383021196,False,0.39082070190942164,False,138.2664560193434,2.0,False,False,0.9421670495180315,0.3959144877597766,0.2742076790701505,0.01932715652478572,0.09450397491709549,0.21181603256301107,0.199154,0,False
66332,2026-04-24 21:00:00+00:00,67.46,plan_b,footfall_plan_b,-0.49536510175016457,False,1.3516085474169237,False,0.5393683751708764,False,0.4598837321607267,False,262.95790827804694,14.0,False,False,0.49536510175016457,0.2081607721410051,0.1405375892820263,0.007221732482308581,0.2369717594095677,0.4028359622867014,0.199146,0,False
66330,2026-04-20 16:00:00+00:00,364.75,plan_b,footfall_plan_b,-0.41103706472529883,False,1.917661460927628,False,0.05897091437294641,False,0.47215027830467027,False,235.15937813964103,99.0,False,False,0.41103706472529883,0.17272470844129678,0.1993946540903941,0.0007895757101139368,0.2622760017247866,0.3602502583168486,0.199087,0,False
66335,2026-04-26 17:00:00+00:00,491.58,plan_b,footfall_plan_b,-0.5467275180806849,False,0.30863628308948476,False,5.1269594440277,False,0.4166722306654489,False,337.17117693788396,43.0,False,False,0.5467275180806849,0.2297441259231235,0.03209139160391944,0.06864608912356715,0.14783221745457148,0.5165263003746348,0.198968,0,False
66332,2026-04-24 22:00:00+00:00,33.39,plan_b,footfall_plan_b,-0.4908859995868265,False,0.49908617325084803,False,0.36338196422866204,False,0.459810182979064,False,322.95354615970024,15.0,False,False,0.4908859995868265,0.20627857785334786,0.05189399531891986,0.0048654082355567094,0.23682003729536868,0.49474573095395535,0.198921,0,False
66330,2026-04-26 21:00:00+00:00,65.22,plan_b,footfall_plan_b,-0.9101637752780621,False,0.10498312964094865,False,0.013734539814354999,False,0.47687804997977623,False,213.98811469387093,36.0,False,False,0.9101637752780621,0.3824661720562771,0.01091593862972979,0.00018389504626678313,0.2720287616846044,0.3278171349365693,0.198682,0,False
66333,2026-04-20 11:00:00+00:00,1.03,plan_b,footfall_plan_b,-0.9780613311872491,False,2.1179635091041105,False,0.7438058693869036,False,0.40966576366101576,False,142.8509359813243,3.0,False,False,0.9780613311872491,0.4109978704230136,0.22022166575199753,0.00995899510382198,0.13337881412707508,0.21883918470611347,0.198679,0,False
66330,2026-04-22 09:00:00+00:00,134.49,plan_b,footfall_plan_b,-0.7670051399685825,False,0.8959287204760434,False,1.8266689302123083,False,0.4768680377516541,False,183.63280024256247,105.0,False,False,0.7670051399685825,0.3223084985354982,0.09315690018745808,0.02445770822873856,0.2720081077985353,0.2813145886257036,0.198649,0,False
66333,2026-04-23 20:00:00+00:00,203.42,plan_b,footfall_plan_b,-0.09554065850827727,False,0.357803968494997,False,0.3241068362204427,False,0.5060425481776304,False,377.2126915828801,22.0,False,False,0.09554065850827727,0.040147796394372215,0.03720375049708668,0.0043395441309103675,0.3321912166038839,0.5778675324716681,0.19835,0,False
66340,2026-04-25 02:00:00+00:00,106.7,plan_b,footfall_plan_b,0.06626718628592666,False,4.772878247363704,False,0.025833002585473136,False,0.40697488274514054,False,221.2343187510366,6.0,False,False,0.06626718628592666,0.027846589548101396,0.4962744606069802,0.0003458842647716775,0.127827887082275,0.33891789096025804,0.198243,0,False
66336,2026-04-26 03:00:00+00:00,25.47,plan_b,footfall_plan_b,1.099601706062243,False,1.6020246014864599,False,0.6089108256790182,False,0.43957724457358854,False,103.3724742019783,8.0,False,False,1.099601706062243,0.4620711862276579,0.16657535637347282,0.008152853024136562,0.19508219437258045,0.15836051629631723,0.198048,0,False
66342,2026-04-24 01:00:00+00:00,22.37,plan_b,footfall_plan_b,-0.6561086431711985,False,1.469092539308356,False,0.8670112399222427,False,0.4303271151783108,False,244.10183534589075,10.0,False,False,0.6561086431711985,0.27570791985218507,0.15275334289737985,0.01160862134694022,0.17600041593890087,0.3739495738364952,0.198004,0,False
66331,2026-04-24 15:00:00+00:00,203.42,plan_b,footfall_plan_b,0.19424577311173538,False,2.3886889313666564,False,0.006197984117981819,False,0.452704342266992,False,284.6448083380434,307.0,False,False,0.19424577311173538,0.08162535062160722,0.24837116086642924,8.298629524855178e-05,0.22216163931425523,0.43605901046156986,0.19766,0,False
66340,2026-04-22 12:00:00+00:00,2400.73,plan_b,footfall_plan_b,0.25920680888219905,False,0.598207456681476,False,0.2634866840681947,False,0.5038990178588487,False,316.6477433941975,81.0,False,False,0.25920680888219905,0.108923073689469,0.06220043074839626,0.003527886380784242,0.32776940055558657,0.48508561408709366,0.197501,0,False
66338,2026-04-23 00:00:00+00:00,0.0,plan_b,footfall_plan_b,-1.6399161673397653,False,1.5138764687860622,False,0.3812892757259632,False,0.4107732459950459,False,,,False,False,1.6399161673397653,0.6891204374993093,0.1574098875007721,0.005105173522258785,0.13566340190029755,0.0,0.19746,0,False
66342,2026-04-21 09:00:00+00:00,1.72,plan_b,footfall_plan_b,-1.1889119991187007,False,2.0609539546637663,False,1.098175541222584,False,0.37829844836970605,False,123.9839565564693,3.0,False,False,1.1889119991187007,0.4996008779582392,0.2142939247929749,0.014703735595939266,0.06867224248130961,0.18993608815417995,0.197441,0,False
66332,2026-04-21 06:00:00+00:00,47.15,plan_b,footfall_plan_b,-0.5116482260048595,False,1.297842987229437,False,0.8621876735990118,False,0.4545059684293273,False,260.66708279718154,10.0,False,False,0.5116482260048595,0.21500321563520727,0.13494715244320374,0.01154403746104589,0.2258781528656821,0.3993265531456782,0.19734,0,False
66342,2026-04-21 22:00:00+00:00,0.69,plan_b,footfall_plan_b,-0.740031145482613,False,5.905529038678668,True,0.7741568372601242,False,0.36955658209376385,False,,,False,False,0.740031145482613,0.31097357102427736,0.6140452545354408,0.01036537148895969,0.05063894281097826,0.0,0.197205,1,False
66333,2026-04-26 21:00:00+00:00,109.8,plan_b,footfall_plan_b,-0.1804836580233138,False,1.1158525935402583,False,0.6766216240821422,False,0.5132903224722423,False,285.7018719626486,41.0,False,False,0.1804836580233138,0.07584227770634153,0.11602415047607084,0.009059449136813677,0.3471424045621524,0.43767836941222693,0.197149,0,False
66335,2026-04-24 06:00:00+00:00,459.15,plan_b,footfall_plan_b,1.0401193402464357,False,0.9160539734733918,False,0.9874008790029469,False,0.4148426007565773,False,192.88386930712574,10.0,False,False,1.0401193402464357,0.43707569269521906,0.09524948427576051,0.013220547086574268,0.1440579359234889,0.2954866792587929,0.197018,0,False
66340,2026-04-26 10:00:00+00:00,1390.54,plan_b,footfall_plan_b,0.17395286381716998,False,0.8324917969327572,False,0.5217882629694904,False,0.5064282067040962,False,316.6477433941975,130.0,False,False,0.17395286381716998,0.07309792781200736,0.08656085407389971,0.0069863481454216485,0.3329867785077894,0.48508561408709366,0.196944,0,False
66330,2026-04-23 10:00:00+00:00,286.78,plan_b,footfall_plan_b,-0.2695914536882934,False,0.372116780857639,False,7.852037054944362,False,0.44850958889470816,False,335.47309403240257,84.0,False,False,0.2695914536882934,0.11328687661706587,0.038691968479383304,0.1051328065610402,0.21350842474682297,0.5139249378001011,0.196909,0,False
66340,2026-04-20 11:00:00+00:00,2175.71,plan_b,footfall_plan_b,0.3593970018686425,False,0.28317966237930664,False,0.09786675745816582,False,0.49867326281885904,False,316.6477433941975,90.0,False,False,0.3593970018686425,0.1510246829052366,0.02944446242260244,0.0013103614779971884,0.3169893675894884,0.48508561408709366,0.196771,0,False
66335,2026-04-25 18:00:00+00:00,466.23,plan_b,footfall_plan_b,-0.1833743388115272,False,1.0617364383959484,False,0.9659437662613488,False,0.47427362790136907,False,337.17117693788396,55.0,False,False,0.1833743388115272,0.07705699053686133,0.11039725946555738,0.012933252659989718,0.2666561876454434,0.5165263003746348,0.196714,0,False
66335,2026-04-21 01:00:00+00:00,61.61,plan_b,footfall_plan_b,-1.3619914450955741,False,0.970945473785605,False,0.7416359390292877,False,0.49031804490148556,False,,,False,False,1.3619914450955741,0.572331780859942,0.1009569941466436,0.009929941386048895,0.29975367171416134,0.0,0.196594,0,False
66342,2026-04-25 20:00:00+00:00,339.03,plan_b,footfall_plan_b,0.02164343150974151,False,0.8169151725082282,False,2.070427546837624,False,0.5368833495411501,False,303.23053589532776,479.0,False,False,0.02164343150974151,0.009094935026571552,0.08494122740761496,0.02772145078496083,0.3958116605120781,0.46453124578761484,0.19642,0,False
66332,2026-04-24 07:00:00+00:00,134.24,plan_b,footfall_plan_b,-0.4603631019717013,False,0.8591095420506941,False,0.7038487295241361,False,0.483709906641424,False,262.95790827804694,30.0,False,False,0.4603631019717013,0.1934523413802954,0.08932851467958866,0.009423999378950871,0.28612196725368233,0.4028359622867014,0.196233,0,False
66330,2026-04-23 12:00:00+00:00,351.75,plan_b,footfall_plan_b,-0.5903664462179347,False,0.9501732160100256,False,0.2734794764772327,False,0.45970830673325197,False,256.6362374405389,131.0,False,False,0.5903664462179347,0.2480819396777896,0.0987971357784024,0.003661682274001848,0.23660988024056762,0.3931515364720778,0.19606,0,False
66340,2026-04-22 10:00:00+00:00,1357.5,plan_b,footfall_plan_b,0.12649569089633836,False,0.75354362810592,False,1.9179413465412016,False,0.5088046080085518,False,316.6477433941975,56.0,False,False,0.12649569089633836,0.05315562318875636,0.07835197928810594,0.025679776492441155,0.3378889762202104,0.48508561408709366,0.196032,0,False
66340,2026-04-24 20:00:00+00:00,496.33,plan_b,footfall_plan_b,0.13934091689435993,False,0.9534663625955266,False,0.09865137928917246,False,0.5078465145259735,False,316.6477433941975,36.0,False,False,0.13934091689435993,0.05855340384110122,0.09913955066114574,0.0013208669677962778,0.33591255764571526,0.48508561408709366,0.196002,0,False
66342,2026-04-21 06:00:00+00:00,0.34,plan_b,footfall_plan_b,-0.8935725852920668,False,5.3452366868549985,False,0.3192593592475763,False,0.3661960182639924,False,,,False,False,0.8935725852920668,0.3754942741449771,0.5557871615624861,0.004274640099595774,0.04370654957930378,0.0,0.195853,0,False
66333,2026-04-25 04:00:00+00:00,30.29,plan_b,footfall_plan_b,0.7344629060596396,False,1.144854046078218,False,0.6723598948710483,False,0.4750050126396316,False,178.38584110436287,18.0,False,False,0.7344629060596396,0.30863370288730735,0.11903966427490797,0.009002387822707507,0.26816493643466843,0.2732765575683501,0.195623,0,False
66336,2026-04-20 16:00:00+00:00,912.89,plan_b,footfall_plan_b,0.26026282819525653,False,0.4756811647852971,False,0.13144049894067478,False,0.5396601499889423,False,271.54468161441895,50.0,False,False,0.26026282819525653,0.10936683081895837,0.04946038872982264,0.0017598883516112605,0.4015398280473736,0.41599039115536146,0.195623,0,False
66333,2026-04-20 10:00:00+00:00,4.13,plan_b,footfall_plan_b,-0.953636414274073,False,2.2066605400630626,False,1.2395029794761798,False,0.3714434753219806,False,179.48195189340618,4.0,False,False,0.953636414274073,0.40073410830863904,0.22944420798233997,0.016596002548287202,0.05453135090282862,0.27495573446540017,0.195252,0,False
66330,2026-04-20 11:00:00+00:00,335.56,plan_b,footfall_plan_b,-0.4235703641551331,False,0.32132875189180676,False,18.282609487675803,False,0.47259757031974087,False,167.07377693352896,117.0,False,False,0.4235703641551331,0.17799141228775492,0.03341112946065662,0.24479024146842593,0.2631987052635164,0.25594714433431875,0.195068,0,False
66342,2026-04-24 11:00:00+00:00,1551.77,plan_b,footfall_plan_b,0.19315447354830123,False,0.7255020411421426,False,0.11577676321173913,False,0.5154293449924241,False,303.23053589532776,573.0,False,False,0.19315447354830123,0.08116676813576194,0.07543627041732152,0.0015501628387424075,0.35155492162549185,0.46453124578761484,0.194848,0,False
66331,2026-04-21 23:00:00+00:00,8.75,plan_b,footfall_plan_b,-0.8613295420769086,False,1.0340109190067301,False,0.2587054080705583,False,0.4119780667300343,False,236.90594507795987,53.0,False,False,0.8613295420769086,0.3619452034734057,0.10751441467739781,0.0034638687301978984,0.1381487857619642,0.36292589556199983,0.1948,0,False
66330,2026-04-26 09:00:00+00:00,187.85,plan_b,footfall_plan_b,-0.28009720495768,False,2.0539426675642467,False,0.00023943782391165375,False,0.49990679152718465,False,210.04193898574997,63.0,False,False,0.28009720495768,0.11770157052350055,0.21356490499755132,3.205890426720441e-06,0.3195339721564114,0.32177182715654074,0.194515,0,False
66335,2026-04-20 18:00:00+00:00,348.13,plan_b,footfall_plan_b,-0.6116224980688219,False,1.0008685185127257,False,0.33980840075564533,False,0.4220247578988841,False,291.49557301963404,14.0,False,False,0.6116224980688219,0.257014091236947,0.10406833328249371,0.004549776142735336,0.15887376448209606,0.4465539767509663,0.194212,0,False
66333,2026-04-23 17:00:00+00:00,414.12,plan_b,footfall_plan_b,0.15489906383506752,False,1.2616708592321306,False,0.08060189284956573,False,0.5255884105815499,False,261.78018391964736,91.0,False,False,0.15489906383506752,0.06509119963821872,0.1311860459618504,0.0010791980667069238,0.37251171372873315,0.40103175822860276,0.19418,0,False
66342,2026-04-20 17:00:00+00:00,50.89,plan_b,footfall_plan_b,-1.0841600455145328,False,0.6732161344386548,False,0.9153426758452895,False,0.42076777949780886,False,180.63621972672783,12.0,False,False,1.0841600455145328,0.45558233997790376,0.06999968502758258,0.012255742529400178,0.15628078633873263,0.27672400451446466,0.194169,0,False
66331,2026-04-25 08:00:00+00:00,70.77,plan_b,footfall_plan_b,0.07047590667889145,False,0.8367854419597559,False,3.6414953285331446,False,0.4886616351529367,False,331.4709567785612,433.0,False,False,0.07047590667889145,0.029615164854738554,0.08700729881004789,0.048756853958876196,0.2963367201812096,0.5077939002419914,0.193902,0,False
66336,2026-04-20 19:00:00+00:00,285.32,plan_b,footfall_plan_b,-0.3890682626932428,False,0.47417172116638906,False,0.32900327505109833,False,0.4599970661740874,False,336.0638910981524,22.0,False,False,0.3890682626932428,0.16349304723252625,0.0493034397613037,0.0044051037242769245,0.2372055523047301,0.5148300039609022,0.193847,0,False
66331,2026-04-20 19:00:00+00:00,73.97,plan_b,footfall_plan_b,-0.6327461378131345,False,0.9962580501984561,False,0.21584735499661964,False,0.4508067147483119,False,247.09384614278434,270.0,False,False,0.6327461378131345,0.26589060099524287,0.10358894588620436,0.0028900319828830175,0.21824708781840346,0.378533157408602,0.19383,0,False
66336,2026-04-22 21:00:00+00:00,224.07,plan_b,footfall_plan_b,0.2900161154950684,False,0.8706769584511391,False,1.1228766574878462,False,0.4548026148636434,False,336.0638910981524,11.0,False,False,0.2900161154950684,0.12186966405484839,0.09053127180793527,0.015034464763413372,0.22649009474139797,0.5148300039609022,0.193751,0,False
66332,2026-04-26 18:00:00+00:00,361.18,plan_b,footfall_plan_b,-0.36845285233764163,False,1.4798408319670784,False,0.022675660899593168,False,0.5157484048341469,False,200.53588338961603,61.0,False,False,0.36845285233764163,0.1548301040367621,0.15387092915565068,0.0003036098600043557,0.3522130993597348,0.30720911223879666,0.193685,0,False
66333,2026-04-24 05:00:00+00:00,81.92,plan_b,footfall_plan_b,1.2132238468739478,False,1.236748748858997,False,0.06388974777811755,False,0.46790823830679623,False,48.79137271918094,1.0,False,False,1.2132238468739478,0.5098171265050719,0.12859469411049193,0.0008554351498075138,0.2535252411800139,0.07474549713803476,0.193508,0,False
66338,2026-04-24 14:00:00+00:00,0.0,plan_b,footfall_plan_b,-1.3808606024696122,False,0.846760524939787,False,12.525742609544821,False,0.4077126546826269,False,,,False,False,1.3808606024696122,0.5802609190950591,0.08804448825190284,0.16771017069684288,0.1293498118083105,0.0,0.193073,0,False
66342,2026-04-20 08:00:00+00:00,37.52,plan_b,footfall_plan_b,-1.063073782524368,False,0.6661126163319963,False,0.7366041824505453,False,0.4295293917600758,False,172.03865217473424,10.0,False,False,1.063073782524368,0.4467215365622147,0.06926107523405997,0.009862569990912385,0.17435481933504274,0.26355303954591874,0.192751,0,False
66336,2026-04-20 18:00:00+00:00,642.55,plan_b,footfall_plan_b,-0.07709840725045901,False,0.575472014838374,False,0.23966493535426686,False,0.5142128402973458,False,336.0638910981524,29.0,False,False,0.07709840725045901,0.03239805131083173,0.059836444375272455,0.003208931276272852,0.3490454353185365,0.5148300039609022,0.191864,0,False
66330,2026-04-20 09:00:00+00:00,153.51,plan_b,footfall_plan_b,-0.5934483760272902,False,1.113783957893991,False,1.4209071633149133,False,0.5015968339122124,False,164.3398234242189,81.0,False,False,0.5934483760272902,0.24937701857320071,0.11580905782414519,0.019024866655197113,0.3230203033153129,0.2517588892634521,0.191798,0,False
66340,2026-04-24 08:00:00+00:00,247.48,plan_b,footfall_plan_b,-0.7071720574145925,False,1.4348169067154546,False,1.4763194049343324,False,0.4194247235146966,False,221.2343187510366,19.0,False,False,0.7071720574145925,0.2971656279133835,0.14918943026533216,0.019766794442664652,0.15351024166863766,0.33891789096025804,0.19171,0,False
66336,2026-04-23 00:00:00+00:00,12.74,plan_b,footfall_plan_b,-1.3918657297305455,False,0.5087070776314517,False,0.6745439938814902,False,0.46731923539744713,False,38.48262612558195,1.0,False,False,1.3918657297305455,0.5848854592171876,0.052894357968998496,0.009031631247970046,0.25231020704019635,0.05895310708901148,0.191615,0,False
66331,2026-04-20 23:00:00+00:00,12.96,plan_b,footfall_plan_b,-0.5478383526856958,False,1.0340109190067301,False,0.43003360267397595,False,0.4449859310299476,False,266.29487608786127,71.0,False,False,0.5478383526856958,0.23021091736297877,0.10751441467739781,0.005757823001637717,0.2062395903577842,0.40794799959939904,0.191534,0,False
66333,2026-04-21 15:00:00+00:00,3.8,plan_b,footfall_plan_b,-0.9102920485606282,False,1.3252101504755502,False,2.4949253385041814,False,0.37600417091974864,False,221.36373290033765,2.0,False,False,0.9102920485606282,0.38252007465347193,0.13779273606684,0.033405153485875444,0.063939455285076,0.33911614578251686,0.191355,0,False
66331,2026-04-24 07:00:00+00:00,40.56,plan_b,footfall_plan_b,0.352020145548109,False,1.1109250359823108,False,1.3850454586862853,False,0.4481954886859036,False,301.1793835930069,134.0,False,False,0.352020145548109,0.14792480343809167,0.11551179276601801,0.01854470569450773,0.21286047807124012,0.4613890017801507,0.191246,0,False
66330,2026-04-20 05:00:00+00:00,15.65,plan_b,footfall_plan_b,-1.0070509029976273,False,0.6382248199192003,False,0.5224751090804983,False,0.4610298605666876,False,143.47825896175158,13.0,False,False,1.0070509029976273,0.42317977752701647,0.06636135720125197,0.00699554449266511,0.23933606885482334,0.21980020640779876,0.191135,0,False
66342,2026-04-20 16:00:00+00:00,62.98,plan_b,footfall_plan_b,-1.0404084249946575,False,1.170869426222352,False,1.0653069213432542,False,0.4121061530299686,False,159.16654178633578,21.0,False,False,1.0404084249946575,0.4371971709830343,0.12174469215942335,0.014263649764514668,0.13841301064913003,0.2438337277787737,0.19109,0,False
66333,2026-04-23 14:00:00+00:00,484.12,plan_b,footfall_plan_b,-0.009196189363760937,False,1.6047616243938398,False,0.10696361011647995,False,0.5303124250434968,False,261.78018391964736,69.0,False,False,0.009196189363760937,0.003864393902501508,0.16685994661370768,0.0014321614191014655,0.3822567230608607,0.40103175822860276,0.191089,0,False
66333,2026-04-23 09:00:00+00:00,176.57,plan_b,footfall_plan_b,-0.24386776518262826,False,1.0999190783390755,False,0.004910931628379556,False,0.4899324051931331,False,285.7018719626486,25.0,False,False,0.24386776518262826,0.10247734877036148,0.11436741501117442,6.575364090975758e-05,0.29895814862950404,0.43767836941222693,0.190709,0,False
66332,2026-04-24 08:00:00+00:00,244.72,plan_b,footfall_plan_b,-0.4384046544709774,False,0.8353224842477297,False,0.8261908716203008,False,0.45725494695729646,False,286.004938366057,44.0,False,False,0.4384046544709774,0.18422503132026272,0.08685518335438386,0.011062067649548268,0.23154892750548653,0.43814264921675244,0.190367,0,False
66340,2026-04-22 00:00:00+00:00,162.46,plan_b,footfall_plan_b,0.8088050949568099,False,1.4820400570100054,False,0.046374463135202486,False,0.4332498946640918,False,179.5140679618003,13.0,False,False,0.8088050949568099,0.33987354475104087,0.15409960023531522,0.0006209188046425845,0.18202971868429263,0.2750049343826079,0.190326,0,False
66342,2026-04-20 10:00:00+00:00,90.87,plan_b,footfall_plan_b,-1.0919770542028664,False,0.6154898488615442,False,0.6986436281221077,False,0.4249411546245085,False,164.52881258835512,19.0,False,False,1.0919770542028664,0.4588671788949923,0.06399741977946971,0.00935430702841803,0.16488990044787863,0.25204840948474955,0.189831,0,False
66330,2026-04-20 17:00:00+00:00,320.65,plan_b,footfall_plan_b,-0.6183285884639997,False,0.933990819380279,False,0.04744979242112104,False,0.44737728173103664,False,247.676685298809,76.0,False,False,0.6183285884639997,0.2598321035470101,0.09711452211374595,0.0006353166462491404,0.21117262667387077,0.3794260325223913,0.189636,0,False
66340,2026-04-26 05:00:00+00:00,55.76,plan_b,footfall_plan_b,-0.7398240047518101,False,1.481381012915163,False,0.03764523551218885,False,0.4145204848527462,False,221.2343187510366,11.0,False,False,0.7398240047518101,0.31088652699490704,0.15403107413099548,0.0005040410832696708,0.14339345394229544,0.33891789096025804,0.189547,0,False
66342,2026-04-20 18:00:00+00:00,34.96,plan_b,footfall_plan_b,-1.1300110099982068,False,0.13487849609045788,False,0.47093878627302094,False,0.4301910013902601,False,180.63621972672783,4.0,False,False,1.1300110099982068,0.4748496887204986,0.014024399832898554,0.006305512311376043,0.17571963141855917,0.27672400451446466,0.189525,0,False
66340,2026-04-20 14:00:00+00:00,1641.56,plan_b,footfall_plan_b,0.14296336263971948,False,0.9933575575594775,False,0.07743429755494782,False,0.48930199849086814,False,316.6477433941975,56.0,False,False,0.14296336263971948,0.06007561665086279,0.10328735838589494,0.0010367863739140291,0.297657704008495,0.48508561408709366,0.189429,0,False
66333,2026-04-22 16:00:00+00:00,4.03,plan_b,footfall_plan_b,-0.9495310120193846,False,1.9613232568484118,False,9.54742862382578,False,0.3705274452674777,False,106.66009265376803,3.0,False,False,0.9495310120193846,0.39900894902659423,0.20393452146113367,0.1278328107267352,0.052641703548539885,0.16339695331139215,0.189363,0,False
66338,2026-04-21 16:00:00+00:00,0.25,plan_b,footfall_plan_b,-1.2610915719925742,False,2.7964231138315863,True,0.4177622212563687,False,0.4028631179961632,False,,,False,False,1.2610915719925742,0.5299319520875008,0.29076655647191696,0.005593518533919793,0.11934586693329698,0.0,0.189128,1,False
66331,2026-04-21 18:00:00+00:00,122.61,plan_b,footfall_plan_b,-0.3836365377873558,False,0.9926269963532461,False,0.9329379959148413,False,0.47123357939419847,False,266.29487608786127,401.0,False,False,0.3836365377873558,0.16121054479851907,0.1032113960734762,0.012491330488079887,0.2603849746101877,0.40794799959939904,0.189049,0,False
66331,2026-04-21 09:00:00+00:00,97.63,plan_b,footfall_plan_b,-0.3313976787670878,False,1.0338062351548665,False,0.7493516083694899,False,0.5186426503437376,False,215.19813124691368,317.0,False,False,0.3313976787670878,0.13925889501333014,0.10749313205443654,0.010033248332584717,0.35818354033268773,0.3296708087268719,0.188928,0,False
66333,2026-04-26 18:00:00+00:00,331.0,plan_b,footfall_plan_b,0.24655253200277266,False,0.3549496581485816,False,0.2476905600706647,False,0.5482097663403973,False,249.06393603280867,96.0,False,False,0.24655253200277266,0.10360553307790615,0.036906964940414524,0.0033163882896486683,0.41917654186401637,0.38155121859503377,0.188911,0,False
66335,2026-04-22 01:00:00+00:00,69.53,plan_b,footfall_plan_b,-1.3167868774426457,False,0.9585361003691238,False,0.09536063902503429,False,0.48547071441797784,False,,,False,False,1.3167868774426457,0.5533360589697881,0.09966669198942087,0.0012768064574839363,0.2897542779404554,0.0,0.188807,0,False
66342,2026-04-21 19:00:00+00:00,0.34,plan_b,footfall_plan_b,-1.008467663408072,False,4.437444536068525,False,0.6913266960763768,False,0.3690563164714899,False,,,False,False,1.008467663408072,0.4237751241510217,0.46139672530452186,0.009256338871110402,0.049606961813275494,0.0,0.188807,0,False
66331,2026-04-24 14:00:00+00:00,229.4,plan_b,footfall_plan_b,0.08366438048098586,False,0.6925116093987183,False,0.016902856879909545,False,0.4523560070089249,False,401.161729637475,311.0,False,False,0.08366438048098586,0.035157184024651705,0.07200599043318354,0.00022631640302378444,0.22144307031580768,0.6145560422553801,0.188678,0,False
66331,2026-04-22 10:00:00+00:00,110.6,plan_b,footfall_plan_b,-0.5282174608913831,False,0.7223659980195335,False,1.5157051245376345,False,0.46492495035715004,False,247.09384614278434,573.0,False,False,0.5282174608913831,0.22196588764334554,0.07511019084259683,0.020294139284690576,0.24737111757520505,0.378533157408602,0.188655,0,False
66332,2026-04-21 00:00:00+00:00,1.03,plan_b,footfall_plan_b,-0.8778734701365534,False,0.7350913680498329,False,0.11160689320221026,False,0.3919512641128086,False,260.66708279718154,2.0,False,False,0.8778734701365534,0.36889724112598493,0.0764333497040866,0.001494331449508141,0.09683617337061508,0.3993265531456782,0.188598,0,False
66340,2026-04-22 19:00:00+00:00,723.77,plan_b,footfall_plan_b,0.16126491628480563,False,0.985899403951646,False,0.2634880220309393,False,0.4827111734118082,False,316.6477433941975,30.0,False,False,0.16126491628480563,0.06776623822408485,0.10251187429285423,0.00352790429508819,0.2840617143223438,0.48508561408709366,0.188591,0,False
66335,2026-04-22 07:00:00+00:00,73.31,plan_b,footfall_plan_b,-1.2552053847664646,False,0.9274659799844245,False,0.6782507611807166,False,0.49500389750163104,False,,,False,False,1.2552053847664646,0.5274584769201454,0.09643608219051651,0.009081262043992712,0.3094199582349212,0.0,0.188479,0,False
66330,2026-04-21 08:00:00+00:00,89.79,plan_b,footfall_plan_b,-0.6704893941358513,False,1.042461288532536,False,0.2974643112057006,False,0.4946938567822162,False,153.67101288508454,44.0,False,False,0.6704893941358513,0.2817509539985012,0.10839306742339344,0.003982820976259845,0.30878038574242045,0.2354149025466035,0.187664,0,False
66336,2026-04-21 05:00:00+00:00,82.61,plan_b,footfall_plan_b,0.7096117378337304,False,0.9869104850972598,False,0.2171898024714862,False,0.41997660677259974,False,247.676685298809,6.0,False,False,0.7096117378337304,0.2981908227808273,0.10261700451494747,0.0029080063339598037,0.1546487029375082,0.3794260325223913,0.187558,0,False
66338,2026-04-23 23:00:00+00:00,0.08,plan_b,footfall_plan_b,-1.1661473728066492,False,1.2518079808149785,False,12.20345056069954,False,0.4186206678404191,False,,,False,False,1.1661473728066492,0.49003479796213956,0.13016052332900135,0.16339492518917223,0.15185158246839572,0.0,0.187088,0,False
66336,2026-04-26 22:00:00+00:00,53.35,plan_b,footfall_plan_b,-0.9813659673608213,False,0.0,False,1.4018831535163074,False,0.4138128956642117,False,236.34768814596998,10.0,False,False,0.9813659673608213,0.4123865342895344,0.0,0.018770149627223745,0.14193379218615018,0.3620706789614647,0.187032,0,False
66331,2026-04-24 18:00:00+00:00,164.69,plan_b,footfall_plan_b,0.2108083784180289,False,1.7199020798009437,False,0.9698881118790571,False,0.453021470745032,False,281.87079476849095,266.0,False,False,0.2108083784180289,0.08858523676829747,0.1788320239305268,0.012986064449075112,0.22281583290381285,0.4318093857478479,0.187006,0,False
66333,2026-04-22 09:00:00+00:00,1.72,plan_b,footfall_plan_b,-0.9088900479963387,False,0.9182665110405204,False,2.7534227284821373,False,0.3542382538155626,False,261.78018391964736,1.0,False,False,0.9088900479963387,0.38193093036580705,0.09547953956541846,0.03686623701196163,0.019039282558849718,0.40103175822860276,0.18687,0,False
66330,2026-04-22 01:00:00+00:00,3.03,plan_b,footfall_plan_b,-0.9024984434588887,False,1.0481294649499824,False,0.09612250699466529,False,0.5143582809079126,False,62.19539178074987,4.0,False,False,0.9024984434588887,0.3792450703182687,0.10898243322080241,0.0012870072903781,0.3493454598249516,0.09527966153162641,0.186828,0,False
66335,2026-04-25 02:00:00+00:00,244.03,plan_b,footfall_plan_b,-0.33086261375118353,False,1.270429301665342,False,4.770337362154009,False,0.41869850310277795,False,291.49557301963404,1.0,False,False,0.33086261375118353,0.13903405166755797,0.1320967315207582,0.06387119057346244,0.15201214619320336,0.4465539767509663,0.186714,0,False
66342,2026-04-21 05:00:00+00:00,0.34,plan_b,footfall_plan_b,-0.847269464311487,False,5.05595474019805,False,0.3825458488154122,False,0.36755689970071975,False,,,False,False,0.847269464311487,0.35603692161488903,0.5257081956639088,0.005121998080601854,0.04651386577353949,0.0,0.186676,0,False
66340,2026-04-20 17:00:00+00:00,1485.17,plan_b,footfall_plan_b,0.2030729008023203,False,0.8101803861334673,False,0.05683749224826968,False,0.4796981611376702,False,316.6477433941975,49.0,False,False,0.2030729008023203,0.0853346585832854,0.08424095761186147,0.0007610108098240882,0.277846273415927,0.48508561408709366,0.186654,0,False
66331,2026-04-22 09:00:00+00:00,79.45,plan_b,footfall_plan_b,-0.6617311055697789,False,0.9801480731129166,False,1.5961120840329346,False,0.4761356187430348,False,170.20124984552956,455.0,False,False,0.6617311055697789,0.27807057339820035,0.10191386226283036,0.021370727341984284,0.27049722544804367,0.2607382478545795,0.186518,0,False
66336,2026-04-24 00:00:00+00:00,36.48,plan_b,footfall_plan_b,-0.43031824701750454,False,3.942504674166799,False,0.43029817348553445,False,0.40536648272242765,False,137.94290235863318,5.0,False,False,0.43031824701750454,0.1808269864975359,0.4099338552566962,0.005761365403661376,0.12450997318565418,0.21132036749206076,0.186471,0,False
66333,2026-04-22 14:00:00+00:00,1.7,plan_b,footfall_plan_b,-1.00486722848076,False,2.508304658067809,True,11.3930874630036,False,0.3544082394241215,False,48.79137271918094,1.0,False,False,1.00486722848076,0.4222621606583074,0.26080856806019437,0.15254477939921754,0.019389940109768963,0.07474549713803476,0.18595,1,False
66333,2026-04-22 18:00:00+00:00,1.03,plan_b,footfall_plan_b,-1.0398368352768397,False,1.4624383395789458,False,6.587646193283472,False,0.3534211963666669,False,151.78660534835703,2.0,False,False,1.0398368352768397,0.4369569793413776,0.15206145234196747,0.08820357419160849,0.017353802438390575,0.23252810165756055,0.185421,0,False
66330,2026-04-22 12:00:00+00:00,336.71,plan_b,footfall_plan_b,-0.698797526376732,False,0.8694316727707331,False,0.6103843417094728,False,0.4531462143883653,False,202.95158745907352,206.0,False,False,0.698797526376732,0.29364650870009856,0.09040178946053065,0.008172582283526242,0.2230731623379622,0.31090982799133765,0.185241,0,False
66336,2026-04-25 02:00:00+00:00,25.47,plan_b,footfall_plan_b,-0.43086175555383016,False,0.6197069042237462,False,0.8917911919307606,False,0.4192841209511407,False,336.0638910981524,3.0,False,False,0.43086175555383016,0.18105537795302407,0.06443590087342649,0.011940406065080709,0.15322019740543516,0.5148300039609022,0.185096,0,False
66336,2026-04-20 09:00:00+00:00,748.96,plan_b,footfall_plan_b,-0.05777003851503076,False,1.0067033302067934,False,0.32113187862463227,False,0.4791137108621459,False,336.0638910981524,44.0,False,False,0.05777003851503076,0.024275944715155564,0.1046750254871013,0.004299711710449401,0.2766406307501334,0.5148300039609022,0.184944,0,False
66340,2026-04-21 20:00:00+00:00,267.44,plan_b,footfall_plan_b,-0.6282317891348304,False,0.65803900251501,False,6.23253335897587,False,0.45790193611009666,False,179.5140679618003,17.0,False,False,0.6282317891348304,0.26399359552741836,0.068421596803118,0.08344888331899028,0.23288357950170943,0.2750049343826079,0.184751,0,False
66333,2026-04-20 18:00:00+00:00,1.03,plan_b,footfall_plan_b,-1.0398368352768397,False,1.676102424096164,False,0.7991939124320715,False,0.35261085086368976,False,186.67220153236278,1.0,False,False,1.0398368352768397,0.4369569793413776,0.1742778221715217,0.010700598890777551,0.015682168163692486,0.2859707716299337,0.184718,0,False
66331,2026-04-25 09:00:00+00:00,110.09,plan_b,footfall_plan_b,-0.10499754136546323,False,0.858775478749226,False,7.244730528315399,False,0.46883086760135045,False,284.6448083380434,532.0,False,False,0.10499754136546323,0.04412173810048719,0.08929377943679544,0.09700143388149642,0.2554285018829499,0.43605901046156986,0.184381,0,False
66331,2026-04-22 22:00:00+00:00,20.28,plan_b,footfall_plan_b,-1.1174724465044181,False,0.7513120269635034,False,0.26374032922005536,False,0.4460724756819642,False,104.86179342257013,172.0,False,False,1.1174724465044181,0.46958077282556654,0.07811994180551263,0.0035312824965309094,0.2084809864963792,0.1606420652533648,0.184071,0,False
66330,2026-04-24 19:00:00+00:00,218.97,plan_b,footfall_plan_b,-0.2945560002690021,False,0.7002169558560748,False,0.6684098361825846,False,0.5175699450245465,False,234.00438959999101,110.0,False,False,0.2945560002690021,0.12377740022082855,0.07280717715086835,0.00894949953994813,0.3559706928847499,0.35848088418831675,0.183997,0,False
66335,2026-04-21 21:00:00+00:00,148.69,plan_b,footfall_plan_b,-1.1424671576475771,False,0.5425392269497429,False,0.13334543076135022,False,0.43821979477562006,False,123.51419694732883,2.0,False,False,1.1424671576475771,0.48008397208732123,0.05641215808539236,0.0017853939404430062,0.19228195718963886,0.189216444217891,0.183956,0,False
66342,2026-04-21 16:00:00+00:00,1.58,plan_b,footfall_plan_b,-1.1190075196091571,False,1.5204747632209283,False,0.30739531531911357,False,0.37898672130567324,False,140.53937319652286,3.0,False,False,1.1190075196091571,0.4702258364395482,0.15809596513399016,0.0041157895711743196,0.0700920573946803,0.21529800724201145,0.183566,0,False
66330,2026-04-21 03:00:00+00:00,4.8,plan_b,footfall_plan_b,-0.9501360631114029,False,2.365640641008514,False,0.30665484361244016,False,0.4581313863609996,False,22.700713993374748,13.0,False,False,0.9501360631114029,0.39926320170215474,0.24597464512213632,0.004105875217974394,0.23335690464800599,0.034776151156659274,0.183495,0,False
66331,2026-04-22 19:00:00+00:00,63.96,plan_b,footfall_plan_b,-0.7659528493759463,False,0.6996831065037542,False,2.6661719252428315,False,0.4306899181317377,False,202.00261592432264,422.0,False,False,0.7659528493759463,0.3218663082772302,0.07275166854879692,0.03569801509004938,0.17674882985578194,0.3094560597290048,0.183304,0,False
66342,2026-04-22 05:00:00+00:00,3.44,plan_b,footfall_plan_b,-0.8194489438224963,False,0.8916577636629737,False,0.11437833840679944,False,0.40051665244325585,False,236.74712546167999,5.0,False,False,0.8194489438224963,0.34434626959702913,0.09271281452701773,0.001531438993773374,0.11450542266819326,0.3626825933035773,0.183156,0,False
66332,2026-04-20 18:00:00+00:00,582.62,plan_b,footfall_plan_b,0.18056941818013883,False,0.33605645001499357,False,0.09829012356920543,False,0.5404782193153096,False,260.66708279718154,41.0,False,False,0.18056941818013883,0.07587831557093991,0.034942486445533424,0.0013160300283548817,0.40322739553557535,0.3993265531456782,0.182938,0,False
66332,2026-04-25 05:00:00+00:00,51.97,plan_b,footfall_plan_b,0.4286622940108581,False,1.6044490730546113,False,0.13553908792355784,False,0.42570397735234533,False,260.66708279718154,2.0,False,False,0.4286622940108581,0.18013112710963217,0.166827448142293,0.0018147653420909889,0.16646350160033263,0.3993265531456782,0.182913,0,False
66332,2026-04-24 19:00:00+00:00,332.46,plan_b,footfall_plan_b,-0.38702604319217904,False,0.7300238329916132,False,4.002339181378456,False,0.45306695161391186,False,260.66708279718154,33.0,False,False,0.38702604319217904,0.16263487214768296,0.07590643740980925,0.053588278812639244,0.22290965384683442,0.3993265531456782,0.182873,0,False
66340,2026-04-24 06:00:00+00:00,102.57,plan_b,footfall_plan_b,-0.6495885856010485,False,1.1862764284920415,False,0.48081423972249027,False,0.4282628519414984,False,221.2343187510366,10.0,False,False,0.6495885856010485,0.27296808167341335,0.12334668184880711,0.006437737125133365,0.17174211726755975,0.33891789096025804,0.182683,0,False
66340,2026-04-24 00:00:00+00:00,46.12,plan_b,footfall_plan_b,-0.6246233249490178,False,3.069930174685972,False,0.8100717312579092,False,0.4239148017971965,False,102.40005132047027,1.0,False,False,0.6246233249490178,0.2624772580048354,0.319205280877402,0.010846244614864234,0.16277267198450746,0.15687082195783136,0.182434,0,False
66338,2026-04-23 02:00:00+00:00,0.08,plan_b,footfall_plan_b,-1.2615693523337326,False,1.951793273289233,False,4.740981434611897,False,0.4008695277817036,False,,,False,False,1.2615693523337326,0.5301327234466012,0.20294361257862922,0.06347813702186703,0.11523335724459031,0.0,0.182358,0,False
66332,2026-04-22 21:00:00+00:00,239.56,plan_b,footfall_plan_b,0.34170825581930103,False,0.3282199574640595,False,4.244677476270172,False,0.47876312692314676,False,260.66708279718154,41.0,False,False,0.34170825581930103,0.14359157342128648,0.0341276634158629,0.056833004340665114,0.2759174230240012,0.3993265531456782,0.181959,0,False
66340,2026-04-20 03:00:00+00:00,210.3,plan_b,footfall_plan_b,1.3451305059234915,False,1.6326054980321085,False,0.1327282753341546,False,0.4287513012508058,False,,,False,False,1.3451305059234915,0.56524652979021,0.16975509764310448,0.0017771306984726187,0.17274972279371012,0.0,0.181906,0,False
66331,2026-04-21 15:00:00+00:00,156.17,plan_b,footfall_plan_b,-0.29428581731261594,False,0.981954471873904,False,2.2683111550151955,False,0.456975470919292,False,275.7106181008524,466.0,False,False,0.29428581731261594,0.1236638647847997,0.1021016880409644,0.030370961855089206,0.23097240585840062,0.42237235944955404,0.181896,0,False
66342,2026-04-20 09:00:00+00:00,62.64,plan_b,footfall_plan_b,-1.072707636775318,False,0.7283392446071216,False,1.0782066568897162,False,0.4105577630148347,False,152.13977959362907,10.0,False,False,1.072707636775318,0.45076984463334546,0.07573127723422335,0.014436367416304248,0.1352188893633467,0.23306914371208817,0.181845,0,False
66331,2026-04-20 21:00:00+00:00,59.83,plan_b,footfall_plan_b,-0.46355468924175913,False,0.9909151210308106,False,0.23578821215945875,False,0.4351014670235368,False,275.7106181008524,327.0,False,False,0.46355468924175913,0.19479350019052122,0.10303339865593525,0.0031570249000193403,0.18584926455301223,0.42237235944955404,0.181841,0,False
66340,2026-04-22 13:00:00+00:00,2103.31,plan_b,footfall_plan_b,0.10327788466633835,False,0.6744907594765952,False,0.2683900867979695,False,0.49365357431707413,False,316.6477433941975,77.0,False,False,0.10327788466633835,0.0433991093463772,0.0701322180234807,0.003593539215465617,0.3066344223012585,0.48508561408709366,0.181769,0,False
66332,2026-04-26 20:00:00+00:00,209.61,plan_b,footfall_plan_b,-0.4426520176387735,False,0.06156282725418413,False,0.0006019878954824739,False,0.49834962113676257,False,260.66708279718154,40.0,False,False,0.4426520176387735,0.18600984497275455,0.006401181280055979,8.060160252044947e-06,0.31632173813202147,0.3993265531456782,0.181613,0,False
66333,2026-04-24 07:00:00+00:00,67.46,plan_b,footfall_plan_b,0.34348582557151447,False,1.4591683424503097,False,1.2323209476920778,False,0.4392355668830254,False,261.78018391964736,6.0,False,False,0.34348582557151447,0.14433853821724793,0.15172144449406214,0.016499840602923258,0.1943773590445054,0.40103175822860276,0.181594,0,False
66333,2026-04-25 05:00:00+00:00,62.3,plan_b,footfall_plan_b,0.6510071477152339,False,1.3314816011525854,False,0.9224187211640008,False,0.4839301210361956,False,128.39303435088027,14.0,False,False,0.6510071477152339,0.2735641854037237,0.13844482913116404,0.012350485396570014,0.2865762400653777,0.1966905345510931,0.181525,0,False
66330,2026-04-23 20:00:00+00:00,193.21,plan_b,footfall_plan_b,0.3078352292092012,False,0.6434488843299394,False,0.053388920073308775,False,0.5304992979918313,False,213.98811469387093,60.0,False,False,0.3078352292092012,0.12935755623073486,0.06690454510868449,0.0007148370502194197,0.3826422169326747,0.3278171349365693,0.181487,0,False
66340,2026-04-20 19:00:00+00:00,401.64,plan_b,footfall_plan_b,-0.4228172456538549,False,0.7622595955465057,False,0.04299904197338929,False,0.4895824310250427,False,229.19086676295044,18.0,False,False,0.4228172456538549,0.17767493918905286,0.0792582483811074,0.0005757244814900349,0.2982361987791136,0.3511068519078427,0.18137,0,False
66330,2026-04-25 06:00:00+00:00,32.23,plan_b,footfall_plan_b,-0.5722161678542212,False,0.4555016998442642,False,0.3222409485733804,False,0.460995007642549,False,244.9295557068464,27.0,False,False,0.5722161678542212,0.24045488652968497,0.047362167790606334,0.004314561313879505,0.23926417193881722,0.3752175924722279,0.181323,0,False
66331,2026-04-23 02:00:00+00:00,0.17,plan_b,footfall_plan_b,-0.9651855686241869,False,1.1787927185801639,False,0.6372146645811415,False,0.5243192470015959,False,0.0,8.0,False,False,0.9651855686241869,0.4055872577909129,0.12256854046170854,0.008531819908705456,0.36989359919282827,0.0,0.181316,0,False
66335,2026-04-22 04:00:00+00:00,64.02,plan_b,footfall_plan_b,-1.344947117360444,False,0.8144323374066526,False,0.2659284030771236,False,0.466829153179002,False,,,False,False,1.344947117360444,0.5651694668224092,0.08468306711377317,0.00356057914196785,0.2512992330411266,0.0,0.180942,0,False
66330,2026-04-21 19:00:00+00:00,178.66,plan_b,footfall_plan_b,-0.6418664619960686,False,0.8656799034043624,False,3.315833230193045,False,0.4690855981029134,False,159.28947949946553,48.0,False,False,0.6418664619960686,0.2697231150689802,0.09001168788615133,0.04439648605059017,0.25595397680156085,0.24402206108388041,0.180821,0,False
66342,2026-04-23 03:00:00+00:00,122.88,plan_b,footfall_plan_b,1.3098461268242303,False,1.2806391677987727,False,0.30325348254758716,False,0.4489683849072505,False,0.3372453797382976,1.0,False,False,1.3098461268242303,0.5504194384754034,0.13315833325154539,0.004060333579241262,0.2144548594920556,0.0005166399746759887,0.180522,0,False
66336,2026-04-20 17:00:00+00:00,811.09,plan_b,footfall_plan_b,-0.21461410740461292,False,0.47461151738803825,False,0.12854705659372762,False,0.46450508038682997,False,336.0638910981524,40.0,False,False,0.21461410740461292,0.09018446828785306,0.049349168904467264,0.0017211473583596344,0.24650498204323149,0.5148300039609022,0.180518,0,False
66331,2026-04-21 06:00:00+00:00,25.16,plan_b,footfall_plan_b,0.3358907032942637,False,1.3189115304991137,False,0.13148757249947138,False,0.4489297077812586,False,266.29487608786127,137.0,False,False,0.3358907032942637,0.14114693971313036,0.13713781799238442,0.0017605186307753135,0.2143750737596522,0.40794799959939904,0.180474,0,False
66336,2026-04-20 20:00:00+00:00,228.89,plan_b,footfall_plan_b,-0.45447990274977335,False,0.5019550526345389,False,0.4342483223859682,False,0.4604219656366009,False,271.0435399678144,20.0,False,False,0.45447990274977335,0.19098012182270224,0.05219229573533506,0.005814254894290449,0.23808206300569515,0.41522267179383376,0.180458,0,False
66338,2026-04-21 19:00:00+00:00,0.17,plan_b,footfall_plan_b,-1.0162019855843905,False,2.7780104057790984,True,2.531948340897413,False,0.4187363524210159,False,,,False,False,1.0162019855843905,0.42702521680091077,0.2888520394271737,0.03390086334074242,0.15209022426904645,0.0,0.180374,1,False
66335,2026-04-26 06:00:00+00:00,389.97,plan_b,footfall_plan_b,0.5930006102569649,False,1.5000831474505527,False,0.6053467935487025,False,0.41982596010136936,False,217.4869159906928,8.0,False,False,0.5930006102569649,0.24918885984308448,0.15597568517023083,0.008105133343509497,0.15433793902498857,0.3331770915793825,0.180157,0,False
66330,2026-04-21 23:00:00+00:00,13.8,plan_b,footfall_plan_b,-0.9561344304097221,False,1.0839083362487862,False,0.9186787154230347,False,0.4398409970492144,False,115.37868178941626,5.0,False,False,0.9561344304097221,0.4017838168282345,0.11270264964676048,0.012300409563082374,0.19562628041572236,0.17675331618802234,0.179833,0,False
66333,2026-04-23 05:00:00+00:00,58.51,plan_b,footfall_plan_b,0.5424036161244326,False,1.050745528180146,False,0.7451976049534915,False,0.4375439969542512,False,235.51688038774387,7.0,False,False,0.5424036161244326,0.22792714938057845,0.10925444631252129,0.009977629384975057,0.1908878767673794,0.36079793061572424,0.179769,0,False
66342,2026-04-25 02:00:00+00:00,50.94,plan_b,footfall_plan_b,-0.031923324825947876,False,4.222427842932712,False,0.05078534712328564,False,0.42974286862333116,False,176.7437867603071,11.0,False,False,0.031923324825947876,0.013414719611049425,0.43903971390025825,0.0006799771878159458,0.17479519352131467,0.270761027435994,0.179738,0,False
66342,2026-04-22 20:00:00+00:00,1.72,plan_b,footfall_plan_b,-0.8948526441333066,False,3.25392607893167,False,1.0791379980920182,False,0.3843438721381022,False,57.66600077549006,5.0,False,False,0.8948526441333066,0.37603217646356385,0.3383368118742096,0.014448837366939834,0.08114314228787088,0.08834090241186925,0.17966,0,False
66335,2026-04-21 23:00:00+00:00,144.22,plan_b,footfall_plan_b,-1.2902478006480151,False,0.9909398031561616,False,2.431312436711149,False,0.4518368693626756,False,,,False,False,1.2902478006480151,0.5421838912091574,0.10303596505461764,0.03255342509333277,0.22037215885943726,0.0,0.179629,0,False
66340,2026-04-20 13:00:00+00:00,2062.54,plan_b,footfall_plan_b,0.06679821895483133,False,0.972155081967961,False,0.08426433919634062,False,0.4811526744869675,False,316.6477433941975,72.0,False,False,0.06679821895483133,0.028069738433642077,0.10108276681821259,0.001128235438871796,0.2808467397093271,0.48508561408709366,0.179243,0,False
66332,2026-04-21 20:00:00+00:00,47.15,plan_b,footfall_plan_b,-0.7922837165783102,False,1.3516085474169237,False,4.3578302700033005,False,0.4208833056280671,False,135.01268599847307,3.0,False,False,0.7922837165783102,0.33293098285487266,0.1405375892820263,0.058348034222992964,0.15651910127754995,0.20683144934206849,0.179033,0,False
66330,2026-04-24 20:00:00+00:00,151.81,plan_b,footfall_plan_b,-0.30219382867391215,False,0.7226174303557881,False,7.2799196252038145,False,0.4721575429939708,False,216.29054037841286,141.0,False,False,0.30219382867391215,0.1269869445602044,0.0751363342807042,0.0974725891359024,0.2622909878061373,0.3313443149035066,0.178646,0,False
66336,2026-04-22 09:00:00+00:00,799.22,plan_b,footfall_plan_b,0.25617273180251976,False,0.9912988047254513,False,1.2904775238976156,False,0.4731831736720195,False,260.15769419081494,31.0,False,False,0.25617273180251976,0.10764810331830245,0.10307329332928182,0.01727851294408588,0.26440672657226755,0.39854619992957874,0.178191,0,False
66342,2026-04-22 08:00:00+00:00,30.98,plan_b,footfall_plan_b,-1.0860875847780884,False,0.934689048838886,False,1.2734343488345667,False,0.445460592551567,False,73.64398028435545,5.0,False,False,1.0860875847780884,0.4563923244923886,0.09718712263485531,0.01705031778726843,0.20721875352399444,0.11281822196844687,0.178133,0,False
66331,2026-04-21 10:00:00+00:00,136.21,plan_b,footfall_plan_b,-0.21900395444546394,False,0.964268377219976,False,0.23664397781445085,False,0.4838968371424184,False,266.29487608786127,421.0,False,False,0.21900395444546394,0.09202915606738366,0.10026272282338942,0.003168482951533656,0.28650757984892805,0.40794799959939904,0.177983,0,False
66333,2026-04-25 02:00:00+00:00,18.59,plan_b,footfall_plan_b,0.5103116479885206,False,0.7984030387818358,False,0.6836544519466476,False,0.49415256928076723,False,178.38584110436287,9.0,False,False,0.5103116479885206,0.2144415630058137,0.08301637227752148,0.009153613355128282,0.30766378210043865,0.2732765575683501,0.17751,0,False
66331,2026-04-22 18:00:00+00:00,114.87,plan_b,footfall_plan_b,-0.49297597817304195,False,0.825982222095509,False,0.5440692215755362,False,0.4656918482279435,False,220.08136264489494,699.0,False,False,0.49297597817304195,0.2071568221114268,0.08588400132934866,0.007284673241792523,0.24895312520195376,0.3371516303996485,0.177286,0,False
66333,2026-04-20 16:00:00+00:00,2.79,plan_b,footfall_plan_b,-0.9527764921255184,False,1.7157309537465557,False,0.3757533642066937,False,0.3571930409456648,False,181.1253379291888,3.0,False,False,0.9527764921255184,0.40037275451566523,0.17839831847535237,0.0050310518757584145,0.025134612788941538,0.2774733046707161,0.177282,0,False
66332,2026-04-23 08:00:00+00:00,1.72,plan_b,footfall_plan_b,-1.2940860282577045,False,1.5413479222283408,False,6.884029238945766,False,0.3886136706709753,False,,,False,False,1.2940860282577045,0.5437967791983659,0.16026631501318286,0.09217191784428713,0.0899511649737295,0.0,0.177237,0,False
66335,2026-04-22 00:00:00+00:00,78.82,plan_b,footfall_plan_b,-1.2615209764758062,False,0.9905089507006419,False,0.2092303131814998,False,0.4662211317875465,False,,,False,False,1.2615209764758062,0.5301123950950413,0.10299116586660517,0.0028014348236633916,0.25004496631912654,0.0,0.17719,0,False
66342,2026-04-24 03:00:00+00:00,25.47,plan_b,footfall_plan_b,-0.4153707526380797,False,2.436957244003206,False,0.23433072915093411,False,0.43110220737817107,False,180.63621972672783,4.0,False,False,0.4153707526380797,0.17454579720785585,0.25339000475404444,0.003137510310604007,0.17759932736936773,0.27672400451446466,0.177079,0,False
66330,2026-04-20 07:00:00+00:00,58.82,plan_b,footfall_plan_b,-0.46017938958793286,False,0.966093862574365,False,0.08970527507229405,False,0.47520846059804794,False,209.86941192624917,41.0,False,False,0.46017938958793286,0.19337514233756511,0.10045253318783685,0.0012010854337145276,0.2685846223330373,0.3215075259058591,0.177024,0,False
66336,2026-04-26 21:00:00+00:00,218.56,plan_b,footfall_plan_b,0.22216508083144604,False,0.3317746760761203,False,0.8823818127438079,False,0.4567779016331273,False,336.0638910981524,31.0,False,False,0.22216508083144604,0.09335751470027179,0.034497276041700255,0.011814421631359975,0.23056484687378578,0.5148300039609022,0.177013,0,False
66330,2026-04-21 12:00:00+00:00,367.58,plan_b,footfall_plan_b,-0.4762398505454773,False,0.8694316727707331,False,7.42279323038427,False,0.4379603475472129,False,197.81858382271776,78.0,False,False,0.4762398505454773,0.2001240189581653,0.09040178946053065,0.09938555808790916,0.19174675229507546,0.3030463700226726,0.176941,0,False
66336,2026-04-21 06:00:00+00:00,149.38,plan_b,footfall_plan_b,0.28141372462511877,False,1.2161757397687114,False,0.12271395765656225,False,0.4631625238724214,False,257.0844248627809,11.0,False,False,0.28141372462511877,0.11825479429631912,0.1264555532273187,0.0016430465982739115,0.24373546771019786,0.3938381330939705,0.176785,0,False
66340,2026-04-26 21:00:00+00:00,158.33,plan_b,footfall_plan_b,-0.6775172404593438,False,0.6193137819550444,False,0.11261609693200873,False,0.43316055450316715,False,229.19086676295044,35.0,False,False,0.6775172404593438,0.2847041735773894,0.06439502479577663,0.0015078439201909905,0.18184542189414568,0.3511068519078427,0.176712,0,False
66340,2026-04-26 06:00:00+00:00,120.81,plan_b,footfall_plan_b,-0.514593760474432,False,1.5686543809932292,False,0.027461184533824644,False,0.4248495790623994,False,221.2343187510366,8.0,False,False,0.514593760474432,0.21624097890796884,0.16310558670466524,0.00036768438321539124,0.16470099232438823,0.33891789096025804,0.176667,0,False
66331,2026-04-21 02:00:00+00:00,3.2,plan_b,footfall_plan_b,-0.5397577649974411,False,2.372465570594482,False,0.08123377273437414,False,0.44803072915847697,False,128.0048255494378,24.0,False,False,0.5397577649974411,0.2268153181037711,0.24668428783108828,0.0010876584579703021,0.2125206012259716,0.19609582162870445,0.176641,0,False
66340,2026-04-26 07:00:00+00:00,160.05,plan_b,footfall_plan_b,-0.38961748648889477,False,1.905461377917609,False,0.2972441927543457,False,0.43129632607465995,False,221.2343187510366,27.0,False,False,0.38961748648889477,0.1637238403363949,0.1981261135365885,0.003979873757543877,0.17799976824948413,0.33891789096025804,0.176549,0,False
66333,2026-04-26 16:00:00+00:00,383.76,plan_b,footfall_plan_b,0.044344924030816524,False,0.5809825729491706,False,0.1461457276344649,False,0.5213419936305107,False,285.7018719626486,77.0,False,False,0.044344924030816524,0.018634485138689753,0.060409421332224905,0.0019567801839959014,0.36375192411561513,0.43767836941222693,0.176486,0,False
66330,2026-04-25 00:00:00+00:00,20.62,plan_b,footfall_plan_b,-0.14785532666139026,False,3.4469257979871584,False,3.3105747449635206,False,0.4423571033232063,False,141.31318858772278,22.0,False,False,0.14785532666139026,0.06213130245601785,0.35840454176538494,0.04432607893119284,0.20081667077506316,0.21648344665240055,0.176432,0,False
66330,2026-04-22 19:00:00+00:00,172.93,plan_b,footfall_plan_b,-0.6912360711673929,False,0.8656799034043624,False,0.026644248560100985,False,0.4635843599236998,False,166.59254042344241,94.0,False,False,0.6912360711673929,0.2904690576658521,0.09001168788615133,0.0003567462316125327,0.24460565900394793,0.2552099184646057,0.176131,0,False
66340,2026-04-21 19:00:00+00:00,269.48,plan_b,footfall_plan_b,-0.662448135424486,False,0.985899403951646,False,5.968669261613499,False,0.4628398163880895,False,113.11615246252408,3.0,False,False,0.662448135424486,0.2783718814388287,0.10251187429285423,0.07991594366112997,0.24306976537763864,0.17328725508125098,0.175431,0,False
66331,2026-04-20 20:00:00+00:00,101.24,plan_b,footfall_plan_b,-0.3738159841808746,False,1.0023676560303807,False,1.1620946663074383,False,0.5095114177470543,False,170.20124984552956,469.0,False,False,0.3738159841808746,0.15708378250873573,0.10422421064294404,0.015559564085549538,0.33934703007530115,0.2607382478545795,0.175391,0,False
66330,2026-04-21 21:00:00+00:00,79.61,plan_b,footfall_plan_b,-0.6414863521799782,False,0.9267923806071302,False,0.8132837800842856,False,0.47326280522710246,False,153.67101288508454,19.0,False,False,0.6414863521799782,0.2695633865121315,0.09636604265665316,0.010889251506651048,0.2645709958084577,0.2354149025466035,0.175361,0,False
66331,2026-04-23 23:00:00+00:00,7.57,plan_b,footfall_plan_b,-0.9491964312649445,False,1.3094488656434546,False,0.10207755301156375,False,0.4140536179601866,False,129.21424114531925,24.0,False,False,0.9491964312649445,0.3988683525494873,0.1361539087758146,0.0013667408291497295,0.14243037005220513,0.19794857478818081,0.175354,0,False
66338,2026-04-23 03:00:00+00:00,0.0,plan_b,footfall_plan_b,-1.1428855570250898,False,2.3854403511483713,False,0.20414192186575358,False,0.41561784228179527,False,,,False,False,1.1428855570250898,0.4802597905637917,0.2480333799065947,0.0027333051324556347,0.14565715539217536,0.0,0.175337,0,False
66335,2026-04-22 03:00:00+00:00,78.82,plan_b,footfall_plan_b,-1.295338800043913,False,0.7900934022391307,False,0.002470290745545959,False,0.46625474242811576,False,,,False,False,1.295338800043913,0.5443232150361192,0.0821523526693639,3.307531501490747e-05,0.2501143005704598,0.0,0.175325,0,False
66340,2026-04-24 01:00:00+00:00,34.42,plan_b,footfall_plan_b,-0.7690494194120597,False,1.4734789061204763,False,0.6363272139971137,False,0.4585824150168779,False,102.40005132047027,4.0,False,False,0.7690494194120597,0.32316753924289304,0.1532094286617531,0.008519937620080196,0.23428731637641964,0.15687082195783136,0.175211,0,False
66331,2026-04-24 11:00:00+00:00,216.05,plan_b,footfall_plan_b,0.14496448648072863,False,0.6419420899062716,False,0.11371662646148825,False,0.5088867536272461,False,266.29487608786127,340.0,False,False,0.14496448648072863,0.06091652264610249,0.06674787159825828,0.0015225791739000424,0.33805843163302046,0.40794799959939904,0.175039,0,False
66336,2026-04-21 08:00:00+00:00,453.3,plan_b,footfall_plan_b,0.43430651348645244,False,0.9912988047254513,False,0.060952340406943105,False,0.4964539334178275,False,179.38230254576357,16.0,False,False,0.43430651348645244,0.182502923346432,0.10307329332928182,0.0008161054983064175,0.3124111881833221,0.2748030775587807,0.174721,0,False
66335,2026-04-23 00:00:00+00:00,482.9,plan_b,footfall_plan_b,0.9961459769448437,False,1.1319800890427856,False,5.601437024375563,False,0.4053949142453895,False,89.90970262934414,3.0,False,False,0.9961459769448437,0.41859734364286116,0.1177010556298696,0.07499898319719499,0.12456862361080032,0.13773634653081376,0.17472,0,False
66331,2026-04-24 12:00:00+00:00,263.35,plan_b,footfall_plan_b,0.04890214567910416,False,0.5090426745001788,False,0.15896265704910856,False,0.520232026421334,False,284.6448083380434,278.0,False,False,0.04890214567910416,0.020549506551731683,0.052929252669088725,0.002128389124634782,0.36146221037766774,0.43605901046156986,0.174626,0,False
66330,2026-04-22 18:00:00+00:00,274.59,plan_b,footfall_plan_b,-0.3388359325809875,False,0.933990819380279,False,6.632933261175542,False,0.47171888535180295,False,184.77821298299517,138.0,False,False,0.3388359325809875,0.14238457474291075,0.09711452211374595,0.08880993360065072,0.2613860958226414,0.28306929319621515,0.174553,0,False
66336,2026-04-21 04:00:00+00:00,43.71,plan_b,footfall_plan_b,1.1459824005964936,False,0.684644594753734,False,0.23771415419800776,False,0.40743188499949773,False,122.36707299777679,2.0,False,False,1.1459824005964936,0.48156113647359794,0.0711879937764108,0.003182811799695145,0.12877062154453967,0.18745911817622163,0.174432,0,False
66333,2026-04-23 22:00:00+00:00,169.34,plan_b,footfall_plan_b,0.9617681182386889,False,0.43734250546609393,False,1.9245510122204996,False,0.5011050593962657,False,48.79137271918094,5.0,False,False,0.9617681182386889,0.40415118748946155,0.04547401059739457,0.02576827489080992,0.3220058383330808,0.07474549713803476,0.174429,0,False
66335,2026-04-26 23:00:00+00:00,427.49,plan_b,footfall_plan_b,0.617639371642896,False,0.0,False,0.027986793143175693,False,0.4371854636949721,False,274.0258427063832,13.0,False,False,0.617639371642896,0.259542483012284,0.0,0.00037472188289439817,0.19014827065785164,0.41979138319479037,0.173971,0,False
66331,2026-04-24 01:00:00+00:00,8.25,plan_b,footfall_plan_b,-0.1740673245122414,False,2.2493988849692603,False,0.0023141049797238324,False,0.4130162509439553,False,275.7106181008524,22.0,False,False,0.1740673245122414,0.0731460261269304,0.23388805673906737,3.0984106352637356e-05,0.14029042079179388,0.42237235944955404,0.173946,0,False
66340,2026-04-24 23:00:00+00:00,78.48,plan_b,footfall_plan_b,-0.6140284009136169,False,2.6161304526611584,False,1.0321028302816515,False,0.42685305085715286,False,102.40005132047027,2.0,False,False,0.6140284009136169,0.25802509219785313,0.2720200813815095,0.013819072229005398,0.16883388639018676,0.15687082195783136,0.173914,0,False
66335,2026-04-20 21:00:00+00:00,231.64,plan_b,footfall_plan_b,-0.5552342246517504,False,2.2111521789761395,False,0.12329536732938237,False,0.42803698599848833,False,152.31926126768684,1.0,False,False,0.5552342246517504,0.2333187875251494,0.22991123973201008,0.0016508312317693463,0.17127618606853975,0.23334409902092582,0.1739,0,False
66340,2026-04-26 04:00:00+00:00,41.65,plan_b,footfall_plan_b,-0.703078619139727,False,0.3573516787388797,False,0.06611869087641183,False,0.44048033615411,False,221.2343187510366,3.0,False,False,0.703078619139727,0.2954454960974824,0.037156722300865835,0.0008852790033131438,0.1969451513873903,0.33891789096025804,0.17387,0,False
66342,2026-04-20 11:00:00+00:00,103.24,plan_b,footfall_plan_b,-1.0622815069281246,False,0.40175090576757655,False,0.09859972436285447,False,0.40931641123165974,False,160.31195452676852,19.0,False,False,1.0622815069281246,0.4463886089916616,0.04177326630284284,0.0013201753476041527,0.13265814684044855,0.24558843234928535,0.173546,0,False
66330,2026-04-20 08:00:00+00:00,89.79,plan_b,footfall_plan_b,-0.6704893941358513,False,0.8554556202193515,False,0.1373473329115395,False,0.47842146412294073,False,143.47825896175158,35.0,False,False,0.6704893941358513,0.2817509539985012,0.08894858709879373,0.0018389763677402805,0.27521261841273914,0.21980020640779876,0.17351,0,False
66342,2026-04-26 05:00:00+00:00,179.32,plan_b,footfall_plan_b,0.7589617476625616,False,0.9603589324917883,False,0.1228249878011877,False,0.4591958543038349,False,137.4483786508764,134.0,False,False,0.7589617476625616,0.3189285294033594,0.0998562264760699,0.0016445332074984567,0.23555275949143203,0.21056278642141601,0.173309,0,False
66333,2026-04-24 09:00:00+00:00,305.64,plan_b,footfall_plan_b,0.24703544352635431,False,1.3296220889131902,False,0.025388569132846314,False,0.5232318247620582,False,166.95004267154528,18.0,False,False,0.24703544352635431,0.10380846064641955,0.1382514807183677,0.00033993363872682853,0.36765039270867816,0.25575759076348137,0.173162,0,False
66342,2026-04-20 07:00:00+00:00,25.13,plan_b,footfall_plan_b,-1.0702549902327678,False,0.9319641852349024,False,0.29704974199368533,False,0.4426637152601014,False,73.64398028435545,6.0,False,False,1.0702549902327678,0.44973920118211635,0.09690379669499051,0.00397727020969214,0.20144917014830868,0.11281822196844687,0.172978,0,False
66335,2026-04-20 16:00:00+00:00,415.79,plan_b,footfall_plan_b,-0.7868928702862312,False,0.4965529889586022,False,0.3514488871673879,False,0.4211738819067567,False,209.3056515488394,11.0,False,False,0.7868928702862312,0.3306656583039749,0.05163059981559925,0.004705633405970171,0.1571185212349474,0.32064387835245356,0.172953,0,False
66342,2026-04-22 07:00:00+00:00,24.44,plan_b,footfall_plan_b,-1.0745769931614282,False,0.975247853123955,False,0.2985287494421223,False,0.43941327822937404,False,73.64398028435545,7.0,False,False,1.0745769931614282,0.4515553797212323,0.10140434705924839,0.003997072994993688,0.19474395375807846,0.11281822196844687,0.172904,0,False
66340,2026-04-22 04:00:00+00:00,188.96,plan_b,footfall_plan_b,1.1963019931167893,False,0.7199415142425978,False,0.2488210322938166,False,0.4251928657502023,False,77.08635069374797,1.0,False,False,1.1963019931167893,0.5027062780991142,0.07485809780433135,0.003331524453261704,0.16540914679833874,0.11809172982944119,0.172879,0,False
66331,2026-04-22 12:00:00+00:00,213.25,plan_b,footfall_plan_b,-0.34149126405597063,False,0.806261281216823,False,1.2135323009583794,False,0.4480247308432967,False,266.29487608786127,818.0,False,False,0.34149126405597063,0.14350038982186958,0.08383345681721117,0.01624827490745143,0.21250822750487494,0.40794799959939904,0.172808,0,False
66331,2026-04-21 17:00:00+00:00,150.57,plan_b,footfall_plan_b,-0.29512302999242773,False,0.9829406147521225,False,0.16924288400690396,False,0.45548579420983165,False,266.059080780759,517.0,False,False,0.29512302999242773,0.12401567567591847,0.10220422523123102,0.0022660335479347117,0.22789940226104044,0.4075867751355248,0.172794,0,False
66330,2026-04-20 23:00:00+00:00,18.18,plan_b,footfall_plan_b,-0.7674309760398343,False,0.6767612684882818,False,0.6824888753548438,False,0.4494230427258883,False,159.28947949946553,14.0,False,False,0.7674309760398343,0.3224874420361285,0.07036830106953376,0.00913800717070751,0.21539275769732993,0.24402206108388041,0.172282,0,False
66335,2026-04-23 01:00:00+00:00,474.99,plan_b,footfall_plan_b,0.9974358499003302,False,0.4967537688837961,False,5.0652071198835875,False,0.4095146463526509,False,123.51419694732883,1.0,False,False,0.9974358499003302,0.4191393700178101,0.05165147651597,0.06781927245121719,0.13306707935316106,0.189216444217891,0.172179,0,False
66335,2026-04-26 18:00:00+00:00,380.06,plan_b,footfall_plan_b,-0.495839570676058,False,0.49832187109006204,False,0.450411343269666,False,0.4165956473546514,False,291.49557301963404,36.0,False,False,0.495839570676058,0.20836015198755048,0.051814524688636274,0.006030665455794082,0.14767423633820984,0.4465539767509663,0.172087,0,False
66340,2026-04-21 00:00:00+00:00,29.6,plan_b,footfall_plan_b,-0.8281667106877514,False,0.5521335422152207,False,1.0496063092349135,False,0.47360632616546716,False,114.59543338147522,2.0,False,False,0.8281667106877514,0.3480096222950801,0.05740975605175538,0.014053430504961288,0.26527963350995315,0.17555342595392134,0.172061,0,False
66331,2026-04-26 06:00:00+00:00,26.34,plan_b,footfall_plan_b,0.4865945169395987,False,0.7908245518613001,False,0.4885754789681228,False,0.49815182660019275,False,163.78044123819316,81.0,False,False,0.4865945169395987,0.20447522445134095,0.08222837616411059,0.006541654218057837,0.31591371448597994,0.2509019488402896,0.172012,0,False
66342,2026-04-21 11:00:00+00:00,3.1,plan_b,footfall_plan_b,-1.1490725013051202,False,1.513612670337006,False,3.159314858006258,False,0.3879611954176394,False,57.66600077549006,2.0,False,False,1.1490725013051202,0.48285964891871885,0.15738245825866087,0.0423008240419652,0.08860519588664079,0.08834090241186925,0.171898,0,False
66335,2026-04-25 01:00:00+00:00,247.48,plan_b,footfall_plan_b,-0.30111101710948707,False,0.9585361003691238,False,4.497724264771858,False,0.4192595682383422,False,274.0258427063832,8.0,False,False,0.30111101710948707,0.126531928874728,0.09966669198942087,0.06022110845686871,0.15316954844631833,0.41979138319479037,0.171876,0,False
66338,2026-04-25 20:00:00+00:00,0.67,plan_b,footfall_plan_b,-0.6962371245427705,False,1.1583017848352992,False,0.5263527774485552,False,0.40062329393431606,False,211.21897069169978,1.0,False,False,0.6962371245427705,0.2925705846576789,0.12043793361097167,0.007047463524069844,0.11472540978591801,0.3235749701120547,0.171671,0,False
66342,2026-04-24 04:00:00+00:00,32.7,plan_b,footfall_plan_b,-0.4032738908415125,False,2.475389795417086,False,0.18838654160149407,False,0.4397686206071978,False,152.13977959362907,23.0,False,False,0.4032738908415125,0.1694624918172261,0.25738614560117545,0.0025223525689326443,0.19547697750639392,0.23306914371208817,0.171583,0,False
66330,2026-04-22 00:00:00+00:00,10.1,plan_b,footfall_plan_b,-0.7500713806074509,False,1.6437262475390333,False,0.25477175220656056,False,0.4437090382932082,False,106.94400323822519,5.0,False,False,0.7500713806074509,0.31519264719391354,0.17091141122938605,0.003411200068787677,0.20360553160629524,0.16383188753429542,0.171391,0,False
66331,2026-04-20 03:00:00+00:00,4.63,plan_b,footfall_plan_b,-0.4992230612714333,False,2.9344156044621243,False,0.403697085585595,False,0.4363970106227885,False,95.71546991200876,33.0,False,False,0.4992230612714333,0.20978195181231965,0.305114743311443,0.0054051970604750005,0.18852179753668197,0.14663043861361155,0.171091,0,False
66342,2026-04-20 19:00:00+00:00,14.45,plan_b,footfall_plan_b,-0.9767892767672249,False,0.9500428251947334,False,0.017491236669497163,False,0.44257969775748923,False,93.86520493828556,4.0,False,False,0.9767892767672249,0.41046333169724936,0.09878357799876221,0.00023419436108362178,0.20127585328960454,0.14379594211165794,0.170911,0,False
66335,2026-04-25 07:00:00+00:00,206.86,plan_b,footfall_plan_b,-0.05270005186805132,False,0.8778226432012155,False,1.3068914118009611,False,0.49227876399789594,False,274.0258427063832,9.0,False,False,0.05270005186805132,0.022145450799756376,0.09127426600582214,0.01749828242425796,0.3037983726874783,0.41979138319479037,0.170902,0,False
66331,2026-04-22 08:00:00+00:00,47.21,plan_b,footfall_plan_b,-0.5358301198981987,False,0.9806045271898253,False,0.21943060679192486,False,0.449043072735352,False,202.00261592432264,299.0,False,False,0.5358301198981987,0.22516485537705588,0.10196132345690855,0.0029380090002123116,0.21460893048140336,0.3094560597290048,0.170826,0,False
66331,2026-04-25 04:00:00+00:00,7.57,plan_b,footfall_plan_b,0.09349291484125007,False,2.9344156044621243,False,0.6344808384669874,False,0.4369961155192946,False,202.00261592432264,60.0,False,False,0.09349291484125007,0.039287299961803135,0.305114743311443,0.008495216055460787,0.18975767072343958,0.3094560597290048,0.170422,0,False
66336,2026-04-22 03:00:00+00:00,27.19,plan_b,footfall_plan_b,1.3258742157356225,False,0.8558843240554859,False,0.7305278795578558,False,0.41120906024621967,False,38.48262612558195,1.0,False,False,1.3258742157356225,0.5571547118161216,0.08899316287760294,0.009781212914760898,0.13656242834887714,0.05895310708901148,0.170289,0,False
66340,2026-04-21 22:00:00+00:00,106.36,plan_b,footfall_plan_b,-0.5794221503237308,False,2.5713743697285723,False,0.7474176058654678,False,0.41985178052684063,False,112.41468162818765,9.0,False,False,0.5794221503237308,0.24348296192213395,0.2673664322069221,0.010007353509404293,0.15439120310561405,0.17221264325300667,0.169492,0,False
66338,2026-04-21 18:00:00+00:00,1.01,plan_b,footfall_plan_b,1.1364556295032,False,2.5122845549529864,False,0.03268017684506677,False,0.39689962234602055,False,,,False,False,1.1364556295032,0.47755782655171575,0.26122238988375623,0.00043756272246187647,0.10704397386525767,0.0,0.169252,0,False
66335,2026-04-21 18:00:00+00:00,255.78,plan_b,footfall_plan_b,-0.9464973287835651,False,0.3343746810710225,False,0.19555638740185827,False,0.4225793475381865,False,163.38025983989445,8.0,False,False,0.9464973287835651,0.39773414415526137,0.034767619429808515,0.00261835135323888,0.16001780865343324,0.25028889460766146,0.169085,0,False
66335,2026-04-25 06:00:00+00:00,290.5,plan_b,footfall_plan_b,-0.04988606323324466,False,3.0222878993053635,False,1.4115432321411587,False,0.41852399747520563,False,221.23892602589638,34.0,False,False,0.04988606323324466,0.020962965305829123,0.3142515311081385,0.018899490735820708,0.15165216444824905,0.3389249490328363,0.168938,0,False
66330,2026-04-22 22:00:00+00:00,36.52,plan_b,footfall_plan_b,-0.8121301118436441,False,0.8342473242254954,False,0.7069060759431272,False,0.46231435052682934,False,106.59851768794343,11.0,False,False,0.8121301118436441,0.3412707729370797,0.08674339033716302,0.009464934923117143,0.24198579966099168,0.16330262410572896,0.168554,0,False
66332,2026-04-24 03:00:00+00:00,1.03,plan_b,footfall_plan_b,-0.6749101851408535,False,1.7409855151273386,False,0.37246383105408104,False,0.39370263683185674,False,177.60875907835918,1.0,False,False,0.6749101851408535,0.28360864495376636,0.18102423792637473,0.004987007527751679,0.10044902079702277,0.2720861138666536,0.168431,0,False
66342,2026-04-20 06:00:00+00:00,6.54,plan_b,footfall_plan_b,-0.8448612403003873,False,1.1230117659820917,False,0.16087697199950324,False,0.4104287436342505,False,152.13977959362907,2.0,False,False,0.8448612403003873,0.35502494526074563,0.11676854709752786,0.002154020346439832,0.13495273965573126,0.23306914371208817,0.168394,0,False
66331,2026-04-21 12:00:00+00:00,229.81,plan_b,footfall_plan_b,-0.2124510471854549,False,0.9735917721276622,False,0.7411137332042053,False,0.4583358179521491,False,266.059080780759,605.0,False,False,0.2124510471854549,0.08927551389478701,0.10123215102562641,0.009922949447064238,0.23377861964900382,0.4075867751355248,0.168359,0,False
66333,2026-04-20 12:00:00+00:00,3.77,plan_b,footfall_plan_b,-0.9658439147074961,False,2.2403196769178635,False,0.27804862959697524,False,0.3737643907362741,False,91.29439413412268,1.0,False,False,0.9658439147074961,0.4058639059208548,0.23294401860423034,0.003722859760522137,0.05931908865290479,0.13985761201566038,0.168341,0,False
66330,2026-04-23 02:00:00+00:00,5.3,plan_b,footfall_plan_b,-0.6335694292075439,False,2.654527133416917,False,0.05855400117041644,False,0.4809429629547537,False,11.350356996687372,1.0,False,False,0.6335694292075439,0.26623656192739537,0.276012492468402,0.0007839935592952869,0.28041413289685,0.017388075578329634,0.168167,0,False
66336,2026-04-25 00:00:00+00:00,59.89,plan_b,footfall_plan_b,0.5178631586401322,False,0.5104411539817649,False,0.5885618508893972,False,0.426563377507835,False,257.0844248627809,5.0,False,False,0.5178631586401322,0.21761483516914687,0.05307466380560314,0.007880395722253915,0.16823632905518918,0.3938381330939705,0.168129,0,False
66332,2026-04-21 22:00:00+00:00,10.33,plan_b,footfall_plan_b,-0.7337487146795582,False,1.099822143398859,False,0.7872954543873343,False,0.4254318021245452,False,157.06119011996248,2.0,False,False,0.7337487146795582,0.3083335876215994,0.11435733590739748,0.010541287583502923,0.1659020405471856,0.24060845355131588,0.167949,0,False
66331,2026-04-24 09:00:00+00:00,122.63,plan_b,footfall_plan_b,0.12285620847533682,False,1.0338062351548665,False,1.805394800183043,False,0.465218814476684,False,266.059080780759,249.0,False,False,0.12285620847533682,0.05162625128049588,0.10749313205443654,0.02417286380155737,0.24797731990805222,0.4075867751355248,0.167771,0,False
66331,2026-04-20 22:00:00+00:00,28.44,plan_b,footfall_plan_b,-0.7771908272255378,False,1.0603339235998013,False,0.40811872654900966,False,0.4418703127361883,False,128.0048255494378,152.0,False,False,0.7771908272255378,0.3265886961447031,0.11025142874499884,0.005464399471369932,0.1998124869709079,0.19609582162870445,0.167643,0,False
66330,2026-04-21 06:00:00+00:00,34.67,plan_b,footfall_plan_b,-0.42522485868065973,False,1.2375122042452398,False,0.6741096891379256,False,0.47955253485908295,False,159.28947949946553,24.0,False,False,0.42522485868065973,0.1786866587972888,0.1286740766948297,0.009025816237639067,0.27754586590124486,0.24402206108388041,0.167591,0,False
66342,2026-04-22 06:00:00+00:00,11.7,plan_b,footfall_plan_b,-0.8043208305976347,False,0.8201214521088646,False,0.0653098159044224,False,0.4506494522706643,False,126.57902412307786,3.0,False,False,0.8043208305976347,0.3379891812216111,0.08527461003270914,0.0008744487823950341,0.21792267638304172,0.19391157817552737,0.167194,0,False
66331,2026-04-22 07:00:00+00:00,32.82,plan_b,footfall_plan_b,-0.29604140680651336,False,1.1800371320243315,False,0.8755366489649625,False,0.4746381630371897,False,202.00261592432264,205.0,False,False,0.29604140680651336,0.12440159310542863,0.12269793211571049,0.011722770092478504,0.2674081748226792,0.3094560597290048,0.167137,0,False
66336,2026-04-21 21:00:00+00:00,186.9,plan_b,footfall_plan_b,-0.16770129983103804,False,0.8706769584511391,False,1.2105443394329887,False,0.46988676697442605,False,260.15769419081494,11.0,False,False,0.16770129983103804,0.07047091516649717,0.09053127180793527,0.016208268374259777,0.2576066809142158,0.39854619992957874,0.166673,0,False
66340,2026-04-23 04:00:00+00:00,0.69,plan_b,footfall_plan_b,-1.2312072585941218,False,1.8454226085524652,False,0.033674322548565866,False,0.40482413032942133,False,,,False,False,1.2312072585941218,0.5173740594746638,0.1918834007880177,0.000450873577620621,0.12339117281496902,0.0,0.16662,0,False
66330,2026-04-23 04:00:00+00:00,10.27,plan_b,footfall_plan_b,-0.4638937719117082,False,1.3744299574995935,False,0.1435391165804667,False,0.4280242291985453,False,210.04193898574997,5.0,False,False,0.4638937719117082,0.19493598844846846,0.14291051446303704,0.001921879643689956,0.17124987049827764,0.32177182715654074,0.166558,0,False
66330,2026-04-21 07:00:00+00:00,58.23,plan_b,footfall_plan_b,-0.4768830359141604,False,0.9555656060904062,False,0.19639346566210372,False,0.4837769086638378,False,159.28947949946553,32.0,False,False,0.4768830359141604,0.20039429630007302,0.09935782585676371,0.0026295591947448527,0.28626018345495646,0.24402206108388041,0.166533,0,False
66342,2026-04-22 22:00:00+00:00,1.03,plan_b,footfall_plan_b,-0.7385122557757806,False,3.1733979101807814,False,0.6744907594765952,False,0.38998910007936355,False,57.66600077549006,1.0,False,False,0.7385122557757806,0.31033530794709613,0.3299636518145351,0.009030918479760591,0.09278849168565961,0.08834090241186925,0.166092,0,False
66331,2026-04-22 15:00:00+00:00,161.64,plan_b,footfall_plan_b,-0.23772988504550055,False,1.396364997865692,False,0.7937113624630463,False,0.42511052846608594,False,266.29487608786127,841.0,False,False,0.23772988504550055,0.09989810799595217,0.14519127667022108,0.010627191714866199,0.1652392960054253,0.40794799959939904,0.165781,0,False
66331,2026-04-24 10:00:00+00:00,137.47,plan_b,footfall_plan_b,-0.20379079481555942,False,0.7221205290550538,False,0.6837940409582063,False,0.4667566402484568,False,266.059080780759,329.0,False,False,0.20379079481555942,0.08563632975790647,0.07508466746411757,0.009155482345868843,0.2511496485742384,0.4075867751355248,0.165723,0,False
66331,2026-04-22 11:00:00+00:00,163.94,plan_b,footfall_plan_b,-0.36857048228274975,False,0.6743316663575617,False,2.8816237702336505,False,0.4352887358008726,False,247.09384614278434,800.0,False,False,0.36857048228274975,0.15487953412401306,0.07011567583494316,0.03858275149464591,0.18623557496705806,0.378533157408602,0.165669,0,False
66338,2026-04-21 14:00:00+00:00,0.53,plan_b,footfall_plan_b,0.954850416601328,False,2.8600065940208235,True,0.8498352955556111,False,0.4022249910240818,False,,,False,False,0.954850416601328,0.4012442525657325,0.2973778412562832,0.011378648510087241,0.11802949642933107,0.0,0.165606,1,False
66342,2026-04-25 23:00:00+00:00,47.84,plan_b,footfall_plan_b,-0.3796055561747327,False,1.7454915842253187,False,1.103703050386495,False,0.41198436127369925,False,217.9342904019919,51.0,False,False,0.3796055561747327,0.15951665832568268,0.18149277009819223,0.014777744741289378,0.13816177056276246,0.3338624427165978,0.165562,0,False
66332,2026-04-20 19:00:00+00:00,471.5,plan_b,footfall_plan_b,-0.1531620664627546,False,0.337303896866297,False,0.0435851986405129,False,0.5035473113035709,False,260.66708279718154,19.0,False,False,0.1531620664627546,0.0643612840407128,0.03507219350722276,0.0005835726736302346,0.3270438770223795,0.3993265531456782,0.165277,0,False
66336,2026-04-22 00:00:00+00:00,33.04,plan_b,footfall_plan_b,-0.5696494745041456,False,0.5264349838557756,False,0.11506591816806395,False,0.409605359452366,False,258.87575382998125,3.0,False,False,0.5696494745041456,0.23937631868606163,0.05473767067114567,0.0015406451640360053,0.13325420833220855,0.3965823431198244,0.165098,0,False
66342,2026-04-22 01:00:00+00:00,1.03,plan_b,footfall_plan_b,-0.911134752492835,False,3.5785943244239147,False,0.6609158765390273,False,0.37476704812976,False,,,False,False,0.911134752492835,0.3828741930614798,0.37209517528875413,0.008849161117692945,0.061387436608897325,0.0,0.165041,0,False
66335,2026-04-22 02:00:00+00:00,64.02,plan_b,footfall_plan_b,-1.3076445211347507,False,0.3809269365259432,False,0.1870811441138561,False,0.4580417971008358,False,,,False,False,1.3076445211347507,0.5494942866254792,0.03960803107841696,0.002504874289017155,0.23317209399948086,0.0,0.164956,0,False
66338,2026-04-25 06:00:00+00:00,0.0,plan_b,footfall_plan_b,-0.8588390464429624,False,2.3639038048671877,False,3.1853375547203977,False,0.430021452971384,False,,,False,False,0.8588390464429624,0.36089865519549025,0.24579405232790877,0.0426492481669025,0.17536987573141966,0.0,0.164942,0,False
66332,2026-04-20 23:00:00+00:00,23.75,plan_b,footfall_plan_b,-0.36380709477203454,False,0.881024657735682,False,0.4946496341008444,False,0.4294343911793692,False,260.66708279718154,6.0,False,False,0.36380709477203454,0.15287787833773733,0.09160720515775332,0.006622982537336214,0.17415884585676472,0.3993265531456782,0.164919,0,False
66331,2026-04-25 00:00:00+00:00,21.04,plan_b,footfall_plan_b,0.24390032653525587,False,0.9136635070036491,False,0.6499999047608565,False,0.4457138132468969,False,266.29487608786127,50.0,False,False,0.24390032653525587,0.10249103160001777,0.0950009282899618,0.008703004554580758,0.207741113914496,0.40794799959939904,0.164377,0,False
66335,2026-04-26 20:00:00+00:00,296.69,plan_b,footfall_plan_b,0.08215671895400489,False,1.7565823022967,False,0.7797506100093784,False,0.4160958344858898,False,291.49557301963404,13.0,False,False,0.08215671895400489,0.03452363921805383,0.1826459610750748,0.010440267853339867,0.14664318931038353,0.4465539767509663,0.164161,0,False
66340,2026-04-24 10:00:00+00:00,1176.11,plan_b,footfall_plan_b,-0.13404476298107282,False,0.7771414533345914,False,1.4604792343529944,False,0.4963876984367872,False,229.19086676295044,81.0,False,False,0.13404476298107282,0.056327870625151204,0.08080563458369729,0.01955470660125883,0.31227455428570167,0.3511068519078427,0.164014,0,False
66331,2026-04-20 17:00:00+00:00,148.46,plan_b,footfall_plan_b,-0.3226887490399717,False,1.0010897968673012,False,0.3916486243066841,False,0.4642721307926316,False,214.67154370876037,443.0,False,False,0.3226887490399717,0.1355992558298001,0.1040913413690967,0.005243877323936531,0.24602443822024686,0.32886410776454195,0.163965,0,False
66331,2026-04-22 05:00:00+00:00,10.18,plan_b,footfall_plan_b,-0.6204191316538895,False,1.2279494275061449,False,0.759693511536335,False,0.44240991100374594,False,143.33814905146377,107.0,False,False,0.6204191316538895,0.26071058506107736,0.12767975804219683,0.01017171855343375,0.20092560594954492,0.21958556631233145,0.163815,0,False
66335,2026-04-21 22:00:00+00:00,164.87,plan_b,footfall_plan_b,-1.1321763090146544,False,0.9588971194485718,False,0.8667034435109195,False,0.45638287706809977,False,,,False,False,1.1321763090146544,0.4757595838939523,0.09970423004080964,0.011604500186998492,0.22974996408635534,0.0,0.163364,0,False
66335,2026-04-25 03:00:00+00:00,241.97,plan_b,footfall_plan_b,-0.33724697880097987,False,0.4008160600640204,False,4.198410998576018,False,0.4204383307486512,False,274.0258427063832,7.0,False,False,0.33724697880097987,0.1417168695602603,0.041676062891559645,0.056213531378980955,0.15560117767943235,0.41979138319479037,0.163,0,False
66330,2026-04-21 04:00:00+00:00,8.25,plan_b,footfall_plan_b,-0.8014881072092663,False,0.6744907594765952,False,0.06846069381637651,False,0.4629393511555678,False,106.59851768794343,7.0,False,False,0.8014881072092663,0.3367988230681979,0.0701322180234807,0.0009166366421436496,0.24327509227613991,0.16330262410572896,0.162885,0,False
66333,2026-04-22 22:00:00+00:00,1.38,plan_b,footfall_plan_b,-0.956156526382213,False,0.8257050610431671,False,1.774722071452577,False,0.3540181002033772,False,185.33547119107044,1.0,False,False,0.956156526382213,0.40179310192861534,0.08585518267011967,0.023762179283163664,0.018585135133491443,0.2839229798107846,0.162784,0,False
66335,2026-04-20 08:00:00+00:00,247.82,plan_b,footfall_plan_b,-0.48381964851887665,False,0.8400973262464084,False,0.40824874538350286,False,0.4381079800898337,False,212.15573823069715,7.0,False,False,0.48381964851887665,0.2033091779312966,0.087351662001977,0.005466140324715429,0.19205129846383812,0.32501004257472405,0.162638,0,False
66338,2026-04-23 21:00:00+00:00,0.08,plan_b,footfall_plan_b,-0.8154142843052036,False,3.3047963410037764,True,0.8661069329550574,False,0.4008695277817036,False,,,False,False,0.8154142843052036,0.3426508376066075,0.3436262013290348,0.011596513364159748,0.11523335724459031,0.0,0.162621,1,False
66342,2026-04-21 04:00:00+00:00,0.34,plan_b,footfall_plan_b,-0.8730584203011135,False,3.802941573389411,False,0.5000166638534833,False,0.3657672752147976,False,,,False,False,0.8730584203011135,0.3668738759593606,0.39542235947379156,0.006694842985375774,0.042822110073636836,0.0,0.162363,0,False
66332,2026-04-25 02:00:00+00:00,31.67,plan_b,footfall_plan_b,1.085548877367789,False,1.5572736705018304,False,0.7191536158050313,False,0.43339477758823636,False,,,False,False,1.085548877367789,0.4561659505510476,0.16192224288826623,0.00962892017053003,0.1823285927582879,0.0,0.162009,0,False
66332,2026-04-20 22:00:00+00:00,57.82,plan_b,footfall_plan_b,-0.23359475371885458,False,0.9615223699762212,False,0.10163061937376984,False,0.44704136995513494,False,260.66708279718154,11.0,False,False,0.23359475371885458,0.09816045605636678,0.09997719840958942,0.0013607567275262889,0.21047968565573838,0.3993265531456782,0.161861,0,False
66331,2026-04-21 21:00:00+00:00,58.82,plan_b,footfall_plan_b,-0.49070964535195244,False,0.9909151210308106,False,0.49127210824002004,False,0.43408916204026243,False,202.00261592432264,274.0,False,False,0.49070964535195244,0.20620447082890866,0.10303339865593525,0.006577760033864028,0.18376101491101127,0.3094560597290048,0.161807,0,False
66335,2026-04-21 17:00:00+00:00,336.19,plan_b,footfall_plan_b,-1.0825487613271036,False,0.8589418680708196,False,0.3221524557329131,False,0.41925847595185795,False,69.67609481700799,4.0,False,False,1.0825487613271036,0.45490525118135994,0.0893110802700757,0.004313376462023384,0.1531672952055486,0.10673965612135242,0.161687,0,False
66331,2026-04-20 12:00:00+00:00,224.67,plan_b,footfall_plan_b,-0.25250338503053055,False,0.9735917721276622,False,0.1389551833391637,False,0.4411543825957493,False,261.6896504753211,463.0,False,False,0.25250338503053055,0.1061061819059709,0.10123215102562641,0.0018605042625787363,0.1983356189477617,0.4008930663466848,0.161686,0,False
66333,2026-04-26 19:00:00+00:00,256.41,plan_b,footfall_plan_b,0.11105710998547617,False,0.7225089903489237,False,0.05489327171287583,False,0.5356273447298154,False,190.97600149720967,50.0,False,False,0.11105710998547617,0.04666807105435656,0.07512505890280312,0.0007349791749719763,0.3932206907539946,0.292563938618832,0.161663,0,False
66336,2026-04-22 08:00:00+00:00,419.92,plan_b,footfall_plan_b,-0.10086941701267488,False,1.1159663606452783,False,0.6937604393260829,False,0.5160070589058225,False,187.49881621950024,20.0,False,False,0.10086941701267488,0.04238703060951843,0.1160359797551248,0.009288924842941682,0.35274666807815774,0.2872370964387744,0.161539,0,False
66335,2026-04-26 19:00:00+00:00,321.12,plan_b,footfall_plan_b,0.4096724305263266,False,0.2659972211723135,False,0.12096867882281792,False,0.42234003217911553,False,291.49557301963404,16.0,False,False,0.4096724305263266,0.17215126613067688,0.027657866096450254,0.001619678641559089,0.15952413310983493,0.4465539767509663,0.161501,0,False
66330,2026-04-24 21:00:00+00:00,102.83,plan_b,footfall_plan_b,-0.20794293561726035,False,0.6214797168649435,False,0.3473874846528857,False,0.5030850708306953,False,211.93122181542486,86.0,False,False,0.20794293561726035,0.08738112936584524,0.06462023443310894,0.004651254314030608,0.32609033681666155,0.32466609670601965,0.161482,0,False
66331,2026-04-21 14:00:00+00:00,197.41,plan_b,footfall_plan_b,-0.17255778474203368,False,1.0006750537123945,False,0.3791210217575466,False,0.4549591287704824,False,259.92566318207076,480.0,False,False,0.17255778474203368,0.07251169205084428,0.10404821719436934,0.005076142250062583,0.22681296197540837,0.39819074214814176,0.161328,0,False
66336,2026-04-24 03:00:00+00:00,9.64,plan_b,footfall_plan_b,-0.9828947056410071,False,0.48724482238521344,False,0.44046178125965074,False,0.4794853030043841,False,38.48262612558195,1.0,False,False,0.9828947056410071,0.4130289359033758,0.050662755025508495,0.005897448384752965,0.27740717558673916,0.05895310708901148,0.16119,0,False
66335,2026-04-26 22:00:00+00:00,473.27,plan_b,footfall_plan_b,0.7204571091383047,False,0.0,False,0.17238481507531275,False,0.4042386150370961,False,247.02839389465765,17.0,False,False,0.7204571091383047,0.3027482307551474,0.0,0.0023081016162501996,0.12218333316211137,0.378432888435782,0.161135,0,False
66340,2026-04-25 05:00:00+00:00,138.71,plan_b,footfall_plan_b,0.2891072727551086,False,1.1401754399008512,False,0.1340629774459987,False,0.45318966196503385,False,221.2343187510366,6.0,False,False,0.2891072727551086,0.1214877530041176,0.11855319203808784,0.0017950013450270385,0.22316278887139138,0.33891789096025804,0.160783,0,False
66338,2026-04-20 20:00:00+00:00,3.79,plan_b,footfall_plan_b,0.017651082030661847,False,1.0940470555417328,False,1.0169232819079899,False,0.5462873931401359,False,164.8109928863798,1.0,False,False,0.017651082030661847,0.00741728242794118,0.11375685366948657,0.013615829616714462,0.4152109433402855,0.25248069301117965,0.160496,0,False
66338,2026-04-24 09:00:00+00:00,0.2,plan_b,footfall_plan_b,1.0,False,1.1917635450701627,False,8.908669405091981,False,0.411869410173604,False,,,False,False,1.0,0.42021686914471046,0.1239172214014552,0.11928031041219135,0.13792464183418005,0.0,0.160268,0,False
66335,2026-04-25 00:00:00+00:00,243.34,plan_b,footfall_plan_b,-0.3423184245633993,False,0.9905089507006419,False,5.038939805624167,False,0.4167823845589198,False,221.23892602589638,5.0,False,False,0.3423184245633993,0.1438479766205814,0.10299116586660517,0.06746757308332198,0.14805945018819056,0.3389249490328363,0.160258,0,False
66332,2026-04-24 04:00:00+00:00,4.13,plan_b,footfall_plan_b,-0.7430664842748425,False,1.17726660281598,False,0.14363331766020912,False,0.4101976423384378,False,150.28563375501113,3.0,False,False,0.7430664842748425,0.31224907158834153,0.12240985795642725,0.0019231409245302146,0.13447600862484582,0.2302287019546577,0.160257,0,False
66340,2026-04-21 23:00:00+00:00,150.76,plan_b,footfall_plan_b,0.25642580246049324,False,3.193474570103494,False,0.12797151352381256,False,0.43381089973370596,False,114.59543338147522,9.0,False,False,0.25642580246049324,0.10775444787786846,0.3320511832908381,0.0017134412742169436,0.18318699702939484,0.17555342595392134,0.160052,0,False
66331,2026-04-21 16:00:00+00:00,161.56,plan_b,footfall_plan_b,-0.19761129737723596,False,0.9823799302121323,False,0.2734881692382246,False,0.4431345466160561,False,266.29487608786127,518.0,False,False,0.19761129737723596,0.08303960069148643,0.10214592635930651,0.0036617986634627548,0.20242043219557726,0.40794799959939904,0.159843,0,False
66340,2026-04-21 03:00:00+00:00,53.01,plan_b,footfall_plan_b,-0.5479454469064057,False,1.811080271104711,False,0.7812238538655735,False,0.4113546810650565,False,151.88354533325924,1.0,False,False,0.5479454469064057,0.23025592016110896,0.18831255231680832,0.010459993468523136,0.13686282460082516,0.23267660798071263,0.159714,0,False
66340,2026-04-24 04:00:00+00:00,50.6,plan_b,footfall_plan_b,-0.5876794169151949,False,0.6449661800451542,False,0.6217236523934843,False,0.41127214063329864,False,221.2343187510366,16.0,False,False,0.5876794169151949,0.2469528046368922,0.06706231052268083,0.00832440703273919,0.13669255474152697,0.33891789096025804,0.15959,0,False
66331,2026-04-20 01:00:00+00:00,2.19,plan_b,footfall_plan_b,-0.6290233261024623,False,0.0,False,0.3721744181475034,False,0.451252461019776,False,202.00261592432264,20.0,False,False,0.6290233261024623,0.26432621271376894,0.0,0.004983132508962213,0.21916660269503413,0.3094560597290048,0.159586,0,False
66335,2026-04-20 05:00:00+00:00,304.61,plan_b,footfall_plan_b,-0.2677931106107998,False,0.7318601864849702,False,0.4347312230411991,False,0.42070898432580617,False,291.49557301963404,2.0,False,False,0.2677931106107998,0.11253118251939344,0.07609737782189767,0.005820720566933017,0.15615949977103358,0.4465539767509663,0.159433,0,False
66340,2026-04-23 01:00:00+00:00,0.34,plan_b,footfall_plan_b,-1.152537284412668,False,1.6040523638259927,False,0.24842243931776978,False,0.41396301250691475,False,,,False,False,1.152537284412668,0.4843156092284381,0.16678619909963005,0.003326187596347493,0.1422434631333572,0.0,0.159334,0,False
66332,2026-04-21 23:00:00+00:00,3.44,plan_b,footfall_plan_b,-0.7634860582504379,False,1.2548595407040786,False,0.8745706065145283,False,0.40856372616678704,False,131.34742599441384,1.0,False,False,0.7634860582504379,0.32082972103363505,0.13047781850383836,0.011709835518512466,0.13110545832934808,0.20121648780531584,0.159068,0,False
66331,2026-04-20 15:00:00+00:00,194.85,plan_b,footfall_plan_b,0.10563803279561501,False,0.981954471873904,False,1.5203695213862773,False,0.45658299975805816,False,259.92566318207076,540.0,False,False,0.10563803279561501,0.044390883403979585,0.1021016880409644,0.02035659201233066,0.23016279040111884,0.39819074214814176,0.159041,0,False
66335,2026-04-20 07:00:00+00:00,151.45,plan_b,footfall_plan_b,-0.5516204599242183,False,0.7978589958791117,False,1.2121396049406634,False,0.45592104002698536,False,152.31926126768684,2.0,False,False,0.5516204599242183,0.23180022262552022,0.08295980377019666,0.016229627766587946,0.22879725610634477,0.23334409902092582,0.158626,0,False
66330,2026-04-25 01:00:00+00:00,12.71,plan_b,footfall_plan_b,-0.1438668279177114,False,2.7962574847673607,False,1.2253767657335168,False,0.4371551331254369,False,153.67101288508454,10.0,False,False,0.1438668279177114,0.060455268001361515,0.2907493346886974,0.016406863285895145,0.19008570275388992,0.2354149025466035,0.158622,0,False
66336,2026-04-22 04:00:00+00:00,41.3,plan_b,footfall_plan_b,0.9509387858057059,False,0.8324932583595049,False,0.5372304599252257,False,0.4032832386193801,False,116.79916626640515,5.0,False,False,0.9509387858057059,0.39960051931954615,0.08656100603016872,0.007193107422544838,0.12021251952863651,0.17892941438924503,0.158499,0,False
66342,2026-04-23 01:00:00+00:00,163.15,plan_b,footfall_plan_b,1.0262988390359236,False,1.5372795552926564,False,0.310160864551667,False,0.4400359784144196,False,,,False,False,1.0262988390359236,0.43126808494652696,0.1598432942483701,0.0041528181728564765,0.19602850086589693,0.0,0.158259,0,False
66336,2026-04-22 20:00:00+00:00,245.75,plan_b,footfall_plan_b,-0.33442054622159645,False,1.1904146942787206,False,0.5703173080642089,False,0.4683534550007847,False,172.37906296722124,13.0,False,False,0.33442054622159645,0.1405291549109032,0.12377697055819684,0.007636115164455563,0.25444366360921794,0.2640745287457008,0.158092,0,False
66330,2026-04-26 05:00:00+00:00,23.23,plan_b,footfall_plan_b,-0.4125457749040125,False,1.3397151249160535,False,0.09258011554545043,False,0.432670775337227,False,192.13223337579174,16.0,False,False,0.4125457749040125,0.1733586939090426,0.13930093468274957,0.0012395773620183911,0.18083507305181773,0.2943352174690679,0.157814,0,False
66340,2026-04-21 06:00:00+00:00,278.8,plan_b,footfall_plan_b,0.6546952977357724,False,0.744224624326149,False,2.127106259501532,False,0.4293964334055965,False,151.4478293988316,13.0,False,False,0.6546952977357724,0.27511400825829035,0.07738300766668343,0.028480335656864388,0.17408054405167472,0.23200911694049942,0.157413,0,False
66335,2026-04-20 17:00:00+00:00,451.99,plan_b,footfall_plan_b,-0.6832431434113092,False,0.7558898019337081,False,0.0029886481437508736,False,0.4102574223315459,False,185.79787983231316,6.0,False,False,0.6832431434113092,0.28711029458889076,0.07859592981240832,4.0015726489487236e-05,0.13459932674662664,0.28463136249904264,0.156995,0,False
66331,2026-04-21 08:00:00+00:00,61.18,plan_b,footfall_plan_b,-0.17631843945329417,False,1.0660102501735902,False,0.39812153275892376,False,0.4352271342988071,False,266.29487608786127,213.0,False,False,0.17631843945329417,0.07409198259954447,0.11084164197957949,0.005330544647006297,0.18610849931618173,0.40794799959939904,0.156864,0,False
66340,2026-04-21 08:00:00+00:00,395.13,plan_b,footfall_plan_b,-0.17508382473292042,False,0.662864629060578,False,4.02630197321074,False,0.49641068893874496,False,179.5140679618003,16.0,False,False,0.17508382473292042,0.07357317666714903,0.06892335592767042,0.05390912237727571,0.31232198061301997,0.2750049343826079,0.156747,0,False
66331,2026-04-20 13:00:00+00:00,245.67,plan_b,footfall_plan_b,-0.043683233848431945,False,1.3573086410124897,False,0.6414270438985327,False,0.4595376016588734,False,247.09384614278434,545.0,False,False,0.043683233848431945,0.018356431761904313,0.14113027376462575,0.008588220465253791,0.23625773852799228,0.378533157408602,0.156573,0,False
66332,2026-04-23 07:00:00+00:00,2.41,plan_b,footfall_plan_b,-1.1903075592406116,False,1.6600733560771002,False,1.3531029990536654,False,0.38907325138424254,False,,,False,False,1.1903075592406116,0.5001873158633718,0.1726111513132011,0.01811702044466222,0.09089921845149326,0.0,0.156363,0,False
66336,2026-04-22 01:00:00+00:00,25.81,plan_b,footfall_plan_b,-0.7502551677430188,False,1.3833663222519574,False,0.36754655602477926,False,0.4095397631542805,False,116.79916626640515,1.0,False,False,0.7502551677430188,0.3152698776486109,0.14383970003355023,0.004921168953526219,0.13311889195201002,0.17892941438924503,0.155216,0,False
66342,2026-04-20 21:00:00+00:00,3.1,plan_b,footfall_plan_b,-0.8653422583642286,False,0.8505441549549265,False,0.27936029605015317,False,0.3838390044412441,False,156.42313298005544,2.0,False,False,0.8653422583642286,0.3636314145484293,0.08843790263366229,0.0037404219771201503,0.08010166782647715,0.23963098775220187,0.155108,0,False
66342,2026-04-22 21:00:00+00:00,4.47,plan_b,footfall_plan_b,-0.8602780715700742,False,2.9554036442008016,False,0.8328964859126142,False,0.39048294371322273,False,,,False,False,0.8602780715700742,0.3615033578290257,0.30729703826234883,0.011151850726899235,0.09380722498110895,0.0,0.154752,0,False
66342,2026-04-25 21:00:00+00:00,234.74,plan_b,footfall_plan_b,-0.009088076613910184,False,0.8022436770572923,False,0.7981799704107191,False,0.5272335179211616,False,195.1458618392765,375.0,False,False,0.009088076613910184,0.003818963101244599,0.08341571426567955,0.010687022977973137,0.3759053499053379,0.2989519180277703,0.154556,0,False
66331,2026-04-22 04:00:00+00:00,5.22,plan_b,footfall_plan_b,-0.5446641179963266,False,0.5576383222773788,False,0.8418347649909539,False,0.4248275927873004,False,202.00261592432264,52.0,False,False,0.5446641179963266,0.22887705039988154,0.05798213221861371,0.011271527488325106,0.1646556375826227,0.3094560597290048,0.154448,0,False
66332,2026-04-20 20:00:00+00:00,339.72,plan_b,footfall_plan_b,-0.16264105894726102,False,0.3409678844247858,False,0.010318783646965465,False,0.45610278746497573,False,286.004938366057,28.0,False,False,0.16264105894726102,0.06834451658519833,0.03545316770246105,0.00013816066805473476,0.22917217673657853,0.43814264921675244,0.15425,0,False
66340,2026-04-20 18:00:00+00:00,996.99,plan_b,footfall_plan_b,0.03301878182000919,False,0.813101200826686,False,0.04992880449378929,False,0.49586489805712386,False,235.15937813964103,43.0,False,False,0.03301878182000919,0.013875049119376547,0.08454465815926401,0.0006685087332037225,0.31119608710070507,0.3602502583168486,0.154107,0,False
66333,2026-04-23 21:00:00+00:00,162.46,plan_b,footfall_plan_b,0.17289120796996163,False,0.7946962941344311,False,0.178582199558022,False,0.5106430183259697,False,176.01095430725434,16.0,False,False,0.17289120796996163,0.07265180211578429,0.08263095228456133,0.0023910798828383315,0.3416813705585067,0.26963837146282477,0.153799,0,False
66332,2026-04-26 03:00:00+00:00,5.85,plan_b,footfall_plan_b,-0.38408681800608474,False,2.3126463444086265,False,0.4876138732540039,False,0.4078843557601381,False,150.28563375501113,4.0,False,False,0.38408681800608474,0.16139976014227114,0.2404644027490186,0.006528779048617978,0.12970400814199265,0.2302287019546577,0.153665,0,False
66331,2026-04-22 06:00:00+00:00,20.87,plan_b,footfall_plan_b,-0.212007059873946,False,1.3189115304991137,False,0.8784482881512896,False,0.4519116347213385,False,202.00261592432264,176.0,False,False,0.212007059873946,0.08908894293680476,0.13713781799238442,0.011761754727575064,0.2205263897839526,0.3094560597290048,0.153594,0,False
66333,2026-04-25 03:00:00+00:00,20.65,plan_b,footfall_plan_b,0.47064444756758467,False,1.0589331290316917,False,0.7412488470940888,False,0.4678467023635749,False,128.39303435088027,8.0,False,False,0.47064444756758467,0.19777273623719227,0.11010577689035667,0.009924758519327835,0.25339830076825526,0.1966905345510931,0.153578,0,False
66340,2026-04-23 03:00:00+00:00,0.69,plan_b,footfall_plan_b,-1.1776468510138518,False,1.295877259254595,False,0.13413261111110775,False,0.41085020159264607,False,,,False,False,1.1776468510138518,0.4948670726911681,0.13474275992785859,0.0017959336868630256,0.13582215099448727,0.0,0.153446,0,False
66331,2026-04-20 10:00:00+00:00,160.96,plan_b,footfall_plan_b,0.07982596685623439,False,0.6862198489786849,False,0.9767189833854031,False,0.4360005186674995,False,301.1793835930069,475.0,False,False,0.07982596685623439,0.03354421786877624,0.07135178560186502,0.013077524625293687,0.1877038877196124,0.4613890017801507,0.153413,0,False
66342,2026-04-25 01:00:00+00:00,59.55,plan_b,footfall_plan_b,-0.21178480321906906,False,2.6985096440028142,False,0.27134023512839267,False,0.4263589367787445,False,147.43914951769605,39.0,False,False,0.21178480321906906,0.0889955469411458,0.28058570711707087,0.0036330394587245876,0.16781459520384248,0.2258680564643525,0.153379,0,False
66330,2026-04-21 05:00:00+00:00,22.3,plan_b,footfall_plan_b,-0.4854863776912238,False,1.087628530799767,False,0.4686400272757174,False,0.4416960966223206,False,159.28947949946553,18.0,False,False,0.4854863776912238,0.2040095656458125,0.11308946813415031,0.006274733676061048,0.19945310245396297,0.24402206108388041,0.15337,0,False
66342,2026-04-21 23:00:00+00:00,0.0,plan_b,footfall_plan_b,-0.7599721180723255,False,3.584365824545046,False,0.5507617245533045,False,0.37731739420231397,False,,,False,False,0.7599721180723255,0.3193531040936268,0.3726952844809569,0.007374280768609765,0.06664845908827184,0.0,0.153214,0,False
66330,2026-04-22 06:00:00+00:00,37.95,plan_b,footfall_plan_b,-0.22762998405390514,False,1.2375122042452398,False,0.37321224076572496,False,0.47004216227842677,False,181.51741102931967,30.0,False,False,0.22762998405390514,0.09565395922259239,0.1286740766948297,0.004997028164803197,0.25792724062034156,0.27807393747013337,0.153065,0,False
66330,2026-04-22 23:00:00+00:00,19.94,plan_b,footfall_plan_b,-0.6916049304482812,False,1.175294704050343,False,1.6386057272082055,False,0.44354686261339044,False,83.01943152241927,5.0,False,False,0.6916049304482812,0.290624058558022,0.12220482381443368,0.02193968491780297,0.20327098489269,0.12718085873449536,0.153044,0,False
66340,2026-04-25 00:00:00+00:00,118.06,plan_b,footfall_plan_b,0.26175144321348215,False,1.4820400570100054,False,0.26739417981890035,False,0.421023745121799,False,221.2343187510366,15.0,False,False,0.26175144321348215,0.10999237196127894,0.15409960023531522,0.00358020477816602,0.15680880914953918,0.33891789096025804,0.15268,0,False
66330,2026-04-22 07:00:00+00:00,62.27,plan_b,footfall_plan_b,-0.36250552547694154,False,0.9094960573586065,False,0.3404294306136629,False,0.4978711368224784,False,128.31645091262675,35.0,False,False,0.36250552547694154,0.15233093696357844,0.09456760510057548,0.004558091260388846,0.3153346890563813,0.19657321325337626,0.152673,0,False
66338,2026-04-20 23:00:00+00:00,3.45,plan_b,footfall_plan_b,1.038132797426432,False,0.8294385070670671,False,0.25987263702859215,False,0.46006806751269597,False,,,False,False,1.038132797426432,0.4362409138909752,0.08624337901951108,0.003479497038546258,0.2373520185598416,0.0,0.152663,0,False
66340,2026-04-26 01:00:00+00:00,60.23,plan_b,footfall_plan_b,-0.47862037611201,False,1.0696654682804927,False,0.2029389280091933,False,0.42026927187627594,False,191.08540912184841,2.0,False,False,0.47862037611201,0.20112435595865263,0.11122170434454887,0.0027171979593066963,0.1552524318611782,0.2927315446286359,0.152609,0,False
66330,2026-04-26 03:00:00+00:00,16.16,plan_b,footfall_plan_b,0.625564035712763,False,1.5549214171523058,False,1.273224964674682,False,0.44153579055583575,False,79.29086743819977,9.0,False,False,0.625564035712763,0.2628725605367471,0.161677660227292,0.017047514292554376,0.19912241250233909,0.12146891909118938,0.152438,0,False
66338,2026-04-20 18:00:00+00:00,0.08,plan_b,footfall_plan_b,-1.102747199814546,False,1.067050800375958,False,0.38174580499725264,False,0.43322239160974424,False,,,False,False,1.102747199814546,0.46339297576416494,0.11094983633603511,0.005111286102119536,0.18197298356558417,0.0,0.152285,0,False
66331,2026-04-21 07:00:00+00:00,41.74,plan_b,footfall_plan_b,0.4508202271732323,False,1.1800371320243315,False,0.6776670754258778,False,0.4516158261692101,False,143.33814905146377,147.0,False,False,0.4508202271732323,0.1894422644098428,0.12269793211571049,0.009073446935489464,0.21991617634700505,0.21958556631233145,0.152143,0,False
66332,2026-04-24 05:00:00+00:00,18.24,plan_b,footfall_plan_b,-0.6565988494472557,False,0.9015395789145921,False,0.15230013678962237,False,0.4165851820451905,False,157.06119011996248,5.0,False,False,0.6565988494472557,0.2759139127987449,0.09374030617454164,0.0020391830436206197,0.14765264780600248,0.24060845355131588,0.151991,0,False
66333,2026-04-23 19:00:00+00:00,130.1,plan_b,footfall_plan_b,-0.33617082286139205,False,0.33156002401963824,False,0.1742228771764027,False,0.4960572847914088,False,176.01095430725434,14.0,False,False,0.33617082286139205,0.14126465068061522,0.034474956944495615,0.002332711870375196,0.3115929551746889,0.26963837146282477,0.151861,0,False
66330,2026-04-23 07:00:00+00:00,68.75,plan_b,footfall_plan_b,-0.17904852853803635,False,0.9182173171392336,False,0.13450264675152013,False,0.47286124030562005,False,210.04193898574997,19.0,False,False,0.17904852853803635,0.07523921208722098,0.0954744244806497,0.0018008881827641457,0.2637426211413555,0.32177182715654074,0.151606,0,False
66330,2026-04-23 05:00:00+00:00,25.75,plan_b,footfall_plan_b,-0.21490027057737543,False,1.3005948604277802,False,0.5676178514940108,False,0.4430152597869735,False,210.04193898574997,4.0,False,False,0.21490027057737543,0.09030471888037585,0.13523328678738503,0.00759997149327461,0.2021743594386088,0.32177182715654074,0.151417,0,False
66332,2026-04-23 23:00:00+00:00,0.0,plan_b,footfall_plan_b,-0.8311815596963121,False,2.793370372482835,False,0.09488121936751927,False,0.40063585940646607,False,,,False,False,0.8311815596963121,0.34927651270640153,0.2904491384512371,0.0012703873927543132,0.11475133067256024,0.0,0.151149,0,False
66332,2026-04-21 04:00:00+00:00,2.75,plan_b,footfall_plan_b,-0.8029932019079612,False,0.8887155450903509,False,0.04711709047867875,False,0.4022280100566375,False,135.01268599847307,1.0,False,False,0.8029932019079612,0.3374312892502498,0.09240688844647654,0.0006308620201804513,0.11803572428927223,0.20683144934206849,0.151067,0,False
66333,2026-04-23 23:00:00+00:00,38.21,plan_b,footfall_plan_b,0.22443137142703426,False,0.47959863520314283,False,0.37234521531605813,False,0.4741438622400687,False,221.36373290033765,2.0,False,False,0.22443137142703426,0.09430984823892197,0.04986771957251364,0.004985419353198579,0.2663884984606308,0.33911614578251686,0.150934,0,False
66342,2026-04-21 02:00:00+00:00,0.0,plan_b,footfall_plan_b,-0.7837872063607206,False,3.362148911989127,False,0.40136301809472463,False,0.3789976980342021,False,,,False,False,0.7837872063607206,0.3293606059325811,0.34958960847144405,0.005373945671274848,0.0701147009159505,0.0,0.150888,0,False
66331,2026-04-21 11:00:00+00:00,192.12,plan_b,footfall_plan_b,-0.09086149322585432,False,0.6743316663575617,False,0.3023411987656674,False,0.4468290632499006,False,281.87079476849095,493.0,False,False,0.09086149322585432,0.03818153220918182,0.07011567583494316,0.004048118792975964,0.2100417253487903,0.4318093857478479,0.150839,0,False
66338,2026-04-23 04:00:00+00:00,0.0,plan_b,footfall_plan_b,-1.4398512086503328,False,0.4181993681808081,False,0.07710323230780593,False,0.3951422619901208,False,,,False,False,1.4398512086503328,0.6050497669332701,0.0434835449625697,0.0010323536619510952,0.1034187747457156,0.0,0.150597,0,False
66333,2026-04-22 08:00:00+00:00,0.34,plan_b,footfall_plan_b,-0.9292784658689658,False,1.4206812006730112,False,1.2936414507313216,False,0.35322387560471835,False,116.03027451351569,1.0,False,False,0.9292784658689658,0.3904984874910565,0.1477196274486801,0.017320875518976157,0.01694675612595851,0.1777515177015287,0.150047,0,False
66331,2026-04-23 01:00:00+00:00,0.59,plan_b,footfall_plan_b,-0.7491437225619264,False,0.7227746119550296,False,0.5297666678136954,False,0.5159195269761926,False,0.0,11.0,False,False,0.7491437225619264,0.3148028296343863,0.07515267771318626,0.007093172920608272,0.35256610142706596,0.0,0.149923,0,False
66332,2026-04-20 21:00:00+00:00,143.87,plan_b,footfall_plan_b,-0.12371620429587711,False,0.576042225500864,False,0.3905301315455812,False,0.4578418051484792,False,260.66708279718154,16.0,False,False,0.12371620429587711,0.051987636031680856,0.059895733754614135,0.005228901556212803,0.2327595373788853,0.3993265531456782,0.14984,0,False
66338,2026-04-23 06:00:00+00:00,0.08,plan_b,footfall_plan_b,-0.837545516365864,False,2.511831838332442,False,0.9809040476399289,False,0.4042253616507671,False,,,False,False,0.837545516365864,0.35195075465345327,0.26117531730301474,0.013133559453916857,0.12215599320062334,0.0,0.149683,0,False
66331,2026-04-20 11:00:00+00:00,207.04,plan_b,footfall_plan_b,0.056172506658066015,False,0.41952354574099426,False,0.7344149171143071,False,0.4769960373620395,False,259.92566318207076,534.0,False,False,0.056172506658066015,0.023604634879862904,0.04362123033193612,0.009833257392475196,0.2722721538567687,0.39819074214814176,0.149504,0,False
66336,2026-04-26 05:00:00+00:00,42.68,plan_b,footfall_plan_b,-0.8517798770753936,False,1.31548854820142,False,0.7030238624858667,False,0.4341621382026851,False,38.48262612558195,3.0,False,False,0.8517798770753936,0.35793227314508824,0.13678190304852567,0.009412955036423431,0.18391155496324024,0.05895310708901148,0.149398,0,False
66342,2026-04-25 22:00:00+00:00,95.0,plan_b,footfall_plan_b,-0.3187179447433309,False,1.1044829139929158,False,0.8438444941433444,False,0.4394616385393576,False,190.30977346759514,126.0,False,False,0.3187179447433309,0.13393065688027936,0.1148419536354646,0.011298436233755097,0.19484371460256583,0.2915433166829123,0.149292,0,False
66338,2026-04-21 07:00:00+00:00,0.25,plan_b,footfall_plan_b,-0.5313013434593057,False,2.4884566567252784,False,0.2384231234437915,False,0.4710615710801456,False,,,False,False,0.5313013434593057,0.22326178712084793,0.25874481205178756,0.003192304358893878,0.26003014448865636,0.0,0.149046,0,False
66338,2026-04-24 18:00:00+00:00,0.0,plan_b,footfall_plan_b,-1.2953667980354273,False,0.7395141332964905,False,0.6428763312451214,False,0.4006787964054158,False,,,False,False,1.2953667980354273,0.5443349802644557,0.07689322010584862,0.008607625320986653,0.11483990395251722,0.0,0.148935,0,False
66330,2026-04-20 22:00:00+00:00,40.39,plan_b,footfall_plan_b,-0.739873790476578,False,0.2431485968847193,False,0.30362380445333526,False,0.45023819733989984,False,120.80560184320824,20.0,False,False,0.739873790476578,0.3109074477962971,0.025282111236120314,0.00406529190801759,0.21707431252419546,0.18506703672389868,0.148479,0,False
66331,2026-04-20 07:00:00+00:00,39.64,plan_b,footfall_plan_b,0.27498957343360597,False,0.9138860940740353,False,0.5638334323872591,False,0.44879009843569584,False,202.00261592432264,135.0,False,False,0.27498957343360597,0.11555525759570935,0.09502407245425198,0.007549300998584892,0.21408707837218657,0.3094560597290048,0.148334,0,False
66330,2026-04-23 06:00:00+00:00,42.92,plan_b,footfall_plan_b,0.07177444487748808,False,0.8136953475971427,False,0.4479940850792903,False,0.48986464432305293,False,210.04193898574997,15.0,False,False,0.07177444487748808,0.03016083251101764,0.08460643636787275,0.005998300206374273,0.2988183670270972,0.32177182715654074,0.148271,0,False
66333,2026-04-22 17:00:00+00:00,0.68,plan_b,footfall_plan_b,-1.0072876539825568,False,1.0343565561425057,False,9.047684520159548,False,0.3520165311234485,False,48.79137271918094,1.0,False,False,1.0072876539825568,0.4232792642846705,0.10755035334464068,0.12114161711504959,0.014456166113620049,0.07474549713803476,0.148235,0,False
66332,2026-04-22 23:00:00+00:00,81.92,plan_b,footfall_plan_b,0.7809159631077646,False,0.6624034847665028,False,1.5173262740951659,False,0.44949161717907443,False,69.82676039721622,3.0,False,False,0.7809159631077646,0.3281540610822711,0.06887540705406768,0.020315845244767667,0.21553421761275304,0.10697046687880069,0.14797,0,False
66331,2026-04-22 01:00:00+00:00,2.78,plan_b,footfall_plan_b,-0.5847289299080348,False,1.0849418067324836,False,0.6287346406533283,False,0.4726294800354728,False,68.625037138305,24.0,False,False,0.5847289299080348,0.24571296022429126,0.11281010786804099,0.0084182788353512,0.2632645307346486,0.10512949792458336,0.147067,0,False
66335,2026-04-20 06:00:00+00:00,277.08,plan_b,footfall_plan_b,-0.1366211507796267,False,0.9448854043314194,False,0.07609184373315925,False,0.42669404725901766,False,267.3464627517824,1.0,False,False,0.1366211507796267,0.05741051223956215,0.09824731955586602,0.0010188119378567826,0.1685058832563795,0.40955896817023435,0.146948,0,False
66332,2026-04-20 03:00:00+00:00,5.16,plan_b,footfall_plan_b,-0.42571920873699565,False,0.26220619895964586,False,0.4517028437710826,False,0.4041355270090613,False,260.66708279718154,3.0,False,False,0.42571920873699565,0.17889439303022378,0.027263683088580758,0.006047957665629417,0.12197067636283139,0.3993265531456782,0.146701,0,False
66342,2026-04-21 03:00:00+00:00,0.34,plan_b,footfall_plan_b,-0.8604451821718837,False,2.95089781817617,False,0.5089388198568522,False,0.37308107626572995,False,,,False,False,0.8604451821718837,0.361573580522919,0.30682853136481836,0.006814303871085546,0.05790950238980809,0.0,0.146625,0,False
66336,2026-04-21 01:00:00+00:00,43.02,plan_b,footfall_plan_b,-0.014834174594105205,False,0.6570178574633266,False,0.49039131960397125,False,0.41148069303368756,False,336.0638910981524,4.0,False,False,0.014834174594105205,0.006233570404280895,0.06831542015593335,0.006565966943657383,0.13712277042024654,0.5148300039609022,0.146614,0,False
66342,2026-04-24 21:00:00+00:00,142.5,plan_b,footfall_plan_b,-0.3500520108422359,False,0.5829932651279902,False,0.17572278396694424,False,0.45854882424330684,False,188.4377231015709,155.0,False,False,0.3500520108422359,0.14709776003393463,0.060618489136760156,0.0023527944819785505,0.2342180231080437,0.28867544624849606,0.146593,0,False
66338,2026-04-22 03:00:00+00:00,2.86,plan_b,footfall_plan_b,0.9485741186277711,False,1.184948555274823,False,0.03571193706183107,False,0.44695218863078817,False,,,False,False,0.9485741186277711,0.39860684628146514,0.12320861221231603,0.0004781556868325466,0.21029571652418486,0.0,0.146518,0,False
66336,2026-04-26 23:00:00+00:00,45.43,plan_b,footfall_plan_b,-0.4005908559750117,False,0.0,False,0.3828206378720973,False,0.4249005604822051,False,257.0844248627809,16.0,False,False,0.4005908559750117,0.16833503530581906,0.0,0.005125677297159215,0.16480616016749572,0.3938381330939705,0.146421,0,False
66336,2026-04-26 20:00:00+00:00,301.86,plan_b,footfall_plan_b,0.06513642262751403,False,0.6315348268890603,False,0.09874155751371369,False,0.4606164118486621,False,260.15769419081494,27.0,False,False,0.06513642262751403,0.02737142358382062,0.06566574492906986,0.001322074385663816,0.23848317950658576,0.39854619992957874,0.146278,0,False
66331,2026-04-20 09:00:00+00:00,127.42,plan_b,footfall_plan_b,0.2098912532709855,False,0.7946887394642211,False,1.378174495755968,False,0.4575008345250597,False,202.00261592432264,362.0,False,False,0.2098912532709855,0.088199845310393,0.08263016676486247,0.01845270872460216,0.2320561606356576,0.3094560597290048,0.146159,0,False
66342,2026-04-21 20:00:00+00:00,0.69,plan_b,footfall_plan_b,-0.8976512298790964,False,1.915227780220672,False,0.6250385211716234,False,0.3725937364366372,False,57.66600077549006,1.0,False,False,0.8976512298790964,0.37720818940369266,0.1991416047734958,0.008368790605510016,0.056904185572791144,0.08834090241186925,0.145993,0,False
66340,2026-04-23 00:00:00+00:00,0.34,plan_b,footfall_plan_b,-1.1886799955978813,False,0.6706108206063203,False,0.179832466143599,False,0.4213996973705147,False,,,False,False,1.1886799955978813,0.4995033861650899,0.06972878963703541,0.002407820001889149,0.15758434830202914,0.0,0.145845,0,False
66332,2026-04-26 21:00:00+00:00,67.12,plan_b,footfall_plan_b,-0.4970188201788317,False,0.34805348646365936,False,0.28228103274583244,False,0.44594601445544363,False,176.73602917751265,12.0,False,False,0.4970188201788317,0.2088556925215465,0.03618991461861378,0.003779528420950446,0.20822011391808332,0.2707491432779914,0.145559,0,False
66332,2026-04-23 05:00:00+00:00,1.38,plan_b,footfall_plan_b,-1.1990685464144597,False,1.1477070754306928,False,0.1813204422684387,False,0.39440251519867014,False,,,False,False,1.1990685464144597,0.5038688304641832,0.1193363166363583,0.0024277428709491866,0.10189277616036682,0.0,0.145505,0,False
66333,2026-04-20 15:00:00+00:00,1.09,plan_b,footfall_plan_b,-0.9172675088227882,False,1.8900026066827158,False,0.9963567895257041,False,0.359602430749553,False,66.50723456576145,3.0,False,False,0.9172675088227882,0.38545128072568013,0.19651874101237193,0.013340459919636373,0.030104861358829914,0.10188514964530761,0.14546,0,False
66331,2026-04-25 03:00:00+00:00,10.27,plan_b,footfall_plan_b,0.8563014544779604,False,0.7747502177662978,False,0.8397332619467173,False,0.4214963005485044,False,76.83550644254227,31.0,False,False,0.8563014544779604,0.3598323162447903,0.08055699862854913,0.01124338996025549,0.15778362772392887,0.11770745127330175,0.145425,0,False
66331,2026-04-24 08:00:00+00:00,66.73,plan_b,footfall_plan_b,-0.03349168022142433,False,1.0660102501735902,False,1.5181442237389497,False,0.4428872795015237,False,247.09384614278434,199.0,False,False,0.03349168022142433,0.014073769005042756,0.11084164197957949,0.020326796968641977,0.20191035324513015,0.378533157408602,0.145137,0,False
66331,2026-04-21 05:00:00+00:00,17.84,plan_b,footfall_plan_b,0.6924014618457776,False,1.2279494275061449,False,0.7546931731212596,False,0.4437744039278483,False,60.40280092160411,106.0,False,False,0.6924014618457776,0.29095877448805335,0.12767975804219683,0.010104767823622709,0.20374037215868968,0.09253351836194934,0.145003,0,False
66342,2026-04-25 00:00:00+00:00,123.22,plan_b,footfall_plan_b,0.5053600718680378,False,0.9408227165236887,False,0.23792686450391826,False,0.4349880358403635,False,147.43914951769605,81.0,False,False,0.5053600718680378,0.2123608271911327,0.09782488929556978,0.0031856598289757435,0.1856152712095366,0.2258680564643525,0.144971,0,False
66333,2026-04-20 14:00:00+00:00,1.42,plan_b,footfall_plan_b,-1.0054451230351995,False,2.0114239016169444,False,0.17109814393121225,False,0.35187053864519874,False,48.79137271918094,2.0,False,False,1.0054451230351995,0.4225050016986697,0.20914388762761799,0.002290874067837752,0.014155003178065026,0.07474549713803476,0.144568,0,False
66342,2026-04-21 00:00:00+00:00,0.0,plan_b,footfall_plan_b,-0.8940212128892809,False,2.649679562727444,False,0.33178013184455807,False,0.37731739420231397,False,,,False,False,0.8940212128892809,0.3756827950292903,0.27550845163507437,0.004442283725602909,0.06664845908827184,0.0,0.144456,0,False
66330,2026-04-22 05:00:00+00:00,22.55,plan_b,footfall_plan_b,-0.46587868876993044,False,0.9006518130081287,False,0.2947544439612955,False,0.4379992421570352,False,153.67101288508454,24.0,False,False,0.46587868876993044,0.19577008399614315,0.09364799802764542,0.0039465379140661,0.19182698666750184,0.2354149025466035,0.144121,0,False
66332,2026-04-26 00:00:00+00:00,19.27,plan_b,footfall_plan_b,-0.20925688300320144,False,0.7350913680498329,False,0.8180263360790306,False,0.4157487256625551,False,260.66708279718154,6.0,False,False,0.20925688300320144,0.08793327222258629,0.0764333497040866,0.010952750725836019,0.14592715028258035,0.3993265531456782,0.144115,0,False
66333,2026-04-20 13:00:00+00:00,1.32,plan_b,footfall_plan_b,-0.9742831806936164,False,2.1002633311991565,False,0.03863631626430759,False,0.35321025036801446,False,48.79137271918094,1.0,False,False,0.9742831806936164,0.4094102278514217,0.21838123618577499,0.000517310901059598,0.016918649086934506,0.07474549713803476,0.143995,0,False
66340,2026-04-25 06:00:00+00:00,182.08,plan_b,footfall_plan_b,-0.061132524975101445,False,1.2692075440983894,False,0.059386000024541044,False,0.4528413049287365,False,221.2343187510366,26.0,False,False,0.061132524975101445,0.02568891824794795,0.13196969558015637,0.0007951333914149799,0.22244417494737068,0.33891789096025804,0.143963,0,False
66342,2026-04-20 20:00:00+00:00,2.75,plan_b,footfall_plan_b,-0.892054058387517,False,0.6237119746631355,False,0.1690213932684559,False,0.38929308432156245,False,121.63725103528488,4.0,False,False,0.892054058387517,0.3748561635234351,0.06485234019347384,0.002263067955337863,0.09135270436753949,0.18634107409652986,0.143933,0,False
66336,2026-04-24 01:00:00+00:00,54.38,plan_b,footfall_plan_b,0.47060350595044187,False,1.9460402625070445,False,0.5279527952155126,False,0.4254408220794357,False,95.4009436966344,4.0,False,False,0.47060350595044187,0.19775553187901881,0.20234542587139995,0.007068886545536846,0.1659206475064342,0.14614860305496866,0.143848,0,False
66330,2026-04-20 06:00:00+00:00,43.09,plan_b,footfall_plan_b,0.08201564264777729,False,1.0915774958311029,False,0.14297621755796602,False,0.5122096523863484,False,146.10350949151155,25.0,False,False,0.08201564264777729,0.03446435657434036,0.11350007372459554,0.0019143428537293562,0.3449131268669172,0.2238219349434597,0.143723,0,False
66332,2026-04-23 06:00:00+00:00,0.69,plan_b,footfall_plan_b,-1.121210230771877,False,1.4037900424497718,False,0.7540519786143524,False,0.38847826178206984,False,,,False,False,1.121210230771877,0.47115145282797644,0.14596331815231467,0.010096182716650979,0.08967183456594476,0.0,0.143377,0,False
66340,2026-04-25 01:00:00+00:00,72.62,plan_b,footfall_plan_b,-0.33920093223414793,False,0.7128811169187548,False,0.31089356224738235,False,0.420512687891161,False,221.2343187510366,5.0,False,False,0.33920093223414793,0.14253795375440073,0.07412397162470452,0.004162628437959958,0.15575456650868016,0.33891789096025804,0.143099,0,False
66340,2026-04-23 02:00:00+00:00,1.03,plan_b,footfall_plan_b,-1.0917100172065628,False,1.2181485961203455,False,0.1792691048115406,False,0.40681489434187756,False,,,False,False,1.0917100172065628,0.4587549654444598,0.1266606869372144,0.0024002770219550477,0.12749785242734565,0.0,0.143063,0,False
66340,2026-04-25 04:00:00+00:00,111.86,plan_b,footfall_plan_b,0.20219266445629505,False,1.481381012915163,False,0.026480572881943894,False,0.4109638551695282,False,221.2343187510366,1.0,False,False,0.20219266445629505,0.08496476842185129,0.15403107413099548,0.0003545547387183924,0.13605660310640771,0.33891789096025804,0.142865,0,False
66330,2026-04-20 21:00:00+00:00,96.27,plan_b,footfall_plan_b,-0.33042548568838137,False,0.2858869729265784,False,0.7839616656271367,False,0.48923918063441724,False,153.67101288508454,35.0,False,False,0.33042548568838137,0.13885036308159196,0.029725963230272316,0.010496650686556476,0.2975281191813804,0.2354149025466035,0.142403,0,False
66335,2026-04-23 03:00:00+00:00,486.0,plan_b,footfall_plan_b,1.0958093934816617,False,0.6364672216377458,False,5.037957716668033,False,0.40197189595002414,False,,,False,False,1.0958093934816617,0.460477592508228,0.06617860560066917,0.06745442365884416,0.1175073951786945,0.0,0.142324,0,False
66335,2026-04-20 20:00:00+00:00,226.48,plan_b,footfall_plan_b,-0.4237009942046613,False,1.3387651095697544,False,0.2793422249780966,False,0.4210410067240129,False,152.31926126768684,7.0,False,False,0.4237009942046613,0.17804630523818388,0.13920215396195215,0.0037401800192040603,0.1568444175237338,0.23334409902092582,0.142235,0,False
66336,2026-04-20 05:00:00+00:00,83.64,plan_b,footfall_plan_b,0.74988805547351,False,0.9869104850972598,False,0.39518504518810055,False,0.4231160517332605,False,82.3755808721677,3.0,False,False,0.74988805547351,0.3151156108800933,0.10261700451494747,0.005291227310932615,0.16112495754802675,0.1261945176202028,0.142069,0,False
66332,2026-04-26 05:00:00+00:00,18.24,plan_b,footfall_plan_b,-0.6565988494472557,False,0.3785734269680181,False,0.6887384654274561,False,0.42033590364214884,False,150.28563375501113,6.0,False,False,0.6565988494472557,0.2759139127987449,0.03936331779937244,0.009221684430454524,0.15538988427278239,0.2302287019546577,0.142024,0,False
66330,2026-04-20 03:00:00+00:00,6.98,plan_b,footfall_plan_b,-0.6477569948511316,False,1.8582966798378155,False,0.24183794786088772,False,0.44423819861700453,False,22.700713993374748,10.0,False,False,0.6477569948511316,0.27219841634292885,0.19322202131253705,0.0032380262616778736,0.20469711850449918,0.034776151156659274,0.141626,0,False
66338,2026-04-21 17:00:00+00:00,0.25,plan_b,footfall_plan_b,-0.9705290749928325,False,1.615638976771863,False,0.25151992559664865,False,0.4063135897334382,False,,,False,False,0.9705290749928325,0.40783268930739996,0.1679909522468845,0.003367660582720856,0.12646372814029444,0.0,0.141131,0,False
66333,2026-04-23 08:00:00+00:00,130.79,plan_b,footfall_plan_b,-0.052547227380469186,False,1.1663113652254358,False,0.8141345642919359,False,0.49536932533579053,False,156.69926355141797,26.0,False,False,0.052547227380469186,0.022081231372055966,0.12127075397256351,0.01090064286037266,0.31017378692930575,0.2400540034552093,0.140896,0,False
66335,2026-04-20 10:00:00+00:00,526.62,plan_b,footfall_plan_b,-0.6087374396053122,False,0.48383840780173343,False,0.13673728533450955,False,0.4239191050235742,False,152.51147868815752,15.0,False,False,0.6087374396053122,0.25580174100211156,0.050308562759876316,0.0018308082944797836,0.1627815489643616,0.23363856473998568,0.140872,0,False
66338,2026-04-23 05:00:00+00:00,0.0,plan_b,footfall_plan_b,-1.1168282417557551,False,1.1703575229230125,False,0.5690667867063665,False,0.3951422619901208,False,,,False,False,1.1168282417557551,0.4693100671229952,0.12169146546462907,0.007619371634197805,0.1034187747457156,0.0,0.140408,0,False
66338,2026-04-24 22:00:00+00:00,0.0,plan_b,footfall_plan_b,-0.7189016049817673,False,2.3854403511483713,False,0.33128510627634566,False,0.4162340757883366,False,,,False,False,0.7189016049817673,0.30209458166854564,0.2480333799065947,0.004435655709593627,0.14692836260806943,0.0,0.140298,0,False
66342,2026-04-22 00:00:00+00:00,0.34,plan_b,footfall_plan_b,-0.8901599108537551,False,2.6566477167202978,False,0.3077481945496904,False,0.3678221162060728,False,,,False,False,0.8901599108537551,0.37406021077709956,0.2762329865351925,0.004120514355791106,0.04706097191398821,0.0,0.140295,0,False
66340,2026-04-24 21:00:00+00:00,263.65,plan_b,footfall_plan_b,-0.1394272339351143,False,1.2667851252670108,False,0.8520741328549487,False,0.4226175922938399,False,221.2343187510366,18.0,False,False,0.1394272339351143,0.05858967571772086,0.13171781725085463,0.011408624839422659,0.16009670246371885,0.33891789096025804,0.140146,0,False
66330,2026-04-20 20:00:00+00:00,145.58,plan_b,footfall_plan_b,-0.39399288738434185,False,0.36762071122298773,False,0.01286647006152604,False,0.47148802600983886,False,153.67101288508454,64.0,False,False,0.39399288738434185,0.16556245760193264,0.0382244760320282,0.00017227225223676902,0.2609098639101502,0.2354149025466035,0.140057,0,False
66332,2026-04-24 23:00:00+00:00,17.55,plan_b,footfall_plan_b,-0.4858164287733196,False,1.099822143398859,False,0.3023418978532642,False,0.4155290192402907,False,150.28563375501113,1.0,False,False,0.4858164287733196,0.2041482586781886,0.11435733590739748,0.004048128153227396,0.14547392535015438,0.2302287019546577,0.139651,0,False
66340,2026-04-26 22:00:00+00:00,90.52,plan_b,footfall_plan_b,-0.6945073774225132,False,0.0,False,0.9626713194893969,False,0.42262917185109516,False,151.4478293988316,10.0,False,False,0.6945073774225132,0.2918437157383923,0.0,0.012889437085629906,0.16012058953993835,0.23200911694049942,0.139373,0,False
66332,2026-04-26 23:00:00+00:00,18.59,plan_b,footfall_plan_b,-0.465350346940846,False,0.0,False,0.344654311760649,False,0.4113893336044363,False,234.76743422485328,4.0,False,False,0.465350346940846,0.19554806584688708,0.0,0.004614659206930793,0.13693430814990362,0.359649823421736,0.139349,0,False
66338,2026-04-22 22:00:00+00:00,0.42,plan_b,footfall_plan_b,-0.6369167051118527,False,0.7886975565114824,False,19.495856288412014,False,0.38582144489937087,False,,,False,False,0.6369167051118527,0.2676431437280676,0.08200721538538606,0.26103469374495747,0.08419117706072086,0.0,0.138975,0,False
66338,2026-04-24 06:00:00+00:00,4.63,plan_b,footfall_plan_b,0.3735240067690983,False,1.2815547933531464,False,8.153118568746425,False,0.48808270020009553,False,,,False,False,0.3735240067690983,0.15696108867489814,0.13325353818964866,0.10916405913004398,0.2951424548876595,0.0,0.138904,0,False
66332,2026-04-23 22:00:00+00:00,0.34,plan_b,footfall_plan_b,-0.8389611398216391,False,2.1819736906742797,False,0.03771186891731962,False,0.40025738133777017,False,,,False,False,0.8389611398216391,0.35254562350992685,0.22687731810383302,0.0005049332539055321,0.11397058109163558,0.0,0.13878,0,False
66340,2026-04-21 04:00:00+00:00,52.32,plan_b,footfall_plan_b,-0.5655021400631061,False,0.5381148471377806,False,0.8163913793284214,False,0.42107988815501046,False,151.4478293988316,2.0,False,False,0.5655021400631061,0.23763353879195198,0.05595211980431641,0.010930859897940699,0.15692462471000931,0.23200911694049942,0.13869,0,False
66333,2026-04-20 17:00:00+00:00,0.34,plan_b,footfall_plan_b,-1.008243399638657,False,2.285670121480557,True,0.6225562629552788,False,0.3560023034963397,False,,,False,False,1.008243399638657,0.42368088473197557,0.23765946832810894,0.008335555055159526,0.02267828085997358,0.0,0.138471,1,False
66333,2026-04-23 06:00:00+00:00,64.36,plan_b,footfall_plan_b,0.5651048386404308,False,1.3532881696110386,False,0.8369790269887226,False,0.4549705742992003,False,48.79137271918094,15.0,False,False,0.5651048386404308,0.23746658603200865,0.14071223308293793,0.011206512848107862,0.2268365725687005,0.07474549713803476,0.138193,0,False
66332,2026-04-24 02:00:00+00:00,0.34,plan_b,footfall_plan_b,-0.8623461013225219,False,1.9283952521717507,False,0.3771295365768232,False,0.4043965290808904,False,,,False,False,0.8623461013225219,0.36237237881689743,0.20051073252019425,0.005049477777543018,0.1225090886911948,0.0,0.138088,0,False
66332,2026-04-20 04:00:00+00:00,17.21,plan_b,footfall_plan_b,-0.1750654214913679,False,0.5207081046435194,False,0.4407927445139441,False,0.4208967577402712,False,260.66708279718154,4.0,False,False,0.1750654214913679,0.07356544331460173,0.05414220107298577,0.005901879731109199,0.15654685118391068,0.3993265531456782,0.137897,0,False
66330,2026-04-23 01:00:00+00:00,5.05,plan_b,footfall_plan_b,-0.7441889534389322,False,0.778137204643769,False,0.2873321492813635,False,0.48569805963922486,False,,,False,False,0.7441889534389322,0.3127207520661868,0.08090917083965223,0.0038471590311897176,0.2902232606924162,0.0,0.13754,0,False
66330,2026-04-26 20:00:00+00:00,164.1,plan_b,footfall_plan_b,-0.12110066149073685,False,0.1414200153241979,False,0.043688714178546396,False,0.4714667332317885,False,235.15937813964103,52.0,False,False,0.12110066149073685,0.050888540822990845,0.01470457409275269,0.0005849586679855828,0.260865939759943,0.3602502583168486,0.137459,0,False
66340,2026-04-21 01:00:00+00:00,77.1,plan_b,footfall_plan_b,-0.28878938190542963,False,1.3739620374899693,False,0.681459046280795,False,0.41944153179864757,False,169.67422869378612,5.0,False,False,0.28878938190542963,0.12135416990653573,0.14286186106390378,0.009124218542345812,0.15354491490795108,0.25993088262187647,0.137363,0,False
66340,2026-04-21 21:00:00+00:00,228.54,plan_b,footfall_plan_b,-0.318807599763691,False,0.9353591179554733,False,0.6439864943854448,False,0.42576835212468245,False,182.56128462844,12.0,False,False,0.318807599763691,0.13396833143223816,0.09725679509917753,0.008622489561420836,0.1665962981364635,0.2796730900818992,0.137223,0,False
66331,2026-04-22 23:00:00+00:00,10.27,plan_b,footfall_plan_b,-0.7481450746482523,False,0.9136635070036491,False,1.3653328321233948,False,0.43051996592602504,False,53.29925884397171,103.0,False,False,0.7481450746482523,0.3143831809347243,0.0950009282899618,0.018280768611589688,0.17639824121046208,0.08165131205286447,0.137143,0,False
66342,2026-04-24 05:00:00+00:00,83.29,plan_b,footfall_plan_b,-0.10284618219478482,False,2.4957210730654533,False,0.024839374919641093,False,0.4076921268823369,False,164.52881258835512,59.0,False,False,0.10284618219478482,0.043217700685378946,0.25950015172608915,0.00033258034574345043,0.1293074657047993,0.25204840948474955,0.136881,0,False
66332,2026-04-24 00:00:00+00:00,5.85,plan_b,footfall_plan_b,-0.7011886044576743,False,2.357300993555254,False,0.28698116093644205,False,0.4132171434859034,False,,,False,False,0.7011886044576743,0.2946512800451527,0.24510750503872755,0.0038424595640942877,0.14070483520813593,0.0,0.136861,0,False
66331,2026-04-21 13:00:00+00:00,227.5,plan_b,footfall_plan_b,-0.17389346382691942,False,0.9757395943001109,False,0.5434845540134822,False,0.46790318217401217,False,162.09009841826614,443.0,False,False,0.17389346382691942,0.07307296693407704,0.10145547733626516,0.0072768449876370956,0.25351481105505086,0.24831244361902158,0.136727,0,False
66331,2026-04-22 17:00:00+00:00,155.11,plan_b,footfall_plan_b,-0.23581100891382534,False,0.6914365806746524,False,1.192207615554579,False,0.43548828212147783,False,202.00261592432264,836.0,False,False,0.23581100891382534,0.0990917638756231,0.07189421106808713,0.015962753582240537,0.18664721230901668,0.3094560597290048,0.13661,0,False
66340,2026-04-20 02:00:00+00:00,210.99,plan_b,footfall_plan_b,1.2091217576139455,False,0.0,False,0.05767471515523073,False,0.4293027981395718,False,,,False,False,1.2091217576139455,0.5080933593992817,0.0,0.0007722205880396129,0.1738873870347821,0.0,0.136551,0,False
66342,2026-04-24 06:00:00+00:00,132.51,plan_b,footfall_plan_b,0.14484329657088102,False,1.5636645312593231,False,0.3192165288609348,False,0.44339545354216475,False,164.52881258835512,51.0,False,False,0.14484329657088102,0.0608655966016144,0.1625867519770935,0.004274066633280956,0.2029586482510585,0.25204840948474955,0.136547,0,False
66338,2026-04-24 21:00:00+00:00,1.18,plan_b,footfall_plan_b,-0.5266060971317875,False,1.951793273289233,False,6.3088572871425095,False,0.42864044478182284,False,,,False,False,0.5266060971317875,0.22128876540923503,0.20294361257862922,0.08447080269096642,0.17252104074087823,0.0,0.136245,0,False
66340,2026-04-26 00:00:00+00:00,68.84,plan_b,footfall_plan_b,-0.3446895644172969,False,0.9018932960905846,False,0.2933955684645641,False,0.41898068949295686,False,186.4338667002942,18.0,False,False,0.3446895644172969,0.14484436958629052,0.09377708498841983,0.003928343604266142,0.15259425893393352,0.2856056567640166,0.13615,0,False
66340,2026-04-21 05:00:00+00:00,129.07,plan_b,footfall_plan_b,0.16953044918468413,False,1.2391249741746755,False,0.2804912558822176,False,0.4636696033484357,False,151.4478293988316,10.0,False,False,0.16953044918468413,0.0712395545810844,0.12884176932919678,0.003755564669445815,0.2447815047758535,0.23200911694049942,0.136126,0,False
66331,2026-04-24 17:00:00+00:00,173.8,plan_b,footfall_plan_b,0.008361165967027804,False,0.8205204410740681,False,0.8733726981825077,False,0.42816219067394296,False,266.29487608786127,220.0,False,False,0.008361165967027804,0.003513502985063729,0.08531609611788298,0.011693796436670782,0.17153446655022744,0.40794799959939904,0.136001,0,False
66332,2026-04-23 20:00:00+00:00,1.72,plan_b,footfall_plan_b,-0.8900540482465554,False,1.8475381690118071,False,1.4031781265644625,False,0.3910946263229463,False,,,False,False,0.8900540482465554,0.3740157255237426,0.19210337258939797,0.018787488331819865,0.09506904430619195,0.0,0.135995,0,False
66336,2026-04-24 04:00:00+00:00,38.55,plan_b,footfall_plan_b,0.7283786444469236,False,0.8558843240554859,False,0.7101466779531016,False,0.4498098859411003,False,38.48262612558195,3.0,False,False,0.7283786444469236,0.3060769935213545,0.08899316287760294,0.009508324120324436,0.21619076345549973,0.05895310708901148,0.135944,0,False
66342,2026-04-25 06:00:00+00:00,83.29,plan_b,footfall_plan_b,-0.2418619293146776,False,1.412903144360738,False,0.5856803290717812,False,0.40871708726907663,False,190.30977346759514,92.0,False,False,0.2418619293146776,0.10163446270191309,0.14691088050377824,0.00784181433582731,0.13142182174970504,0.2915433166829123,0.13587,0,False
66331,2026-04-20 16:00:00+00:00,178.62,plan_b,footfall_plan_b,0.11143455297359574,False,0.9823799302121323,False,0.9748285741379386,False,0.44563611280912857,False,202.00261592432264,502.0,False,False,0.11143455297359574,0.046826678965104784,0.10214592635930651,0.013052213482676276,0.20758082831476676,0.3094560597290048,0.135812,0,False
66338,2026-04-26 09:00:00+00:00,0.0,plan_b,footfall_plan_b,-1.0,False,1.067050800375958,False,0.1567860738115247,False,0.41561784228179527,False,,,False,False,1.0,0.42021686914471046,0.11094983633603511,0.002099246329856857,0.14565715539217536,0.0,0.135785,0,False
66333,2026-04-20 06:00:00+00:00,0.69,plan_b,footfall_plan_b,-1.1529140940584341,False,0.8410333448956653,False,0.6149365083767049,False,0.35294521369029785,False,53.228686747335495,1.0,False,False,1.1529140940584341,0.4844739509980454,0.08744898737383927,0.008233532334361568,0.01637191390682248,0.08154319977495199,0.135614,0,False
66340,2026-04-20 05:00:00+00:00,155.92,plan_b,footfall_plan_b,0.5025841538388223,False,0.4563948277550093,False,0.646278275505848,False,0.4310005449170392,False,151.4478293988316,9.0,False,False,0.5025841538388223,0.2111943396078934,0.047455033468125525,0.008653174768269151,0.177389611323738,0.23200911694049942,0.13534,0,False
66332,2026-04-24 01:00:00+00:00,1.72,plan_b,footfall_plan_b,-0.7899930141743414,False,2.324505889377905,False,0.36447965970739565,False,0.39246162516499605,False,,,False,False,0.7899930141743414,0.3319683910625346,0.24169753482941972,0.004880105543480895,0.09788897988854248,0.0,0.135287,0,False
66342,2026-04-22 23:00:00+00:00,0.34,plan_b,footfall_plan_b,-0.7572688440120164,False,2.733805325311879,False,1.1253342160784732,False,0.3714834167910494,False,,,False,False,0.7572688440120164,0.31821714273156365,0.28425568240149957,0.015067369604553687,0.054613744805715646,0.0,0.134431,0,False
66336,2026-04-21 02:00:00+00:00,32.7,plan_b,footfall_plan_b,0.5010148875478511,False,2.8615813849884564,False,0.02224916460477224,False,0.4243409009763867,False,,,False,False,0.5010148875478511,0.21053490744024717,0.29754158491315574,0.0002978993988655899,0.16365165754034536,0.0,0.134405,0,False
66331,2026-04-23 00:00:00+00:00,1.77,plan_b,footfall_plan_b,-0.818065943520931,False,0.8297449507723574,False,0.3266527360945193,False,0.4600594981870477,False,0.0,29.0,False,False,0.818065943520931,0.34376510954027917,0.08627524243120262,0.004373631794673561,0.23733434118838456,0.0,0.13435,0,False
66333,2026-04-23 00:00:00+00:00,13.42,plan_b,footfall_plan_b,-0.351838815662369,False,0.9282881341921936,False,0.37116335867271527,False,0.43465688982488726,False,154.3860173812903,1.0,False,False,0.351838815662369,0.14784860556122362,0.09652156816247101,0.004969595191264804,0.18493216131706966,0.23651024714435487,0.134156,0,False
66338,2026-04-24 07:00:00+00:00,0.0,plan_b,footfall_plan_b,-0.6000337294178186,False,1.8382063949776997,False,8.425117003506328,False,0.40044318487583397,False,,,False,False,0.6000337294178186,0.2521442951571801,0.1911330731421324,0.11280591138143038,0.11435386891324563,0.0,0.134087,0,False
66338,2026-04-23 20:00:00+00:00,0.0,plan_b,footfall_plan_b,-0.8495400406979627,False,1.614136705708238,False,1.0485531674423028,False,0.4077126546826269,False,,,False,False,0.8495400406979627,0.3569910561151678,0.16783474906650844,0.014039329737021818,0.1293498118083105,0.0,0.133643,0,False
66331,2026-04-24 00:00:00+00:00,10.27,plan_b,footfall_plan_b,-0.3496324564696809,False,1.931340951882527,False,0.5453853414983264,False,0.4172752423594758,False,106.99405734693545,23.0,False,False,0.3496324564696809,0.14692145620906358,0.20081702056261042,0.007302295086962842,0.14907614984152953,0.1639085674682846,0.133605,0,False
66333,2026-04-22 21:00:00+00:00,0.69,plan_b,footfall_plan_b,-0.9126661804032279,False,1.6571377764286035,False,2.5392869343811664,False,0.3453912503491797,False,48.79137271918094,1.0,False,False,0.9126661804032279,0.38351772490330593,0.17230591553488825,0.033999121528236795,0.0007890989415594021,0.07474549713803476,0.133071,0,False
66342,2026-04-24 22:00:00+00:00,74.69,plan_b,footfall_plan_b,-0.40944926811322613,False,0.7617218894335641,False,0.4043030237662209,False,0.4211812219157503,False,162.96562494435125,99.0,False,False,0.40944926811322613,0.17205748952013303,0.07920233876067814,0.005413310112041865,0.1571336626907403,0.24965369847213706,0.132692,0,False
66330,2026-04-20 01:00:00+00:00,5.05,plan_b,footfall_plan_b,-0.7441889534389322,False,0.0,False,0.3014816579034875,False,0.49548506610524207,False,22.700713993374748,12.0,False,False,0.7441889534389322,0.3127207520661868,0.0,0.0040366101943075505,0.31041254464004064,0.034776151156659274,0.132389,0,False
66332,2026-04-25 03:00:00+00:00,25.81,plan_b,footfall_plan_b,0.820235673282294,False,1.4234495694105485,False,0.6359541575271107,False,0.4214031312678761,False,,,False,False,0.820235673282294,0.3446768665874892,0.1480074769664719,0.008514942677567479,0.15759143197251785,0.0,0.131758,0,False
66342,2026-04-24 23:00:00+00:00,37.17,plan_b,footfall_plan_b,-0.4644406568320762,False,0.6828689026211942,False,0.17592998277695202,False,0.43443034672978165,False,133.92581866689878,41.0,False,False,0.4644406568320762,0.19516579871748793,0.07100336081290141,0.0023555687165191922,0.18446483324394108,0.20516643287513736,0.131631,0,False
66331,2026-04-22 00:00:00+00:00,8.75,plan_b,footfall_plan_b,-0.4333993859188456,False,0.9597896937234887,False,0.9108777026198055,False,0.4140368544248174,False,143.33814905146377,78.0,False,False,0.4333993859188456,0.1821217330400574,0.09979703815236804,0.012195959932460006,0.14239578912322454,0.21958556631233145,0.131219,0,False
66333,2026-04-24 04:00:00+00:00,20.31,plan_b,footfall_plan_b,0.15219351639411044,False,1.144854046078218,False,0.9894450291589844,False,0.4522372097364734,False,154.3860173812903,3.0,False,False,0.15219351639411044,0.06395428296325725,0.11903966427490797,0.013247916703074113,0.221198007448622,0.23651024714435487,0.13079,0,False
66333,2026-04-24 06:00:00+00:00,70.56,plan_b,footfall_plan_b,0.7324005412120181,False,1.3532881696110386,False,0.6569594549361784,False,0.4403060515603074,False,,,False,False,0.7324005412120181,0.3077670623880058,0.14071223308293793,0.008796187640347432,0.19658562560550852,0.0,0.130772,0,False
66338,2026-04-24 20:00:00+00:00,0.5,plan_b,footfall_plan_b,-0.7351348793881178,False,0.8878941330437222,False,11.761807337829378,False,0.39108527948050575,False,,,False,False,0.7351348793881178,0.3089160774155492,0.09232147964297273,0.15748165819945956,0.09504976302169492,0.0,0.130754,0,False
66333,2026-04-22 07:00:00+00:00,0.34,plan_b,footfall_plan_b,-1.0316281850498255,False,1.9137560271195133,False,0.13163353239624434,False,0.35350682246169196,False,,,False,False,1.0316281850498255,0.43350756604307766,0.198988574790628,0.0017624729228253538,0.017530437607866507,0.0,0.130358,0,False
66333,2026-04-21 12:00:00+00:00,2.4,plan_b,footfall_plan_b,-0.9682327615655584,False,0.10563418658492799,False,4.602376021330598,False,0.37110904512211496,False,77.2422477526438,3.0,False,False,0.9682327615655584,0.4068677396684159,0.010983634245865868,0.061622315914446245,0.053841466177689014,0.11833055490281211,0.130329,0,False
66331,2026-04-21 00:00:00+00:00,5.55,plan_b,footfall_plan_b,-0.6097508163381397,False,0.9597896937234887,False,0.22589269970804204,False,0.42264961854202315,False,85.4286014027685,34.0,False,False,0.6097508163381397,0.2562275790000444,0.09979703815236804,0.0030245315114760373,0.16016276832569556,0.13087156449580084,0.130017,0,False
66333,2026-04-21 17:00:00+00:00,1.69,plan_b,footfall_plan_b,-1.0044485271806127,False,0.6914851696704161,False,3.3010430614074453,False,0.353618010873369,False,61.21767650176819,2.0,False,False,1.0044485271806127,0.4220862153088527,0.07189926325597341,0.04419845693495291,0.01775980441403223,0.09378185955324081,0.129945,0,False
66330,2026-04-25 04:00:00+00:00,12.79,plan_b,footfall_plan_b,-0.04273648233257626,False,1.9768900036976866,False,0.21283869440037195,False,0.4710062154087199,False,106.59851768794343,14.0,False,False,0.04273648233257626,0.017958590804053428,0.20555312107663745,0.0028497483048693035,0.25991595315012955,0.16330262410572896,0.129916,0,False
66336,2026-04-25 03:00:00+00:00,21.68,plan_b,footfall_plan_b,0.6010128620726463,False,2.1075225364180072,False,0.3032376653958591,False,0.4287570991154605,False,,,False,False,0.6010128620726463,0.2525557432158691,0.21913603401796575,0.0040601217996048015,0.1727616830122111,0.0,0.129703,0,False
66331,2026-04-25 23:00:00+00:00,21.88,plan_b,footfall_plan_b,0.11637575880352433,False,0.827859868735432,False,0.9086896734590079,False,0.43691801191214213,False,202.00261592432264,95.0,False,False,0.11637575880352433,0.04890305700875697,0.08607923532132258,0.012166663885472148,0.18959655343925155,0.3094560597290048,0.12924,0,False
66332,2026-04-20 01:00:00+00:00,9.64,plan_b,footfall_plan_b,-0.3936022755932437,False,0.0,False,0.37918042544924396,False,0.42405149164285677,False,203.02950621109332,6.0,False,False,0.3936022755932437,0.16539831593802634,0.0,0.005076937620332047,0.16305464483456888,0.3110291949107645,0.128912,0,False
66340,2026-04-21 07:00:00+00:00,191.03,plan_b,footfall_plan_b,-0.12707181462269102,False,0.7002718165913063,False,0.7241104213453015,False,0.4528960033298767,False,186.26450790720713,8.0,False,False,0.12707181462269102,0.05339772009728425,0.07281288146184685,0.009695288028243813,0.22255701042530104,0.2853462091100871,0.128762,0,False
66338,2026-04-25 01:00:00+00:00,1.77,plan_b,footfall_plan_b,0.30832387373945663,False,0.27939534299785906,False,0.48373684820343793,False,0.4071211797339329,False,228.0620443190217,1.0,False,False,0.30832387373945663,0.1295628929053635,0.029050976361894777,0.006476868630745358,0.12812967818230822,0.3493775626903074,0.12852,0,False
66340,2026-04-25 03:00:00+00:00,97.06,plan_b,footfall_plan_b,-0.01777826703383292,False,1.2720742854052358,False,0.19495508544187923,False,0.4211573937096854,False,221.2343187510366,4.0,False,False,0.01777826703383292,0.007470727711775888,0.1322677736835609,0.0026103003771417357,0.15708450829201,0.33891789096025804,0.12767,0,False
66336,2026-04-20 01:00:00+00:00,26.16,plan_b,footfall_plan_b,-0.7352989011769455,False,0.0,False,0.26259651444822135,False,0.4154384157208034,False,117.62249913004193,2.0,False,False,0.7352989011769455,0.3089850021381219,0.0,0.003515967686334852,0.14528702242044508,0.180190711638593,0.127596,0,False
66330,2026-04-21 02:00:00+00:00,7.57,plan_b,footfall_plan_b,-0.2937983110803796,False,0.9830278220695233,False,0.3542092624191569,False,0.4456880616366259,False,130.16888428546974,11.0,False,False,0.2937983110803796,0.12345900644220083,0.10221329287598561,0.004742592731983205,0.20768799179041492,0.19941103161452692,0.127503,0,False
66340,2026-04-26 02:00:00+00:00,62.3,plan_b,footfall_plan_b,-0.4202870659622662,False,0.6342680777495369,False,0.14131624689926386,False,0.43504786646711574,False,135.01284573510878,4.0,False,False,0.4202870659622662,0.17661171500067993,0.06594994295931206,0.0018921171086217928,0.18573869378174596,0.20683169404914642,0.127405,0,False
66332,2026-04-26 22:00:00+00:00,28.91,plan_b,footfall_plan_b,-0.5380683483992913,False,0.0,False,0.2994403015546227,False,0.4305595292062923,False,150.28563375501113,5.0,False,False,0.5380683483992913,0.22610539675021546,0.0,0.004009277984761721,0.17647985496048757,0.2302287019546577,0.127365,0,False
66338,2026-04-21 04:00:00+00:00,2.1,plan_b,footfall_plan_b,0.7695238192369213,False,1.5263262415814676,False,0.03205104975292373,False,0.4197784034766806,False,,,False,False,0.7695238192369213,0.3233668900520192,0.15870439030568484,0.0004291391889994439,0.1542398360756582,0.0,0.127348,0,False
66336,2026-04-26 04:00:00+00:00,26.5,plan_b,footfall_plan_b,-0.24683942950701315,False,1.591573515968588,False,0.697862281724268,False,0.41346899436771,False,141.48172526088226,9.0,False,False,0.24683942950701315,0.10372609224890353,0.165488673127152,0.009343845394178858,0.14122436985674466,0.21674163486722697,0.127305,0,False
66336,2026-04-21 22:00:00+00:00,63.68,plan_b,footfall_plan_b,-0.7359311349329827,False,0.8523215810812296,False,1.1233767136708703,False,0.4246588155279684,False,38.48262612558195,2.0,False,False,0.7359311349329827,0.30925067742765144,0.08862271589442104,0.015041160135530397,0.16430747269437138,0.05895310708901148,0.127235,0,False
66342,2026-04-24 02:00:00+00:00,5.85,plan_b,footfall_plan_b,-0.6974424143116743,False,1.948048302663578,False,0.6853627888852953,False,0.40806445106812594,False,0.3372453797382976,2.0,False,False,0.6974424143116743,0.2930770677507798,0.2025542179238918,0.009176486687953275,0.13007552064923647,0.0005166399746759887,0.12708,0,False
66333,2026-04-21 23:00:00+00:00,0.0,plan_b,footfall_plan_b,-1.0028975779818567,False,1.8653753981988437,False,0.551252999796601,False,0.3509910174237645,False,,,False,False,1.0028975779818567,0.421434480292349,0.19395805247745276,0.007380858570619652,0.012340668658193834,0.0,0.127023,0,False
66332,2026-04-23 21:00:00+00:00,0.34,plan_b,footfall_plan_b,-0.8218285750799875,False,1.8478291893672045,False,0.2873539310541334,False,0.3898569139594304,False,,,False,False,0.8218285750799875,0.34534623079377097,0.19213363231160654,0.0038474506725672546,0.09251580941876507,0.0,0.126769,0,False
66342,2026-04-21 21:00:00+00:00,0.0,plan_b,footfall_plan_b,-0.8768013671685196,False,1.873634437597879,False,0.7216608802873612,False,0.37426154264121037,False,,,False,False,0.8768013671685196,0.36844672537335704,0.194816811094468,0.00966249053577075,0.06034464646863854,0.0,0.126654,0,False
66333,2026-04-21 16:00:00+00:00,2.79,plan_b,footfall_plan_b,-0.9527764921255184,False,0.7354169530056204,False,3.778388359954027,False,0.36003997602009086,False,48.79137271918094,1.0,False,False,0.9527764921255184,0.40037275451566523,0.07646720338522847,0.0505897475750447,0.03100745866858971,0.07474549713803476,0.126637,0,False
66333,2026-04-26 22:00:00+00:00,41.99,plan_b,footfall_plan_b,-0.49243349817278914,False,0.0,False,0.807607308733236,False,0.4426275570533994,False,139.3226840021076,6.0,False,False,0.49243349817278914,0.20692886286414697,0.0,0.010813247870865428,0.20137458060913976,0.21343411135979348,0.12651,0,False
66336,2026-04-20 22:00:00+00:00,84.33,plan_b,footfall_plan_b,-0.24529906430037215,False,0.5480452653643195,False,0.7066661955620707,False,0.41913736787897865,False,201.74792162113937,3.0,False,False,0.24529906430037215,0.10307880480442941,0.05698466509325174,0.009461723107186713,0.15291746546647572,0.3090658831209551,0.126302,0,False
66338,2026-04-22 02:00:00+00:00,0.84,plan_b,footfall_plan_b,-0.667626966987232,False,1.551849978280315,False,0.9635498745991332,False,0.43057565481634574,False,,,False,False,0.667626966987232,0.2805481138239536,0.16135829807504634,0.012901200270617292,0.17651311993495425,0.0,0.126264,0,False
66333,2026-04-22 04:00:00+00:00,0.0,plan_b,footfall_plan_b,-1.0327655321135947,False,1.608747587298906,False,0.6891654460033375,False,0.354046885983641,False,,,False,False,1.0327655321135947,0.4339854984653457,0.16727439917004594,0.009227401375748508,0.018644516344019625,0.0,0.125826,0,False
66342,2026-04-20 05:00:00+00:00,6.2,plan_b,footfall_plan_b,-0.7946797062258465,False,0.6757653845145355,False,0.3831415482971552,False,0.4063278404866395,False,57.66600077549006,1.0,False,False,0.7946797062258465,0.3339378181230635,0.07026475101937879,0.005129974043774768,0.12649312553610165,0.08834090241186925,0.124833,0,False
66333,2026-04-20 04:00:00+00:00,0.34,plan_b,footfall_plan_b,-1.0129286991991377,False,1.785367584855582,False,0.8724984830844499,False,0.34542967485253523,False,,,False,False,1.0129286991991377,0.42564972664428585,0.1856389979461115,0.011682091361140226,0.0008683635472878621,0.0,0.124768,0,False
66333,2026-04-21 10:00:00+00:00,2.41,plan_b,footfall_plan_b,-0.9580038546696148,False,0.8783185196085181,False,1.9678703002162732,False,0.3548684267900024,False,53.228686747335495,1.0,False,False,0.9580038546696148,0.40256938043782975,0.09132582625601242,0.02634828722306883,0.020339245030649482,0.08154319977495199,0.124425,0,False
66333,2026-04-21 04:00:00+00:00,0.34,plan_b,footfall_plan_b,-1.0129286991991377,False,1.1189346130937137,False,0.11779670745080463,False,0.3466656734998126,False,48.79137271918094,1.0,False,False,1.0129286991991377,0.42564972664428585,0.11634461278669359,0.0015772083564168354,0.00341806326756578,0.07474549713803476,0.124347,0,False
66338,2026-04-22 18:00:00+00:00,0.84,plan_b,footfall_plan_b,0.7271389832838271,False,0.5077292802181973,False,10.73955384708772,False,0.4029742065715935,False,,,False,False,0.7271389832838271,0.3055560669885978,0.05279268852370859,0.14379446113881703,0.11957502779065278,0.0,0.124344,0,False
66333,2026-04-22 10:00:00+00:00,2.41,plan_b,footfall_plan_b,-0.9580038546696148,False,1.0729730971902753,False,6.337868850525068,False,0.3553760772429659,False,,,False,False,0.9580038546696148,0.40256938043782975,0.11156562507078928,0.08485924546827238,0.02138645994530259,0.0,0.124076,0,False
66331,2026-04-21 04:00:00+00:00,5.13,plan_b,footfall_plan_b,-0.5691041745730848,False,0.5576383222773788,False,0.04349562232523211,False,0.42266647724015816,False,104.86179342257013,31.0,False,False,0.5691041745730848,0.23914717445628644,0.05798213221861371,0.000582373314870085,0.16019754556272067,0.1606420652533648,0.12371,0,False
66335,2026-04-20 09:00:00+00:00,393.76,plan_b,footfall_plan_b,-0.3942919797156126,False,0.5525994632435821,False,0.7289892436229134,False,0.41871856499786175,False,152.31926126768684,11.0,False,False,0.3942919797156126,0.1656881412449644,0.057458201600762045,0.009760611749358309,0.15205353119665468,0.23334409902092582,0.123661,0,False
66330,2026-04-26 23:00:00+00:00,30.88,plan_b,footfall_plan_b,-0.22027712432805913,False,0.0,False,0.8332140377668913,False,0.46359817969408934,False,171.47732100943097,14.0,False,False,0.22027712432805913,0.09256416352933713,0.0,0.011156102504805426,0.24463416733991916,0.26269311340177953,0.12221,0,False
66332,2026-04-21 21:00:00+00:00,27.54,plan_b,footfall_plan_b,-0.6895311007866147,False,0.7121406701487152,False,1.3140277486536605,False,0.42668048872676545,False,39.428349997961945,1.0,False,False,0.6895311007866147,0.289752600350457,0.07404698143087074,0.01759383254923054,0.1684779138197082,0.06040190012468192,0.122055,0,False
66332,2026-04-23 04:00:00+00:00,0.0,plan_b,footfall_plan_b,-0.9224123855971473,False,1.166629788235328,False,0.012960651673720713,False,0.3938295307365049,False,,,False,False,0.9224123855971473,0.38761324473593667,0.1213038629687057,0.0001735332724213636,0.10071078593236418,0.0,0.12196,0,False
66336,2026-04-25 06:00:00+00:00,133.2,plan_b,footfall_plan_b,-0.03894931136886042,False,1.3137315808298697,False,1.1558021974345503,False,0.485242048760543,False,97.73397957124635,7.0,False,False,0.03894931136886042,0.016367157678765003,0.13659921704870956,0.015475312711265952,0.2892825713054335,0.14972267602258954,0.121489,0,False
66340,2026-04-21 02:00:00+00:00,48.19,plan_b,footfall_plan_b,-0.5749105006294284,False,1.817407219781256,False,0.8491946884651563,False,0.42520898210452907,False,,,False,False,0.5749105006294284,0.2415870906129165,0.18897041595359285,0.01137007126817522,0.16544239267948052,0.0,0.121474,0,False
66330,2026-04-21 00:00:00+00:00,8.92,plan_b,footfall_plan_b,-0.8176203296242144,False,0.4252392006646165,False,0.17096905476784677,False,0.4333712606749409,False,22.700713993374748,8.0,False,False,0.8176203296242144,0.34357785506375355,0.044215532850715646,0.0022891456620818614,0.1822800805148617,0.034776151156659274,0.121428,0,False
66338,2026-04-25 19:00:00+00:00,0.34,plan_b,footfall_plan_b,-0.7339236562553931,False,1.1100532043671085,False,5.460976914669012,False,0.39810338102968534,False,,,False,False,0.7339236562553931,0.30840710102288,0.11542114143527987,0.07311832911469512,0.1095271668572428,0.0,0.121295,0,False
66331,2026-04-25 05:00:00+00:00,12.03,plan_b,footfall_plan_b,-0.3033541058086697,False,0.8960242391057814,False,0.38635314032870094,False,0.4454994293575925,False,112.46261249524161,113.0,False,False,0.3033541058086697,0.12747451258511242,0.09316683202606664,0.005172974819426084,0.2072988686549275,0.172286070506362,0.12108,0,False
66330,2026-04-23 00:00:00+00:00,11.7,plan_b,footfall_plan_b,-0.6584795853304836,False,1.0209497426904586,False,1.1536313538195648,False,0.4281439341716403,False,22.700713993374748,1.0,False,False,0.6584795853304836,0.276704229743283,0.10615633934102596,0.015446246765671004,0.17149680583035787,0.034776151156659274,0.120916,0,False
66338,2026-04-25 02:00:00+00:00,0.42,plan_b,footfall_plan_b,-0.995858285205035,False,0.846760524939787,False,0.8662820717160304,False,0.3859173308849993,False,,,False,False,0.995858285205035,0.41847645072067996,0.08804448825190284,0.01159885833901785,0.08438897701080489,0.0,0.120502,0,False
66330,2026-04-26 04:00:00+00:00,11.7,plan_b,footfall_plan_b,-0.22490372266640715,False,2.654527133416917,False,0.6519204692196604,False,0.4353496122078849,False,22.700713993374748,2.0,False,False,0.22490372266640715,0.09450833819786787,0.276012492468402,0.008728719452552146,0.18636115484392338,0.034776151156659274,0.120077,0,False
66338,2026-04-21 02:00:00+00:00,2.36,plan_b,footfall_plan_b,0.5202578037057695,False,2.034146150810528,False,0.1194204568584689,False,0.4262988047450719,False,,,False,False,0.5202578037057695,0.21862110542134178,0.2115065022550813,0.0015989491265106389,0.1676905508695122,0.0,0.119883,0,False
66338,2026-04-24 23:00:00+00:00,0.5,plan_b,footfall_plan_b,-0.8914299628666212,False,1.1486007648083296,False,0.9072969951960259,False,0.3893644868537695,False,,,False,False,0.8914299628666212,0.37459390805759707,0.11942924069409681,0.012148016982331051,0.09149999823132848,0.0,0.119534,0,False
66333,2026-04-22 06:00:00+00:00,2.41,plan_b,footfall_plan_b,-1.1065030281837356,False,0.8713260269056747,False,0.13698430652144786,False,0.3628515813654285,False,,,False,False,1.1065030281837356,0.4649712382025107,0.09059876066486339,0.001834115720372089,0.036807424047460076,0.0,0.118842,0,False
66340,2026-04-20 21:00:00+00:00,280.17,plan_b,footfall_plan_b,-0.05502496553613695,False,0.94077546973321,False,0.7585543483126942,False,0.43405867640903856,False,179.5140679618003,13.0,False,False,0.05502496553613695,0.023122418742391064,0.09781997666754011,0.010156466023931604,0.1836981271355471,0.2750049343826079,0.11796,0,False
66338,2026-04-23 22:00:00+00:00,0.0,plan_b,footfall_plan_b,-0.7189016049817673,False,1.519256764389735,False,1.420058033770919,False,0.39838677827886587,False,,,False,False,0.7189016049817673,0.30209458166854564,0.1579693200193145,0.019013497456163875,0.11011177743797022,0.0,0.117838,0,False
66331,2026-04-20 08:00:00+00:00,65.98,plan_b,footfall_plan_b,-0.052792593631136454,False,0.7876475132368651,False,0.08394066131512509,False,0.42812207279362163,False,202.00261592432264,242.0,False,False,0.052792593631136454,0.022184338409705143,0.08189803395801307,0.0011239016381222832,0.1714517087345464,0.3094560597290048,0.117223,0,False
66330,2026-04-20 04:00:00+00:00,8.84,plan_b,footfall_plan_b,-0.7028838211570092,False,0.3257133444642816,False,0.41736801372837035,False,0.42667773574254203,False,52.86238353595823,14.0,False,False,0.7028838211570092,0.295363638699069,0.0338670307430931,0.005588240394820863,0.168472234781855,0.08098204492089131,0.116855,0,False
66340,2026-04-26 23:00:00+00:00,106.7,plan_b,footfall_plan_b,-0.2741803430937858,False,0.0,False,0.5727308515774897,False,0.41568450551465963,False,205.55485824501525,4.0,False,False,0.2741803430937858,0.1152152053558932,0.0,0.007668430677173199,0.14579467271596974,0.3148978848595069,0.116715,0,False
66338,2026-04-25 04:00:00+00:00,0.5,plan_b,footfall_plan_b,-0.9138095353438438,False,0.7513827384601498,False,0.4924907209637176,False,0.40018048546150586,False,,,False,False,0.9138095353438438,0.38399818193677265,0.07812729424738064,0.006594076331769505,0.11381195519456562,0.0,0.116506,0,False
66333,2026-04-22 20:00:00+00:00,0.69,plan_b,footfall_plan_b,-0.8994701212754357,False,1.515604339197555,False,3.290695337747282,False,0.3462678002053794,False,,,False,False,0.8994701212754357,0.37797251825157663,0.15758954805610598,0.044059908782123444,0.0025973039327906173,0.0,0.116444,0,False
66333,2026-04-20 20:00:00+00:00,2.07,plan_b,footfall_plan_b,-0.8939977064447808,False,1.700872822726576,False,0.3735014469087011,False,0.3556812481576465,False,,,False,False,0.8939977064447808,0.37567291722477775,0.17685339933528396,0.0050009004151852325,0.022015986682659573,0.0,0.115909,0,False
66333,2026-04-21 07:00:00+00:00,0.0,plan_b,footfall_plan_b,-1.0385938996447488,False,0.953268255892292,False,0.14483580883190122,False,0.3651279215721083,False,,,False,False,1.0385938996447488,0.43643467682151194,0.09911895191711854,0.0019392413671109406,0.0415032091124469,0.0,0.115799,0,False
66333,2026-04-20 22:00:00+00:00,0.69,plan_b,footfall_plan_b,-0.9640355928551138,False,1.6138825939880037,False,0.08197299166556381,False,0.3472649860857315,False,,,False,False,0.9640355928551138,0.4051040185736407,0.16780832703134277,0.0010975560374589376,0.004654364889774209,0.0,0.115733,0,False
66333,2026-04-22 05:00:00+00:00,0.0,plan_b,footfall_plan_b,-1.1342171314686527,False,0.8551149722169737,False,0.08165655034447834,False,0.35073269457754674,False,,,False,False,1.1342171314686527,0.4766171719160517,0.08891316719179522,0.0010933191287478853,0.011807783213542561,0.0,0.115686,0,False
66330,2026-04-25 05:00:00+00:00,32.31,plan_b,footfall_plan_b,0.29960548671736265,False,0.6073739781912463,False,0.04652841458538666,False,0.45403636498674504,False,106.59851768794343,26.0,False,False,0.29960548671736265,0.12589927960694727,0.06315354756431676,0.0006229800975171275,0.22490942383929444,0.16330262410572896,0.115578,0,False
66333,2026-04-20 23:00:00+00:00,0.34,plan_b,footfall_plan_b,-0.9919765666550046,False,1.4496056706151326,False,0.581528888174417,False,0.34542967485253523,False,,,False,False,0.9919765666550046,0.4168452871046852,0.15072713674913163,0.007786229698393974,0.0008683635472878621,0.0,0.115245,0,False
66333,2026-04-20 03:00:00+00:00,0.34,plan_b,footfall_plan_b,-0.7369267690121574,False,2.370550627404805,True,0.9065006990924523,False,0.3486100302175015,False,,,False,False,0.7369267690121574,0.309669059663216,0.24648517581747786,0.012137355182897795,0.00742901084435498,0.0,0.115144,1,False
66333,2026-04-23 04:00:00+00:00,24.44,plan_b,footfall_plan_b,0.39315269267854297,False,0.5394849369128164,False,0.5966183748758609,False,0.47541023107744274,False,48.79137271918094,4.0,False,False,0.39315269267854297,0.16520939361318987,0.05609457903517246,0.007988266453364375,0.26900084781678396,0.07474549713803476,0.114608,0,False
66333,2026-04-20 09:00:00+00:00,1.72,plan_b,footfall_plan_b,-0.9088900479963387,False,1.5894987088473325,False,0.6360099353547092,False,0.3528688284960801,False,,,False,False,0.9088900479963387,0.38193093036580705,0.16527293877743682,0.008515689500273265,0.01621434147843882,0.0,0.114387,0,False
66340,2026-04-20 22:00:00+00:00,114.27,plan_b,footfall_plan_b,-0.5219521915894272,False,0.7461717234707639,False,0.8699778080337623,False,0.4152515918209483,False,77.08635069374797,3.0,False,False,0.5219521915894272,0.21933311579292916,0.07758546319302664,0.01164834143858474,0.14490162972907675,0.11809172982944119,0.114312,0,False
66330,2026-04-25 07:00:00+00:00,73.47,plan_b,footfall_plan_b,-0.045419357928216476,False,0.3874607505346204,False,1.4516495922786037,False,0.4696693260657988,False,153.67101288508454,43.0,False,False,0.045419357928216476,0.01908598038715811,0.040287404164175776,0.01943648440672326,0.2571581294330915,0.2354149025466035,0.114277,0,False
66333,2026-04-21 05:00:00+00:00,0.0,plan_b,footfall_plan_b,-1.1342171314686527,False,0.7048308742896768,False,0.030538382926598485,False,0.35462755673009816,False,,,False,False,1.1342171314686527,0.4766171719160517,0.07328692328375686,0.00040888573021791483,0.019842362347392478,0.0,0.114031,0,False
66335,2026-04-25 04:00:00+00:00,256.77,plan_b,footfall_plan_b,-0.24426663473277904,False,1.4090940552384752,False,3.8907808303375675,False,0.4225020244574615,False,69.67609481700799,1.0,False,False,0.24426663473277904,0.10264496048392299,0.14651481893430512,0.05209459730576644,0.1598583014907597,0.10673965612135242,0.11357,0,False
66332,2026-04-23 00:00:00+00:00,0.0,plan_b,footfall_plan_b,-0.9156297796073513,False,0.7157976372100342,False,0.49466936768618097,False,0.39349692418160587,False,,,False,False,0.9156297796073513,0.3847630792822624,0.07442722564866867,0.006623246755041177,0.10002466314262107,0.0,0.113168,0,False
66333,2026-04-23 07:00:00+00:00,54.04,plan_b,footfall_plan_b,0.06854497303071626,False,1.3706335344947251,False,0.44413355209928884,False,0.4586034903194457,False,100.64980698844555,9.0,False,False,0.06854497303071626,0.0288037539625762,0.1425157698914533,0.005946610604788219,0.2343307919038243,0.15418955116302982,0.113157,0,False
66336,2026-04-21 00:00:00+00:00,37.86,plan_b,footfall_plan_b,-0.3744237429676309,False,0.4556895176967622,False,0.5058646668278134,False,0.4199909432360681,False,130.07884709540747,2.0,False,False,0.3744237429676309,0.15733917300330166,0.04738169672023958,0.006773143299188162,0.1546782771421205,0.19927309996478937,0.113089,0,False
66333,2026-04-21 03:00:00+00:00,0.0,plan_b,footfall_plan_b,-0.7571421414216656,False,2.1487404871035802,False,0.09353921350612943,False,0.354046885983641,False,,,False,False,0.7571421414216656,0.3181639001657339,0.22342179518421934,0.0012524189545462384,0.018644516344019625,0.0,0.112297,0,False
66338,2026-04-25 03:00:00+00:00,0.34,plan_b,footfall_plan_b,-0.8942504906887355,False,0.7395141332964905,False,0.5305421011662185,False,0.3942133301119378,False,,,False,False,0.8942504906887355,0.3757791414283415,0.07689322010584862,0.007103555383666116,0.10150251265661242,0.0,0.112256,0,False
66331,2026-04-25 02:00:00+00:00,7.15,plan_b,footfall_plan_b,0.014842837090230659,False,0.6948195143777445,False,0.13015322911371874,False,0.4517918999093209,False,170.20124984552956,5.0,False,False,0.014842837090230659,0.006237210531281712,0.07224596183811745,0.0017426527872905326,0.22027939289817017,0.2607382478545795,0.112249,0,False
66342,2026-04-20 23:00:00+00:00,0.34,plan_b,footfall_plan_b,-0.7572688440120164,False,1.8377903791368295,False,0.3476866708244262,False,0.3678761919217073,False,,,False,False,0.7572688440120164,0.31821714273156365,0.19108981663603028,0.004655260189407686,0.04717252287509224,0.0,0.112227,0,False
66332,2026-04-21 05:00:00+00:00,15.83,plan_b,footfall_plan_b,-0.7341404846602427,False,0.8860433985314011,False,0.5131518412109276,False,0.41823407725791906,False,,,False,False,0.7341404846602427,0.30849821597630755,0.09212904392091421,0.006870713024016968,0.15105409785768537,0.0,0.11171,0,False
66333,2026-04-24 01:00:00+00:00,8.26,plan_b,footfall_plan_b,-0.4414781118094829,False,1.0083399549962095,False,1.18164033135566,False,0.4308152886431704,False,48.79137271918094,1.0,False,False,0.4414781118094829,0.18551654994049932,0.1048451985027302,0.015821265680720644,0.17700745243488855,0.07474549713803476,0.111587,0,False
66332,2026-04-26 01:00:00+00:00,14.11,plan_b,footfall_plan_b,-0.16988174510618478,False,0.8356367412605009,False,0.5532293069909529,False,0.42302844261809586,False,150.28563375501113,3.0,False,False,0.16988174510618478,0.07138717505336072,0.08688785917836725,0.007407319821440946,0.16094423167351132,0.2302287019546577,0.111371,0,False
66338,2026-04-25 07:00:00+00:00,0.0,plan_b,footfall_plan_b,-0.6000337294178186,False,1.422968628263307,False,0.7153213209592236,False,0.4162340757883366,False,,,False,False,0.6000337294178186,0.2521442951571801,0.14795746965514717,0.00957760865609245,0.14692836260806943,0.0,0.111322,0,False
66342,2026-04-22 04:00:00+00:00,2.41,plan_b,footfall_plan_b,-0.8430073085587966,False,1.057981983580425,False,0.554441745456517,False,0.3861805517572562,False,,,False,False,0.8430073085587966,0.3542458918686864,0.11000687866347504,0.007423553450724071,0.08493196642737347,0.0,0.111322,0,False
66336,2026-04-22 05:00:00+00:00,68.49,plan_b,footfall_plan_b,0.15747425717966482,False,1.0865735300415786,False,0.29336063885847447,False,0.438593234241972,False,116.79916626640515,5.0,False,False,0.15747425717966482,0.0661733393229277,0.11297977123741947,0.003927875923396251,0.19305231280855129,0.17892941438924503,0.111013,0,False
66342,2026-04-22 03:00:00+00:00,0.34,plan_b,footfall_plan_b,-0.8604451821718837,False,1.2806391677987727,False,0.6965572391037854,False,0.36968951196543,False,,,False,False,0.8604451821718837,0.361573580522919,0.13315833325154539,0.009326371865664788,0.050913159338116305,0.0,0.110994,0,False
66333,2026-04-20 21:00:00+00:00,0.69,plan_b,footfall_plan_b,-0.9126661804032279,False,1.5883815260630174,False,0.3587005336038734,False,0.345542547317197,False,,,False,False,0.9126661804032279,0.38351772490330593,0.1651567763163492,0.004802727438604164,0.0011012043292815965,0.0,0.110916,0,False
66330,2026-04-26 22:00:00+00:00,58.49,plan_b,footfall_plan_b,-0.4019307887339685,False,0.0,False,0.028047947746875503,False,0.47013356112177823,False,83.01943152241927,16.0,False,False,0.4019307887339685,0.1688980976546523,0.0,0.000375540696544423,0.25811578419669606,0.12718085873449536,0.110914,0,False
66333,2026-04-21 18:00:00+00:00,0.34,plan_b,footfall_plan_b,-1.0425268030418575,False,0.6913413508124933,False,2.0130995523753223,False,0.35322387560471835,False,,,False,False,1.0425268030418575,0.4380873491736936,0.07188430925496152,0.026953872523401003,0.01694675612595851,0.0,0.110774,0,False
66340,2026-04-20 06:00:00+00:00,189.31,plan_b,footfall_plan_b,-0.007623063041689422,False,1.2692075440983894,False,0.8915122382160893,False,0.42950523758262166,False,151.4478293988316,20.0,False,False,0.007623063041689422,0.0032033396846714826,0.13196969558015637,0.011936671086919141,0.174304992500981,0.23200911694049942,0.110685,0,False
66338,2026-04-25 00:00:00+00:00,1.18,plan_b,footfall_plan_b,-0.787984875375837,False,0.9642293079763748,False,0.28229095405075666,False,0.4022693534266121,False,,,False,False,0.787984875375837,0.3311245372638191,0.1002586604805452,0.003779661259680591,0.11812101012602595,0.0,0.110657,0,False
66342,2026-04-20 22:00:00+00:00,0.34,plan_b,footfall_plan_b,-0.7415947084161167,False,0.8003407152162035,False,0.2520696554973165,False,0.37708374690549745,False,57.66600077549006,1.0,False,False,0.7415947084161167,0.31163060654490504,0.08321784804904946,0.003375021048152096,0.06616647599820209,0.08834090241186925,0.110546,0,False
66332,2026-04-23 02:00:00+00:00,0.0,plan_b,footfall_plan_b,-0.8834850828978397,False,0.7007986404999013,False,0.0716850338285172,False,0.3956638891965574,False,,,False,False,0.8834850828978397,0.3712553354713852,0.0728676595721448,0.0009598081035633271,0.10449482183142264,0.0,0.109916,0,False
66333,2026-04-20 08:00:00+00:00,0.34,plan_b,footfall_plan_b,-0.9292784658689658,False,1.4112576524211602,False,0.11426238824343345,False,0.3500212350618231,False,,,False,False,0.9292784658689658,0.3904984874910565,0.14673978549937533,0.0015298865092383954,0.010340137490607878,0.0,0.109822,0,False
66335,2026-04-20 23:00:00+00:00,389.63,plan_b,footfall_plan_b,0.3626437549417489,False,1.9376259872725192,False,0.536324929299149,False,0.43614002829268844,False,,,False,False,0.3626437549417489,0.15238902331650334,0.2014705261385775,0.007180983055902112,0.18799167739729844,0.0,0.109806,0,False
66333,2026-04-22 01:00:00+00:00,0.69,plan_b,footfall_plan_b,-0.832092991501994,False,1.7452341057609675,False,0.7953404138103395,False,0.3481215960666035,False,,,False,False,0.832092991501994,0.3496595117262241,0.18146599799561777,0.01064900347390077,0.006421436587973654,0.0,0.109639,0,False
66332,2026-04-21 01:00:00+00:00,0.69,plan_b,footfall_plan_b,-0.8415438299241559,False,0.8776953928762277,False,0.0006019878954824739,False,0.3947711523306239,False,,,False,False,0.8415438299241559,0.3536309134587775,0.09126103476816586,8.060160252044947e-06,0.10265322520640495,0.0,0.109511,0,False
66333,2026-04-20 19:00:00+00:00,0.69,plan_b,footfall_plan_b,-0.7943749776370488,False,1.9442277246108621,False,0.08677363529439798,False,0.3491604158592779,False,,,False,False,0.7943749776370488,0.33380976602954004,0.20215696175810427,0.0011618330059025473,0.00856438273167336,0.0,0.109139,0,False
66333,2026-04-22 02:00:00+00:00,0.0,plan_b,footfall_plan_b,-0.8671381498282432,False,1.5454722927146456,False,0.8428856243609656,False,0.34900040007997846,False,,,False,False,0.8671381498282432,0.36438607843676124,0.16069515891666286,0.011285597696361213,0.008234291603646244,0.0,0.10892,0,False
66333,2026-04-21 22:00:00+00:00,0.0,plan_b,footfall_plan_b,-0.9719146593280146,False,1.1829464983316436,False,0.04630863878137873,False,0.3509910174237645,False,,,False,False,0.9719146593280146,0.4084149352186662,0.12300044228254052,0.0006200374665886331,0.012340668658193834,0.0,0.108875,0,False
66330,2026-04-21 01:00:00+00:00,8.16,plan_b,footfall_plan_b,-0.5004550356359301,False,1.1091683167345139,False,0.4876033879186774,False,0.4298164864689184,False,22.700713993374748,10.0,False,False,0.5004550356359301,0.21029964822263505,0.11532913256562008,0.0065286386579495575,0.17494705727999654,0.034776151156659274,0.108376,0,False
66332,2026-04-23 01:00:00+00:00,0.0,plan_b,footfall_plan_b,-0.8760778715429637,False,0.6681104385378406,False,0.27605728953765585,False,0.39349692418160587,False,,,False,False,0.8760778715429637,0.368142700306746,0.0694688048442049,0.003696197231067841,0.10002466314262107,0.0,0.108266,0,False
66338,2026-04-21 03:00:00+00:00,1.18,plan_b,footfall_plan_b,-0.27997562091656675,False,2.373576603459839,False,0.032275938782667615,False,0.4300805057463227,False,,,False,False,0.27997562091656675,0.11765047885840599,0.24679981083573985,0.0004321502821331519,0.17549169369948506,0.0,0.108075,0,False
66332,2026-04-26 02:00:00+00:00,13.77,plan_b,footfall_plan_b,-0.027356329097470024,False,1.309114433461058,False,0.44125985857685657,False,0.4198974264519198,False,150.28563375501113,4.0,False,False,0.027356329097470024,0.011495590964631196,0.13611913517751043,0.005908134033282568,0.15448536453747527,0.2302287019546577,0.107647,0,False
66342,2026-04-25 05:00:00+00:00,64.36,plan_b,footfall_plan_b,-0.27273084440658923,False,1.3230995529489382,False,0.5305347148729251,False,0.41292424542797374,False,89.0242978623123,41.0,False,False,0.27273084440658923,0.1146061015557301,0.13757328030141033,0.007103456486814436,0.14010062573103155,0.1363799587968371,0.107153,0,False
66333,2026-04-21 06:00:00+00:00,1.03,plan_b,footfall_plan_b,-1.143739813594831,False,0.37752594574589216,False,0.0742235317955124,False,0.35011663658332903,False,,,False,False,1.143739813594831,0.4806187635849746,0.03925440276916113,0.0009937966614180877,0.010536938056072583,0.0,0.106281,0,False
66333,2026-04-22 03:00:00+00:00,0.0,plan_b,footfall_plan_b,-0.7571421414216656,False,1.8699468400490737,False,0.8563810150611315,False,0.3471264699729585,False,,,False,False,0.7571421414216656,0.3181639001657339,0.1944333819790323,0.011466290717804967,0.004368624695179946,0.0,0.105686,0,False
66335,2026-04-20 22:00:00+00:00,304.61,plan_b,footfall_plan_b,-0.2927243185714165,False,2.214379842484741,False,0.5725235952168347,False,0.4253558573495145,False,,,False,False,0.2927243185714165,0.12300769667259948,0.2302468458136521,0.007665655672073145,0.16574537664461672,0.0,0.105333,0,False
66333,2026-04-22 23:00:00+00:00,0.0,plan_b,footfall_plan_b,-1.0028975779818567,False,0.9677015541616537,False,0.1366547975389677,False,0.34626518856279,False,,,False,False,1.0028975779818567,0.421434480292349,0.10061969778620991,0.001829703845609807,0.002591916463804015,0.0,0.105295,0,False
66331,2026-04-20 00:00:00+00:00,9.93,plan_b,footfall_plan_b,-0.3683697959517309,False,0.0,False,0.06179286439977924,False,0.4181763000822779,False,143.33814905146377,19.0,False,False,0.3683697959517309,0.1547952023423122,0.0,0.0008273594755521197,0.15093491128017966,0.21958556631233145,0.105229,0,False
66342,2026-04-22 02:00:00+00:00,1.03,plan_b,footfall_plan_b,-0.7685846190426834,False,1.4058343529164465,False,0.6613404102485081,False,0.3683018140849434,False,,,False,False,0.7685846190426834,0.3229722222868964,0.14617588152007344,0.008854845301306086,0.04805052441088491,0.0,0.105211,0,False
66338,2026-04-24 05:00:00+00:00,4.21,plan_b,footfall_plan_b,0.19968888962592893,False,0.9191285944373071,False,6.998444073093735,False,0.46706081685851236,False,,,False,False,0.19968888962592893,0.0839126400015915,0.09556917729564443,0.09370384548828843,0.2517771241942822,0.0,0.104993,0,False
66333,2026-04-21 21:00:00+00:00,0.0,plan_b,footfall_plan_b,-0.9172964245645525,False,1.1307060442701298,False,0.14583756448336735,False,0.35462755673009816,False,,,False,False,0.9172964245645525,0.38546343160815333,0.1175685829688106,0.00195265411368741,0.019842362347392478,0.0,0.104965,0,False
66338,2026-04-24 04:00:00+00:00,0.84,plan_b,footfall_plan_b,-0.5561011974954313,False,1.7624423858370268,False,0.5421592536295577,False,0.39265718733311766,False,,,False,False,0.5561011974954313,0.23368310413915444,0.18325528099638094,0.007259100223071744,0.09829239845736937,0.0,0.104498,0,False
66333,2026-04-21 20:00:00+00:00,1.03,plan_b,footfall_plan_b,-0.8981218451577381,False,1.1684522592695652,False,0.5069217460276111,False,0.35245950019474903,False,,,False,False,0.8981218451577381,0.37740594988265513,0.12149335991009269,0.006787296786016405,0.015369951998155324,0.0,0.104211,0,False
66330,2026-04-22 04:00:00+00:00,12.29,plan_b,footfall_plan_b,-0.12629943661415008,False,0.7437478237785283,False,0.9670860021478885,False,0.4375829952715854,False,120.80560184320824,10.0,False,False,0.12629943661415008,0.05307315382873896,0.07733343088673555,0.012948546330112052,0.19096832507451733,0.18506703672389868,0.103878,0,False
66330,2026-04-20 02:00:00+00:00,5.3,plan_b,footfall_plan_b,-0.6335694292075439,False,0.0,False,0.49904461180824494,False,0.4472252516969355,False,22.700713993374748,7.0,False,False,0.6335694292075439,0.26623656192739537,0.0,0.0066818279475041745,0.21085900906896854,0.034776151156659274,0.103711,0,False
66336,2026-04-22 23:00:00+00:00,35.11,plan_b,footfall_plan_b,-0.7165843418413019,False,0.7007360187395281,False,0.7034607146517837,False,0.40926111086741285,False,,,False,False,0.7165843418413019,0.30112082860667483,0.0728611482850889,0.009418804154803,0.1325440695932265,0.0,0.103189,0,False
66330,2026-04-22 03:00:00+00:00,9.93,plan_b,footfall_plan_b,-0.23857431073746183,False,0.9324454000945148,False,0.8100714504932502,False,0.42891863795534113,False,86.94769014874738,7.0,False,False,0.23857431073746183,0.10025294991645349,0.09695383246638739,0.010846240855638905,0.17309491601029317,0.13319871860496055,0.102869,0,False
66333,2026-04-22 00:00:00+00:00,0.34,plan_b,footfall_plan_b,-0.7995714350097839,False,1.5760174227501642,False,0.7346202548183953,False,0.347086061446004,False,,,False,False,0.7995714350097839,0.3359934050773547,0.1638711812551585,0.009836006708222503,0.004285267314409659,0.0,0.102797,0,False
66338,2026-04-25 21:00:00+00:00,0.25,plan_b,footfall_plan_b,-0.7707802917420392,False,0.6744907594765951,False,0.3294521730308746,False,0.40094748799738955,False,,,False,False,0.7707802917420392,0.32389488099428626,0.07013221802348069,0.004411114126946094,0.1153941787313817,0.0,0.102766,0,False
66340,2026-04-20 23:00:00+00:00,103.26,plan_b,footfall_plan_b,-0.31560760457146897,False,0.8618453353135016,False,0.24482268131633114,False,0.4259616296566694,False,77.08635069374797,2.0,False,False,0.31560760457146897,0.1326236394712845,0.08961297706380764,0.0032779895734671126,0.16699500380683674,0.11809172982944119,0.10212,0,False
66333,2026-04-20 07:00:00+00:00,0.69,plan_b,footfall_plan_b,-1.024457596496228,False,0.6272938421765994,False,0.5941234594692226,False,0.3482308844335635,False,,,False,False,1.024457596496228,0.43049436377116,0.06522477570849915,0.007954861432858633,0.006646883856286903,0.0,0.102064,0,False
66338,2026-04-22 20:00:00+00:00,0.42,plan_b,footfall_plan_b,-0.753439705197693,False,0.9752709888171305,False,0.5198528780714917,False,0.3862272672558661,False,,,False,False,0.753439705197693,0.3166080740074882,0.10140675266296514,0.006960434813036859,0.08502833424622239,0.0,0.102001,0,False
66333,2026-04-26 23:00:00+00:00,30.63,plan_b,footfall_plan_b,-0.019042939918670947,False,0.0,False,4.280359677958385,False,0.46915206118468616,False,122.74774402678091,3.0,False,False,0.019042939918670947,0.008002164591934733,0.0,0.05731076189345159,0.2560910812404517,0.18804228367707204,0.101889,0,False
66333,2026-04-21 01:00:00+00:00,0.0,plan_b,footfall_plan_b,-0.8676972539838743,False,0.8519880555855539,False,0.05995927889017824,False,0.3683145615411784,False,,,False,False,0.8676972539838743,0.3646210234345663,0.08858803657161272,0.0008028091595837784,0.04807682070632852,0.0,0.100418,0,False
66330,2026-04-20 00:00:00+00:00,10.94,plan_b,footfall_plan_b,-0.7019856880870431,False,0.0,False,0.3930848936186169,False,0.4257075967982906,False,22.700713993374748,10.0,False,False,0.7019856880870431,0.29498622803233254,0.0,0.005263107878082466,0.16647096803270664,0.034776151156659274,0.100299,0,False
66333,2026-04-20 05:00:00+00:00,0.34,plan_b,footfall_plan_b,-1.1244743344393986,False,0.16425865098101267,False,0.5599621861286043,False,0.3450087248240841,False,,,False,False,1.1244743344393986,0.47252308425170614,0.01707929035496733,0.007497467954342567,0.0,0.0,0.09942,0,False
66333,2026-04-24 03:00:00+00:00,5.16,plan_b,footfall_plan_b,-0.4503441366185406,False,1.0589331290316917,False,1.1930105842630498,False,0.4327489674836415,False,,,False,False,0.4503441366185406,0.18924220312752088,0.11010577689035667,0.015973504722780436,0.18099637298064872,0.0,0.099264,0,False
66338,2026-04-26 05:00:00+00:00,0.93,plan_b,footfall_plan_b,-0.8260061676025564,False,0.40643088910490927,False,0.2376313940455498,False,0.3927773125226299,False,,,False,False,0.8260061676025564,0.34710172564416725,0.04225988173403832,0.0031817037041731245,0.09854020063965516,0.0,0.098217,0,False
66333,2026-04-21 08:00:00+00:00,0.34,plan_b,footfall_plan_b,-0.9292784658689658,False,0.5952892694640621,False,0.10909677151839671,False,0.36274497484513885,False,,,False,False,0.9292784658689658,0.3904984874910565,0.061897003400742424,0.0014607228285117755,0.03658750906975271,0.0,0.098089,0,False
66331,2026-04-25 01:00:00+00:00,11.11,plan_b,footfall_plan_b,0.04064788415905087,False,0.8297449507723574,False,0.5390149054123283,False,0.4206740492503404,False,143.33814905146377,16.0,False,False,0.04064788415905087,0.01708092661867323,0.08627524243120262,0.007216999790971215,0.1560874333878388,0.21958556631233145,0.097249,0,False
66332,2026-04-21 02:00:00+00:00,1.72,plan_b,footfall_plan_b,-0.7765467055168203,False,0.572558195839808,False,0.089149122108708,False,0.3916357430355426,False,,,False,False,0.7765467055168203,0.32631802533691767,0.0595334712263935,0.001193638968354023,0.09618529563363774,0.0,0.096646,0,False
66336,2026-04-20 23:00:00+00:00,50.6,plan_b,footfall_plan_b,-0.24228791780362402,False,0.5264349838557756,False,0.23956397550528316,False,0.414097551945306,False,117.55963771286356,3.0,False,False,0.24228791780362402,0.10181347025102984,0.05473767067114567,0.003207579500650888,0.14252099998114273,0.18009441166554566,0.096475,0,False
66333,2026-04-22 19:00:00+00:00,0.69,plan_b,footfall_plan_b,-0.7943749776370488,False,1.0702937462339694,False,1.7904701816511621,False,0.35126860871071747,False,,,False,False,0.7943749776370488,0.33380976602954004,0.11128703144620815,0.023973034506034427,0.012913302316211732,0.0,0.096397,0,False
66338,2026-04-26 18:00:00+00:00,0.76,plan_b,footfall_plan_b,0.5345193850629457,False,1.3015437062736783,False,0.5978212368894601,False,0.3968679614624708,False,,,False,False,0.5345193850629457,0.22461406248830695,0.13533194590583883,0.008004371861236299,0.10697866170160082,0.0,0.094986,0,False
66336,2026-04-22 22:00:00+00:00,92.24,plan_b,footfall_plan_b,-0.05736203385466037,False,0.8523215810812296,False,0.1294300053349761,False,0.43269351626858343,False,116.79916626640515,8.0,False,False,0.05736203385466037,0.024104494274178268,0.08862271589442104,0.0017329693707326577,0.1808819845484008,0.17892941438924503,0.094854,0,False
66332,2026-04-23 03:00:00+00:00,0.0,plan_b,footfall_plan_b,-0.7370570872464162,False,0.5948956263214934,False,0.06222841687556191,False,0.3938295307365049,False,,,False,False,0.7370570872464162,0.3097238215836087,0.06185607316365586,0.0008331911920688938,0.10071078593236418,0.0,0.094625,0,False
66333,2026-04-21 09:00:00+00:00,1.72,plan_b,footfall_plan_b,-0.9088900479963387,False,0.5334224381191818,False,0.502847463175711,False,0.35817350279293514,False,,,False,False,0.9088900479963387,0.38193093036580705,0.055464212375305674,0.006732745236151513,0.027157174304874503,0.0,0.094257,0,False
66342,2026-04-20 00:00:00+00:00,1.38,plan_b,footfall_plan_b,-0.8783488693333233,False,0.0,False,0.561192177107057,False,0.39061521915703395,False,,,False,False,0.8783488693333233,0.3690970118880455,0.0,0.007513936598428762,0.0940800915112043,0.0,0.094138,0,False
66342,2026-04-20 03:00:00+00:00,1.03,plan_b,footfall_plan_b,-0.8482246745563515,False,0.4333111103651294,False,0.6025277391283442,False,0.3716895830635026,False,,,False,False,0.8482246745563515,0.356438317073361,0.04505483409098989,0.008067388348040591,0.055039038221984776,0.0,0.09292,0,False
66333,2026-04-21 19:00:00+00:00,0.0,plan_b,footfall_plan_b,-0.796818072195392,False,1.1429365015583985,False,0.08472813695215568,False,0.34964420445636557,False,,,False,False,0.796818072195392,0.3348363955758715,0.11884028178012322,0.0011344453382143933,0.00956237383254173,0.0,0.092875,0,False
66331,2026-04-24 02:00:00+00:00,6.56,plan_b,footfall_plan_b,-0.06799624018362421,False,2.553504637364084,False,0.3892094400481085,False,0.42444078406915675,False,0.0,18.0,False,False,0.06799624018362421,0.02857316716357432,0.2655083727026228,0.00521121850113308,0.16385770298728597,0.0,0.09263,0,False
66333,2026-04-21 02:00:00+00:00,0.0,plan_b,footfall_plan_b,-0.8671381498282432,False,0.7565811554694104,False,0.030287098719502706,False,0.3509910174237645,False,,,False,False,0.8671381498282432,0.36438607843676124,0.07866781538862408,0.0004055212257267128,0.012340668658193834,0.0,0.09116,0,False
66333,2026-04-21 00:00:00+00:00,0.0,plan_b,footfall_plan_b,-0.8112097446870103,False,1.053441648805202,False,0.11419917972974371,False,0.34626518856279,False,,,False,False,0.8112097446870103,0.3408840191320554,0.10953478361416315,0.001529040195295115,0.002591916463804015,0.0,0.090908,0,False
66338,2026-04-26 21:00:00+00:00,0.42,plan_b,footfall_plan_b,-0.726146299178875,False,0.5286599833057721,False,0.485288176004729,False,0.3859173308849993,False,,,False,False,0.726146299178875,0.3051389243819651,0.05496902172278999,0.006497639730589213,0.08438897701080489,0.0,0.090199,0,False
66335,2026-04-20 02:00:00+00:00,264.34,plan_b,footfall_plan_b,-0.22065517783673314,False,0.0,False,0.27379318250129425,False,0.42476160714007627,False,123.51419694732883,1.0,False,False,0.22065517783673314,0.09272302799112131,0.0,0.0036658825591652923,0.16451951802728143,0.189216444217891,0.090025,0,False
66332,2026-04-21 03:00:00+00:00,0.34,plan_b,footfall_plan_b,-0.7165425758717645,False,0.3289502540825099,False,0.10283040376387402,False,0.39978479261550753,False,,,False,False,0.7165425758717645,0.30110327784171903,0.034203598216966356,0.0013768209283594153,0.11299569383296923,0.0,0.089936,0,False
66342,2026-04-20 04:00:00+00:00,0.69,plan_b,footfall_plan_b,-0.8679773144509634,False,0.2416920933805418,False,0.481811472196247,False,0.3688506767391936,False,,,False,False,0.8679773144509634,0.3647387095672177,0.025130666876250644,0.006451089309799106,0.049182754578851004,0.0,0.089101,0,False
66342,2026-04-25 04:00:00+00:00,57.48,plan_b,footfall_plan_b,-0.04353159665087875,False,1.0459866263548574,False,0.18358890756980722,False,0.4206546124259751,False,103.9758172652506,20.0,False,False,0.04353159665087875,0.018292711253502632,0.10875962509269839,0.002458115896706755,0.15604733782158844,0.15928480218326346,0.088969,0,False
66336,2026-04-20 04:00:00+00:00,32.35,plan_b,footfall_plan_b,0.2266066893834875,False,0.08790713765964395,False,0.5422109736112904,False,0.41933598603579914,False,116.79916626640515,3.0,False,False,0.2266066893834875,0.09522395353997701,0.009140410683980926,0.007259792714306414,0.1533271881308191,0.17892941438924503,0.088776,0,False
66336,2026-04-20 00:00:00+00:00,52.66,plan_b,footfall_plan_b,0.22502456133536008,False,0.0,False,0.30752593051694044,False,0.42452575883867394,False,117.62249913004193,4.0,False,False,0.22502456133536008,0.09455911664500688,0.0,0.004117538409371462,0.16403299455944578,0.180190711638593,0.08858,0,False
66338,2026-04-24 01:00:00+00:00,1.18,plan_b,footfall_plan_b,-0.4030602595253231,False,1.614136705708238,False,0.7633869770143541,False,0.3908581455467019,False,,,False,False,0.4030602595253231,0.16937272033438575,0.16783474906650844,0.010221171248183317,0.09458121612743982,0.0,0.088402,0,False
66342,2026-04-20 01:00:00+00:00,0.34,plan_b,footfall_plan_b,-0.9193806763649967,False,0.0,False,0.610822324459295,False,0.3660435499208489,False,,,False,False,0.9193806763649967,0.3863392693742452,0.0,0.00817844653956476,0.04339202780153284,0.0,0.087582,0,False
66332,2026-04-20 02:00:00+00:00,7.57,plan_b,footfall_plan_b,-0.41283187547091166,False,0.0,False,0.41641838160102546,False,0.4191903468929949,False,67.50634299923652,1.0,False,False,0.41283187547091166,0.17347891819352548,0.0,0.005575525542604847,0.15302675407897975,0.10341572467103421,0.087099,0,False
66338,2026-04-22 06:00:00+00:00,1.35,plan_b,footfall_plan_b,-0.4995107263919295,False,1.1894601785023633,False,0.2272730715637232,False,0.39178303077600624,False,,,False,False,0.4995107263919295,0.20990283354861672,0.12367772189156383,0.0030430136411794687,0.09648913052171607,0.0,0.086623,0,False
66330,2026-04-23 03:00:00+00:00,11.28,plan_b,footfall_plan_b,-0.05132121800747737,False,1.8653033728168602,False,0.31474873698265027,False,0.4303053951335106,False,22.700713993374748,2.0,False,False,0.05132121800747737,0.021566041551795274,0.19395056342038042,0.004214246296722699,0.17595561039459595,0.034776151156659274,0.086093,0,False
66338,2026-04-20 05:00:00+00:00,2.95,plan_b,footfall_plan_b,-0.19432811406550138,False,1.1868181564330575,False,0.3275761190588174,False,0.4504233967555479,False,,,False,False,0.19432811406550138,0.08165995167940117,0.12340300965098223,0.004385995190552619,0.21745635412214834,0.0,0.085381,0,False
66338,2026-04-20 00:00:00+00:00,2.69,plan_b,footfall_plan_b,0.3021983880695291,False,0.0,False,1.342801595954378,False,0.481197151874061,False,,,False,False,0.3021983880695291,0.12698886049515573,0.0,0.01797909248892713,0.2809384906037805,0.0,0.085181,0,False
66338,2026-04-22 21:00:00+00:00,2.36,plan_b,footfall_plan_b,-0.21679367816394104,False,0.3525275101637607,False,1.8880315724125478,False,0.47549789069603143,False,,,False,False,0.21679367816394104,0.09110036068841729,0.03665511477320332,0.025279307356120394,0.26918167787310127,0.0,0.084443,0,False
66338,2026-04-26 14:00:00+00:00,0.41,plan_b,footfall_plan_b,0.4260101858682847,False,1.0940470555417328,False,0.6068400937704175,False,0.3938844468058242,False,,,False,False,0.4260101858682847,0.17901666652932677,0.11375685366948657,0.008125127498178989,0.10082407043060419,0.0,0.080345,0,False
66333,2026-04-24 00:00:00+00:00,15.83,plan_b,footfall_plan_b,-0.269343738244382,False,0.4221754678570227,False,1.2091516667613127,False,0.4555037925947381,False,,,False,False,0.269343738244382,0.11318278240878663,0.043896971959837626,0.016189621545982018,0.22793653051928128,0.0,0.080241,0,False
66331,2026-04-20 05:00:00+00:00,11.02,plan_b,footfall_plan_b,-0.47645447127011403,False,0.2175384434233759,False,0.6340810598192925,False,0.4269947707334134,False,0.0,60.0,False,False,0.47645447127011403,0.2002142062071257,0.022619218022343,0.00848986332330463,0.16912623551990086,0.0,0.08009,0,False
66338,2026-04-22 01:00:00+00:00,1.6,plan_b,footfall_plan_b,0.10334878449367275,False,1.5138764687860622,False,5.464118794186088,False,0.40424725341122225,False,,,False,False,0.10334878449367275,0.04342890264984257,0.1574098875007721,0.07316039649277746,0.1222011529713333,0.0,0.07924,0,False
66342,2026-04-20 02:00:00+00:00,0.34,plan_b,footfall_plan_b,-0.778768876566417,False,0.0,False,0.6249304177717456,False,0.37383192458234965,False,,,False,False,0.778768876566417,0.32725181909808326,0.0,0.00836734318317255,0.05945840193518664,0.0,0.079016,0,False
66333,2026-04-23 01:00:00+00:00,16.18,plan_b,footfall_plan_b,-0.03280309897398898,False,0.878382234776233,False,0.5978680612418151,False,0.4446898852871068,False,48.79137271918094,1.0,False,False,0.03280309897398898,0.013784415549093714,0.09133245123340582,0.008004998803715562,0.20562888762815465,0.07474549713803476,0.078699,0,False
66333,2026-04-20 02:00:00+00:00,0.0,plan_b,footfall_plan_b,-0.8671381498282432,False,0.0,False,0.8561498397319517,False,0.3509910174237645,False,,,False,False,0.8671381498282432,0.36438607843676124,0.0,0.011463195455901045,0.012340668658193834,0.0,0.077638,0,False
66336,2026-04-21 23:00:00+00:00,49.91,plan_b,footfall_plan_b,-0.2634153892423587,False,0.7007360187395281,False,0.2344252965371662,False,0.4132197513534033,False,38.48262612558195,1.0,False,False,0.2634153892423587,0.11069159015195922,0.0728611482850889,0.0031387764960096732,0.1407102148896183,0.05895310708901148,0.077271,0,False
66331,2026-04-21 01:00:00+00:00,6.98,plan_b,footfall_plan_b,-0.2694128892019411,False,1.0849418067324836,False,0.416673117918339,False,0.41296111025034143,False,7.566904664458249,58.0,False,False,0.2694128892019411,0.11321184080767047,0.11281010786804099,0.005578936268227357,0.14017667292370936,0.01159205038555309,0.076674,0,False
66332,2026-04-20 00:00:00+00:00,18.59,plan_b,footfall_plan_b,-0.23418337857615534,False,0.0,False,0.26600959497008225,False,0.4095882516756619,False,96.22789962785254,2.0,False,False,0.23418337857615534,0.09840780615100246,0.0,0.0035616662396874632,0.13321891727944477,0.14741545062955733,0.076521,0,False
66338,2026-04-24 19:00:00+00:00,0.67,plan_b,footfall_plan_b,-0.18597160520498646,False,0.6626671021626086,False,0.706105187708069,False,0.4494804908416159,False,,,False,False,0.18597160520498646,0.07814840568905555,0.06890281747065043,0.009454211638534531,0.21551126546829216,0.0,0.074403,0,False
66333,2026-04-20 01:00:00+00:00,0.34,plan_b,footfall_plan_b,-0.8501531246449768,False,0.0,False,0.75341052103894,False,0.347086061446004,False,,,False,False,0.8501531246449768,0.35724868433190493,0.0,0.010087594087391967,0.004285267314409659,0.0,0.074324,0,False
66338,2026-04-20 04:00:00+00:00,1.09,plan_b,footfall_plan_b,-0.29308036084218664,False,1.3480737866798067,False,0.18481785393333938,False,0.3953521084642143,False,,,False,False,0.29308036084218664,0.12315731164090567,0.1401700518366376,0.002474570554193345,0.10385165992522295,0.0,0.073931,0,False
66333,2026-04-20 00:00:00+00:00,0.0,plan_b,footfall_plan_b,-0.8112097446870103,False,0.0,False,0.6387177973001305,False,0.354046885983641,False,,,False,False,0.8112097446870103,0.3408840191320554,0.0,0.00855194571303817,0.018644516344019625,0.0,0.073616,0,False
66338,2026-04-25 22:00:00+00:00,2.02,plan_b,footfall_plan_b,-0.324593277035988,False,0.7701439662065569,False,0.006307114836266251,False,0.41658946006659253,False,,,False,False,0.324593277035988,0.13639957062148453,0.08007804968207367,8.444747259845234e-05,0.1476614727913664,0.0,0.072845,0,False
66331,2026-04-21 03:00:00+00:00,7.49,plan_b,footfall_plan_b,0.18815284565113166,False,1.283063323259357,False,0.37854484021444884,False,0.41560913263452004,False,0.0,62.0,False,False,0.18815284565113166,0.0790649997201865,0.13341039215212458,0.005068427617249383,0.14563918855598965,0.0,0.072637,0,False
66338,2026-04-22 13:00:00+00:00,2.57,plan_b,footfall_plan_b,0.0,False,1.25414738014391,False,4.623670257304941,False,0.4275732503024076,False,,,False,False,0.0,0.0,0.1304037694542825,0.06190742954494624,0.17031956141754645,0.0,0.072526,0,False
66338,2026-04-26 00:00:00+00:00,2.02,plan_b,footfall_plan_b,-0.1815253116049048,False,1.319571091494554,False,0.009837304926943994,False,0.41658946006659253,False,,,False,False,0.1815253116049048,0.07627999811313106,0.13720639784300817,0.0001317140340435771,0.1476614727913664,0.0,0.072256,0,False
66342,2026-04-25 03:00:00+00:00,47.15,plan_b,footfall_plan_b,-0.031398861181936806,False,0.37189639893671367,False,0.09812725538861866,False,0.43885119576017484,False,73.64398028435545,30.0,False,False,0.031398861181936806,0.013194331140582868,0.03866905360218208,0.0013138493472392987,0.1935844528818864,0.11281822196844687,0.071916,0,False
66336,2026-04-21 03:00:00+00:00,15.49,plan_b,footfall_plan_b,-0.21330506518213066,False,0.6744907594765953,False,0.3687681883467756,False,0.439139550740704,False,,,False,False,0.21330506518213066,0.08963438666354334,0.07013221802348071,0.0049375256815572316,0.19417929059859054,0.0,0.071777,0,False
66338,2026-04-26 22:00:00+00:00,0.5,plan_b,footfall_plan_b,-0.6213005337080595,False,0.0,False,0.2590879913254992,False,0.3893644868537695,False,,,False,False,0.6213005337080595,0.2610809650727384,0.0,0.003468991229118082,0.09149999823132848,0.0,0.07121,0,False
66336,2026-04-20 03:00:00+00:00,15.49,plan_b,footfall_plan_b,-0.21330506518213066,False,0.3187497739830499,False,0.2583340796320228,False,0.4511574789594512,False,,,False,False,0.21330506518213066,0.08963438666354334,0.03314297242746756,0.003458896924712775,0.21897066742182403,0.0,0.069041,0,False
66333,2026-04-23 03:00:00+00:00,13.08,plan_b,footfall_plan_b,0.020555126567651308,False,0.6740925785213148,False,0.5387441327729073,False,0.4311485119056654,False,48.79137271918094,1.0,False,False,0.020555126567651308,0.008637610931131691,0.070090815953584,0.00721337435118749,0.1776948474098305,0.07474549713803476,0.067676,0,False
66333,2026-04-23 02:00:00+00:00,12.05,plan_b,footfall_plan_b,0.025721993458039983,False,0.6146764304958661,False,0.5402913824194232,False,0.43051112435748007,False,48.79137271918094,2.0,False,False,0.025721993458039983,0.010808815559098286,0.06391284214313514,0.007234090847639371,0.17638000223835998,0.07474549713803476,0.066616,0,False
66331,2026-04-20 04:00:00+00:00,6.65,plan_b,footfall_plan_b,-0.1563387746100565,False,0.34652727271346484,False,0.15962567355341867,False,0.4162467659705619,False,53.29925884397171,36.0,False,False,0.1563387746100565,0.06569619039255849,0.0360312219249405,0.0021372664115613025,0.1469545407548995,0.08165131205286447,0.066494,0,False
66338,2026-04-25 23:00:00+00:00,1.43,plan_b,footfall_plan_b,-0.2831271265708452,False,0.9560786941347087,False,0.008098776152126166,False,0.39784353057874616,False,,,False,False,0.2831271265708452,0.11897479469753874,0.09941117573900107,0.00010843645548596801,0.10899113016858367,0.0,0.065497,0,False
66338,2026-04-24 03:00:00+00:00,1.09,plan_b,footfall_plan_b,-0.3457907855350133,False,0.6339101952264178,False,0.9026580370836288,False,0.39068368484059574,False,,,False,False,0.3457907855350133,0.14530712127661333,0.06591273104086019,0.012085904860029195,0.09422132704945561,0.0,0.063505,0,False
66333,2026-04-24 02:00:00+00:00,11.01,plan_b,footfall_plan_b,-0.05133813509114967,False,0.9012929929876093,False,0.8278322444515172,False,0.4366264757701409,False,,,False,False,0.05133813509114967,0.02157315039573111,0.09371466665650569,0.011084044383885015,0.18899515341235928,0.0,0.063073,0,False
66338,2026-04-21 00:00:00+00:00,1.94,plan_b,footfall_plan_b,-0.23928336529737457,False,0.6799779093606688,False,0.164771821717906,False,0.4136579728028481,False,,,False,False,0.23928336529737457,0.1005509066036728,0.070702761039216,0.002206169423063371,0.14161420706592895,0.0,0.063015,0,False
66335,2026-04-20 04:00:00+00:00,267.09,plan_b,footfall_plan_b,-0.18533525947613835,False,0.5750849649149072,False,0.2907498829874532,False,0.4244203077238725,False,,,False,False,0.18533525947613835,0.07788100247918539,0.059796199688096005,0.0038929198871415134,0.16381546302856229,0.0,0.061077,0,False
66338,2026-04-21 01:00:00+00:00,1.51,plan_b,footfall_plan_b,-0.005167439224683558,False,1.759446060289577,False,0.16756035653523618,False,0.40182995652000497,False,,,False,False,0.005167439224683558,0.0021714451324920947,0.18294372897938052,0.0022435057842506243,0.11721459313897264,0.0,0.060915,0,False
66335,2026-04-20 03:00:00+00:00,280.52,plan_b,footfall_plan_b,-0.11086365235957589,False,0.7900934022391307,False,0.293737602230587,False,0.4232308114484081,False,,,False,False,0.11086365235957589,0.046586776896488574,0.0821523526693639,0.003932923176357945,0.16136169147508683,0.0,0.058807,0,False
66331,2026-04-24 03:00:00+00:00,6.56,plan_b,footfall_plan_b,-0.03536449471180042,False,0.3113422049746069,False,0.42171121435011943,False,0.4414314943188328,False,9.728877425732032,2.0,False,False,0.03536449471180042,0.014860757246677443,0.03237274802123961,0.005646392549176096,0.19890726332972608,0.014904064781425396,0.053338,0,False
66338,2026-04-26 01:00:00+00:00,1.35,plan_b,footfall_plan_b,-0.19808517027953895,False,0.6463749425197436,False,0.011519952748722561,False,0.39178339305188087,False,,,False,False,0.19808517027953895,0.08323873007886472,0.06720879086451365,0.00015424340912415042,0.09648987784833997,0.0,0.049418,0,False
66335,2026-04-20 01:00:00+00:00,273.98,plan_b,footfall_plan_b,-0.1498583601899662,False,0.0,False,0.3027076216882711,False,0.428809248231655,False,,,False,False,0.1498583601899662,0.06297301093418792,0.0,0.004053024917332238,0.1728692596566247,0.0,0.047979,0,False
66336,2026-04-20 02:00:00+00:00,28.22,plan_b,footfall_plan_b,-0.0764135164764274,False,0.0,False,0.12245420364157225,False,0.41306600038499686,False,38.48262612558195,1.0,False,False,0.0764135164764274,0.03211024865406207,0.0,0.0016395686894942782,0.14039304722766185,0.05895310708901148,0.046619,0,False
66338,2026-04-20 03:00:00+00:00,1.26,plan_b,footfall_plan_b,-0.2214732523668363,False,0.4181993681808081,False,0.09721773914829529,False,0.38989351166897324,False,,,False,False,0.2214732523668363,0.09306679670888829,0.0434835449625697,0.0013016716162519198,0.09259130559344919,0.0,0.046089,0,False
66335,2026-04-20 00:00:00+00:00,281.89,plan_b,footfall_plan_b,-0.1269327062542377,False,0.0,False,0.3104673390476126,False,0.42576283105935214,False,,,False,False,0.1269327062542377,0.053339264414220974,0.0,0.004156921633356303,0.16658490891790786,0.0,0.044816,0,False
66331,2026-04-20 02:00:00+00:00,7.49,plan_b,footfall_plan_b,0.06258061043448593,False,0.0,False,0.010596624970660568,False,0.41455766168429387,False,0.0,48.0,False,False,0.06258061043448593,0.026297428185944476,0.0,0.00014188075214683761,0.14347014476813635,0.0,0.033982,0,False
66338,2026-04-20 02:00:00+00:00,1.68,plan_b,footfall_plan_b,-0.011164330551625915,False,0.0,False,0.14111947780994588,False,0.40132273035455074,False,,,False,False,0.011164330551625915,0.00469144003050088,0.0,0.0018894825201118681,0.11616825347264283,0.0,0.02455,0,False
